<?xml version="1.0"?>
<COLLADA xmlns="http://www.collada.org/2005/11/COLLADASchema" version="1.4.1">
    <asset>
        <contributor>
            <authoring_tool>Supear Mardian SixDaeFour</authoring_tool>
        </contributor>
        <created>2026-04-10T23:02:11.584Z</created>
        <modified>2026-04-10T23:02:11.584Z</modified>
		<unit meter="0.01" name="centimeter" />
        <up_axis>Y_UP</up_axis>
    </asset>
    <library_images>
        <image id="tex_0">
            <init_from>tex_70086A0.png</init_from>
        </image>
        <image id="tex_1">
            <init_from>tex_7007EA0.png</init_from>
        </image>
        <image id="tex_2">
            <init_from>tex_0.png</init_from>
        </image>
        <image id="tex_3">
            <init_from>tex_700B4A0.png</init_from>
        </image>
        <image id="tex_4">
            <init_from>tex_700C4A0.png</init_from>
        </image>
        <image id="tex_vertexColors">
            <init_from>vertexColors_area1.png</init_from>
        </image>
    </library_images>
    <library_effects>
        <effect id="effect0">
            <profile_COMMON>
                <newparam sid="surface0">
                    <surface type="2D">
                        <init_from>tex_0</init_from>
                    </surface>
                </newparam>
                <newparam sid="sampler0">
                    <sampler2D>
                        <source>surface0</source>
                    </sampler2D>
                </newparam>
                <technique sid="COMMON">
                    <blinn>
                        <diffuse>
                            <texture texture="sampler0" texcoord="UVSET0"></texture>
                        </diffuse>
                    </blinn>
                </technique>
            </profile_COMMON>
        </effect>
        <effect id="effect1">
            <profile_COMMON>
                <newparam sid="surface1">
                    <surface type="2D">
                        <init_from>tex_1</init_from>
                    </surface>
                </newparam>
                <newparam sid="sampler1">
                    <sampler2D>
                        <source>surface1</source>
                    </sampler2D>
                </newparam>
                <technique sid="COMMON">
                    <blinn>
                        <diffuse>
                            <texture texture="sampler1" texcoord="UVSET0"></texture>
                        </diffuse>
                    </blinn>
                </technique>
            </profile_COMMON>
        </effect>
        <effect id="effect2">
            <profile_COMMON>
                <newparam sid="surface2">
                    <surface type="2D">
                        <init_from>tex_2</init_from>
                    </surface>
                </newparam>
                <newparam sid="sampler2">
                    <sampler2D>
                        <source>surface2</source>
                    </sampler2D>
                </newparam>
                <technique sid="COMMON">
                    <blinn>
                        <diffuse>
                            <texture texture="sampler2" texcoord="UVSET0"></texture>
                        </diffuse>
                    </blinn>
                </technique>
            </profile_COMMON>
        </effect>
        <effect id="effect3">
            <profile_COMMON>
                <newparam sid="surface3">
                    <surface type="2D">
                        <init_from>tex_3</init_from>
                    </surface>
                </newparam>
                <newparam sid="sampler3">
                    <sampler2D>
                        <source>surface3</source>
                    </sampler2D>
                </newparam>
                <technique sid="COMMON">
                    <blinn>
                        <diffuse>
                            <texture texture="sampler3" texcoord="UVSET0"></texture>
                        </diffuse>
                    </blinn>
                </technique>
            </profile_COMMON>
        </effect>
        <effect id="effect4">
            <profile_COMMON>
                <newparam sid="surface4">
                    <surface type="2D">
                        <init_from>tex_4</init_from>
                    </surface>
                </newparam>
                <newparam sid="sampler4">
                    <sampler2D>
                        <source>surface4</source>
                    </sampler2D>
                </newparam>
                <technique sid="COMMON">
                    <blinn>
                        <diffuse>
                            <texture texture="sampler4" texcoord="UVSET0"></texture>
                        </diffuse>
                    </blinn>
                </technique>
            </profile_COMMON>
        </effect>
        <effect id="effect5">
            <profile_COMMON>
                <newparam sid="surface5">
                    <surface type="2D">
                        <init_from>tex_vertexColors</init_from>
                    </surface>
                </newparam>
                <newparam sid="sampler5">
                    <sampler2D>
                        <source>surface5</source>
                    </sampler2D>
                </newparam>
                <technique sid="COMMON">
                    <blinn>
                        <diffuse>
                            <texture texture="sampler5" texcoord="UVSET0"></texture>
                        </diffuse>
                    </blinn>
                </technique>
            </profile_COMMON>
        </effect>
    </library_effects>
    <library_materials>
        <material id="mat0" name="Mat0">
            <instance_effect url="#effect0"/>
        </material>
        <material id="mat1" name="Mat1">
            <instance_effect url="#effect1"/>
        </material>
        <material id="mat2" name="Mat2">
            <instance_effect url="#effect2"/>
        </material>
        <material id="mat3" name="Mat3">
            <instance_effect url="#effect3"/>
        </material>
        <material id="mat4" name="Mat4">
            <instance_effect url="#effect4"/>
        </material>
        <material id="mat5" name="vertexColors">
            <instance_effect url="#effect5"/>
        </material>
    </library_materials>
    <library_geometries>
        <geometry id="meshMesh0_1">
            <mesh>
                <source id="pointsMesh0_1">
                    <float_array id="pointarrayMesh0_1" count="2178">498 -74 90 617 -184 153 660 -62 83 918 -126 120 811 23 33 765 -44 73 969 83 0 790 200 -68 699 102 -12 765 -44 73 811 2 -1 811 23 33 765 -65 37 615 199 -68 495 137 -32 611 31 29 699 103 -12 -378 -82 144 -164 -154 185 -354 312 -83 -391 31 78 -570 87 46 -579 -19 108 -370 -153 185 -828 -32 115 -527 344 -102 -656 -91 149 -448 249 -47 -944 243 -14 -992 378 -91 -1127 377 -91 -742 15 117 -717 337 -68 -877 378 -91 -853 141 44 -565 -59 160 -737 -126 199 -939 -22 139 -1037 -143 209 -1060 134 48 -1234 -144 209 -633 570 -238 -639 816 -380 -687 451 -169 -12 706 -349 108 783 -394 -177 752 -376 -92 441 -196 -24 627 -304 82 705 -349 8 500 -230 -23 588 -282 147 541 -254 183 482 -220 88 595 -285 88 635 -308 -455 560 -232 -568 747 -340 -559 610 -261 -758 540 -221 -763 816 -380 -510 485 -189 -480 764 -350 -717 337 -68 -565 -59 160 -540 -80 149 -701 343 -95 -737 -126 199 -757 -165 198 -757 -165 198 -737 -126 199 -762 -2 104 -742 15 117 -762 -2 104 -742 15 117 -853 141 44 -849 95 47 -888 390 -122 -717 337 -68 -701 343 -95 -877 378 -91 -1033 57 69 -1060 134 48 -1037 -143 209 -1015 -173 202 -1259 -174 203 -1234 -144 209 -1259 -174 203 -1127 377 -91 -1144 386 -120 -1234 -144 209 -977 387 -120 -992 378 -91 -941 285 -61 -936 -69 142 -939 -22 139 -1060 134 48 -1033 57 69 -849 95 47 -853 141 44 -936 -69 142 -939 -22 139 -1144 386 -120 -1127 377 -91 -992 378 -91 -977 387 -120 -203 759 -404 -107 408 -201 -92 441 -196 -944 243 -14 -941 285 -61 -944 243 -14 -877 378 -91 -888 390 -122 -177 752 -376 108 783 -394 137 795 -425 109 566 -292 108 645 -338 88 635 -308 183 482 -220 157 554 -285 147 541 -254 -92 441 -196 215 457 -229 -107 408 -201 82 705 -349 137 795 -425 108 783 -394 97 675 -355 -12 706 -349 5 676 -356 88 635 -308 108 645 -338 0 638 -334 88 595 -285 -23 588 -282 147 541 -254 157 554 -285 8 500 -230 21 514 -262 -24 627 -304 0 638 -334 -763 816 -380 -783 825 -409 -779 523 -234 -24 627 -304 8 500 -230 4 560 -289 21 514 -262 -619 825 -409 -783 825 -409 -763 816 -380 -639 816 -380 -633 570 -238 -619 825 -409 -639 816 -380 -758 540 -221 -480 764 -350 -462 777 -381 -590 752 -367 -568 747 -340 -758 540 -221 -779 523 -234 -695 420 -175 -687 451 -169 -613 593 -275 -590 752 -367 -580 611 -285 -559 610 -261 -568 747 -340 -613 593 -275 -633 570 -238 -498 458 -197 -433 545 -247 -455 560 -232 -510 485 -189 -462 777 -381 -480 764 -350 -687 451 -169 -695 420 -175 969 83 0 992 81 -23 796 209 -97 495 137 -32 474 139 -56 498 -74 90 478 -93 77 935 -153 112 992 81 -23 969 83 0 918 -126 120 617 -184 153 610 -215 148 935 -153 112 918 -126 120 699 103 -12 700 67 -15 811 23 33 790 200 -68 811 23 33 783 8 18 752 -37 45 765 -44 73 765 -44 73 752 -37 45 671 -50 52 660 -62 83 783 8 18 790 200 -68 796 209 -97 610 209 -97 660 -62 83 671 -50 52 611 31 29 636 16 14 498 -74 90 478 -93 77 610 -215 148 617 -184 153 611 31 29 700 67 -15 699 103 -12 636 16 14 -397 -107 135 -388 -183 179 -370 -153 185 615 199 -68 615 199 -68 610 209 -97 495 137 -32 474 139 -56 -370 -153 185 -388 -183 179 -164 -154 185 -134 -183 179 -378 -82 144 -164 -154 185 -134 -183 179 -354 312 -83 -828 -32 115 -861 -51 103 -651 -124 144 -656 -91 149 -656 -91 149 -573 -52 103 -579 -19 108 -651 -124 144 -579 -19 108 -573 -52 103 -397 -107 135 -378 -82 144 -448 249 -47 -420 50 43 -391 31 78 -339 318 -110 -391 31 78 -537 87 22 -570 87 46 -420 50 43 -527 344 -102 -536 356 -132 -861 -51 103 -828 -32 115 -457 194 -38 334 706 -391 310 758 -397 344 596 -327 -570 87 46 -457 194 -38 -448 249 -47 -537 87 22 -354 312 -83 -536 356 -132 -527 344 -102 -339 318 -110 210 423 -204 175 795 -419 152 804 -447 192 393 -210 324 598 -305 344 596 -327 324 598 -305 342 578 -294 497 547 -299 462 556 -281 568 489 -242 604 480 -260 529 744 -413 509 744 -389 519 600 -306 541 581 -318 461 382 -203 462 417 -200 336 532 -267 604 480 -260 462 417 -200 461 382 -203 568 489 -242 541 581 -318 519 600 -306 497 547 -299 462 556 -281 440 807 -449 509 744 -389 529 744 -413 434 797 -420 336 532 -267 339 425 -205 360 395 -211 357 475 -258 344 596 -327 444 663 -343 411 652 -360 342 578 -294 411 652 -360 310 758 -397 334 706 -391 444 663 -343 357 475 -258 152 804 -447 434 797 -420 440 807 -449 175 795 -419 360 395 -211 339 425 -205 210 423 -204 192 393 -210 324 598 -305 339 425 -205 336 532 -267 342 578 -294 310 758 -397 210 423 -204 175 795 -419 434 797 -420 444 663 -343 519 600 -306 509 744 -389 462 417 -200 568 489 -242 462 556 -281 256 -197 150 277 -168 157 284 326 -128 263 335 -157 496 -198 151 277 -168 157 256 -197 150 476 -168 157 437 336 -157 476 -168 157 496 -198 151 437 336 -157 417 326 -128 476 -168 157 -1043 585 -270 -1182 531 -239 -1140 536 -218 263 335 -157 284 326 -128 437 336 -157 417 326 -128 -1027 832 -389 -1036 841 -418 -1159 713 -320 -1190 702 -337 -1159 713 -320 -1043 585 -270 -1004 589 -249 -1190 702 -337 -1030 702 -314 -946 728 -353 -948 761 -348 -1004 589 -249 -1140 536 -218 -1182 531 -239 -1027 459 -173 -1030 426 -179 -868 831 -389 -861 841 -418 -1036 841 -418 -1027 832 -389 -989 697 -335 -814 618 -265 -786 618 -289 -1030 702 -314 -948 761 -348 -946 728 -353 -869 717 -323 -867 683 -327 -1027 459 -173 -1030 426 -179 -846 489 -215 -862 515 -206 -795 776 -356 -762 766 -374 -861 841 -418 -868 831 -389 -862 515 -206 -786 618 -289 -814 618 -265 -989 697 -335 -869 717 -323 -762 766 -374 -795 776 -356 -867 683 -327 -846 489 -215 -1004 589 -249 -1027 459 -173 -862 515 -206 476 -168 157 417 326 -128 284 326 -128 277 -168 157 -948 761 -348 -869 717 -323 -795 776 -356 -1027 832 -389 -1159 713 -320 -1030 702 -314 -868 831 -389 -814 618 -265 -1140 536 -218 105 33 48 142 22 30 230 73 1 122 -166 163 120 -201 160 260 -69 107 295 -78 89 260 -69 107 295 -78 89 142 22 30 105 33 48 -38 -26 82 -19 -79 89 120 -201 160 122 -166 163 101 165 -28 -24 75 0 -22 62 31 -42 -140 148 -22 -169 141 -19 -79 89 -38 -26 82 -199 -145 151 -220 -176 145 -22 -169 141 -42 -140 148 209 94 12 230 73 1 206 268 -87 226 271 -113 68 154 -45 -22 62 31 -24 75 0 -45 80 20 206 268 -87 226 271 -113 12 362 -165 8 353 -136 -43 272 -89 -23 222 -84 68 154 -45 101 165 -28 -399 424 -165 -419 394 -172 -283 394 -171 -24 75 0 -23 222 -84 -43 272 -89 -45 80 20 -198 352 -136 -218 362 -165 -220 -176 145 -199 -145 151 8 353 -136 12 362 -165 -218 362 -165 -198 352 -136 -132 599 -266 -111 583 -281 -126 768 -388 -303 423 -165 -400 811 -389 -419 394 -172 -399 424 -165 -421 820 -418 -145 766 -363 -126 768 -388 -238 810 -388 -233 819 -417 -145 766 -363 -310 724 -338 -289 690 -343 -215 678 -336 -206 503 -211 -196 474 -218 -132 599 -266 -111 583 -281 -238 810 -388 -233 819 -417 -400 811 -389 -421 820 -418 -189 704 -327 -215 678 -336 -235 614 -299 -219 607 -271 -304 593 -263 -284 606 -294 -289 690 -343 -189 704 -327 -283 473 -218 -196 474 -218 -206 503 -211 -303 503 -211 -219 607 -271 -235 614 -299 -304 593 -263 -284 606 -294 -310 724 -338 -303 423 -165 -283 394 -171 -283 473 -218 -303 503 -211 -198 352 -136 -43 272 -89 8 353 -136 122 -166 163 105 33 48 -38 -26 82 260 -69 107 101 165 -28 209 94 12 -22 62 31 -45 80 20 -42 -140 148 206 268 -87 -199 -145 151 -219 607 -271 -145 766 -363 -189 704 -327 -132 599 -266 -206 503 -211 -304 593 -263 -303 503 -211 -400 811 -389 -310 724 -338 -238 810 -388 -399 424 -165 -303 423 -165 1414 378 -183 1414 176 -350 1414 255 -396 1462 447 -223 1462 378 -183 1462 255 -396 1462 325 -436 1462 378 -183 1414 255 -396 1462 255 -396 1414 378 -183 1414 447 -223 1462 325 -436 1414 325 -436 1462 447 -223 1120 451 -225 1333 563 -573 1120 328 -438 1414 299 -137 1414 685 -360 1414 325 -436 1414 563 -573 1414 447 -223 1333 685 -360 1414 685 -360 1414 563 -573 1229 450 -224 1320 450 -224 1320 327 -437 1414 299 -137 1320 176 -350 1414 176 -350 1320 299 -137 1320 299 -137 1320 255 -396 1320 176 -350 1320 378 -183 1320 430 -497 1320 553 -284 1320 378 -183 1123 378 -183 1123 255 -396 1229 327 -437 1320 553 -284 1229 327 -437 1320 430 -497 1229 450 -224 1123 378 -183 1123 255 -396 1320 255 -396 1026 526 -269 1060 366 -459 1026 403 -481 1075 426 -211 1068 376 -182 1068 254 -395 1075 304 -423 1060 488 -247 1075 304 -423 1060 366 -459 1075 426 -211 1068 376 -182 1035 335 -158 1035 213 -371 1068 254 -395 956 696 -367 1013 694 -366 1013 571 -578 1060 488 -247 1013 694 -366 1012 494 -533 1013 571 -578 1012 616 -321 1035 335 -158 979 183 -354 1035 213 -371 979 306 -141 956 573 -579 884 687 -361 884 564 -574 978 546 -280 1026 403 -481 978 423 -492 1026 526 -269 923 552 -283 923 429 -496 1012 616 -321 959 616 -321 959 494 -533 1012 494 -533 939 375 -182 968 394 -192 968 271 -405 972 429 -212 972 306 -425 960 339 -444 939 253 -394 960 462 -231 908 370 -179 908 248 -391 979 306 -141 916 292 -133 916 169 -346 979 183 -354 959 616 -321 909 608 -316 909 486 -529 868 547 -281 868 424 -493 960 462 -231 936 350 -450 960 339 -444 936 473 -238 806 655 -343 806 532 -555 959 494 -533 878 371 -179 878 249 -392 936 473 -238 900 475 -239 900 352 -451 936 350 -450 825 530 -271 916 292 -133 840 177 -350 916 169 -346 825 407 -483 909 608 -316 872 471 -520 909 486 -529 872 593 -307 852 382 -185 852 259 -398 840 299 -138 900 475 -239 863 346 -448 900 352 -451 863 468 -235 753 600 -311 753 477 -524 872 593 -307 841 569 -293 841 446 -506 872 471 -520 825 407 -483 825 530 -271 840 299 -138 786 199 -363 840 177 -350 863 468 -235 826 444 -221 826 321 -434 863 346 -448 833 407 -200 852 382 -185 852 259 -398 833 284 -412 826 444 -221 833 284 -412 826 321 -434 833 407 -200 747 364 -175 729 405 -199 729 283 -411 786 322 -151 729 550 -283 729 428 -495 786 322 -151 747 242 -388 786 199 -363 720 506 -257 720 384 -470 720 455 -228 720 333 -440</float_array>
                    <technique_common>
                        <accessor count="726" source="#pointarrayMesh0_1" stride="3">
                            <param name="X" type="float"/>
                            <param name="Y" type="float"/>
                            <param name="Z" type="float"/>
                        </accessor>
                    </technique_common>
                </source>
                <source id="uvsMesh0_1">
                    <float_array id="uvarrayMesh0_1" count="1452">0.7421875 0.22265625 0.796875 0.14453125 0.810546875 0.240234375 0.923828125 0.201171875 0.873046875 0.310546875 0.85546875 0.2578125 0.939453125 0.361328125 0.857421875 0.443359375 0.822265625 0.365234375 0.85546875 0.2578125 0.873046875 0.310546875 0.873046875 0.310546875 0.85546875 0.2578125 0.783203125 0.435546875 0.732421875 0.384765625 0.787109375 0.30859375 0.822265625 0.365234375 0.375 0.1640625 0.46875 0.119140625 0.37109375 0.462890625 0.365234375 0.25 0.28515625 0.283203125 0.28515625 0.203125 0.380859375 0.109375 0.1796875 0.18359375 0.296875 0.48046875 0.255859375 0.14453125 0.333984375 0.412109375 0.12109375 0.376953125 0.095703125 0.4765625 0.037109375 0.470703125 0.21484375 0.212890625 0.21484375 0.45703125 0.14453125 0.482421875 0.162109375 0.302734375 0.29296875 0.1640625 0.22265625 0.10546875 0.130859375 0.17578125 0.09375 0.080078125 0.07421875 0.2890625 0.0078125 0.072265625 0.2421875 0.6484375 0.232421875 0.8359375 0.224609375 0.556640625 0.505859375 0.7890625 0.5546875 0.8515625 0.431640625 0.81640625 0.478515625 0.583984375 0.501953125 0.728515625 0.546875 0.79296875 0.521484375 0.6328125 0.50390625 0.69921875 0.580078125 0.669921875 0.59765625 0.626953125 0.552734375 0.708984375 0.55078125 0.73828125 0.3203125 0.6484375 0.265625 0.78515625 0.2734375 0.681640625 0.189453125 0.62109375 0.1796875 0.830078125 0.298828125 0.58984375 0.302734375 0.802734375 0.21484375 0.45703125 0.29296875 0.1640625 0.3046875 0.15625 0.220703125 0.470703125 0.22265625 0.10546875 0.21484375 0.08203125 0.21484375 0.08203125 0.22265625 0.10546875 0.20703125 0.20703125 0.21484375 0.212890625 0.20703125 0.20703125 0.21484375 0.212890625 0.162109375 0.302734375 0.166015625 0.27734375 0.138671875 0.498046875 0.21484375 0.45703125 0.220703125 0.470703125 0.14453125 0.482421875 0.087890625 0.240234375 0.07421875 0.2890625 0.09375 0.080078125 0.103515625 0.06640625 -0.001953125 0.0546875 0.0078125 0.072265625 -0.001953125 0.0546875 0.037109375 0.470703125 0.029296875 0.484375 0.0078125 0.072265625 0.1015625 0.4921875 0.095703125 0.4765625 0.119140625 0.416015625 0.134765625 0.1484375 0.130859375 0.17578125 0.07421875 0.2890625 0.087890625 0.240234375 0.166015625 0.27734375 0.162109375 0.302734375 0.134765625 0.1484375 0.130859375 0.17578125 0.029296875 0.484375 0.037109375 0.470703125 0.095703125 0.4765625 0.1015625 0.4921875 0.419921875 0.828125 0.47265625 0.56640625 0.478515625 0.583984375 0.12109375 0.376953125 0.119140625 0.416015625 0.12109375 0.376953125 0.14453125 0.482421875 0.138671875 0.498046875 0.431640625 0.81640625 0.5546875 0.8515625 0.56640625 0.87109375 0.5625 0.6953125 0.55859375 0.755859375 0.55078125 0.73828125 0.59765625 0.626953125 0.583984375 0.6875 0.580078125 0.669921875 0.478515625 0.583984375 0.611328125 0.6171875 0.47265625 0.56640625 0.546875 0.79296875 0.56640625 0.87109375 0.5546875 0.8515625 0.552734375 0.77734375 0.505859375 0.7890625 0.513671875 0.7734375 0.55078125 0.73828125 0.55859375 0.755859375 0.51171875 0.74609375 0.552734375 0.708984375 0.50390625 0.69921875 0.580078125 0.669921875 0.583984375 0.6875 0.521484375 0.6328125 0.525390625 0.65234375 0.501953125 0.728515625 0.51171875 0.74609375 0.1796875 0.830078125 0.169921875 0.84375 0.181640625 0.615234375 0.501953125 0.728515625 0.521484375 0.6328125 0.517578125 0.6875 0.525390625 0.65234375 0.240234375 0.8515625 0.169921875 0.84375 0.1796875 0.830078125 0.232421875 0.8359375 0.2421875 0.6484375 0.240234375 0.8515625 0.232421875 0.8359375 0.189453125 0.62109375 0.302734375 0.802734375 0.30859375 0.8203125 0.255859375 0.796875 0.265625 0.78515625 0.189453125 0.62109375 0.181640625 0.615234375 0.220703125 0.541015625 0.224609375 0.556640625 0.25 0.67578125 0.255859375 0.796875 0.263671875 0.689453125 0.2734375 0.681640625 0.265625 0.78515625 0.25 0.67578125 0.2421875 0.6484375 0.3046875 0.578125 0.330078125 0.646484375 0.3203125 0.6484375 0.298828125 0.58984375 0.30859375 0.8203125 0.302734375 0.802734375 0.224609375 0.556640625 0.220703125 0.541015625 0.939453125 0.361328125 0.94921875 0.369140625 0.859375 0.458984375 0.732421875 0.384765625 0.72265625 0.392578125 0.7421875 0.22265625 0.732421875 0.216796875 0.931640625 0.189453125 0.94921875 0.369140625 0.939453125 0.361328125 0.923828125 0.201171875 0.796875 0.14453125 0.794921875 0.12890625 0.931640625 0.189453125 0.923828125 0.201171875 0.822265625 0.365234375 0.822265625 0.34765625 0.873046875 0.310546875 0.857421875 0.443359375 0.873046875 0.310546875 0.861328125 0.306640625 0.849609375 0.26953125 0.85546875 0.2578125 0.85546875 0.2578125 0.849609375 0.26953125 0.814453125 0.255859375 0.810546875 0.240234375 0.861328125 0.306640625 0.857421875 0.443359375 0.859375 0.458984375 0.779296875 0.451171875 0.810546875 0.240234375 0.814453125 0.255859375 0.787109375 0.30859375 0.796875 0.3046875 0.7421875 0.22265625 0.732421875 0.216796875 0.794921875 0.12890625 0.796875 0.14453125 0.787109375 0.30859375 0.822265625 0.34765625 0.822265625 0.365234375 0.796875 0.3046875 0.3671875 0.15234375 0.373046875 0.09375 0.380859375 0.109375 0.783203125 0.435546875 0.783203125 0.435546875 0.779296875 0.451171875 0.732421875 0.384765625 0.72265625 0.392578125 0.380859375 0.109375 0.373046875 0.09375 0.46875 0.119140625 0.482421875 0.10546875 0.375 0.1640625 0.46875 0.119140625 0.482421875 0.10546875 0.37109375 0.462890625 0.1796875 0.18359375 0.166015625 0.173828125 0.2578125 0.12890625 0.255859375 0.14453125 0.255859375 0.14453125 0.2890625 0.185546875 0.28515625 0.203125 0.2578125 0.12890625 0.28515625 0.203125 0.2890625 0.185546875 0.3671875 0.15234375 0.375 0.1640625 0.333984375 0.412109375 0.3515625 0.26953125 0.365234375 0.25 0.376953125 0.4765625 0.365234375 0.25 0.298828125 0.29296875 0.28515625 0.283203125 0.3515625 0.26953125 0.296875 0.48046875 0.291015625 0.49609375 0.166015625 0.173828125 0.1796875 0.18359375 0.330078125 0.376953125 0.654296875 0.81640625 0.642578125 0.84765625 0.662109375 0.734375 0.28515625 0.283203125 0.330078125 0.376953125 0.333984375 0.412109375 0.298828125 0.29296875 0.37109375 0.462890625 0.291015625 0.49609375 0.296875 0.48046875 0.376953125 0.4765625 0.611328125 0.58984375 0.58203125 0.869140625 0.572265625 0.8828125 0.603515625 0.57421875 0.654296875 0.7265625 0.662109375 0.734375 0.654296875 0.7265625 0.662109375 0.712890625 0.728515625 0.703125 0.71484375 0.701171875 0.76171875 0.654296875 0.77734375 0.65625 0.736328125 0.853515625 0.728515625 0.845703125 0.73828125 0.736328125 0.74609375 0.73046875 0.71875 0.576171875 0.71875 0.595703125 0.66015625 0.677734375 0.77734375 0.65625 0.71875 0.595703125 0.71875 0.576171875 0.76171875 0.654296875 0.74609375 0.73046875 0.73828125 0.736328125 0.728515625 0.703125 0.71484375 0.701171875 0.697265625 0.8984375 0.728515625 0.845703125 0.736328125 0.853515625 0.693359375 0.8828125 0.66015625 0.677734375 0.666015625 0.595703125 0.67578125 0.58203125 0.671875 0.642578125 0.662109375 0.734375 0.703125 0.78125 0.689453125 0.779296875 0.662109375 0.712890625 0.689453125 0.779296875 0.642578125 0.84765625 0.654296875 0.81640625 0.703125 0.78125 0.671875 0.642578125 0.572265625 0.8828125 0.693359375 0.8828125 0.697265625 0.8984375 0.58203125 0.869140625 0.67578125 0.58203125 0.666015625 0.595703125 0.611328125 0.58984375 0.603515625 0.57421875 0.654296875 0.7265625 0.666015625 0.595703125 0.66015625 0.677734375 0.662109375 0.712890625 0.642578125 0.84765625 0.611328125 0.58984375 0.58203125 0.869140625 0.693359375 0.8828125 0.703125 0.78125 0.73828125 0.736328125 0.728515625 0.845703125 0.71875 0.595703125 0.76171875 0.654296875 0.71484375 0.701171875 0.650390625 0.123046875 0.658203125 0.138671875 0.64453125 0.513671875 0.63671875 0.52734375 0.75390625 0.1328125 0.658203125 0.138671875 0.650390625 0.123046875 0.744140625 0.146484375 0.7109375 0.53515625 0.744140625 0.146484375 0.75390625 0.1328125 0.7109375 0.53515625 0.703125 0.51953125 0.744140625 0.146484375 0.06640625 0.650390625 0.0078125 0.603515625 0.025390625 0.6015625 0.63671875 0.52734375 0.64453125 0.513671875 0.7109375 0.53515625 0.703125 0.51953125 0.064453125 0.830078125 0.060546875 0.845703125 0.01171875 0.734375 -0.001953125 0.732421875 0.01171875 0.734375 0.06640625 0.650390625 0.08203125 0.6484375 -0.001953125 0.732421875 0.068359375 0.732421875 0.1015625 0.763671875 0.1015625 0.78125 0.08203125 0.6484375 0.025390625 0.6015625 0.0078125 0.603515625 0.076171875 0.548828125 0.076171875 0.53125 0.1328125 0.837890625 0.134765625 0.8515625 0.060546875 0.845703125 0.064453125 0.830078125 0.0859375 0.73828125 0.1640625 0.677734375 0.17578125 0.685546875 0.068359375 0.732421875 0.1015625 0.78125 0.1015625 0.763671875 0.13671875 0.75 0.138671875 0.732421875 0.076171875 0.548828125 0.076171875 0.53125 0.154296875 0.5859375 0.146484375 0.59765625 0.166015625 0.796875 0.1796875 0.798828125 0.134765625 0.8515625 0.1328125 0.837890625 0.146484375 0.59765625 0.17578125 0.685546875 0.1640625 0.677734375 0.0859375 0.73828125 0.13671875 0.75 0.1796875 0.798828125 0.166015625 0.796875 0.138671875 0.732421875 0.154296875 0.5859375 0.08203125 0.6484375 0.076171875 0.548828125 0.146484375 0.59765625 0.744140625 0.146484375 0.703125 0.51953125 0.64453125 0.513671875 0.658203125 0.138671875 0.1015625 0.78125 0.13671875 0.75 0.166015625 0.796875 0.064453125 0.830078125 0.01171875 0.734375 0.068359375 0.732421875 0.1328125 0.837890625 0.1640625 0.677734375 0.025390625 0.6015625 0.578125 0.28125 0.59375 0.28125 0.630859375 0.32421875 0.591796875 0.130859375 0.591796875 0.111328125 0.6484375 0.2109375 0.6640625 0.212890625 0.6484375 0.2109375 0.6640625 0.212890625 0.59375 0.28125 0.578125 0.28125 0.51953125 0.23046875 0.52734375 0.197265625 0.591796875 0.111328125 0.591796875 0.130859375 0.572265625 0.380859375 0.521484375 0.31640625 0.521484375 0.296875 0.521484375 0.142578125 0.529296875 0.130859375 0.52734375 0.197265625 0.51953125 0.23046875 0.453125 0.1328125 0.4453125 0.1171875 0.529296875 0.130859375 0.521484375 0.142578125 0.62109375 0.33203125 0.630859375 0.32421875 0.61328125 0.462890625 0.623046875 0.474609375 0.55859375 0.37890625 0.521484375 0.296875 0.521484375 0.31640625 0.51171875 0.310546875 0.61328125 0.462890625 0.623046875 0.474609375 0.52734375 0.53515625 0.525390625 0.51953125 0.505859375 0.455078125 0.515625 0.42578125 0.55859375 0.37890625 0.572265625 0.380859375 0.34765625 0.552734375 0.33984375 0.537109375 0.3984375 0.541015625 0.521484375 0.31640625 0.515625 0.42578125 0.505859375 0.455078125 0.51171875 0.310546875 0.4375 0.509765625 0.427734375 0.5234375 0.4453125 0.1171875 0.453125 0.1328125 0.525390625 0.51953125 0.52734375 0.53515625 0.427734375 0.5234375 0.4375 0.509765625 0.45703125 0.6953125 0.466796875 0.69140625 0.455078125 0.83203125 0.388671875 0.556640625 0.333984375 0.845703125 0.33984375 0.537109375 0.34765625 0.552734375 0.326171875 0.859375 0.4453125 0.822265625 0.455078125 0.83203125 0.404296875 0.8515625 0.40625 0.865234375 0.4453125 0.822265625 0.376953125 0.783203125 0.38671875 0.765625 0.41796875 0.759765625 0.427734375 0.62109375 0.43359375 0.60546875 0.45703125 0.6953125 0.466796875 0.69140625 0.404296875 0.8515625 0.40625 0.865234375 0.333984375 0.845703125 0.326171875 0.859375 0.4296875 0.7734375 0.41796875 0.759765625 0.412109375 0.7109375 0.419921875 0.697265625 0.3828125 0.68359375 0.390625 0.703125 0.38671875 0.765625 0.4296875 0.7734375 0.396484375 0.6015625 0.43359375 0.60546875 0.427734375 0.62109375 0.38671875 0.615234375 0.419921875 0.697265625 0.412109375 0.7109375 0.3828125 0.68359375 0.390625 0.703125 0.376953125 0.783203125 0.388671875 0.556640625 0.3984375 0.541015625 0.396484375 0.6015625 0.38671875 0.615234375 0.4375 0.509765625 0.505859375 0.455078125 0.525390625 0.51953125 0.591796875 0.130859375 0.578125 0.28125 0.51953125 0.23046875 0.6484375 0.2109375 0.572265625 0.380859375 0.62109375 0.33203125 0.521484375 0.296875 0.51171875 0.310546875 0.521484375 0.142578125 0.61328125 0.462890625 0.453125 0.1328125 0.419921875 0.697265625 0.4453125 0.822265625 0.4296875 0.7734375 0.45703125 0.6953125 0.427734375 0.62109375 0.3828125 0.68359375 0.38671875 0.615234375 0.333984375 0.845703125 0.376953125 0.783203125 0.404296875 0.8515625 0.34765625 0.552734375 0.388671875 0.556640625 5.240234375 0.958984375 6.0546875 0.162109375 5.240234375 0.958984375 5.115234375 1.49609375 5.669921875 0.966796875 5.669921875 0.966796875 5.115234375 1.49609375 5.669921875 0.966796875 5.240234375 0.958984375 5.669921875 0.966796875 5.240234375 0.958984375 4.69921875 1.490234375 5.115234375 1.49609375 4.69921875 1.490234375 5.115234375 1.49609375 2.095703125 1.47265625 1.90625 3.6015625 2.095703125 1.47265625 6.0546875 0.162109375 2.529296875 3.61328125 4.69921875 1.490234375 2.529296875 3.61328125 4.69921875 1.490234375 1.90625 3.6015625 2.529296875 3.61328125 2.529296875 3.61328125 2.791015625 1.474609375 3.857421875 1.494140625 3.857421875 1.494140625 6.0546875 0.162109375 5.232421875 0.146484375 6.0546875 0.162109375 5.232421875 0.146484375 5.232421875 0.146484375 4.419921875 0.943359375 5.232421875 0.146484375 4.419921875 0.943359375 2.6484375 2.677734375 2.6484375 2.677734375 4.419921875 0.943359375 2.66796875 0.91015625 2.66796875 0.91015625 2.791015625 1.474609375 2.6484375 2.677734375 2.791015625 1.474609375 2.6484375 2.677734375 2.791015625 1.474609375 2.66796875 0.91015625 2.66796875 0.91015625 4.419921875 0.943359375 0.58984375 2.12890625 1.232421875 1.798828125 0.58984375 2.12890625 1.927734375 1.248046875 2.3203125 0.80078125 2.3203125 0.80078125 1.927734375 1.248046875 1.232421875 1.798828125 1.927734375 1.248046875 1.232421875 1.798828125 1.927734375 1.248046875 2.3203125 0.80078125 2.40234375 0.427734375 2.40234375 0.427734375 2.3203125 0.80078125 -1.5703125 3.6328125 -1.05859375 3.626953125 -1.05859375 3.626953125 1.232421875 1.798828125 -1.05859375 3.626953125 -0.51953125 3.099609375 -1.05859375 3.626953125 -0.51953125 3.099609375 2.40234375 0.427734375 2.181640625 0.15625 2.40234375 0.427734375 2.181640625 0.15625 -1.5703125 3.6328125 -2.0625 3.5390625 -2.0625 3.5390625 -0.01171875 2.296875 0.58984375 2.12890625 -0.01171875 2.296875 0.58984375 2.12890625 -0.541015625 2.33984375 -0.541015625 2.33984375 -0.51953125 3.099609375 -0.994140625 3.07421875 -0.994140625 3.07421875 -0.51953125 3.099609375 1.318359375 0.69921875 1.31640625 0.904296875 1.31640625 0.904296875 1 1.251953125 1 1.251953125 0.59375 1.544921875 1.318359375 0.69921875 0.59375 1.544921875 1.091796875 0.609375 1.091796875 0.609375 2.181640625 0.15625 1.755859375 0.0234375 1.755859375 0.0234375 2.181640625 0.15625 -0.994140625 3.07421875 -1.353515625 3 -1.353515625 3 -0.982421875 2.2890625 -0.982421875 2.2890625 0.59375 1.544921875 0.1953125 1.716796875 0.59375 1.544921875 0.1953125 1.716796875 -2.46484375 3.232421875 -2.46484375 3.232421875 -0.994140625 3.07421875 0.744140625 0.640625 0.744140625 0.640625 0.1953125 1.716796875 -0.173828125 1.74609375 -0.173828125 1.74609375 0.1953125 1.716796875 -1.201171875 2.1328125 1.755859375 0.0234375 1.0234375 0.076171875 1.755859375 0.0234375 -1.201171875 2.1328125 -1.353515625 3 -1.529296875 2.8125 -1.353515625 3 -1.529296875 2.8125 0.35546875 0.78515625 0.35546875 0.78515625 1.0234375 0.076171875 -0.173828125 1.74609375 -0.41796875 1.65625 -0.173828125 1.74609375 -0.41796875 1.65625 -2.46875 2.7421875 -2.46875 2.7421875 -1.529296875 2.8125 -1.494140625 2.517578125 -1.494140625 2.517578125 -1.529296875 2.8125 -1.201171875 2.1328125 -1.201171875 2.1328125 1.0234375 0.076171875 0.345703125 0.26953125 1.0234375 0.076171875 -0.41796875 1.65625 -0.48046875 1.4453125 -0.48046875 1.4453125 -0.41796875 1.65625 -0.015625 1.037109375 0.35546875 0.78515625 0.35546875 0.78515625 -0.015625 1.037109375 -0.48046875 1.4453125 -0.015625 1.037109375 -0.48046875 1.4453125 -0.015625 1.037109375 -0.37890625 0.640625 -0.91015625 1.005859375 -0.91015625 1.005859375 0.345703125 0.26953125 -2.23046875 2.298828125 -2.23046875 2.298828125 0.345703125 0.26953125 -0.37890625 0.640625 0.345703125 0.26953125 -1.91015625 1.904296875 -1.91015625 1.904296875 -1.4453125 1.44921875 -1.4453125 1.44921875</float_array>
                    <technique_common>
                        <accessor count="726" source="#uvarrayMesh0_1" stride="2">
                            <param name="S" type="float"/>
                            <param name="T" type="float"/>
                        </accessor>
                    </technique_common>
                </source>
                <vertices id="verticesMesh0_1">
                    <input semantic="POSITION" source="#pointsMesh0_1"/>
                </vertices>
                <polylist count="438" material="Material1">
                    <input offset="0" semantic="VERTEX" source="#verticesMesh0_1"/>
                    <input offset="1" semantic="TEXCOORD" source="#uvsMesh0_1" set="0"/>
                    <vcount>3 3 3 3 3 3 3 3 3 3 3 3 3 3 3 3 3 3 3 3 3 3 3 3 3 3 3 3 3 3 3 3 3 3 3 3 3 3 3 3 3 3 3 3 3 3 3 3 3 3 3 3 3 3 3 3 3 3 3 3 3 3 3 3 3 3 3 3 3 3 3 3 3 3 3 3 3 3 3 3 3 3 3 3 3 3 3 3 3 3 3 3 3 3 3 3 3 3 3 3 3 3 3 3 3 3 3 3 3 3 3 3 3 3 3 3 3 3 3 3 3 3 3 3 3 3 3 3 3 3 3 3 3 3 3 3 3 3 3 3 3 3 3 3 3 3 3 3 3 3 3 3 3 3 3 3 3 3 3 3 3 3 3 3 3 3 3 3 3 3 3 3 3 3 3 3 3 3 3 3 3 3 3 3 3 3 3 3 3 3 3 3 3 3 3 3 3 3 3 3 3 3 3 3 3 3 3 3 3 3 3 3 3 3 3 3 3 3 3 3 3 3 3 3 3 3 3 3 3 3 3 3 3 3 3 3 3 3 3 3 3 3 3 3 3 3 3 3 3 3 3 3 3 3 3 3 3 3 3 3 3 3 3 3 3 3 3 3 3 3 3 3 3 3 3 3 3 3 3 3 3 3 3 3 3 3 3 3 3 3 3 3 3 3 3 3 3 3 3 3 3 3 3 3 3 3 3 3 3 3 3 3 3 3 3 3 3 3 3 3 3 3 3 3 3 3 3 3 3 3 3 3 3 3 3 3 3 3 3 3 3 3 3 3 3 3 3 3 3 3 3 3 3 3 3 3 3 3 3 3 3 3 3 3 3 3 3 3 3 3 3 3 3 3 3 3 3 3 3 3 3 3 3 3 3 3 3 3 3 3 3 3 3 3 3 3 3 3 3 3 3 3 3 3 3 3 3 3 3 3 3 3 3 3 3 3 3 3 3 3 3 3 3 3 3 3 3 3 3 3 3 3 3 3 3 3 3 3</vcount>
                    <p>0 0 1 1 2 2 3 3 4 4 5 5 3 3 6 6 7 7 5 5 2 2 3 3 3 3 7 7 4 4 2 2 1 1 3 3 7 7 8 8 4 4 9 9 10 10 11 11 9 9 12 12 10 10 13 13 14 14 0 0 15 15 13 13 0 0 0 0 2 2 15 15 15 15 16 16 7 7 15 15 7 7 13 13 17 17 18 18 19 19 20 20 17 17 19 19 21 21 22 22 17 17 17 17 23 23 18 18 20 20 21 21 17 17 24 24 21 21 25 25 21 21 24 24 26 26 21 21 26 26 22 22 21 21 27 27 25 25 19 19 27 27 20 20 19 19 25 25 27 27 28 28 29 29 30 30 31 31 32 32 33 33 34 34 31 31 33 33 31 31 35 35 32 32 31 31 36 36 35 35 28 28 30 30 34 34 30 30 37 37 34 34 34 34 33 33 28 28 30 30 38 38 39 39 30 30 40 40 38 38 30 30 39 39 37 37 41 41 42 42 43 43 44 44 45 45 46 46 47 47 48 48 44 44 44 44 46 46 47 47 44 44 49 49 45 45 47 47 50 50 51 51 47 47 52 52 50 50 47 47 51 51 48 48 47 47 53 53 52 52 51 51 54 54 55 55 51 51 55 55 48 48 56 56 57 57 58 58 42 42 59 59 43 43 42 42 60 60 59 59 41 41 43 43 56 56 43 43 61 61 56 56 56 56 58 58 41 41 56 56 62 62 57 57 63 63 64 64 65 65 66 66 63 63 65 65 65 65 64 64 67 67 65 65 67 67 68 68 69 69 70 70 71 71 70 70 72 72 71 71 73 73 74 74 75 75 73 73 75 75 76 76 77 77 78 78 79 79 77 77 80 80 78 78 81 81 82 82 83 83 84 84 83 83 85 85 83 83 86 86 85 85 81 81 83 83 84 84 87 87 88 88 89 89 87 87 90 90 88 88 91 91 92 92 93 93 94 94 95 95 96 96 94 94 96 96 97 97 98 98 99 99 100 100 99 99 101 101 100 100 102 102 103 103 104 104 102 102 104 104 105 105 106 106 107 107 108 108 92 92 109 109 93 93 110 110 111 111 112 112 110 110 112 112 113 113 114 114 106 106 108 108 115 115 116 116 114 114 116 116 106 106 114 114 117 117 118 118 119 119 120 120 121 121 122 122 123 123 124 124 120 120 120 120 124 124 121 121 123 123 125 125 124 124 126 126 127 127 128 128 126 126 129 129 127 127 130 130 129 129 126 126 130 130 131 131 129 129 132 132 133 133 134 134 135 135 117 117 119 119 136 136 117 117 135 135 137 137 138 138 139 139 138 138 140 140 139 139 141 141 131 131 130 130 141 141 142 142 131 131 143 143 144 144 145 145 132 132 134 134 146 146 147 147 148 148 136 136 136 136 148 148 117 117 147 147 149 149 148 148 150 150 151 151 152 152 153 153 150 150 152 152 154 154 155 155 156 156 143 143 145 145 157 157 158 158 159 159 160 160 158 158 160 160 161 161 162 162 163 163 164 164 162 162 164 164 165 165 154 154 166 166 155 155 167 167 168 168 169 169 170 170 167 167 169 169 169 169 168 168 171 171 169 169 171 171 172 172 173 173 174 174 175 175 176 176 173 173 175 175 175 175 177 177 178 178 175 175 174 174 177 177 179 179 180 180 173 173 179 179 173 173 176 176 181 181 182 182 183 183 184 184 185 185 186 186 185 185 187 187 186 186 188 188 189 189 190 190 191 191 188 188 190 190 192 192 193 193 194 194 192 192 194 194 195 195 196 196 197 197 198 198 181 181 183 183 199 199 200 200 201 201 202 202 200 200 202 202 203 203 204 204 205 205 206 206 204 204 206 206 207 207 197 197 208 208 198 198 209 209 210 210 211 211 212 212 213 213 214 214 213 213 215 215 214 214 216 216 217 217 218 218 216 216 218 218 219 219 220 220 221 221 222 222 220 220 223 223 221 221 224 224 225 225 226 226 209 209 211 211 227 227 228 228 229 229 230 230 229 229 231 231 230 230 232 232 233 233 234 234 233 233 235 235 234 234 236 236 224 224 226 226 237 237 238 238 239 239 240 240 241 241 242 242 240 240 242 242 243 243 244 244 245 245 246 246 244 244 247 247 245 245 248 248 249 249 250 250 248 248 250 250 251 251 252 252 253 253 254 254 238 238 255 255 239 239 256 256 257 257 258 258 256 256 259 259 257 257 260 260 261 261 262 262 260 260 262 262 263 263 252 252 264 264 253 253 265 265 266 266 267 267 268 268 269 269 270 270 268 268 271 271 269 269 272 272 273 273 274 274 272 272 275 275 273 273 276 276 277 277 278 278 279 279 276 276 278 278 266 266 280 280 267 267 281 281 282 282 283 283 284 284 285 285 286 286 284 284 286 286 287 287 288 288 289 289 290 290 288 288 290 290 291 291 292 292 293 293 294 294 295 295 296 296 297 297 295 295 298 298 296 296 299 299 300 300 301 301 300 300 302 302 301 301 303 303 304 304 305 305 303 303 306 306 304 304 307 307 308 308 309 309 292 292 294 294 310 310 311 311 312 312 313 313 311 311 314 314 312 312 315 315 316 316 317 317 315 315 318 318 316 316 319 319 307 307 309 309 320 320 321 321 322 322 320 320 323 323 321 321 324 324 325 325 326 326 324 324 326 326 327 327 328 328 329 329 330 330 330 330 331 331 328 328 332 332 333 333 329 329 332 332 334 334 333 333 335 335 334 334 332 332 335 335 336 336 337 337 335 335 332 332 336 336 335 335 337 337 338 338 331 331 337 337 336 336 331 331 339 339 340 340 331 331 340 340 341 341 331 331 341 341 337 337 331 331 330 330 339 339 342 342 343 343 344 344 342 342 344 344 345 345 346 346 347 347 348 348 346 346 349 349 347 347 350 350 351 351 352 352 353 353 354 354 355 355 356 356 357 357 358 358 359 359 360 360 361 361 360 360 362 362 361 361 363 363 364 364 365 365 364 364 366 366 365 365 367 367 368 368 369 369 367 367 370 370 368 368 371 371 372 372 373 373 374 374 356 356 358 358 375 375 376 376 377 377 376 376 378 378 377 377 379 379 380 380 381 381 379 379 381 381 382 382 371 371 383 383 372 372 384 384 385 385 386 386 387 387 388 388 389 389 388 388 390 390 389 389 391 391 392 392 393 393 391 391 393 393 394 394 395 395 396 396 397 397 395 395 397 397 398 398 399 399 400 400 401 401 385 385 402 402 386 386 403 403 404 404 405 405 403 403 406 406 404 404 399 399 407 407 400 400 408 408 409 409 410 410 411 411 412 412 413 413 414 414 411 411 413 413 415 415 416 416 417 417 415 415 418 418 419 419 419 419 420 420 415 415 415 415 417 417 421 421 415 415 421 421 418 418 419 419 408 408 420 420 408 408 422 422 420 420 408 408 410 410 422 422 408 408 423 423 409 409 424 424 425 425 426 426 427 427 428 428 429 429 428 428 430 430 429 429 431 431 432 432 433 433 431 431 433 433 434 434 435 435 436 436 437 437 435 435 437 437 438 438 439 439 440 440 441 441 442 442 443 443 444 444 442 442 444 444 445 445 446 446 447 447 448 448 446 446 448 448 449 449 450 450 451 451 452 452 451 451 453 453 452 452 439 439 454 454 440 440 455 455 456 456 457 457 458 458 459 459 460 460 458 458 460 460 461 461 462 462 463 463 464 464 462 462 464 464 465 465 466 466 467 467 468 468 469 469 470 470 471 471 469 469 471 471 472 472 473 473 474 474 475 475 473 473 475 475 476 476 477 477 478 478 479 479 477 477 479 479 480 480 481 481 482 482 483 483 466 466 468 468 484 484 485 485 486 486 487 487 485 485 488 488 486 486 489 489 490 490 491 491 490 490 492 492 491 491 481 481 483 483 493 493 494 494 495 495 496 496 497 497 498 498 499 499 498 498 500 500 499 499 501 501 502 502 503 503 502 502 504 504 503 503 505 505 506 506 507 507 505 505 507 507 508 508 509 509 510 510 511 511 494 494 496 496 512 512 513 513 514 514 515 515 516 516 513 513 515 515 517 517 518 518 519 519 518 518 520 520 519 519 509 509 511 511 521 521 522 522 523 523 524 524 522 522 524 524 525 525 526 526 527 527 528 528 529 529 530 530 531 531 529 529 532 532 530 530 533 533 530 530 534 534 533 533 531 531 530 530 531 531 535 535 536 536 533 533 535 535 531 531 526 526 531 531 536 536 526 526 537 537 531 531 533 533 538 538 528 528 528 528 527 527 533 533 533 533 534 534 538 538 526 526 536 536 527 527 526 526 539 539 537 537 540 540 541 541 542 542 540 540 543 543 541 541 540 540 544 544 543 543 540 540 545 545 546 546 540 540 546 546 544 544 547 547 542 542 541 541 547 547 548 548 542 542 547 547 541 541 549 549 547 547 545 545 548 548 547 547 550 550 551 551 547 547 546 546 545 545 547 547 551 551 546 546 552 552 553 553 554 554 555 555 556 556 557 557 555 555 557 557 558 558 559 559 560 560 561 561 559 559 562 562 560 560 563 563 564 564 565 565 563 563 566 566 564 564 567 567 568 568 569 569 552 552 570 570 553 553 571 571 572 572 573 573 571 571 574 574 572 572 575 575 576 576 577 577 575 575 577 577 568 568 567 567 575 575 568 568 578 578 579 579 580 580 581 581 582 582 583 583 581 581 584 584 582 582 585 585 586 586 587 587 585 585 588 588 586 586 579 579 589 589 580 580 579 579 590 590 589 589 591 591 592 592 593 593 578 578 580 580 594 594 595 595 596 596 597 597 595 595 598 598 596 596 599 599 567 567 569 569 599 599 569 569 600 600 591 591 593 593 601 601 602 602 603 603 604 604 605 605 606 606 607 607 605 605 607 607 608 608 609 609 610 610 611 611 610 610 609 609 612 612 613 613 614 614 615 615 613 613 615 615 616 616 617 617 618 618 619 619 602 602 620 620 603 603 621 621 622 622 623 623 621 621 624 624 622 622 625 625 626 626 627 627 625 625 628 628 626 626 617 617 619 619 629 629 630 630 629 629 631 631 630 630 617 617 629 629 632 632 633 633 634 634 632 632 635 635 633 633 636 636 632 632 634 634 636 636 634 634 637 637 638 638 639 639 640 640 638 638 640 640 641 641 642 642 643 643 644 644 643 643 645 645 646 646 643 643 646 646 644 644 645 645 647 647 646 646 642 642 644 644 648 648 645 645 649 649 647 647 650 650 642 642 648 648 650 650 648 648 651 651 652 652 653 653 654 654 652 652 654 654 655 655 656 656 657 657 658 658 659 659 636 636 637 637 659 659 637 637 660 660 661 661 662 662 663 663 661 661 664 664 662 662 665 665 630 630 631 631 665 665 631 631 666 666 656 656 658 658 667 667 668 668 650 650 651 651 668 668 651 651 669 669 670 670 671 671 672 672 670 670 672 672 673 673 674 674 659 659 660 660 675 675 676 676 677 677 674 674 660 660 678 678 679 679 680 680 681 681 679 679 682 682 680 680 683 683 668 668 669 669 683 683 669 669 684 684 675 675 685 685 676 676 686 686 687 687 688 688 686 686 689 689 687 687 690 690 665 665 666 666 690 690 666 666 691 691 692 692 693 693 694 694 692 692 694 694 695 695 693 693 696 696 694 694 693 693 697 697 696 696 698 698 699 699 700 700 701 701 702 702 703 703 701 701 703 703 704 704 705 705 706 706 707 707 705 705 707 707 708 708 709 709 710 710 711 711 709 709 712 712 710 710 713 713 714 714 715 715 698 698 716 716 699 699 717 717 690 690 691 691 717 717 691 691 718 718 719 719 720 720 721 721 719 719 713 713 720 720 713 713 715 715 720 720 722 722 717 717 718 718 722 722 718 718 723 723 714 714 724 724 725 725 714 714 725 725 715 715 724 724 722 722 723 723 724 724 723 723 725 725</p>
                </polylist>
            </mesh>
        </geometry>
        <geometry id="meshMesh0_VC1">
            <mesh>
                <source id="pointsMesh0_VC1">
                    <float_array id="pointarrayMesh0_VC1" count="2178">498 -74 90 617 -184 153 660 -62 83 918 -126 120 811 23 33 765 -44 73 969 83 0 790 200 -68 699 102 -12 765 -44 73 811 2 -1 811 23 33 765 -65 37 615 199 -68 495 137 -32 611 31 29 699 103 -12 -378 -82 144 -164 -154 185 -354 312 -83 -391 31 78 -570 87 46 -579 -19 108 -370 -153 185 -828 -32 115 -527 344 -102 -656 -91 149 -448 249 -47 -944 243 -14 -992 378 -91 -1127 377 -91 -742 15 117 -717 337 -68 -877 378 -91 -853 141 44 -565 -59 160 -737 -126 199 -939 -22 139 -1037 -143 209 -1060 134 48 -1234 -144 209 -633 570 -238 -639 816 -380 -687 451 -169 -12 706 -349 108 783 -394 -177 752 -376 -92 441 -196 -24 627 -304 82 705 -349 8 500 -230 -23 588 -282 147 541 -254 183 482 -220 88 595 -285 88 635 -308 -455 560 -232 -568 747 -340 -559 610 -261 -758 540 -221 -763 816 -380 -510 485 -189 -480 764 -350 -717 337 -68 -565 -59 160 -540 -80 149 -701 343 -95 -737 -126 199 -757 -165 198 -757 -165 198 -737 -126 199 -762 -2 104 -742 15 117 -762 -2 104 -742 15 117 -853 141 44 -849 95 47 -888 390 -122 -717 337 -68 -701 343 -95 -877 378 -91 -1033 57 69 -1060 134 48 -1037 -143 209 -1015 -173 202 -1259 -174 203 -1234 -144 209 -1259 -174 203 -1127 377 -91 -1144 386 -120 -1234 -144 209 -977 387 -120 -992 378 -91 -941 285 -61 -936 -69 142 -939 -22 139 -1060 134 48 -1033 57 69 -849 95 47 -853 141 44 -936 -69 142 -939 -22 139 -1144 386 -120 -1127 377 -91 -992 378 -91 -977 387 -120 -203 759 -404 -107 408 -201 -92 441 -196 -944 243 -14 -941 285 -61 -944 243 -14 -877 378 -91 -888 390 -122 -177 752 -376 108 783 -394 137 795 -425 109 566 -292 108 645 -338 88 635 -308 183 482 -220 157 554 -285 147 541 -254 -92 441 -196 215 457 -229 -107 408 -201 82 705 -349 137 795 -425 108 783 -394 97 675 -355 -12 706 -349 5 676 -356 88 635 -308 108 645 -338 0 638 -334 88 595 -285 -23 588 -282 147 541 -254 157 554 -285 8 500 -230 21 514 -262 -24 627 -304 0 638 -334 -763 816 -380 -783 825 -409 -779 523 -234 -24 627 -304 8 500 -230 4 560 -289 21 514 -262 -619 825 -409 -783 825 -409 -763 816 -380 -639 816 -380 -633 570 -238 -619 825 -409 -639 816 -380 -758 540 -221 -480 764 -350 -462 777 -381 -590 752 -367 -568 747 -340 -758 540 -221 -779 523 -234 -695 420 -175 -687 451 -169 -613 593 -275 -590 752 -367 -580 611 -285 -559 610 -261 -568 747 -340 -613 593 -275 -633 570 -238 -498 458 -197 -433 545 -247 -455 560 -232 -510 485 -189 -462 777 -381 -480 764 -350 -687 451 -169 -695 420 -175 969 83 0 992 81 -23 796 209 -97 495 137 -32 474 139 -56 498 -74 90 478 -93 77 935 -153 112 992 81 -23 969 83 0 918 -126 120 617 -184 153 610 -215 148 935 -153 112 918 -126 120 699 103 -12 700 67 -15 811 23 33 790 200 -68 811 23 33 783 8 18 752 -37 45 765 -44 73 765 -44 73 752 -37 45 671 -50 52 660 -62 83 783 8 18 790 200 -68 796 209 -97 610 209 -97 660 -62 83 671 -50 52 611 31 29 636 16 14 498 -74 90 478 -93 77 610 -215 148 617 -184 153 611 31 29 700 67 -15 699 103 -12 636 16 14 -397 -107 135 -388 -183 179 -370 -153 185 615 199 -68 615 199 -68 610 209 -97 495 137 -32 474 139 -56 -370 -153 185 -388 -183 179 -164 -154 185 -134 -183 179 -378 -82 144 -164 -154 185 -134 -183 179 -354 312 -83 -828 -32 115 -861 -51 103 -651 -124 144 -656 -91 149 -656 -91 149 -573 -52 103 -579 -19 108 -651 -124 144 -579 -19 108 -573 -52 103 -397 -107 135 -378 -82 144 -448 249 -47 -420 50 43 -391 31 78 -339 318 -110 -391 31 78 -537 87 22 -570 87 46 -420 50 43 -527 344 -102 -536 356 -132 -861 -51 103 -828 -32 115 -457 194 -38 334 706 -391 310 758 -397 344 596 -327 -570 87 46 -457 194 -38 -448 249 -47 -537 87 22 -354 312 -83 -536 356 -132 -527 344 -102 -339 318 -110 210 423 -204 175 795 -419 152 804 -447 192 393 -210 324 598 -305 344 596 -327 324 598 -305 342 578 -294 497 547 -299 462 556 -281 568 489 -242 604 480 -260 529 744 -413 509 744 -389 519 600 -306 541 581 -318 461 382 -203 462 417 -200 336 532 -267 604 480 -260 462 417 -200 461 382 -203 568 489 -242 541 581 -318 519 600 -306 497 547 -299 462 556 -281 440 807 -449 509 744 -389 529 744 -413 434 797 -420 336 532 -267 339 425 -205 360 395 -211 357 475 -258 344 596 -327 444 663 -343 411 652 -360 342 578 -294 411 652 -360 310 758 -397 334 706 -391 444 663 -343 357 475 -258 152 804 -447 434 797 -420 440 807 -449 175 795 -419 360 395 -211 339 425 -205 210 423 -204 192 393 -210 324 598 -305 339 425 -205 336 532 -267 342 578 -294 310 758 -397 210 423 -204 175 795 -419 434 797 -420 444 663 -343 519 600 -306 509 744 -389 462 417 -200 568 489 -242 462 556 -281 256 -197 150 277 -168 157 284 326 -128 263 335 -157 496 -198 151 277 -168 157 256 -197 150 476 -168 157 437 336 -157 476 -168 157 496 -198 151 437 336 -157 417 326 -128 476 -168 157 -1043 585 -270 -1182 531 -239 -1140 536 -218 263 335 -157 284 326 -128 437 336 -157 417 326 -128 -1027 832 -389 -1036 841 -418 -1159 713 -320 -1190 702 -337 -1159 713 -320 -1043 585 -270 -1004 589 -249 -1190 702 -337 -1030 702 -314 -946 728 -353 -948 761 -348 -1004 589 -249 -1140 536 -218 -1182 531 -239 -1027 459 -173 -1030 426 -179 -868 831 -389 -861 841 -418 -1036 841 -418 -1027 832 -389 -989 697 -335 -814 618 -265 -786 618 -289 -1030 702 -314 -948 761 -348 -946 728 -353 -869 717 -323 -867 683 -327 -1027 459 -173 -1030 426 -179 -846 489 -215 -862 515 -206 -795 776 -356 -762 766 -374 -861 841 -418 -868 831 -389 -862 515 -206 -786 618 -289 -814 618 -265 -989 697 -335 -869 717 -323 -762 766 -374 -795 776 -356 -867 683 -327 -846 489 -215 -1004 589 -249 -1027 459 -173 -862 515 -206 476 -168 157 417 326 -128 284 326 -128 277 -168 157 -948 761 -348 -869 717 -323 -795 776 -356 -1027 832 -389 -1159 713 -320 -1030 702 -314 -868 831 -389 -814 618 -265 -1140 536 -218 105 33 48 142 22 30 230 73 1 122 -166 163 120 -201 160 260 -69 107 295 -78 89 260 -69 107 295 -78 89 142 22 30 105 33 48 -38 -26 82 -19 -79 89 120 -201 160 122 -166 163 101 165 -28 -24 75 0 -22 62 31 -42 -140 148 -22 -169 141 -19 -79 89 -38 -26 82 -199 -145 151 -220 -176 145 -22 -169 141 -42 -140 148 209 94 12 230 73 1 206 268 -87 226 271 -113 68 154 -45 -22 62 31 -24 75 0 -45 80 20 206 268 -87 226 271 -113 12 362 -165 8 353 -136 -43 272 -89 -23 222 -84 68 154 -45 101 165 -28 -399 424 -165 -419 394 -172 -283 394 -171 -24 75 0 -23 222 -84 -43 272 -89 -45 80 20 -198 352 -136 -218 362 -165 -220 -176 145 -199 -145 151 8 353 -136 12 362 -165 -218 362 -165 -198 352 -136 -132 599 -266 -111 583 -281 -126 768 -388 -303 423 -165 -400 811 -389 -419 394 -172 -399 424 -165 -421 820 -418 -145 766 -363 -126 768 -388 -238 810 -388 -233 819 -417 -145 766 -363 -310 724 -338 -289 690 -343 -215 678 -336 -206 503 -211 -196 474 -218 -132 599 -266 -111 583 -281 -238 810 -388 -233 819 -417 -400 811 -389 -421 820 -418 -189 704 -327 -215 678 -336 -235 614 -299 -219 607 -271 -304 593 -263 -284 606 -294 -289 690 -343 -189 704 -327 -283 473 -218 -196 474 -218 -206 503 -211 -303 503 -211 -219 607 -271 -235 614 -299 -304 593 -263 -284 606 -294 -310 724 -338 -303 423 -165 -283 394 -171 -283 473 -218 -303 503 -211 -198 352 -136 -43 272 -89 8 353 -136 122 -166 163 105 33 48 -38 -26 82 260 -69 107 101 165 -28 209 94 12 -22 62 31 -45 80 20 -42 -140 148 206 268 -87 -199 -145 151 -219 607 -271 -145 766 -363 -189 704 -327 -132 599 -266 -206 503 -211 -304 593 -263 -303 503 -211 -400 811 -389 -310 724 -338 -238 810 -388 -399 424 -165 -303 423 -165 1414 378 -183 1414 176 -350 1414 255 -396 1462 447 -223 1462 378 -183 1462 255 -396 1462 325 -436 1462 378 -183 1414 255 -396 1462 255 -396 1414 378 -183 1414 447 -223 1462 325 -436 1414 325 -436 1462 447 -223 1120 451 -225 1333 563 -573 1120 328 -438 1414 299 -137 1414 685 -360 1414 325 -436 1414 563 -573 1414 447 -223 1333 685 -360 1414 685 -360 1414 563 -573 1229 450 -224 1320 450 -224 1320 327 -437 1414 299 -137 1320 176 -350 1414 176 -350 1320 299 -137 1320 299 -137 1320 255 -396 1320 176 -350 1320 378 -183 1320 430 -497 1320 553 -284 1320 378 -183 1123 378 -183 1123 255 -396 1229 327 -437 1320 553 -284 1229 327 -437 1320 430 -497 1229 450 -224 1123 378 -183 1123 255 -396 1320 255 -396 1026 526 -269 1060 366 -459 1026 403 -481 1075 426 -211 1068 376 -182 1068 254 -395 1075 304 -423 1060 488 -247 1075 304 -423 1060 366 -459 1075 426 -211 1068 376 -182 1035 335 -158 1035 213 -371 1068 254 -395 956 696 -367 1013 694 -366 1013 571 -578 1060 488 -247 1013 694 -366 1012 494 -533 1013 571 -578 1012 616 -321 1035 335 -158 979 183 -354 1035 213 -371 979 306 -141 956 573 -579 884 687 -361 884 564 -574 978 546 -280 1026 403 -481 978 423 -492 1026 526 -269 923 552 -283 923 429 -496 1012 616 -321 959 616 -321 959 494 -533 1012 494 -533 939 375 -182 968 394 -192 968 271 -405 972 429 -212 972 306 -425 960 339 -444 939 253 -394 960 462 -231 908 370 -179 908 248 -391 979 306 -141 916 292 -133 916 169 -346 979 183 -354 959 616 -321 909 608 -316 909 486 -529 868 547 -281 868 424 -493 960 462 -231 936 350 -450 960 339 -444 936 473 -238 806 655 -343 806 532 -555 959 494 -533 878 371 -179 878 249 -392 936 473 -238 900 475 -239 900 352 -451 936 350 -450 825 530 -271 916 292 -133 840 177 -350 916 169 -346 825 407 -483 909 608 -316 872 471 -520 909 486 -529 872 593 -307 852 382 -185 852 259 -398 840 299 -138 900 475 -239 863 346 -448 900 352 -451 863 468 -235 753 600 -311 753 477 -524 872 593 -307 841 569 -293 841 446 -506 872 471 -520 825 407 -483 825 530 -271 840 299 -138 786 199 -363 840 177 -350 863 468 -235 826 444 -221 826 321 -434 863 346 -448 833 407 -200 852 382 -185 852 259 -398 833 284 -412 826 444 -221 833 284 -412 826 321 -434 833 407 -200 747 364 -175 729 405 -199 729 283 -411 786 322 -151 729 550 -283 729 428 -495 786 322 -151 747 242 -388 786 199 -363 720 506 -257 720 384 -470 720 455 -228 720 333 -440</float_array>
                    <technique_common>
                        <accessor count="726" source="#pointarrayMesh0_VC1" stride="3">
                            <param name="X" type="float"/>
                            <param name="Y" type="float"/>
                            <param name="Z" type="float"/>
                        </accessor>
                    </technique_common>
                </source>
                <source id="uvsMesh0_VC1">
                    <float_array id="uvarrayMesh0_VC1" count="2628">0.06640625 0.984375 0.06640625 0.984375 0.06640625 0.984375 0.06640625 0.984375 0.06640625 0.984375 0.06640625 0.984375 0.06640625 0.984375 0.06640625 0.984375 0.06640625 0.984375 0.06640625 0.984375 0.06640625 0.984375 0.06640625 0.984375 0.06640625 0.984375 0.06640625 0.984375 0.06640625 0.984375 0.06640625 0.984375 0.06640625 0.984375 0.06640625 0.984375 0.06640625 0.984375 0.06640625 0.984375 0.06640625 0.984375 0.08203125 0.984375 0.08203125 0.984375 0.08203125 0.984375 0.08203125 0.984375 0.08203125 0.984375 0.08203125 0.984375 0.06640625 0.984375 0.06640625 0.984375 0.06640625 0.984375 0.06640625 0.984375 0.06640625 0.984375 0.06640625 0.984375 0.06640625 0.984375 0.06640625 0.984375 0.06640625 0.984375 0.06640625 0.984375 0.06640625 0.984375 0.06640625 0.984375 0.06640625 0.984375 0.06640625 0.984375 0.06640625 0.984375 0.06640625 0.984375 0.06640625 0.984375 0.06640625 0.984375 0.06640625 0.984375 0.06640625 0.984375 0.06640625 0.984375 0.06640625 0.984375 0.06640625 0.984375 0.06640625 0.984375 0.06640625 0.984375 0.06640625 0.984375 0.06640625 0.984375 0.06640625 0.984375 0.06640625 0.984375 0.06640625 0.984375 0.06640625 0.984375 0.06640625 0.984375 0.06640625 0.984375 0.06640625 0.984375 0.06640625 0.984375 0.06640625 0.984375 0.06640625 0.984375 0.06640625 0.984375 0.06640625 0.984375 0.06640625 0.984375 0.06640625 0.984375 0.06640625 0.984375 0.06640625 0.984375 0.06640625 0.984375 0.06640625 0.984375 0.06640625 0.984375 0.06640625 0.984375 0.06640625 0.984375 0.09765625 0.984375 0.09765625 0.984375 0.09765625 0.984375 0.09765625 0.984375 0.09765625 0.984375 0.09765625 0.984375 0.09765625 0.984375 0.09765625 0.984375 0.09765625 0.984375 0.09765625 0.984375 0.09765625 0.984375 0.09765625 0.984375 0.09765625 0.984375 0.09765625 0.984375 0.09765625 0.984375 0.09765625 0.984375 0.09765625 0.984375 0.09765625 0.984375 0.09765625 0.984375 0.09765625 0.984375 0.09765625 0.984375 0.09765625 0.984375 0.09765625 0.984375 0.09765625 0.984375 0.09765625 0.984375 0.09765625 0.984375 0.09765625 0.984375 0.09765625 0.984375 0.09765625 0.984375 0.09765625 0.984375 0.09765625 0.984375 0.09765625 0.984375 0.09765625 0.984375 0.09765625 0.984375 0.09765625 0.984375 0.09765625 0.984375 0.09765625 0.984375 0.09765625 0.984375 0.09765625 0.984375 0.09765625 0.984375 0.09765625 0.984375 0.09765625 0.984375 0.09765625 0.984375 0.09765625 0.984375 0.09765625 0.984375 0.09765625 0.984375 0.09765625 0.984375 0.09765625 0.984375 0.09765625 0.984375 0.09765625 0.984375 0.09765625 0.984375 0.09765625 0.984375 0.09765625 0.984375 0.09765625 0.984375 0.09765625 0.984375 0.09765625 0.984375 0.09765625 0.984375 0.09765625 0.984375 0.09765625 0.984375 0.09765625 0.984375 0.09765625 0.984375 0.09765625 0.984375 0.09765625 0.984375 0.09765625 0.984375 0.09765625 0.984375 0.09765625 0.984375 0.09765625 0.984375 0.09765625 0.984375 0.09765625 0.984375 0.09765625 0.984375 0.09765625 0.984375 0.09765625 0.984375 0.09765625 0.984375 0.09765625 0.984375 0.09765625 0.984375 0.09765625 0.984375 0.09765625 0.984375 0.09765625 0.984375 0.09765625 0.984375 0.09765625 0.984375 0.09765625 0.984375 0.09765625 0.984375 0.09765625 0.984375 0.09765625 0.984375 0.09765625 0.984375 0.09765625 0.984375 0.09765625 0.984375 0.11328125 0.984375 0.11328125 0.984375 0.11328125 0.984375 0.11328125 0.984375 0.11328125 0.984375 0.11328125 0.984375 0.11328125 0.984375 0.11328125 0.984375 0.11328125 0.984375 0.11328125 0.984375 0.11328125 0.984375 0.11328125 0.984375 0.12890625 0.984375 0.12890625 0.984375 0.12890625 0.984375 0.12890625 0.984375 0.12890625 0.984375 0.12890625 0.984375 0.14453125 0.984375 0.14453125 0.984375 0.14453125 0.984375 0.14453125 0.984375 0.14453125 0.984375 0.14453125 0.984375 0.16015625 0.984375 0.16015625 0.984375 0.16015625 0.984375 0.16015625 0.984375 0.16015625 0.984375 0.16015625 0.984375 0.11328125 0.984375 0.11328125 0.984375 0.11328125 0.984375 0.11328125 0.984375 0.11328125 0.984375 0.11328125 0.984375 0.11328125 0.984375 0.11328125 0.984375 0.11328125 0.984375 0.11328125 0.984375 0.11328125 0.984375 0.11328125 0.984375 0.17578125 0.984375 0.17578125 0.984375 0.17578125 0.984375 0.17578125 0.984375 0.17578125 0.984375 0.17578125 0.984375 0.11328125 0.984375 0.11328125 0.984375 0.11328125 0.984375 0.19140625 0.984375 0.19140625 0.984375 0.19140625 0.984375 0.19140625 0.984375 0.19140625 0.984375 0.19140625 0.984375 0.11328125 0.984375 0.11328125 0.984375 0.11328125 0.984375 0.11328125 0.984375 0.11328125 0.984375 0.11328125 0.984375 0.20703125 0.984375 0.20703125 0.984375 0.20703125 0.984375 0.20703125 0.984375 0.20703125 0.984375 0.20703125 0.984375 0.22265625 0.984375 0.22265625 0.984375 0.22265625 0.984375 0.11328125 0.984375 0.11328125 0.984375 0.11328125 0.984375 0.17578125 0.984375 0.17578125 0.984375 0.17578125 0.984375 0.17578125 0.984375 0.17578125 0.984375 0.17578125 0.984375 0.22265625 0.984375 0.22265625 0.984375 0.22265625 0.984375 0.22265625 0.984375 0.22265625 0.984375 0.22265625 0.984375 0.22265625 0.984375 0.22265625 0.984375 0.22265625 0.984375 0.11328125 0.984375 0.11328125 0.984375 0.11328125 0.984375 0.11328125 0.984375 0.11328125 0.984375 0.11328125 0.984375 0.11328125 0.984375 0.11328125 0.984375 0.11328125 0.984375 0.11328125 0.984375 0.11328125 0.984375 0.11328125 0.984375 0.11328125 0.984375 0.11328125 0.984375 0.11328125 0.984375 0.11328125 0.984375 0.11328125 0.984375 0.11328125 0.984375 0.11328125 0.984375 0.11328125 0.984375 0.11328125 0.984375 0.11328125 0.984375 0.11328125 0.984375 0.11328125 0.984375 0.11328125 0.984375 0.11328125 0.984375 0.11328125 0.984375 0.20703125 0.984375 0.20703125 0.984375 0.20703125 0.984375 0.11328125 0.984375 0.11328125 0.984375 0.11328125 0.984375 0.11328125 0.984375 0.11328125 0.984375 0.11328125 0.984375 0.22265625 0.984375 0.22265625 0.984375 0.22265625 0.984375 0.22265625 0.984375 0.22265625 0.984375 0.22265625 0.984375 0.11328125 0.984375 0.11328125 0.984375 0.11328125 0.984375 0.11328125 0.984375 0.11328125 0.984375 0.11328125 0.984375 0.12890625 0.984375 0.12890625 0.984375 0.12890625 0.984375 0.20703125 0.984375 0.20703125 0.984375 0.20703125 0.984375 0.11328125 0.984375 0.11328125 0.984375 0.11328125 0.984375 0.11328125 0.984375 0.11328125 0.984375 0.11328125 0.984375 0.11328125 0.984375 0.11328125 0.984375 0.11328125 0.984375 0.20703125 0.984375 0.20703125 0.984375 0.20703125 0.984375 0.20703125 0.984375 0.20703125 0.984375 0.20703125 0.984375 0.11328125 0.984375 0.11328125 0.984375 0.11328125 0.984375 0.12890625 0.984375 0.12890625 0.984375 0.12890625 0.984375 0.22265625 0.984375 0.22265625 0.984375 0.22265625 0.984375 0.22265625 0.984375 0.22265625 0.984375 0.22265625 0.984375 0.19140625 0.984375 0.19140625 0.984375 0.19140625 0.984375 0.19140625 0.984375 0.19140625 0.984375 0.19140625 0.984375 0.11328125 0.984375 0.11328125 0.984375 0.11328125 0.984375 0.12890625 0.984375 0.12890625 0.984375 0.12890625 0.984375 0.12890625 0.984375 0.12890625 0.984375 0.12890625 0.984375 0.12890625 0.984375 0.12890625 0.984375 0.12890625 0.984375 0.12890625 0.984375 0.12890625 0.984375 0.12890625 0.984375 0.11328125 0.984375 0.11328125 0.984375 0.11328125 0.984375 0.11328125 0.984375 0.11328125 0.984375 0.11328125 0.984375 0.11328125 0.984375 0.11328125 0.984375 0.11328125 0.984375 0.11328125 0.984375 0.11328125 0.984375 0.11328125 0.984375 0.11328125 0.984375 0.11328125 0.984375 0.11328125 0.984375 0.11328125 0.984375 0.11328125 0.984375 0.11328125 0.984375 0.23828125 0.984375 0.23828125 0.984375 0.23828125 0.984375 0.25390625 0.984375 0.25390625 0.984375 0.25390625 0.984375 0.25390625 0.984375 0.25390625 0.984375 0.25390625 0.984375 0.26953125 0.984375 0.26953125 0.984375 0.26953125 0.984375 0.26953125 0.984375 0.26953125 0.984375 0.26953125 0.984375 0.28515625 0.984375 0.28515625 0.984375 0.28515625 0.984375 0.28515625 0.984375 0.28515625 0.984375 0.28515625 0.984375 0.30078125 0.984375 0.30078125 0.984375 0.30078125 0.984375 0.23828125 0.984375 0.23828125 0.984375 0.23828125 0.984375 0.31640625 0.984375 0.31640625 0.984375 0.31640625 0.984375 0.31640625 0.984375 0.31640625 0.984375 0.31640625 0.984375 0.33203125 0.984375 0.33203125 0.984375 0.33203125 0.984375 0.33203125 0.984375 0.33203125 0.984375 0.33203125 0.984375 0.30078125 0.984375 0.30078125 0.984375 0.30078125 0.984375 0.34765625 0.984375 0.34765625 0.984375 0.34765625 0.984375 0.36328125 0.984375 0.36328125 0.984375 0.36328125 0.984375 0.36328125 0.984375 0.36328125 0.984375 0.36328125 0.984375 0.37890625 0.984375 0.37890625 0.984375 0.37890625 0.984375 0.37890625 0.984375 0.37890625 0.984375 0.37890625 0.984375 0.39453125 0.984375 0.39453125 0.984375 0.39453125 0.984375 0.39453125 0.984375 0.39453125 0.984375 0.39453125 0.984375 0.41015625 0.984375 0.41015625 0.984375 0.41015625 0.984375 0.34765625 0.984375 0.34765625 0.984375 0.34765625 0.984375 0.41015625 0.984375 0.41015625 0.984375 0.41015625 0.984375 0.41015625 0.984375 0.41015625 0.984375 0.41015625 0.984375 0.36328125 0.984375 0.36328125 0.984375 0.36328125 0.984375 0.36328125 0.984375 0.36328125 0.984375 0.36328125 0.984375 0.41015625 0.984375 0.41015625 0.984375 0.41015625 0.984375 0.42578125 0.984375 0.42578125 0.984375 0.42578125 0.984375 0.44140625 0.984375 0.44140625 0.984375 0.44140625 0.984375 0.44140625 0.984375 0.44140625 0.984375 0.44140625 0.984375 0.39453125 0.984375 0.39453125 0.984375 0.39453125 0.984375 0.39453125 0.984375 0.39453125 0.984375 0.39453125 0.984375 0.45703125 0.984375 0.45703125 0.984375 0.45703125 0.984375 0.45703125 0.984375 0.45703125 0.984375 0.45703125 0.984375 0.47265625 0.984375 0.47265625 0.984375 0.47265625 0.984375 0.42578125 0.984375 0.42578125 0.984375 0.42578125 0.984375 0.30078125 0.984375 0.30078125 0.984375 0.30078125 0.984375 0.30078125 0.984375 0.30078125 0.984375 0.30078125 0.984375 0.31640625 0.984375 0.31640625 0.984375 0.31640625 0.984375 0.31640625 0.984375 0.31640625 0.984375 0.31640625 0.984375 0.47265625 0.984375 0.47265625 0.984375 0.47265625 0.984375 0.48828125 0.984375 0.48828125 0.984375 0.48828125 0.984375 0.50390625 0.984375 0.50390625 0.984375 0.50390625 0.984375 0.50390625 0.984375 0.50390625 0.984375 0.50390625 0.984375 0.37890625 0.984375 0.37890625 0.984375 0.37890625 0.984375 0.37890625 0.984375 0.37890625 0.984375 0.37890625 0.984375 0.41015625 0.984375 0.41015625 0.984375 0.41015625 0.984375 0.41015625 0.984375 0.41015625 0.984375 0.41015625 0.984375 0.48828125 0.984375 0.48828125 0.984375 0.48828125 0.984375 0.51953125 0.984375 0.51953125 0.984375 0.51953125 0.984375 0.53515625 0.984375 0.53515625 0.984375 0.53515625 0.984375 0.53515625 0.984375 0.53515625 0.984375 0.53515625 0.984375 0.48828125 0.984375 0.48828125 0.984375 0.48828125 0.984375 0.48828125 0.984375 0.48828125 0.984375 0.48828125 0.984375 0.55078125 0.984375 0.55078125 0.984375 0.55078125 0.984375 0.26953125 0.984375 0.26953125 0.984375 0.26953125 0.984375 0.26953125 0.984375 0.26953125 0.984375 0.26953125 0.984375 0.26953125 0.984375 0.26953125 0.984375 0.26953125 0.984375 0.26953125 0.984375 0.26953125 0.984375 0.26953125 0.984375 0.56640625 0.984375 0.56640625 0.984375 0.56640625 0.984375 0.56640625 0.984375 0.56640625 0.984375 0.56640625 0.984375 0.48828125 0.984375 0.48828125 0.984375 0.48828125 0.984375 0.55078125 0.984375 0.55078125 0.984375 0.55078125 0.984375 0.58203125 0.984375 0.58203125 0.984375 0.58203125 0.984375 0.58203125 0.984375 0.58203125 0.984375 0.58203125 0.984375 0.30078125 0.984375 0.30078125 0.984375 0.30078125 0.984375 0.30078125 0.984375 0.30078125 0.984375 0.30078125 0.984375 0.48828125 0.984375 0.48828125 0.984375 0.48828125 0.984375 0.34765625 0.984375 0.34765625 0.984375 0.34765625 0.984375 0.34765625 0.984375 0.34765625 0.984375 0.34765625 0.984375 0.36328125 0.984375 0.36328125 0.984375 0.36328125 0.984375 0.36328125 0.984375 0.36328125 0.984375 0.36328125 0.984375 0.59765625 0.984375 0.59765625 0.984375 0.59765625 0.984375 0.59765625 0.984375 0.59765625 0.984375 0.59765625 0.984375 0.59765625 0.984375 0.59765625 0.984375 0.59765625 0.984375 0.59765625 0.984375 0.59765625 0.984375 0.59765625 0.984375 0.59765625 0.984375 0.59765625 0.984375 0.59765625 0.984375 0.59765625 0.984375 0.59765625 0.984375 0.59765625 0.984375 0.59765625 0.984375 0.59765625 0.984375 0.59765625 0.984375 0.59765625 0.984375 0.59765625 0.984375 0.59765625 0.984375 0.59765625 0.984375 0.59765625 0.984375 0.59765625 0.984375 0.59765625 0.984375 0.59765625 0.984375 0.59765625 0.984375 0.59765625 0.984375 0.59765625 0.984375 0.59765625 0.984375 0.59765625 0.984375 0.59765625 0.984375 0.59765625 0.984375 0.59765625 0.984375 0.59765625 0.984375 0.59765625 0.984375 0.61328125 0.984375 0.61328125 0.984375 0.61328125 0.984375 0.61328125 0.984375 0.61328125 0.984375 0.61328125 0.984375 0.62890625 0.984375 0.62890625 0.984375 0.62890625 0.984375 0.62890625 0.984375 0.62890625 0.984375 0.62890625 0.984375 0.64453125 0.984375 0.64453125 0.984375 0.64453125 0.984375 0.66015625 0.984375 0.66015625 0.984375 0.66015625 0.984375 0.67578125 0.984375 0.67578125 0.984375 0.67578125 0.984375 0.69140625 0.984375 0.69140625 0.984375 0.69140625 0.984375 0.69140625 0.984375 0.69140625 0.984375 0.69140625 0.984375 0.70703125 0.984375 0.70703125 0.984375 0.70703125 0.984375 0.70703125 0.984375 0.70703125 0.984375 0.70703125 0.984375 0.72265625 0.984375 0.72265625 0.984375 0.72265625 0.984375 0.72265625 0.984375 0.72265625 0.984375 0.72265625 0.984375 0.73828125 0.984375 0.73828125 0.984375 0.73828125 0.984375 0.67578125 0.984375 0.67578125 0.984375 0.67578125 0.984375 0.75390625 0.984375 0.75390625 0.984375 0.75390625 0.984375 0.75390625 0.984375 0.75390625 0.984375 0.75390625 0.984375 0.69140625 0.984375 0.69140625 0.984375 0.69140625 0.984375 0.69140625 0.984375 0.69140625 0.984375 0.69140625 0.984375 0.73828125 0.984375 0.73828125 0.984375 0.73828125 0.984375 0.75390625 0.984375 0.75390625 0.984375 0.75390625 0.984375 0.76953125 0.984375 0.76953125 0.984375 0.76953125 0.984375 0.76953125 0.984375 0.76953125 0.984375 0.76953125 0.984375 0.66015625 0.984375 0.66015625 0.984375 0.66015625 0.984375 0.66015625 0.984375 0.66015625 0.984375 0.66015625 0.984375 0.78515625 0.984375 0.78515625 0.984375 0.78515625 0.984375 0.78515625 0.984375 0.78515625 0.984375 0.78515625 0.984375 0.80078125 0.984375 0.80078125 0.984375 0.80078125 0.984375 0.75390625 0.984375 0.75390625 0.984375 0.75390625 0.984375 0.80078125 0.984375 0.80078125 0.984375 0.80078125 0.984375 0.80078125 0.984375 0.80078125 0.984375 0.80078125 0.984375 0.80078125 0.984375 0.80078125 0.984375 0.80078125 0.984375 0.81640625 0.984375 0.81640625 0.984375 0.81640625 0.984375 0.81640625 0.984375 0.81640625 0.984375 0.81640625 0.984375 0.81640625 0.984375 0.81640625 0.984375 0.81640625 0.984375 0.81640625 0.984375 0.81640625 0.984375 0.81640625 0.984375 0.81640625 0.984375 0.81640625 0.984375 0.81640625 0.984375 0.81640625 0.984375 0.81640625 0.984375 0.81640625 0.984375 0.81640625 0.984375 0.81640625 0.984375 0.81640625 0.984375 0.81640625 0.984375 0.81640625 0.984375 0.81640625 0.984375 0.81640625 0.984375 0.81640625 0.984375 0.81640625 0.984375 0.81640625 0.984375 0.81640625 0.984375 0.81640625 0.984375 0.81640625 0.984375 0.81640625 0.984375 0.81640625 0.984375 0.81640625 0.984375 0.81640625 0.984375 0.81640625 0.984375 0.83203125 0.984375 0.83203125 0.984375 0.83203125 0.984375 0.83203125 0.984375 0.83203125 0.984375 0.83203125 0.984375 0.83203125 0.984375 0.83203125 0.984375 0.83203125 0.984375 0.84765625 0.984375 0.84765625 0.984375 0.84765625 0.984375 0.84765625 0.984375 0.84765625 0.984375 0.84765625 0.984375 0.86328125 0.984375 0.86328125 0.984375 0.86328125 0.984375 0.86328125 0.984375 0.86328125 0.984375 0.86328125 0.984375 0.87890625 0.984375 0.87890625 0.984375 0.87890625 0.984375 0.00390625 0.984375 0.00390625 0.984375 0.00390625 0.984375 0.00390625 0.984375 0.00390625 0.984375 0.00390625 0.984375 0.89453125 0.984375 0.89453125 0.984375 0.89453125 0.984375 0.89453125 0.984375 0.89453125 0.984375 0.89453125 0.984375 0.00390625 0.015625 0.00390625 0.015625 0.00390625 0.015625 0.00390625 0.015625 0.00390625 0.015625 0.00390625 0.015625 0.87890625 0.984375 0.87890625 0.984375 0.87890625 0.984375 0.84765625 0.984375 0.84765625 0.984375 0.84765625 0.984375 0.91015625 0.984375 0.91015625 0.984375 0.91015625 0.984375 0.91015625 0.984375 0.91015625 0.984375 0.91015625 0.984375 0.92578125 0.984375 0.92578125 0.984375 0.92578125 0.984375 0.92578125 0.984375 0.92578125 0.984375 0.92578125 0.984375 0.89453125 0.984375 0.89453125 0.984375 0.89453125 0.984375 0.00390625 0.984375 0.00390625 0.984375 0.00390625 0.984375 0.00390625 0.984375 0.00390625 0.984375 0.00390625 0.984375 0.94140625 0.984375 0.94140625 0.984375 0.94140625 0.984375 0.94140625 0.984375 0.94140625 0.984375 0.94140625 0.984375 0.95703125 0.984375 0.95703125 0.984375 0.95703125 0.984375 0.95703125 0.984375 0.95703125 0.984375 0.95703125 0.984375 0.00390625 0.015625 0.00390625 0.015625 0.00390625 0.015625 0.89453125 0.984375 0.89453125 0.984375 0.89453125 0.984375 0.94140625 0.984375 0.94140625 0.984375 0.94140625 0.984375 0.94140625 0.984375 0.94140625 0.984375 0.94140625 0.984375 0.97265625 0.984375 0.97265625 0.984375 0.97265625 0.984375 0.97265625 0.984375 0.97265625 0.984375 0.97265625 0.984375 0.00390625 0.015625 0.00390625 0.015625 0.00390625 0.015625 0.98828125 0.984375 0.98828125 0.984375 0.98828125 0.984375 0.06640625 0.921875 0.06640625 0.921875 0.06640625 0.921875 0.06640625 0.921875 0.06640625 0.921875 0.06640625 0.921875 0.95703125 0.984375 0.95703125 0.984375 0.95703125 0.984375 0.95703125 0.984375 0.95703125 0.984375 0.95703125 0.984375 0.08203125 0.921875 0.08203125 0.921875 0.08203125 0.921875 0.08203125 0.921875 0.08203125 0.921875 0.08203125 0.921875 0.00390625 0.015625 0.00390625 0.015625 0.00390625 0.015625 0.98828125 0.984375 0.98828125 0.984375 0.98828125 0.984375 0.89453125 0.984375 0.89453125 0.984375 0.89453125 0.984375 0.89453125 0.984375 0.89453125 0.984375 0.89453125 0.984375 0.09765625 0.921875 0.09765625 0.921875 0.09765625 0.921875 0.09765625 0.921875 0.09765625 0.921875 0.09765625 0.921875 0.00390625 0.015625 0.00390625 0.015625 0.00390625 0.015625 0.00390625 0.984375 0.00390625 0.984375 0.00390625 0.984375 0.00390625 0.984375 0.00390625 0.984375 0.00390625 0.015625 0.11328125 0.921875 0.11328125 0.921875 0.11328125 0.921875 0.11328125 0.921875 0.11328125 0.921875 0.11328125 0.921875 0.11328125 0.921875 0.11328125 0.921875 0.11328125 0.921875 0.11328125 0.921875 0.11328125 0.921875 0.11328125 0.921875 0.11328125 0.921875 0.11328125 0.921875 0.11328125 0.921875 0.11328125 0.921875 0.11328125 0.921875 0.11328125 0.921875 0.11328125 0.921875 0.11328125 0.921875 0.11328125 0.921875 0.11328125 0.921875 0.11328125 0.921875 0.11328125 0.921875 0.11328125 0.921875 0.11328125 0.921875 0.11328125 0.921875 0.11328125 0.921875 0.11328125 0.921875 0.11328125 0.921875 0.11328125 0.921875 0.11328125 0.921875 0.11328125 0.921875 0.11328125 0.921875 0.11328125 0.921875 0.11328125 0.921875 0.11328125 0.921875 0.11328125 0.921875 0.11328125 0.921875 0.11328125 0.921875 0.11328125 0.921875 0.11328125 0.921875 0.11328125 0.921875 0.11328125 0.921875 0.11328125 0.921875 0.11328125 0.921875 0.11328125 0.921875 0.11328125 0.921875 0.11328125 0.921875 0.11328125 0.921875 0.11328125 0.921875 0.11328125 0.921875 0.11328125 0.921875 0.11328125 0.921875 0.11328125 0.921875 0.11328125 0.921875 0.11328125 0.921875 0.11328125 0.921875 0.11328125 0.921875 0.11328125 0.921875 0.11328125 0.921875 0.11328125 0.921875 0.11328125 0.921875 0.11328125 0.921875 0.11328125 0.921875 0.11328125 0.921875 0.11328125 0.921875 0.11328125 0.921875 0.11328125 0.921875 0.11328125 0.921875 0.11328125 0.921875 0.11328125 0.921875 0.11328125 0.921875 0.11328125 0.921875 0.11328125 0.921875 0.11328125 0.921875 0.11328125 0.921875 0.11328125 0.921875 0.12890625 0.921875 0.12890625 0.921875 0.12890625 0.921875 0.12890625 0.921875 0.12890625 0.921875 0.12890625 0.921875 0.12890625 0.921875 0.12890625 0.921875 0.12890625 0.921875 0.14453125 0.921875 0.14453125 0.921875 0.14453125 0.921875 0.14453125 0.921875 0.14453125 0.921875 0.14453125 0.921875 0.16015625 0.921875 0.16015625 0.921875 0.16015625 0.921875 0.16015625 0.921875 0.16015625 0.921875 0.16015625 0.921875 0.16015625 0.921875 0.16015625 0.921875 0.16015625 0.921875 0.12890625 0.921875 0.12890625 0.921875 0.12890625 0.921875 0.12890625 0.921875 0.12890625 0.921875 0.12890625 0.921875 0.12890625 0.921875 0.12890625 0.921875 0.12890625 0.921875 0.16015625 0.921875 0.16015625 0.921875 0.16015625 0.921875 0.16015625 0.921875 0.16015625 0.921875 0.16015625 0.921875 0.16015625 0.921875 0.16015625 0.921875 0.16015625 0.921875 0.16015625 0.921875 0.16015625 0.921875 0.16015625 0.921875 0.14453125 0.921875 0.14453125 0.921875 0.14453125 0.921875 0.14453125 0.921875 0.14453125 0.921875 0.14453125 0.921875 0.16015625 0.921875 0.16015625 0.921875 0.16015625 0.921875 0.16015625 0.921875 0.16015625 0.921875 0.16015625 0.921875 0.16015625 0.921875 0.16015625 0.921875 0.16015625 0.921875 0.16015625 0.921875 0.16015625 0.921875 0.16015625 0.921875 0.14453125 0.921875 0.14453125 0.921875 0.14453125 0.921875 0.16015625 0.921875 0.16015625 0.921875 0.16015625 0.921875 0.17578125 0.921875 0.17578125 0.921875 0.17578125 0.921875 0.17578125 0.921875 0.17578125 0.921875 0.17578125 0.921875 0.16015625 0.921875 0.16015625 0.921875 0.16015625 0.921875 0.16015625 0.921875 0.16015625 0.921875 0.16015625 0.921875 0.14453125 0.921875 0.14453125 0.921875 0.14453125 0.921875 0.19140625 0.921875 0.19140625 0.921875 0.19140625 0.921875 0.20703125 0.921875 0.20703125 0.921875 0.20703125 0.921875 0.20703125 0.921875 0.20703125 0.921875 0.20703125 0.921875 0.22265625 0.921875 0.22265625 0.921875 0.22265625 0.921875 0.22265625 0.921875 0.22265625 0.921875 0.22265625 0.921875 0.17578125 0.921875 0.17578125 0.921875 0.17578125 0.921875 0.17578125 0.921875 0.17578125 0.921875 0.17578125 0.921875 0.16015625 0.921875 0.16015625 0.921875 0.16015625 0.921875 0.19140625 0.921875 0.19140625 0.921875 0.19140625 0.921875 0.12890625 0.921875 0.12890625 0.921875 0.12890625 0.921875 0.12890625 0.921875 0.12890625 0.921875 0.12890625 0.921875 0.23828125 0.921875 0.23828125 0.921875 0.23828125 0.921875 0.23828125 0.921875 0.23828125 0.921875 0.23828125 0.921875 0.16015625 0.921875 0.16015625 0.921875 0.16015625 0.921875 0.16015625 0.921875 0.16015625 0.921875 0.16015625 0.921875 0.16015625 0.921875 0.16015625 0.921875 0.16015625 0.921875 0.16015625 0.921875 0.16015625 0.921875 0.16015625 0.921875 0.16015625 0.921875 0.16015625 0.921875 0.16015625 0.921875 0.16015625 0.921875 0.16015625 0.921875 0.16015625 0.921875 0.16015625 0.921875 0.16015625 0.921875 0.16015625 0.921875 0.14453125 0.921875 0.14453125 0.921875 0.14453125 0.921875 0.14453125 0.921875 0.14453125 0.921875 0.14453125 0.921875 0.16015625 0.921875 0.16015625 0.921875 0.16015625 0.921875 0.16015625 0.921875 0.16015625 0.921875 0.16015625 0.921875 0.16015625 0.921875 0.16015625 0.921875 0.16015625 0.921875 0.16015625 0.921875 0.16015625 0.921875 0.16015625 0.921875 0.16015625 0.921875 0.16015625 0.921875 0.16015625 0.921875 0.16015625 0.921875 0.16015625 0.921875 0.16015625 0.921875 0.16015625 0.921875 0.16015625 0.921875 0.16015625 0.921875 0.16015625 0.921875 0.16015625 0.921875 0.16015625 0.921875 0.22265625 0.921875 0.22265625 0.921875 0.22265625 0.921875 0.22265625 0.921875 0.22265625 0.921875 0.22265625 0.921875 0.25390625 0.921875 0.25390625 0.921875 0.25390625 0.921875 0.16015625 0.921875 0.16015625 0.921875 0.16015625 0.921875 0.16015625 0.921875 0.16015625 0.921875 0.16015625 0.921875 0.26953125 0.921875 0.26953125 0.921875 0.26953125 0.921875 0.26953125 0.921875 0.26953125 0.921875 0.26953125 0.921875 0.16015625 0.921875 0.16015625 0.921875 0.16015625 0.921875 0.16015625 0.921875 0.16015625 0.921875 0.16015625 0.921875 0.25390625 0.921875 0.25390625 0.921875 0.25390625 0.921875 0.16015625 0.921875 0.16015625 0.921875 0.16015625 0.921875 0.16015625 0.921875 0.16015625 0.921875 0.16015625 0.921875 0.28515625 0.921875 0.28515625 0.921875 0.28515625 0.921875 0.28515625 0.921875 0.28515625 0.921875 0.28515625 0.921875 0.16015625 0.921875 0.16015625 0.921875 0.16015625 0.921875 0.30078125 0.921875 0.30078125 0.921875 0.30078125 0.921875 0.16015625 0.921875 0.16015625 0.921875 0.16015625 0.921875 0.31640625 0.921875 0.31640625 0.921875 0.31640625 0.921875 0.31640625 0.921875 0.31640625 0.921875 0.31640625 0.921875 0.16015625 0.921875 0.16015625 0.921875 0.16015625 0.921875 0.16015625 0.921875 0.16015625 0.921875 0.16015625 0.921875 0.30078125 0.921875 0.30078125 0.921875 0.30078125 0.921875 0.25390625 0.921875 0.25390625 0.921875 0.25390625 0.921875 0.25390625 0.921875 0.25390625 0.921875 0.25390625 0.921875 0.16015625 0.921875 0.16015625 0.921875 0.16015625 0.921875 0.16015625 0.921875 0.16015625 0.921875 0.16015625 0.921875 0.33203125 0.921875 0.33203125 0.921875 0.33203125 0.921875 0.33203125 0.921875 0.33203125 0.921875 0.33203125 0.921875 0.33203125 0.921875 0.33203125 0.921875 0.33203125 0.921875 0.33203125 0.921875 0.33203125 0.921875 0.33203125 0.921875 0.34765625 0.921875 0.34765625 0.921875 0.34765625 0.921875 0.20703125 0.921875 0.20703125 0.921875 0.20703125 0.921875 0.20703125 0.921875 0.20703125 0.921875 0.20703125 0.921875 0.30078125 0.921875 0.30078125 0.921875 0.30078125 0.921875 0.30078125 0.921875 0.30078125 0.921875 0.30078125 0.921875 0.36328125 0.921875 0.36328125 0.921875 0.36328125 0.921875 0.36328125 0.921875 0.36328125 0.921875 0.36328125 0.921875 0.16015625 0.921875 0.16015625 0.921875 0.16015625 0.921875 0.34765625 0.921875 0.34765625 0.921875 0.34765625 0.921875 0.16015625 0.921875 0.16015625 0.921875 0.16015625 0.921875 0.16015625 0.921875 0.16015625 0.921875 0.16015625 0.921875 0.16015625 0.921875 0.16015625 0.921875 0.16015625 0.921875 0.16015625 0.921875 0.16015625 0.921875 0.16015625 0.921875 0.16015625 0.921875 0.16015625 0.921875 0.16015625 0.921875 0.16015625 0.921875 0.16015625 0.921875 0.16015625 0.921875 0.16015625 0.921875 0.16015625 0.921875 0.16015625 0.921875 0.16015625 0.921875 0.16015625 0.921875 0.16015625 0.921875 0.16015625 0.921875 0.16015625 0.921875 0.16015625 0.921875 0.16015625 0.921875 0.16015625 0.921875 0.16015625 0.921875 0.16015625 0.921875 0.16015625 0.921875 0.16015625 0.921875</float_array>
                    <technique_common>
                        <accessor count="1314" source="#uvarrayMesh0_VC1" stride="2">
                            <param name="S" type="float"/>
                            <param name="T" type="float"/>
                        </accessor>
                    </technique_common>
                </source>
                <vertices id="verticesMesh0_VC1">
                    <input semantic="POSITION" source="#pointsMesh0_VC1"/>
                </vertices>
                <polylist count="438" material="Material1">
                    <input offset="0" semantic="VERTEX" source="#verticesMesh0_VC1"/>
                    <input offset="1" semantic="TEXCOORD" source="#uvsMesh0_VC1" set="0"/>
                    <vcount>3 3 3 3 3 3 3 3 3 3 3 3 3 3 3 3 3 3 3 3 3 3 3 3 3 3 3 3 3 3 3 3 3 3 3 3 3 3 3 3 3 3 3 3 3 3 3 3 3 3 3 3 3 3 3 3 3 3 3 3 3 3 3 3 3 3 3 3 3 3 3 3 3 3 3 3 3 3 3 3 3 3 3 3 3 3 3 3 3 3 3 3 3 3 3 3 3 3 3 3 3 3 3 3 3 3 3 3 3 3 3 3 3 3 3 3 3 3 3 3 3 3 3 3 3 3 3 3 3 3 3 3 3 3 3 3 3 3 3 3 3 3 3 3 3 3 3 3 3 3 3 3 3 3 3 3 3 3 3 3 3 3 3 3 3 3 3 3 3 3 3 3 3 3 3 3 3 3 3 3 3 3 3 3 3 3 3 3 3 3 3 3 3 3 3 3 3 3 3 3 3 3 3 3 3 3 3 3 3 3 3 3 3 3 3 3 3 3 3 3 3 3 3 3 3 3 3 3 3 3 3 3 3 3 3 3 3 3 3 3 3 3 3 3 3 3 3 3 3 3 3 3 3 3 3 3 3 3 3 3 3 3 3 3 3 3 3 3 3 3 3 3 3 3 3 3 3 3 3 3 3 3 3 3 3 3 3 3 3 3 3 3 3 3 3 3 3 3 3 3 3 3 3 3 3 3 3 3 3 3 3 3 3 3 3 3 3 3 3 3 3 3 3 3 3 3 3 3 3 3 3 3 3 3 3 3 3 3 3 3 3 3 3 3 3 3 3 3 3 3 3 3 3 3 3 3 3 3 3 3 3 3 3 3 3 3 3 3 3 3 3 3 3 3 3 3 3 3 3 3 3 3 3 3 3 3 3 3 3 3 3 3 3 3 3 3 3 3 3 3 3 3 3 3 3 3 3 3 3 3 3 3 3 3 3 3 3 3 3 3 3 3 3 3 3 3 3 3 3 3 3 3 3 3 3 3 3 3</vcount>
                    <p>0 0 1 1 2 2 3 3 4 4 5 5 3 6 6 7 7 8 5 9 2 10 3 11 3 12 7 13 4 14 2 15 1 16 3 17 7 18 8 19 4 20 9 21 10 22 11 23 9 24 12 25 10 26 13 27 14 28 0 29 15 30 13 31 0 32 0 33 2 34 15 35 15 36 16 37 7 38 15 39 7 40 13 41 17 42 18 43 19 44 20 45 17 46 19 47 21 48 22 49 17 50 17 51 23 52 18 53 20 54 21 55 17 56 24 57 21 58 25 59 21 60 24 61 26 62 21 63 26 64 22 65 21 66 27 67 25 68 19 69 27 70 20 71 19 72 25 73 27 74 28 75 29 76 30 77 31 78 32 79 33 80 34 81 31 82 33 83 31 84 35 85 32 86 31 87 36 88 35 89 28 90 30 91 34 92 30 93 37 94 34 95 34 96 33 97 28 98 30 99 38 100 39 101 30 102 40 103 38 104 30 105 39 106 37 107 41 108 42 109 43 110 44 111 45 112 46 113 47 114 48 115 44 116 44 117 46 118 47 119 44 120 49 121 45 122 47 123 50 124 51 125 47 126 52 127 50 128 47 129 51 130 48 131 47 132 53 133 52 134 51 135 54 136 55 137 51 138 55 139 48 140 56 141 57 142 58 143 42 144 59 145 43 146 42 147 60 148 59 149 41 150 43 151 56 152 43 153 61 154 56 155 56 156 58 157 41 158 56 159 62 160 57 161 63 162 64 163 65 164 66 165 63 166 65 167 65 168 64 169 67 170 65 171 67 172 68 173 69 174 70 175 71 176 70 177 72 178 71 179 73 180 74 181 75 182 73 183 75 184 76 185 77 186 78 187 79 188 77 189 80 190 78 191 81 192 82 193 83 194 84 195 83 196 85 197 83 198 86 199 85 200 81 201 83 202 84 203 87 204 88 205 89 206 87 207 90 208 88 209 91 210 92 211 93 212 94 213 95 214 96 215 94 216 96 217 97 218 98 219 99 220 100 221 99 222 101 223 100 224 102 225 103 226 104 227 102 228 104 229 105 230 106 231 107 232 108 233 92 234 109 235 93 236 110 237 111 238 112 239 110 240 112 241 113 242 114 243 106 244 108 245 115 246 116 247 114 248 116 249 106 250 114 251 117 252 118 253 119 254 120 255 121 256 122 257 123 258 124 259 120 260 120 261 124 262 121 263 123 264 125 265 124 266 126 267 127 268 128 269 126 270 129 271 127 272 130 273 129 274 126 275 130 276 131 277 129 278 132 279 133 280 134 281 135 282 117 283 119 284 136 285 117 286 135 287 137 288 138 289 139 290 138 291 140 292 139 293 141 294 131 295 130 296 141 297 142 298 131 299 143 300 144 301 145 302 132 303 134 304 146 305 147 306 148 307 136 308 136 309 148 310 117 311 147 312 149 313 148 314 150 315 151 316 152 317 153 318 150 319 152 320 154 321 155 322 156 323 143 324 145 325 157 326 158 327 159 328 160 329 158 330 160 331 161 332 162 333 163 334 164 335 162 336 164 337 165 338 154 339 166 340 155 341 167 342 168 343 169 344 170 345 167 346 169 347 169 348 168 349 171 350 169 351 171 352 172 353 173 354 174 355 175 356 176 357 173 358 175 359 175 360 177 361 178 362 175 363 174 364 177 365 179 366 180 367 173 368 179 369 173 370 176 371 181 372 182 373 183 374 184 375 185 376 186 377 185 378 187 379 186 380 188 381 189 382 190 383 191 384 188 385 190 386 192 387 193 388 194 389 192 390 194 391 195 392 196 393 197 394 198 395 181 396 183 397 199 398 200 399 201 400 202 401 200 402 202 403 203 404 204 405 205 406 206 407 204 408 206 409 207 410 197 411 208 412 198 413 209 414 210 415 211 416 212 417 213 418 214 419 213 420 215 421 214 422 216 423 217 424 218 425 216 426 218 427 219 428 220 429 221 430 222 431 220 432 223 433 221 434 224 435 225 436 226 437 209 438 211 439 227 440 228 441 229 442 230 443 229 444 231 445 230 446 232 447 233 448 234 449 233 450 235 451 234 452 236 453 224 454 226 455 237 456 238 457 239 458 240 459 241 460 242 461 240 462 242 463 243 464 244 465 245 466 246 467 244 468 247 469 245 470 248 471 249 472 250 473 248 474 250 475 251 476 252 477 253 478 254 479 238 480 255 481 239 482 256 483 257 484 258 485 256 486 259 487 257 488 260 489 261 490 262 491 260 492 262 493 263 494 252 495 264 496 253 497 265 498 266 499 267 500 268 501 269 502 270 503 268 504 271 505 269 506 272 507 273 508 274 509 272 510 275 511 273 512 276 513 277 514 278 515 279 516 276 517 278 518 266 519 280 520 267 521 281 522 282 523 283 524 284 525 285 526 286 527 284 528 286 529 287 530 288 531 289 532 290 533 288 534 290 535 291 536 292 537 293 538 294 539 295 540 296 541 297 542 295 543 298 544 296 545 299 546 300 547 301 548 300 549 302 550 301 551 303 552 304 553 305 554 303 555 306 556 304 557 307 558 308 559 309 560 292 561 294 562 310 563 311 564 312 565 313 566 311 567 314 568 312 569 315 570 316 571 317 572 315 573 318 574 316 575 319 576 307 577 309 578 320 579 321 580 322 581 320 582 323 583 321 584 324 585 325 586 326 587 324 588 326 589 327 590 328 591 329 592 330 593 330 594 331 595 328 596 332 597 333 598 329 599 332 600 334 601 333 602 335 603 334 604 332 605 335 606 336 607 337 608 335 609 332 610 336 611 335 612 337 613 338 614 331 615 337 616 336 617 331 618 339 619 340 620 331 621 340 622 341 623 331 624 341 625 337 626 331 627 330 628 339 629 342 630 343 631 344 632 342 633 344 634 345 635 346 636 347 637 348 638 346 639 349 640 347 641 350 642 351 643 352 644 353 645 354 646 355 647 356 648 357 649 358 650 359 651 360 652 361 653 360 654 362 655 361 656 363 657 364 658 365 659 364 660 366 661 365 662 367 663 368 664 369 665 367 666 370 667 368 668 371 669 372 670 373 671 374 672 356 673 358 674 375 675 376 676 377 677 376 678 378 679 377 680 379 681 380 682 381 683 379 684 381 685 382 686 371 687 383 688 372 689 384 690 385 691 386 692 387 693 388 694 389 695 388 696 390 697 389 698 391 699 392 700 393 701 391 702 393 703 394 704 395 705 396 706 397 707 395 708 397 709 398 710 399 711 400 712 401 713 385 714 402 715 386 716 403 717 404 718 405 719 403 720 406 721 404 722 399 723 407 724 400 725 408 726 409 727 410 728 411 729 412 730 413 731 414 732 411 733 413 734 415 735 416 736 417 737 415 738 418 739 419 740 419 741 420 742 415 743 415 744 417 745 421 746 415 747 421 748 418 749 419 750 408 751 420 752 408 753 422 754 420 755 408 756 410 757 422 758 408 759 423 760 409 761 424 762 425 763 426 764 427 765 428 766 429 767 428 768 430 769 429 770 431 771 432 772 433 773 431 774 433 775 434 776 435 777 436 778 437 779 435 780 437 781 438 782 439 783 440 784 441 785 442 786 443 787 444 788 442 789 444 790 445 791 446 792 447 793 448 794 446 795 448 796 449 797 450 798 451 799 452 800 451 801 453 802 452 803 439 804 454 805 440 806 455 807 456 808 457 809 458 810 459 811 460 812 458 813 460 814 461 815 462 816 463 817 464 818 462 819 464 820 465 821 466 822 467 823 468 824 469 825 470 826 471 827 469 828 471 829 472 830 473 831 474 832 475 833 473 834 475 835 476 836 477 837 478 838 479 839 477 840 479 841 480 842 481 843 482 844 483 845 466 846 468 847 484 848 485 849 486 850 487 851 485 852 488 853 486 854 489 855 490 856 491 857 490 858 492 859 491 860 481 861 483 862 493 863 494 864 495 865 496 866 497 867 498 868 499 869 498 870 500 871 499 872 501 873 502 874 503 875 502 876 504 877 503 878 505 879 506 880 507 881 505 882 507 883 508 884 509 885 510 886 511 887 494 888 496 889 512 890 513 891 514 892 515 893 516 894 513 895 515 896 517 897 518 898 519 899 518 900 520 901 519 902 509 903 511 904 521 905 522 906 523 907 524 908 522 909 524 910 525 911 526 912 527 913 528 914 529 915 530 916 531 917 529 918 532 919 530 920 533 921 530 922 534 923 533 924 531 925 530 926 531 927 535 928 536 929 533 930 535 931 531 932 526 933 531 934 536 935 526 936 537 937 531 938 533 939 538 940 528 941 528 942 527 943 533 944 533 945 534 946 538 947 526 948 536 949 527 950 526 951 539 952 537 953 540 954 541 955 542 956 540 957 543 958 541 959 540 960 544 961 543 962 540 963 545 964 546 965 540 966 546 967 544 968 547 969 542 970 541 971 547 972 548 973 542 974 547 975 541 976 549 977 547 978 545 979 548 980 547 981 550 982 551 983 547 984 546 985 545 986 547 987 551 988 546 989 552 990 553 991 554 992 555 993 556 994 557 995 555 996 557 997 558 998 559 999 560 1000 561 1001 559 1002 562 1003 560 1004 563 1005 564 1006 565 1007 563 1008 566 1009 564 1010 567 1011 568 1012 569 1013 552 1014 570 1015 553 1016 571 1017 572 1018 573 1019 571 1020 574 1021 572 1022 575 1023 576 1024 577 1025 575 1026 577 1027 568 1028 567 1029 575 1030 568 1031 578 1032 579 1033 580 1034 581 1035 582 1036 583 1037 581 1038 584 1039 582 1040 585 1041 586 1042 587 1043 585 1044 588 1045 586 1046 579 1047 589 1048 580 1049 579 1050 590 1051 589 1052 591 1053 592 1054 593 1055 578 1056 580 1057 594 1058 595 1059 596 1060 597 1061 595 1062 598 1063 596 1064 599 1065 567 1066 569 1067 599 1068 569 1069 600 1070 591 1071 593 1072 601 1073 602 1074 603 1075 604 1076 605 1077 606 1078 607 1079 605 1080 607 1081 608 1082 609 1083 610 1084 611 1085 610 1086 609 1087 612 1088 613 1089 614 1090 615 1091 613 1092 615 1093 616 1094 617 1095 618 1096 619 1097 602 1098 620 1099 603 1100 621 1101 622 1102 623 1103 621 1104 624 1105 622 1106 625 1107 626 1108 627 1109 625 1110 628 1111 626 1112 617 1113 619 1114 629 1115 630 1116 629 1117 631 1118 630 1119 617 1120 629 1121 632 1122 633 1123 634 1124 632 1125 635 1126 633 1127 636 1128 632 1129 634 1130 636 1131 634 1132 637 1133 638 1134 639 1135 640 1136 638 1137 640 1138 641 1139 642 1140 643 1141 644 1142 643 1143 645 1144 646 1145 643 1146 646 1147 644 1148 645 1149 647 1150 646 1151 642 1152 644 1153 648 1154 645 1155 649 1156 647 1157 650 1158 642 1159 648 1160 650 1161 648 1162 651 1163 652 1164 653 1165 654 1166 652 1167 654 1168 655 1169 656 1170 657 1171 658 1172 659 1173 636 1174 637 1175 659 1176 637 1177 660 1178 661 1179 662 1180 663 1181 661 1182 664 1183 662 1184 665 1185 630 1186 631 1187 665 1188 631 1189 666 1190 656 1191 658 1192 667 1193 668 1194 650 1195 651 1196 668 1197 651 1198 669 1199 670 1200 671 1201 672 1202 670 1203 672 1204 673 1205 674 1206 659 1207 660 1208 675 1209 676 1210 677 1211 674 1212 660 1213 678 1214 679 1215 680 1216 681 1217 679 1218 682 1219 680 1220 683 1221 668 1222 669 1223 683 1224 669 1225 684 1226 675 1227 685 1228 676 1229 686 1230 687 1231 688 1232 686 1233 689 1234 687 1235 690 1236 665 1237 666 1238 690 1239 666 1240 691 1241 692 1242 693 1243 694 1244 692 1245 694 1246 695 1247 693 1248 696 1249 694 1250 693 1251 697 1252 696 1253 698 1254 699 1255 700 1256 701 1257 702 1258 703 1259 701 1260 703 1261 704 1262 705 1263 706 1264 707 1265 705 1266 707 1267 708 1268 709 1269 710 1270 711 1271 709 1272 712 1273 710 1274 713 1275 714 1276 715 1277 698 1278 716 1279 699 1280 717 1281 690 1282 691 1283 717 1284 691 1285 718 1286 719 1287 720 1288 721 1289 719 1290 713 1291 720 1292 713 1293 715 1294 720 1295 722 1296 717 1297 718 1298 722 1299 718 1300 723 1301 714 1302 724 1303 725 1304 714 1305 725 1306 715 1307 724 1308 722 1309 723 1310 724 1311 723 1312 725 1313</p>
                </polylist>
            </mesh>
        </geometry>
        <geometry id="meshMesh1_1">
            <mesh>
                <source id="pointsMesh1_1">
                    <float_array id="pointarrayMesh1_1" count="2265">605 208 -143 453 27 -276 453 130 -98 474 139 -56 610 209 -97 478 -93 77 458 -121 46 458 -224 -130 605 105 -321 604 -359 -52 604 -257 124 952 -190 86 1016 -32 -241 1016 69 -63 952 -293 -90 1016 69 -63 992 81 -23 935 -153 112 952 -190 86 610 -215 148 604 -257 124 604 -257 124 952 -293 -90 952 -190 86 604 -359 -52 1016 69 -63 802 106 -321 802 208 -144 1016 -32 -241 740 -40 0 683 -152 -172 683 -49 4 802 208 -144 992 81 -23 1016 69 -63 796 209 -97 756 -16 -13 740 -142 -177 756 -119 -191 752 -37 45 783 8 18 701 22 -36 683 -49 4 662 -111 -195 662 -9 -18 701 -80 -214 683 -49 4 671 -50 52 740 -40 0 752 -37 45 756 -16 -13 783 8 18 700 67 -15 701 22 -36 683 -152 -172 802 208 -144 662 -9 -18 662 -111 -195 701 -80 -214 701 22 -36 662 -9 -18 671 -50 52 683 -49 4 636 16 14 701 22 -36 700 67 -15 662 -9 -18 636 16 14 458 335 -204 243 232 -382 243 335 -204 802 106 -321 604 -257 124 610 -215 148 478 -93 77 458 -121 46 610 209 -97 796 209 -97 802 208 -144 605 208 -143 458 232 -382 496 -198 151 256 -197 150 517 -238 126 236 -340 -51 236 -237 126 263 335 -157 256 -197 150 517 -341 -51 236 -237 126 236 -340 -51 517 -238 126 437 336 -157 243 335 -204 263 335 -157 236 -237 126 517 -238 126 458 232 -382 458 335 -204 517 -341 -51 496 -198 151 517 -238 126 458 335 -204 437 336 -157 458 335 -204 0 -143 79 119 -353 -44 119 -247 139 119 -247 139 119 -353 -44 331 -204 -130 331 -98 53 331 -98 53 120 -201 160 119 -247 139 295 -78 89 331 -98 53 180 -105 -187 180 0 -4 331 -204 -130 -2 -208 116 0 -249 -104 0 -143 79 0 -249 -104 180 0 -4 142 22 30 295 -78 89 331 -98 53 180 0 -4 250 -64 -211 250 41 -27 180 -105 -187 -2 -314 -66 246 263 -155 230 73 1 250 41 -27 119 -247 139 120 -201 160 0 -143 79 -19 -79 89 -241 -216 121 -241 -322 -62 -2 -314 -66 -2 -208 116 250 41 -27 250 -64 -211 246 157 -339 246 263 -155 -2 -208 116 -22 -169 141 -220 -176 145 226 271 -113 142 22 30 180 0 -4 0 -143 79 -19 -79 89 -2 -208 116 -22 -169 141 -241 -216 121 -3 162 -97 -3 56 -281 36 26 -263 246 263 -155 246 157 -339 17 255 -396 17 361 -212 -238 255 -395 -238 361 -212 36 132 -80 -3 -7 -244 -3 98 -60 68 154 -45 36 132 -80 68 154 -45 -23 222 -84 -24 75 0 -3 -7 -244 -3 56 -281 -3 162 -97 -3 98 -60 17 361 -212 226 271 -113 246 263 -155 12 362 -165 -3 162 -97 -3 162 -97 -23 222 -84 -3 98 -60 -24 75 0 -241 -322 -62 -241 -216 121 -218 362 -165 -220 -176 145 -238 361 -212 12 362 -165 17 361 -212 -218 362 -165 -416 -142 108 -407 -341 -50 -407 -223 154 -407 -223 154 -104 -342 -50 -104 -223 155 -407 -341 -50 -104 -223 155 -134 -183 179 -388 -183 179 -407 -223 154 -397 -107 135 -416 -261 -97 -568 -94 80 -416 -261 -97 -416 -142 108 -388 -183 179 -894 -81 72 -646 -285 -83 -646 -167 122 -894 -200 -132 -646 -167 122 -646 -285 -83 -568 -213 -124 -568 -94 80 -568 -213 -124 -104 -223 155 -104 -342 -50 -324 196 -361 -646 -167 122 -651 -124 144 -894 -81 72 -861 -51 103 -573 -52 103 -651 -124 144 -646 -167 122 -568 -94 80 -416 -142 108 -573 -52 103 -568 -94 80 -397 -107 135 -466 127 -47 -466 9 -253 -449 -59 -214 -324 315 -156 -324 315 -156 -134 -183 179 -104 -223 155 -339 318 -110 -449 59 -8 -505 -41 -224 -505 77 -18 -537 87 22 -420 50 43 -449 59 -8 -324 315 -156 -544 238 -386 -544 357 -180 -894 -81 72 -536 356 -132 -894 -200 -132 -324 196 -361 -861 -51 103 -505 77 -18 -466 9 -253 -466 127 -47 -505 -41 -224 -536 356 -132 -339 318 -110 -324 315 -156 -505 77 -18 -449 59 -8 -457 194 -38 -466 127 -47 -420 50 43 -466 127 -47 -537 87 22 -505 77 -18 -457 194 -38 -544 357 -180 -757 -165 198 -776 -214 179 -540 -80 149 -776 -214 179 -776 -346 -48 -514 -243 -107 -514 -112 120 -782 -30 73 -782 -161 -154 -776 -346 -48 -776 -214 179 -757 -165 198 -762 -2 104 -844 40 32 -844 -91 -195 -900 393 -171 -900 261 -399 -938 184 -355 -514 -112 120 -685 339 -140 -701 343 -95 -849 95 47 -844 40 32 -762 -2 104 -782 -30 73 -685 339 -140 -888 390 -122 -938 316 -127 -1284 -214 179 -1284 -345 -48 -992 -344 -49 -685 207 -368 -514 -112 120 -685 207 -368 -685 339 -140 -514 -243 -107 -701 343 -95 -685 339 -140 -900 393 -171 -888 390 -122 -992 -213 178 -992 -213 178 -1007 -161 -155 -1007 -30 72 -1259 -174 203 -1284 -214 179 -1015 -173 202 -992 -213 178 -1161 385 -167 -1284 -345 -48 -1284 -214 179 -1161 254 -395 -963 386 -167 -1259 -174 203 -1144 386 -120 -963 254 -395 -933 -127 128 -933 -258 -98 -844 -91 -195 -992 -344 -49 -1015 -173 202 -1007 -30 72 -1033 57 69 -992 -213 178 -1007 -30 72 -1007 -161 -155 -933 -258 -98 -933 -127 128 -844 40 32 -938 316 -127 -963 254 -395 -963 386 -167 -1033 57 69 -933 -127 128 -936 -69 142 -1007 -30 72 -936 -69 142 -844 40 32 -849 95 47 -933 -127 128 -977 387 -120 -1161 385 -167 -1144 386 -120 -963 386 -167 -938 184 -355 -941 285 -61 -941 285 -61 -963 386 -167 -977 387 -120 -938 316 -127 130 803 -494 130 693 -684 173 243 -424 173 352 -234 152 804 -447 192 393 -210 447 806 -496 447 696 -685 344 596 -327 361 616 -386 334 706 -391 358 644 -403 640 460 -296 640 350 -486 532 419 -525 532 528 -336 549 734 -454 447 696 -685 447 806 -496 562 551 -349 549 625 -644 549 734 -454 562 442 -539 529 744 -413 447 806 -496 532 528 -336 532 419 -525 562 442 -539 562 551 -349 549 625 -644 440 807 -449 604 480 -260 640 460 -296 497 547 -299 532 528 -336 497 547 -299 562 551 -349 541 581 -318 532 528 -336 549 734 -454 529 744 -413 361 616 -386 361 506 -576 358 644 -403 381 356 -236 379 298 -456 379 408 -266 381 246 -426 358 644 -403 358 535 -592 379 630 -394 379 520 -584 361 506 -576 361 616 -386 344 596 -327 411 652 -360 440 807 -449 130 803 -494 152 804 -447 358 535 -592 334 706 -391 358 644 -403 379 630 -394 411 652 -360 360 395 -211 379 408 -266 357 475 -258 381 356 -236 447 806 -496 379 408 -266 379 298 -456 459 226 -414 173 352 -234 173 243 -424 381 246 -426 381 356 -236 173 352 -234 381 356 -236 360 395 -211 192 393 -210 357 475 -258 379 408 -266 459 336 -224 461 382 -203 -229 755 -449 -229 648 -634 -123 366 -224 459 336 -224 461 382 -203 459 336 -224 604 480 -260 640 460 -296 459 336 -224 640 350 -486 640 460 -296 459 226 -414 165 798 -473 115 645 -385 165 691 -659 165 798 -473 165 691 -659 -123 366 -224 -203 759 -404 -229 755 -449 -107 408 -201 248 421 -256 248 314 -441 167 449 -519 167 556 -334 115 538 -571 130 545 -328 130 438 -513 129 539 -571 167 556 -334 130 438 -513 130 545 -328 167 449 -519 129 646 -386 129 539 -571 115 538 -571 115 645 -385 167 556 -334 215 457 -229 248 421 -256 157 554 -285 129 646 -386 108 645 -338 109 566 -292 129 646 -386 137 795 -425 115 645 -385 165 798 -473 108 645 -374 97 675 -355 -123 366 -224 -123 259 -409 248 314 -441 248 421 -256 121 543 -307 130 545 -328 53 523 -315 32 522 -314 4 560 -289 34 517 -311 157 554 -285 167 556 -334 21 514 -262 108 645 -374 97 675 -355 21 639 -378 21 514 -262 34 517 -311 5 676 -356 0 638 -334 129 646 -386 23 639 -382 108 645 -338 248 421 -256 -107 408 -201 -123 366 -224 215 457 -229 -229 755 -449 137 795 -425 165 798 -473 -203 759 -404 21 639 -378 5 676 -356 0 638 -334 -440 354 -196 -262 242 -388 -262 354 -196 -440 243 -388 -228 818 -464 -441 708 -657 -441 820 -465 -106 760 -430 -228 707 -656 -421 820 -418 -440 354 -196 -440 243 -388 -419 394 -172 -419 394 -172 -440 354 -196 -283 394 -171 -262 354 -196 -106 649 -623 -111 583 -281 -90 557 -313 -106 760 -430 -90 557 -313 -90 445 -505 -106 649 -623 -106 760 -430 -185 434 -242 -185 323 -434 -90 445 -505 -90 557 -313 -126 768 -388 -228 818 -464 -233 819 -417 -106 760 -430 -267 646 -365 -267 535 -557 -241 531 -555 -196 474 -218 -185 434 -242 -126 768 -388 -262 433 -242 -185 323 -434 -185 434 -242 -262 322 -434 -241 642 -362 -265 608 -343 -265 497 -535 -267 535 -557 -215 678 -336 -241 642 -362 -251 610 -344 -241 531 -555 -251 499 -536 -265 497 -535 -235 614 -299 -265 608 -343 -262 354 -196 -262 322 -434 -262 433 -242 -262 242 -388 -283 473 -218 -262 433 -242 -185 434 -242 -267 646 -365 -233 819 -417 -441 820 -465 -421 820 -418 -228 818 -464 -289 690 -343 -241 642 -362 -215 678 -336 -267 646 -365 -196 474 -218 -599 824 -456 -804 708 -657 -804 824 -456 -283 394 -171 -262 354 -196 -262 433 -242 -283 473 -218 -235 614 -299 -251 610 -344 -284 606 -294 -265 608 -343 -284 606 -294 -267 646 -365 -289 690 -343 -265 608 -343 -597 750 -413 -599 708 -657 -599 824 -456 -599 708 -657 -799 380 -467 -783 825 -409 -799 496 -266 -704 261 -399 -779 523 -234 -704 378 -198 -597 634 -614 -704 378 -198 -486 303 -423 -486 419 -222 -445 780 -430 -445 664 -631 -597 634 -614 -597 750 -413 -619 825 -409 -599 824 -456 -804 824 -456 -783 825 -409 -412 519 -279 -445 664 -631 -445 780 -430 -412 403 -481 -779 523 -234 -799 496 -266 -704 378 -198 -704 261 -399 -486 419 -222 -486 303 -423 -412 403 -481 -412 519 -279 -597 750 -413 -462 777 -381 -445 780 -430 -604 749 -396 -590 752 -367 -433 545 -247 -445 780 -430 -462 777 -381 -695 420 -175 -594 605 -329 -599 824 -456 -619 825 -409 -613 593 -275 -590 752 -367 -597 603 -319 -580 611 -285 -604 749 -396 -613 593 -275 -854 840 -464 -1044 724 -666 -1044 840 -465 -412 519 -279 -498 458 -197 -486 419 -222 -695 420 -175 -704 378 -198 -1036 841 -418 -1220 680 -372 -1220 564 -574 -1082 454 -510 -1190 702 -337 -1082 570 -309 -854 723 -666 -1224 399 -479 -1224 515 -277 -1182 531 -239 -1043 585 -270 -854 840 -464 -1044 840 -465 -1036 841 -418 -1034 268 -403 -1034 384 -201 -1190 702 -337 -1220 680 -372 -1043 585 -270 -1082 570 -309 -1182 531 -239 -1034 384 -201 -1030 426 -179 -1224 515 -277 -989 697 -335 -948 682 -373 -945 684 -374 -861 841 -418 -1034 384 -201 -1034 268 -403 -831 337 -443 -831 453 -241 -730 745 -410 -730 629 -611 -854 723 -666 -854 840 -464 -946 728 -353 -846 489 -215 -831 453 -241 -759 608 -330 -856 646 -352 -856 529 -554 -730 629 -611 -730 745 -410 -759 608 -330 -759 491 -532 -856 529 -554 -856 646 -352 -1030 426 -179 -1034 384 -201 -730 745 -410 -854 840 -464 -861 841 -418 -867 683 -327 -946 728 -353 -945 684 -374 -925 673 -368 -865 649 -343 -786 618 -289 -831 453 -241 -831 337 -443 -759 491 -532 -759 608 -330 -762 766 -374 -786 618 -289 -759 608 -330 -989 697 -335 -948 682 -373 -762 766 -374 -865 649 -343 -856 646 -352 -867 683 -327 -730 745 -410</float_array>
                    <technique_common>
                        <accessor count="755" source="#pointarrayMesh1_1" stride="3">
                            <param name="X" type="float"/>
                            <param name="Y" type="float"/>
                            <param name="Z" type="float"/>
                        </accessor>
                    </technique_common>
                </source>
                <source id="uvsMesh1_1">
                    <float_array id="uvarrayMesh1_1" count="1510">3.08203125 3.841796875 2.8359375 3.34765625 2.8359375 3.34765625 2.8984375 3.33984375 3.119140625 3.783203125 3.212890625 2.556640625 3.177734375 2.498046875 3.177734375 2.498046875 3.08203125 3.841796875 3.69140625 2.259765625 3.69140625 2.259765625 4.404296875 3.015625 4.20703125 3.99609375 4.20703125 3.99609375 4.404296875 3.015625 4.20703125 3.99609375 4.166015625 3.931640625 4.34375 3.046875 4.404296875 3.015625 3.677734375 2.341796875 3.69140625 2.259765625 3.69140625 2.259765625 4.404296875 3.015625 4.404296875 3.015625 3.69140625 2.259765625 4.20703125 3.99609375 3.533203125 4.146484375 3.533203125 4.146484375 4.20703125 3.99609375 3.71875 3.205078125 3.599609375 3.0859375 3.599609375 3.0859375 3.533203125 4.146484375 4.166015625 3.931640625 4.20703125 3.99609375 3.544921875 4.0703125 3.724609375 3.30859375 3.71875 3.205078125 3.724609375 3.30859375 3.76953125 3.1640625 3.78125 3.3671875 3.544921875 3.357421875 3.599609375 3.0859375 3.498046875 3.19140625 3.498046875 3.19140625 3.544921875 3.357421875 3.599609375 3.0859375 3.6015625 2.994140625 3.71875 3.205078125 3.76953125 3.1640625 3.724609375 3.30859375 3.78125 3.3671875 3.51171875 3.44140625 3.544921875 3.357421875 3.599609375 3.0859375 3.533203125 4.146484375 3.498046875 3.19140625 3.498046875 3.19140625 3.544921875 3.357421875 3.544921875 3.357421875 3.498046875 3.19140625 3.6015625 2.994140625 3.599609375 3.0859375 3.43359375 3.169921875 3.544921875 3.357421875 3.51171875 3.44140625 3.498046875 3.19140625 3.43359375 3.169921875 2.63671875 4.056640625 2.14453125 3.73046875 2.14453125 3.73046875 3.533203125 4.146484375 3.69140625 2.259765625 3.677734375 2.341796875 3.212890625 2.556640625 3.177734375 2.498046875 3.119140625 3.783203125 3.544921875 4.0703125 3.533203125 4.146484375 3.08203125 3.841796875 2.63671875 4.056640625 3.453125 2.234375 2.90234375 1.87109375 3.525390625 2.19921875 2.87890625 1.7734375 2.87890625 1.7734375 2.216796875 3.693359375 2.90234375 1.87109375 3.525390625 2.19921875 2.87890625 1.7734375 2.87890625 1.7734375 3.525390625 2.19921875 2.615234375 3.9609375 2.14453125 3.728515625 2.216796875 3.693359375 2.87890625 1.7734375 3.525390625 2.19921875 2.63671875 4.056640625 2.63671875 4.056640625 3.525390625 2.19921875 3.453125 2.234375 3.525390625 2.19921875 2.63671875 4.056640625 2.615234375 3.9609375 2.63671875 4.056640625 2.21875 1.724609375 2.62890625 1.552734375 2.62890625 1.552734375 2.62890625 1.552734375 2.62890625 1.552734375 2.919921875 2.37890625 2.919921875 2.37890625 2.919921875 2.37890625 2.59765625 1.640625 2.62890625 1.552734375 2.83984375 2.32421875 2.919921875 2.37890625 2.443359375 2.48828125 2.443359375 2.48828125 2.919921875 2.37890625 2.298828125 1.498046875 2.21875 1.724609375 2.21875 1.724609375 2.21875 1.724609375 2.443359375 2.48828125 2.35546875 2.43359375 2.83984375 2.32421875 2.919921875 2.37890625 2.443359375 2.48828125 2.55078125 2.736328125 2.55078125 2.736328125 2.443359375 2.48828125 2.298828125 1.498046875 2.25 3.482421875 2.48828125 2.740234375 2.55078125 2.736328125 2.62890625 1.552734375 2.59765625 1.640625 2.21875 1.724609375 2.1171875 1.841796875 1.76171875 1.107421875 1.76171875 1.107421875 2.298828125 1.498046875 2.298828125 1.498046875 2.55078125 2.736328125 2.55078125 2.736328125 2.25 3.482421875 2.25 3.482421875 2.298828125 1.498046875 2.228515625 1.53125 1.78125 1.20703125 2.21875 3.408203125 2.35546875 2.43359375 2.443359375 2.48828125 2.21875 1.724609375 2.1171875 1.841796875 2.298828125 1.498046875 2.228515625 1.53125 1.76171875 1.107421875 1.80859375 2.7578125 1.80859375 2.7578125 1.939453125 2.71875 2.25 3.482421875 2.25 3.482421875 1.59375 3.466796875 1.59375 3.466796875 1.0078125 3.07421875 1.0078125 3.07421875 1.939453125 2.71875 1.890625 2.541015625 1.890625 2.541015625 2.01171875 2.771484375 1.939453125 2.71875 2.01171875 2.771484375 1.7109375 2.86328125 1.900390625 2.361328125 1.890625 2.541015625 1.80859375 2.7578125 1.80859375 2.7578125 1.890625 2.541015625 1.59375 3.466796875 2.21875 3.408203125 2.25 3.482421875 1.609375 3.39453125 1.80859375 2.7578125 1.80859375 2.7578125 1.7109375 2.86328125 1.890625 2.541015625 1.900390625 2.361328125 1.76171875 1.107421875 1.76171875 1.107421875 1.080078125 3.0390625 1.78125 1.20703125 1.0078125 3.07421875 1.609375 3.39453125 1.59375 3.466796875 1.080078125 3.0390625 1.27734375 1.048828125 1.404296875 0.7890625 1.404296875 0.7890625 1.404296875 0.7890625 2.099609375 1.248046875 2.099609375 1.248046875 1.404296875 0.7890625 2.099609375 1.248046875 2.005859375 1.267578125 1.421875 0.8828125 1.404296875 0.7890625 1.30078125 1.126953125 1.27734375 1.048828125 0.8671875 0.98046875 1.27734375 1.048828125 1.27734375 1.048828125 1.421875 0.8828125 0.099609375 0.529296875 0.78125 0.6171875 0.78125 0.6171875 0.099609375 0.529296875 0.78125 0.6171875 0.78125 0.6171875 0.8671875 0.98046875 0.8671875 0.98046875 0.8671875 0.98046875 2.099609375 1.248046875 2.099609375 1.248046875 0.88671875 2.74609375 0.78125 0.6171875 0.740234375 0.685546875 0.099609375 0.529296875 0.162109375 0.611328125 0.82421875 1.046875 0.740234375 0.685546875 0.78125 0.6171875 0.8671875 0.98046875 1.27734375 1.048828125 0.82421875 1.046875 0.8671875 0.98046875 1.30078125 1.126953125 0.806640625 1.890625 0.806640625 1.890625 0.9375 1.6875 0.88671875 2.74609375 0.88671875 2.74609375 2.005859375 1.267578125 2.099609375 1.248046875 0.875 2.6640625 0.9375 1.6875 0.78515625 1.662109375 0.78515625 1.66015625 0.72265625 1.576171875 1.041015625 1.630859375 0.9375 1.6875 0.88671875 2.74609375 0.326171875 2.552734375 0.326171875 2.552734375 0.099609375 0.529296875 0.375 2.4921875 0.099609375 0.529296875 0.88671875 2.74609375 0.162109375 0.611328125 0.78515625 1.66015625 0.806640625 1.890625 0.806640625 1.890625 0.78515625 1.662109375 0.375 2.4921875 0.875 2.6640625 0.88671875 2.74609375 0.78515625 1.66015625 0.9375 1.6875 0.767578125 2.060546875 0.806640625 1.890625 1.041015625 1.630859375 0.806640625 1.890625 0.72265625 1.576171875 0.78515625 1.66015625 0.767578125 2.060546875 0.326171875 2.552734375 0.5703125 0.33984375 0.5625 0.212890625 0.95703125 0.958984375 0.5625 0.212890625 0.5625 0.212890625 1.029296875 0.9609375 1.029296875 0.9609375 0.306640625 0.830078125 0.306640625 0.830078125 0.5625 0.212890625 0.5625 0.212890625 0.5703125 0.33984375 0.341796875 0.88671875 0.0703125 0.974609375 0.0703125 0.974609375 -0.517578125 2.091796875 -0.517578125 2.091796875 -0.505859375 1.771484375 1.029296875 0.9609375 0.04296875 2.234375 0.02734375 2.154296875 0.015625 1.087890625 0.0703125 0.974609375 0.341796875 0.88671875 0.306640625 0.830078125 0.04296875 2.234375 -0.462890625 2.03125 -0.505859375 1.771484375 -0.6015625 -0.5546875 -0.6015625 -0.5546875 0.064453125 -0.109375 0.04296875 2.234375 1.029296875 0.9609375 0.04296875 2.234375 0.04296875 2.234375 1.029296875 0.9609375 0.02734375 2.154296875 0.04296875 2.234375 -0.517578125 2.091796875 -0.462890625 2.03125 0.064453125 -0.109375 0.064453125 -0.109375 -0.208984375 0.48828125 -0.208984375 0.48828125 -0.5703125 -0.451171875 -0.6015625 -0.5546875 -0.013671875 -0.076171875 0.064453125 -0.109375 -1.107421875 1.66796875 -0.6015625 -0.5546875 -0.6015625 -0.5546875 -1.107421875 1.66796875 -0.654296875 1.97265625 -0.5703125 -0.451171875 -1.04296875 1.626953125 -0.654296875 1.97265625 0.087890625 0.271484375 0.087890625 0.271484375 0.0703125 0.974609375 0.064453125 -0.109375 -0.013671875 -0.076171875 -0.208984375 0.48828125 -0.357421875 0.67578125 0.064453125 -0.109375 -0.208984375 0.48828125 -0.208984375 0.48828125 0.087890625 0.271484375 0.087890625 0.271484375 0.0703125 0.974609375 -0.505859375 1.771484375 -0.654296875 1.97265625 -0.654296875 1.97265625 -0.357421875 0.67578125 0.087890625 0.271484375 0.03125 0.392578125 -0.208984375 0.48828125 0.03125 0.392578125 0.0703125 0.974609375 0.015625 1.087890625 0.087890625 0.271484375 -0.662109375 1.8828125 -1.107421875 1.66796875 -1.04296875 1.626953125 -0.654296875 1.97265625 -0.505859375 1.771484375 -0.4453125 1.58984375 -0.4453125 1.58984375 -0.654296875 1.97265625 -0.662109375 1.8828125 -0.505859375 1.771484375 1.2578125 5.1796875 1.2578125 5.1796875 1.94921875 3.71484375 1.94921875 3.71484375 1.3359375 5.146484375 1.966796875 3.810546875 1.982421875 5.669921875 1.982421875 5.669921875 2.048828125 4.73046875 2.03515625 4.89453125 1.880859375 5.091796875 1.990234375 4.98828125 2.880859375 4.7890625 2.880859375 4.7890625 2.541015625 4.857421875 2.541015625 4.857421875 2.310546875 5.58203125 1.982421875 5.669921875 1.982421875 5.669921875 2.580078125 4.98046875 2.310546875 5.58203125 2.310546875 5.58203125 2.580078125 4.98046875 2.27734375 5.517578125 1.982421875 5.669921875 2.541015625 4.857421875 2.541015625 4.857421875 2.580078125 4.98046875 2.580078125 4.98046875 2.310546875 5.58203125 1.994140625 5.59375 2.798828125 4.732421875 2.880859375 4.7890625 2.462890625 4.798828125 2.541015625 4.857421875 2.462890625 4.798828125 2.580078125 4.98046875 2.51953125 4.978515625 2.541015625 4.857421875 2.310546875 5.58203125 2.27734375 5.517578125 2.03515625 4.89453125 2.03515625 4.89453125 1.990234375 4.98828125 2.421875 4.041015625 2.349609375 4.216796875 2.349609375 4.216796875 2.421875 4.041015625 1.990234375 4.98828125 1.990234375 4.98828125 2.056640625 4.970703125 2.056640625 4.970703125 2.03515625 4.89453125 2.03515625 4.89453125 2.048828125 4.73046875 2.12890625 5.0234375 1.994140625 5.59375 1.2578125 5.1796875 1.3359375 5.146484375 1.990234375 4.98828125 1.880859375 5.091796875 1.990234375 4.98828125 2.056640625 4.970703125 2.12890625 5.0234375 2.34765625 4.07421875 2.349609375 4.216796875 2.23828125 4.341796875 2.421875 4.041015625 1.982421875 5.669921875 2.349609375 4.216796875 2.349609375 4.216796875 2.626953125 4.091796875 1.94921875 3.71484375 1.94921875 3.71484375 2.421875 4.041015625 2.421875 4.041015625 1.94921875 3.71484375 2.421875 4.041015625 2.34765625 4.07421875 1.966796875 3.810546875 2.23828125 4.341796875 2.349609375 4.216796875 2.626953125 4.091796875 2.59765625 4.181640625 0.505859375 4.443359375 0.505859375 4.443359375 1.259765625 3.28125 2.626953125 4.091796875 2.59765625 4.181640625 2.626953125 4.091796875 2.798828125 4.732421875 2.880859375 4.7890625 2.626953125 4.091796875 2.880859375 4.7890625 2.880859375 4.7890625 2.626953125 4.091796875 1.357421875 5.189453125 1.44140625 4.59375 1.357421875 5.189453125 1.357421875 5.189453125 1.357421875 5.189453125 1.259765625 3.28125 0.5859375 4.42578125 0.505859375 4.443359375 1.265625 3.37890625 2.041015625 4.03515625 2.041015625 4.03515625 1.67578125 4.37109375 1.67578125 4.37109375 1.44140625 4.59375 1.60546875 4.27734375 1.60546875 4.27734375 1.47265625 4.6171875 1.67578125 4.37109375 1.60546875 4.27734375 1.60546875 4.27734375 1.67578125 4.37109375 1.47265625 4.6171875 1.47265625 4.6171875 1.44140625 4.59375 1.44140625 4.59375 1.67578125 4.37109375 1.9453125 4.037109375 2.041015625 4.03515625 1.685546875 4.27734375 1.47265625 4.6171875 1.453125 4.515625 1.55859375 4.24609375 1.47265625 4.6171875 1.3203125 5.068359375 1.44140625 4.59375 1.357421875 5.189453125 1.43359375 4.564453125 1.38671875 4.59765625 1.259765625 3.28125 1.259765625 3.28125 2.041015625 4.03515625 2.041015625 4.03515625 1.6015625 4.228515625 1.60546875 4.27734375 1.458984375 4.083984375 1.4140625 4.048828125 1.32421875 4.06640625 1.423828125 4.037109375 1.685546875 4.27734375 1.67578125 4.37109375 1.42578125 3.935546875 1.43359375 4.564453125 1.38671875 4.59765625 1.236328125 4.423828125 1.42578125 3.935546875 1.423828125 4.037109375 1.173828125 4.4609375 1.2109375 4.32421875 1.47265625 4.6171875 1.23828125 4.431640625 1.453125 4.515625 2.041015625 4.03515625 1.265625 3.37890625 1.259765625 3.28125 1.9453125 4.037109375 0.505859375 4.443359375 1.3203125 5.068359375 1.357421875 5.189453125 0.5859375 4.42578125 1.236328125 4.423828125 1.173828125 4.4609375 1.2109375 4.32421875 0.560546875 2.728515625 0.966796875 2.99609375 0.966796875 2.99609375 0.560546875 2.728515625 0.435546875 4.625 -0.052734375 4.306640625 -0.052734375 4.306640625 0.79296875 4.615234375 0.435546875 4.625 0.017578125 4.271484375 0.560546875 2.728515625 0.560546875 2.728515625 0.580078125 2.826171875 0.580078125 2.826171875 0.560546875 2.728515625 0.89453125 3.03125 0.966796875 2.99609375 0.79296875 4.615234375 1.041015625 3.935546875 1.095703125 3.947265625 0.79296875 4.615234375 1.095703125 3.947265625 1.095703125 3.947265625 0.79296875 4.615234375 0.79296875 4.615234375 1.0390625 3.38671875 1.0390625 3.38671875 1.095703125 3.947265625 1.095703125 3.947265625 0.763671875 4.54296875 0.435546875 4.625 0.451171875 4.552734375 0.79296875 4.615234375 0.572265625 3.984375 0.572265625 3.984375 0.63671875 4.009765625 0.990234375 3.4375 1.0390625 3.38671875 0.763671875 4.54296875 0.86328125 3.267578125 1.0390625 3.38671875 1.0390625 3.38671875 0.86328125 3.267578125 0.63671875 4.009765625 0.626953125 3.857421875 0.626953125 3.857421875 0.572265625 3.984375 0.67578125 4.1015625 0.63671875 4.009765625 0.65625 3.88671875 0.63671875 4.009765625 0.65625 3.88671875 0.626953125 3.857421875 0.71484375 3.8515625 0.626953125 3.857421875 0.966796875 2.99609375 0.86328125 3.267578125 0.86328125 3.267578125 0.966796875 2.99609375 0.7890625 3.302734375 0.86328125 3.267578125 1.0390625 3.38671875 0.572265625 3.984375 0.451171875 4.552734375 -0.052734375 4.306640625 0.017578125 4.271484375 0.435546875 4.625 0.4921875 4.03125 0.63671875 4.009765625 0.67578125 4.1015625 0.572265625 3.984375 0.990234375 3.4375 -0.4140625 4.06640625 -0.88671875 3.75390625 -0.88671875 3.75390625 0.89453125 3.03125 0.966796875 2.99609375 0.86328125 3.267578125 0.7890625 3.302734375 0.71484375 3.8515625 0.65625 3.88671875 0.61328125 3.75 0.626953125 3.857421875 0.61328125 3.75 0.572265625 3.984375 0.4921875 4.03125 0.626953125 3.857421875 -0.314453125 3.818359375 -0.4140625 4.06640625 -0.4140625 4.06640625 -0.4140625 4.06640625 -0.443359375 2.646484375 -0.8125 3.71875 -0.443359375 2.646484375 -0.068359375 2.388671875 -0.404296875 2.701171875 -0.068359375 2.388671875 -0.314453125 3.818359375 -0.068359375 2.388671875 0.375 2.86328125 0.375 2.86328125 -0.00390625 4.150390625 -0.00390625 4.150390625 -0.314453125 3.818359375 -0.314453125 3.818359375 -0.435546875 3.96875 -0.4140625 4.06640625 -0.88671875 3.75390625 -0.8125 3.71875 0.4140625 3.314453125 -0.00390625 4.150390625 -0.00390625 4.150390625 0.4140625 3.314453125 -0.404296875 2.701171875 -0.443359375 2.646484375 -0.068359375 2.388671875 -0.068359375 2.388671875 0.375 2.86328125 0.375 2.86328125 0.4140625 3.314453125 0.4140625 3.314453125 -0.314453125 3.818359375 -0.013671875 4.04296875 -0.00390625 4.150390625 -0.318359375 3.779296875 -0.2734375 3.765625 0.357421875 3.298828125 -0.00390625 4.150390625 -0.013671875 4.04296875 -0.076171875 2.474609375 -0.115234375 3.330078125 -0.4140625 4.06640625 -0.435546875 3.96875 -0.1171875 3.1875 -0.2734375 3.765625 -0.115234375 3.302734375 -0.064453125 3.298828125 -0.318359375 3.779296875 -0.1171875 3.1875 -1.01953125 3.73046875 -1.45703125 3.443359375 -1.45703125 3.443359375 0.4140625 3.314453125 0.32421875 2.904296875 0.375 2.86328125 -0.076171875 2.474609375 -0.068359375 2.388671875 -1.412109375 3.388671875 -1.65234375 2.630859375 -1.65234375 2.630859375 -1.19140625 2.466796875 -1.583984375 2.681640625 -1.19140625 2.466796875 -1.01953125 3.73046875 -1.443359375 2.064453125 -1.443359375 2.064453125 -1.341796875 2.11328125 -1.09375 2.5078125 -1.01953125 3.73046875 -1.45703125 3.443359375 -1.412109375 3.388671875 -0.833984375 1.91015625 -0.833984375 1.91015625 -1.583984375 2.681640625 -1.65234375 2.630859375 -1.09375 2.5078125 -1.19140625 2.466796875 -1.341796875 2.11328125 -0.833984375 1.91015625 -0.85546875 1.98828125 -1.443359375 2.064453125 -1.1171875 2.970703125 -1.029296875 3.05078125 -1.025390625 3.0625 -1.01171875 3.654296875 -0.833984375 1.91015625 -0.833984375 1.91015625 -0.4609375 2.451171875 -0.4609375 2.451171875 -0.611328125 3.599609375 -0.611328125 3.599609375 -1.01953125 3.73046875 -1.01953125 3.73046875 -1.05859375 3.140625 -0.515625 2.48046875 -0.4609375 2.451171875 -0.498046875 3.0859375 -0.771484375 3.068359375 -0.771484375 3.068359375 -0.611328125 3.599609375 -0.611328125 3.599609375 -0.498046875 3.0859375 -0.498046875 3.0859375 -0.771484375 3.068359375 -0.771484375 3.068359375 -0.85546875 1.98828125 -0.833984375 1.91015625 -0.611328125 3.599609375 -1.01953125 3.73046875 -1.01171875 3.654296875 -0.818359375 3.109375 -1.05859375 3.140625 -1.025390625 3.0625 -0.96484375 3.0546875 -0.791015625 3.048828125 -0.546875 3.009765625 -0.4609375 2.451171875 -0.4609375 2.451171875 -0.498046875 3.0859375 -0.498046875 3.0859375 -0.685546875 3.548828125 -0.546875 3.009765625 -0.498046875 3.0859375 -1.1171875 2.970703125 -1.029296875 3.05078125 -0.685546875 3.548828125 -0.791015625 3.048828125 -0.771484375 3.068359375 -0.818359375 3.109375 -0.611328125 3.599609375</float_array>
                    <technique_common>
                        <accessor count="755" source="#uvarrayMesh1_1" stride="2">
                            <param name="S" type="float"/>
                            <param name="T" type="float"/>
                        </accessor>
                    </technique_common>
                </source>
                <vertices id="verticesMesh1_1">
                    <input semantic="POSITION" source="#pointsMesh1_1"/>
                </vertices>
                <polylist count="435" material="Material1">
                    <input offset="0" semantic="VERTEX" source="#verticesMesh1_1"/>
                    <input offset="1" semantic="TEXCOORD" source="#uvsMesh1_1" set="0"/>
                    <vcount>3 3 3 3 3 3 3 3 3 3 3 3 3 3 3 3 3 3 3 3 3 3 3 3 3 3 3 3 3 3 3 3 3 3 3 3 3 3 3 3 3 3 3 3 3 3 3 3 3 3 3 3 3 3 3 3 3 3 3 3 3 3 3 3 3 3 3 3 3 3 3 3 3 3 3 3 3 3 3 3 3 3 3 3 3 3 3 3 3 3 3 3 3 3 3 3 3 3 3 3 3 3 3 3 3 3 3 3 3 3 3 3 3 3 3 3 3 3 3 3 3 3 3 3 3 3 3 3 3 3 3 3 3 3 3 3 3 3 3 3 3 3 3 3 3 3 3 3 3 3 3 3 3 3 3 3 3 3 3 3 3 3 3 3 3 3 3 3 3 3 3 3 3 3 3 3 3 3 3 3 3 3 3 3 3 3 3 3 3 3 3 3 3 3 3 3 3 3 3 3 3 3 3 3 3 3 3 3 3 3 3 3 3 3 3 3 3 3 3 3 3 3 3 3 3 3 3 3 3 3 3 3 3 3 3 3 3 3 3 3 3 3 3 3 3 3 3 3 3 3 3 3 3 3 3 3 3 3 3 3 3 3 3 3 3 3 3 3 3 3 3 3 3 3 3 3 3 3 3 3 3 3 3 3 3 3 3 3 3 3 3 3 3 3 3 3 3 3 3 3 3 3 3 3 3 3 3 3 3 3 3 3 3 3 3 3 3 3 3 3 3 3 3 3 3 3 3 3 3 3 3 3 3 3 3 3 3 3 3 3 3 3 3 3 3 3 3 3 3 3 3 3 3 3 3 3 3 3 3 3 3 3 3 3 3 3 3 3 3 3 3 3 3 3 3 3 3 3 3 3 3 3 3 3 3 3 3 3 3 3 3 3 3 3 3 3 3 3 3 3 3 3 3 3 3 3 3 3 3 3 3 3 3 3 3 3 3 3 3 3 3 3 3 3 3 3 3 3 3 3 3 3 3 3 3</vcount>
                    <p>0 0 1 1 2 2 2 2 3 3 4 4 2 2 4 4 0 0 5 5 3 3 2 2 6 6 5 5 2 2 2 2 1 1 7 7 2 2 7 7 6 6 0 0 8 8 1 1 7 7 9 9 10 10 6 6 7 7 10 10 11 11 12 12 13 13 11 11 14 14 12 12 15 15 16 16 17 17 15 15 17 17 18 18 17 17 19 19 20 20 18 18 17 17 20 20 21 21 22 22 23 23 21 21 24 24 22 22 25 25 26 26 27 27 25 25 28 28 26 26 29 29 30 30 31 31 32 32 33 33 34 34 32 32 35 35 33 33 36 36 37 37 29 29 36 36 38 38 37 37 39 39 40 40 36 36 41 41 38 38 36 36 29 29 39 39 36 36 29 29 37 37 30 30 42 42 43 43 44 44 41 41 45 45 38 38 46 46 47 47 48 48 47 47 49 49 48 48 50 50 51 51 52 52 50 50 52 52 53 53 42 42 54 54 43 43 55 55 8 8 0 0 56 56 57 57 58 58 56 56 58 58 59 59 60 60 61 61 62 62 60 60 63 63 61 61 64 64 65 65 66 66 65 65 67 67 66 66 68 68 69 69 70 70 55 55 71 71 8 8 72 72 73 73 74 74 72 72 74 74 75 75 76 76 77 77 78 78 79 79 76 76 78 78 68 68 80 80 69 69 81 81 82 82 83 83 69 69 84 84 70 70 84 84 85 85 70 70 85 85 86 86 70 70 85 85 87 87 86 86 88 88 89 89 90 90 88 88 91 91 89 89 92 92 93 93 94 94 82 82 95 95 83 83 96 96 97 97 98 98 96 96 99 99 97 97 100 100 101 101 102 102 100 100 102 102 103 103 92 92 104 104 93 93 105 105 106 106 107 107 108 108 109 109 110 110 108 108 110 110 111 111 112 112 113 113 114 114 112 112 115 115 113 113 116 116 117 117 118 118 116 116 119 119 117 117 120 120 121 121 122 122 105 105 123 123 106 106 124 124 125 125 126 126 124 124 126 126 127 127 128 128 129 129 130 130 128 128 131 131 129 129 120 120 132 132 121 121 133 133 134 134 135 135 136 136 137 137 138 138 137 137 139 139 138 138 140 140 141 141 142 142 140 140 142 142 143 143 144 144 145 145 146 146 144 144 146 146 147 147 148 148 149 149 150 150 133 133 151 151 134 134 134 134 152 152 153 153 135 135 134 134 153 153 154 154 155 155 156 156 155 155 157 157 156 156 148 148 150 150 158 158 159 159 160 160 161 161 162 162 163 163 164 164 162 162 164 164 165 165 165 165 164 164 166 166 165 165 166 166 167 167 168 168 161 161 169 169 168 168 169 169 170 170 170 170 171 171 168 168 159 159 161 161 168 168 172 172 173 173 174 174 170 170 175 175 171 171 176 176 177 177 178 178 179 179 176 176 178 178 180 180 181 181 182 182 180 180 183 183 181 181 172 172 174 174 184 184 185 185 186 186 187 187 186 186 188 188 187 187 167 167 166 166 189 189 167 167 189 189 190 190 190 190 191 191 167 167 190 190 192 192 191 191 193 193 194 194 195 195 193 193 196 196 194 194 197 197 198 198 199 199 200 200 201 201 202 202 200 200 203 203 201 201 204 204 205 205 206 206 204 204 206 206 207 207 199 199 208 208 197 197 197 197 209 209 198 198 210 210 211 211 212 212 199 199 213 213 208 208 214 214 215 215 216 216 214 214 217 217 215 215 218 218 219 219 220 220 218 218 220 220 221 221 210 210 222 222 211 211 223 223 224 224 225 225 226 226 227 227 228 228 227 227 229 229 228 228 230 230 231 231 232 232 233 233 230 230 232 232 234 234 235 235 236 236 234 234 237 237 235 235 238 238 239 239 240 240 223 223 225 225 241 241 242 242 243 243 244 244 242 242 245 245 243 243 246 246 240 240 247 247 238 238 240 240 246 246 246 246 247 247 248 248 249 249 250 250 251 251 252 252 253 253 254 254 255 255 256 256 254 254 254 254 253 253 257 257 254 254 257 257 255 255 252 252 258 258 253 253 255 255 259 259 256 256 260 260 261 261 262 262 260 260 263 263 261 261 264 264 265 265 266 266 267 267 249 249 251 251 268 268 269 269 270 270 268 268 271 271 269 269 272 272 273 273 274 274 272 272 275 275 273 273 276 276 264 264 266 266 277 277 278 278 279 279 280 280 281 281 282 282 280 280 282 282 283 283 284 284 285 285 286 286 284 284 286 286 287 287 284 284 287 287 288 288 289 289 284 284 288 288 290 290 285 285 284 284 290 290 291 291 285 285 292 292 293 293 294 294 278 278 295 295 279 279 279 279 296 296 297 297 279 279 295 295 296 296 298 298 299 299 300 300 299 299 301 301 300 300 302 302 293 293 292 292 303 303 292 292 304 304 292 292 294 294 304 304 305 305 306 306 307 307 302 302 308 308 293 293 309 309 310 310 311 311 309 309 312 312 310 310 313 313 314 314 315 315 313 313 315 315 316 316 305 305 307 307 317 317 318 318 319 319 320 320 321 321 322 322 323 323 322 322 324 324 323 323 325 325 326 326 327 327 325 325 328 328 326 326 329 329 328 328 325 325 325 325 327 327 330 330 331 331 325 325 330 330 329 329 332 332 328 328 333 333 334 334 335 335 318 318 336 336 319 319 337 337 338 338 339 339 337 337 340 340 338 338 341 341 342 342 343 343 341 341 343 343 344 344 333 333 335 335 345 345 346 346 347 347 348 348 349 349 350 350 351 351 349 349 352 352 350 350 353 353 354 354 355 355 353 353 356 356 354 354 357 357 358 358 359 359 357 357 360 360 358 358 346 346 361 361 347 347 303 303 304 304 362 362 363 363 364 364 365 365 363 363 366 366 364 364 367 367 368 368 369 369 367 367 369 369 370 370 371 371 367 367 372 372 373 373 374 374 368 368 373 373 368 368 367 367 367 367 370 370 372 372 375 375 376 376 377 377 376 376 378 378 377 377 379 379 380 380 381 381 379 379 381 381 382 382 383 383 384 384 385 385 386 386 387 387 388 388 386 386 389 389 387 387 390 390 388 388 391 391 392 392 393 393 394 394 392 392 394 394 395 395 383 383 396 396 384 384 390 390 391 391 397 397 398 398 399 399 400 400 399 399 401 401 400 400 402 402 403 403 404 404 402 402 405 405 403 403 403 403 406 406 407 407 404 404 403 403 407 407 408 408 409 409 410 410 411 411 412 412 413 413 411 411 414 414 412 412 415 415 416 416 417 417 416 416 418 418 417 417 418 418 419 419 420 420 417 417 418 418 420 420 417 417 420 420 421 421 422 422 417 417 421 421 423 423 424 424 425 425 409 409 426 426 410 410 427 427 428 428 429 429 427 427 429 429 430 430 431 431 432 432 433 433 431 431 434 434 432 432 423 423 435 435 424 424 436 436 437 437 438 438 439 439 440 440 441 441 439 439 441 441 442 442 443 443 444 444 445 445 446 446 443 443 445 445 447 447 448 448 449 449 447 447 449 449 450 450 451 451 452 452 453 453 436 436 438 438 454 454 455 455 456 456 457 457 456 456 458 458 457 457 459 459 460 460 461 461 459 459 462 462 460 460 463 463 452 452 451 451 464 464 465 465 466 466 463 463 467 467 452 452 468 468 469 469 470 470 468 468 471 471 469 469 472 472 473 473 474 474 472 472 474 474 475 475 464 464 476 476 465 465 477 477 478 478 479 479 480 480 481 481 482 482 480 480 483 483 481 481 484 484 485 485 486 486 484 484 486 486 487 487 488 488 489 489 490 490 488 488 491 491 489 489 492 492 493 493 494 494 477 477 479 479 495 495 496 496 497 497 498 498 496 496 499 499 497 497 496 496 500 500 499 499 501 501 502 502 503 503 501 501 503 503 504 504 492 492 494 494 505 505 492 492 505 505 506 506 494 494 507 507 505 505 494 494 508 508 507 507 494 494 509 509 508 508 510 510 511 511 512 512 510 510 513 513 511 511 514 514 515 515 516 516 509 509 517 517 518 518 515 515 519 519 516 516 520 520 521 521 522 522 520 520 523 523 521 521 524 524 525 525 526 526 524 524 527 527 525 525 509 509 518 518 508 508 528 528 529 529 530 530 528 528 531 531 529 529 532 532 533 533 534 534 535 535 536 536 537 537 535 535 538 538 536 536 539 539 540 540 541 541 542 542 543 543 539 539 544 544 541 541 545 545 541 541 546 546 545 545 541 541 540 540 546 546 544 544 545 545 547 547 539 539 543 543 540 540 548 548 549 549 550 550 549 549 551 551 550 550 542 542 552 552 543 543 553 553 554 554 555 555 556 556 557 557 558 558 556 556 558 558 559 559 560 560 561 561 562 562 560 560 562 562 563 563 564 564 565 565 566 566 564 564 567 567 565 565 568 568 569 569 570 570 571 571 554 554 553 553 571 571 572 572 554 554 553 553 555 555 573 573 574 574 575 575 576 576 574 574 577 577 575 575 568 568 570 570 578 578 579 579 580 580 581 581 582 582 583 583 584 584 583 583 585 585 586 586 583 583 586 586 584 584 584 584 586 586 587 587 582 582 584 584 588 588 584 584 587 587 589 589 590 590 591 591 592 592 590 590 593 593 591 591 594 594 595 595 596 596 579 579 581 581 597 597 598 598 599 599 600 600 598 598 601 601 599 599 602 602 603 603 604 604 602 602 605 605 603 603 594 594 596 596 606 606 607 607 608 608 609 609 610 610 611 611 612 612 610 610 612 612 613 613 614 614 615 615 616 616 615 615 617 617 616 616 618 618 619 619 620 620 618 618 621 621 619 619 622 622 623 623 624 624 607 607 625 625 608 608 609 609 608 608 626 626 627 627 609 609 628 628 609 609 626 626 628 628 628 628 626 626 629 629 627 627 628 628 630 630 628 628 629 629 631 631 622 622 632 632 623 623 633 633 634 634 635 635 636 636 637 637 638 638 636 636 638 638 639 639 640 640 641 641 642 642 640 640 642 642 643 643 644 644 645 645 646 646 644 644 647 647 645 645 648 648 649 649 650 650 633 633 651 651 634 634 652 652 653 653 654 654 652 652 654 654 655 655 656 656 657 657 658 658 656 656 659 659 660 660 656 656 660 660 657 657 661 661 662 662 663 663 648 648 650 650 664 664 665 665 666 666 667 667 668 668 665 665 667 667 669 669 670 670 671 671 669 669 672 672 670 670 671 671 670 670 673 673 674 674 675 675 676 676 661 661 677 677 662 662 678 678 679 679 677 677 678 678 677 677 661 661 680 680 681 681 679 679 680 680 679 679 678 678 682 682 676 676 683 683 676 676 684 684 683 683 676 676 675 675 684 684 683 683 684 684 685 685 682 682 683 683 686 686 683 683 685 685 687 687 674 674 688 688 675 675 687 687 685 685 689 689 687 687 689 689 690 690 687 687 690 690 691 691 692 692 687 687 691 691 693 693 694 694 695 695 690 690 689 689 696 696 690 690 696 696 697 697 698 698 699 699 700 700 699 699 701 701 700 700 702 702 703 703 704 704 702 702 705 705 703 703 706 706 707 707 708 708 709 709 693 693 695 695 710 710 711 711 712 712 710 710 712 712 713 713 714 714 715 715 716 716 714 714 716 716 717 717 706 706 708 708 718 718 719 719 720 720 721 721 722 722 723 723 724 724 722 722 724 724 725 725 726 726 727 727 728 728 726 726 728 728 729 729 730 730 731 731 720 720 730 730 720 720 719 719 732 732 733 733 734 734 735 735 736 736 737 737 735 735 737 737 738 738 735 735 738 738 739 739 719 719 721 721 740 740 741 741 742 742 743 743 741 741 743 743 744 744 745 745 732 732 734 734 746 746 747 747 748 748 747 747 749 749 748 748 750 750 751 751 752 752 750 750 753 753 751 751 750 750 752 752 754 754</p>
                </polylist>
            </mesh>
        </geometry>
        <geometry id="meshMesh1_VC1">
            <mesh>
                <source id="pointsMesh1_VC1">
                    <float_array id="pointarrayMesh1_VC1" count="2265">605 208 -143 453 27 -276 453 130 -98 474 139 -56 610 209 -97 478 -93 77 458 -121 46 458 -224 -130 605 105 -321 604 -359 -52 604 -257 124 952 -190 86 1016 -32 -241 1016 69 -63 952 -293 -90 1016 69 -63 992 81 -23 935 -153 112 952 -190 86 610 -215 148 604 -257 124 604 -257 124 952 -293 -90 952 -190 86 604 -359 -52 1016 69 -63 802 106 -321 802 208 -144 1016 -32 -241 740 -40 0 683 -152 -172 683 -49 4 802 208 -144 992 81 -23 1016 69 -63 796 209 -97 756 -16 -13 740 -142 -177 756 -119 -191 752 -37 45 783 8 18 701 22 -36 683 -49 4 662 -111 -195 662 -9 -18 701 -80 -214 683 -49 4 671 -50 52 740 -40 0 752 -37 45 756 -16 -13 783 8 18 700 67 -15 701 22 -36 683 -152 -172 802 208 -144 662 -9 -18 662 -111 -195 701 -80 -214 701 22 -36 662 -9 -18 671 -50 52 683 -49 4 636 16 14 701 22 -36 700 67 -15 662 -9 -18 636 16 14 458 335 -204 243 232 -382 243 335 -204 802 106 -321 604 -257 124 610 -215 148 478 -93 77 458 -121 46 610 209 -97 796 209 -97 802 208 -144 605 208 -143 458 232 -382 496 -198 151 256 -197 150 517 -238 126 236 -340 -51 236 -237 126 263 335 -157 256 -197 150 517 -341 -51 236 -237 126 236 -340 -51 517 -238 126 437 336 -157 243 335 -204 263 335 -157 236 -237 126 517 -238 126 458 232 -382 458 335 -204 517 -341 -51 496 -198 151 517 -238 126 458 335 -204 437 336 -157 458 335 -204 0 -143 79 119 -353 -44 119 -247 139 119 -247 139 119 -353 -44 331 -204 -130 331 -98 53 331 -98 53 120 -201 160 119 -247 139 295 -78 89 331 -98 53 180 -105 -187 180 0 -4 331 -204 -130 -2 -208 116 0 -249 -104 0 -143 79 0 -249 -104 180 0 -4 142 22 30 295 -78 89 331 -98 53 180 0 -4 250 -64 -211 250 41 -27 180 -105 -187 -2 -314 -66 246 263 -155 230 73 1 250 41 -27 119 -247 139 120 -201 160 0 -143 79 -19 -79 89 -241 -216 121 -241 -322 -62 -2 -314 -66 -2 -208 116 250 41 -27 250 -64 -211 246 157 -339 246 263 -155 -2 -208 116 -22 -169 141 -220 -176 145 226 271 -113 142 22 30 180 0 -4 0 -143 79 -19 -79 89 -2 -208 116 -22 -169 141 -241 -216 121 -3 162 -97 -3 56 -281 36 26 -263 246 263 -155 246 157 -339 17 255 -396 17 361 -212 -238 255 -395 -238 361 -212 36 132 -80 -3 -7 -244 -3 98 -60 68 154 -45 36 132 -80 68 154 -45 -23 222 -84 -24 75 0 -3 -7 -244 -3 56 -281 -3 162 -97 -3 98 -60 17 361 -212 226 271 -113 246 263 -155 12 362 -165 -3 162 -97 -3 162 -97 -23 222 -84 -3 98 -60 -24 75 0 -241 -322 -62 -241 -216 121 -218 362 -165 -220 -176 145 -238 361 -212 12 362 -165 17 361 -212 -218 362 -165 -416 -142 108 -407 -341 -50 -407 -223 154 -407 -223 154 -104 -342 -50 -104 -223 155 -407 -341 -50 -104 -223 155 -134 -183 179 -388 -183 179 -407 -223 154 -397 -107 135 -416 -261 -97 -568 -94 80 -416 -261 -97 -416 -142 108 -388 -183 179 -894 -81 72 -646 -285 -83 -646 -167 122 -894 -200 -132 -646 -167 122 -646 -285 -83 -568 -213 -124 -568 -94 80 -568 -213 -124 -104 -223 155 -104 -342 -50 -324 196 -361 -646 -167 122 -651 -124 144 -894 -81 72 -861 -51 103 -573 -52 103 -651 -124 144 -646 -167 122 -568 -94 80 -416 -142 108 -573 -52 103 -568 -94 80 -397 -107 135 -466 127 -47 -466 9 -253 -449 -59 -214 -324 315 -156 -324 315 -156 -134 -183 179 -104 -223 155 -339 318 -110 -449 59 -8 -505 -41 -224 -505 77 -18 -537 87 22 -420 50 43 -449 59 -8 -324 315 -156 -544 238 -386 -544 357 -180 -894 -81 72 -536 356 -132 -894 -200 -132 -324 196 -361 -861 -51 103 -505 77 -18 -466 9 -253 -466 127 -47 -505 -41 -224 -536 356 -132 -339 318 -110 -324 315 -156 -505 77 -18 -449 59 -8 -457 194 -38 -466 127 -47 -420 50 43 -466 127 -47 -537 87 22 -505 77 -18 -457 194 -38 -544 357 -180 -757 -165 198 -776 -214 179 -540 -80 149 -776 -214 179 -776 -346 -48 -514 -243 -107 -514 -112 120 -782 -30 73 -782 -161 -154 -776 -346 -48 -776 -214 179 -757 -165 198 -762 -2 104 -844 40 32 -844 -91 -195 -900 393 -171 -900 261 -399 -938 184 -355 -514 -112 120 -685 339 -140 -701 343 -95 -849 95 47 -844 40 32 -762 -2 104 -782 -30 73 -685 339 -140 -888 390 -122 -938 316 -127 -1284 -214 179 -1284 -345 -48 -992 -344 -49 -685 207 -368 -514 -112 120 -685 207 -368 -685 339 -140 -514 -243 -107 -701 343 -95 -685 339 -140 -900 393 -171 -888 390 -122 -992 -213 178 -992 -213 178 -1007 -161 -155 -1007 -30 72 -1259 -174 203 -1284 -214 179 -1015 -173 202 -992 -213 178 -1161 385 -167 -1284 -345 -48 -1284 -214 179 -1161 254 -395 -963 386 -167 -1259 -174 203 -1144 386 -120 -963 254 -395 -933 -127 128 -933 -258 -98 -844 -91 -195 -992 -344 -49 -1015 -173 202 -1007 -30 72 -1033 57 69 -992 -213 178 -1007 -30 72 -1007 -161 -155 -933 -258 -98 -933 -127 128 -844 40 32 -938 316 -127 -963 254 -395 -963 386 -167 -1033 57 69 -933 -127 128 -936 -69 142 -1007 -30 72 -936 -69 142 -844 40 32 -849 95 47 -933 -127 128 -977 387 -120 -1161 385 -167 -1144 386 -120 -963 386 -167 -938 184 -355 -941 285 -61 -941 285 -61 -963 386 -167 -977 387 -120 -938 316 -127 130 803 -494 130 693 -684 173 243 -424 173 352 -234 152 804 -447 192 393 -210 447 806 -496 447 696 -685 344 596 -327 361 616 -386 334 706 -391 358 644 -403 640 460 -296 640 350 -486 532 419 -525 532 528 -336 549 734 -454 447 696 -685 447 806 -496 562 551 -349 549 625 -644 549 734 -454 562 442 -539 529 744 -413 447 806 -496 532 528 -336 532 419 -525 562 442 -539 562 551 -349 549 625 -644 440 807 -449 604 480 -260 640 460 -296 497 547 -299 532 528 -336 497 547 -299 562 551 -349 541 581 -318 532 528 -336 549 734 -454 529 744 -413 361 616 -386 361 506 -576 358 644 -403 381 356 -236 379 298 -456 379 408 -266 381 246 -426 358 644 -403 358 535 -592 379 630 -394 379 520 -584 361 506 -576 361 616 -386 344 596 -327 411 652 -360 440 807 -449 130 803 -494 152 804 -447 358 535 -592 334 706 -391 358 644 -403 379 630 -394 411 652 -360 360 395 -211 379 408 -266 357 475 -258 381 356 -236 447 806 -496 379 408 -266 379 298 -456 459 226 -414 173 352 -234 173 243 -424 381 246 -426 381 356 -236 173 352 -234 381 356 -236 360 395 -211 192 393 -210 357 475 -258 379 408 -266 459 336 -224 461 382 -203 -229 755 -449 -229 648 -634 -123 366 -224 459 336 -224 461 382 -203 459 336 -224 604 480 -260 640 460 -296 459 336 -224 640 350 -486 640 460 -296 459 226 -414 165 798 -473 115 645 -385 165 691 -659 165 798 -473 165 691 -659 -123 366 -224 -203 759 -404 -229 755 -449 -107 408 -201 248 421 -256 248 314 -441 167 449 -519 167 556 -334 115 538 -571 130 545 -328 130 438 -513 129 539 -571 167 556 -334 130 438 -513 130 545 -328 167 449 -519 129 646 -386 129 539 -571 115 538 -571 115 645 -385 167 556 -334 215 457 -229 248 421 -256 157 554 -285 129 646 -386 108 645 -338 109 566 -292 129 646 -386 137 795 -425 115 645 -385 165 798 -473 108 645 -374 97 675 -355 -123 366 -224 -123 259 -409 248 314 -441 248 421 -256 121 543 -307 130 545 -328 53 523 -315 32 522 -314 4 560 -289 34 517 -311 157 554 -285 167 556 -334 21 514 -262 108 645 -374 97 675 -355 21 639 -378 21 514 -262 34 517 -311 5 676 -356 0 638 -334 129 646 -386 23 639 -382 108 645 -338 248 421 -256 -107 408 -201 -123 366 -224 215 457 -229 -229 755 -449 137 795 -425 165 798 -473 -203 759 -404 21 639 -378 5 676 -356 0 638 -334 -440 354 -196 -262 242 -388 -262 354 -196 -440 243 -388 -228 818 -464 -441 708 -657 -441 820 -465 -106 760 -430 -228 707 -656 -421 820 -418 -440 354 -196 -440 243 -388 -419 394 -172 -419 394 -172 -440 354 -196 -283 394 -171 -262 354 -196 -106 649 -623 -111 583 -281 -90 557 -313 -106 760 -430 -90 557 -313 -90 445 -505 -106 649 -623 -106 760 -430 -185 434 -242 -185 323 -434 -90 445 -505 -90 557 -313 -126 768 -388 -228 818 -464 -233 819 -417 -106 760 -430 -267 646 -365 -267 535 -557 -241 531 -555 -196 474 -218 -185 434 -242 -126 768 -388 -262 433 -242 -185 323 -434 -185 434 -242 -262 322 -434 -241 642 -362 -265 608 -343 -265 497 -535 -267 535 -557 -215 678 -336 -241 642 -362 -251 610 -344 -241 531 -555 -251 499 -536 -265 497 -535 -235 614 -299 -265 608 -343 -262 354 -196 -262 322 -434 -262 433 -242 -262 242 -388 -283 473 -218 -262 433 -242 -185 434 -242 -267 646 -365 -233 819 -417 -441 820 -465 -421 820 -418 -228 818 -464 -289 690 -343 -241 642 -362 -215 678 -336 -267 646 -365 -196 474 -218 -599 824 -456 -804 708 -657 -804 824 -456 -283 394 -171 -262 354 -196 -262 433 -242 -283 473 -218 -235 614 -299 -251 610 -344 -284 606 -294 -265 608 -343 -284 606 -294 -267 646 -365 -289 690 -343 -265 608 -343 -597 750 -413 -599 708 -657 -599 824 -456 -599 708 -657 -799 380 -467 -783 825 -409 -799 496 -266 -704 261 -399 -779 523 -234 -704 378 -198 -597 634 -614 -704 378 -198 -486 303 -423 -486 419 -222 -445 780 -430 -445 664 -631 -597 634 -614 -597 750 -413 -619 825 -409 -599 824 -456 -804 824 -456 -783 825 -409 -412 519 -279 -445 664 -631 -445 780 -430 -412 403 -481 -779 523 -234 -799 496 -266 -704 378 -198 -704 261 -399 -486 419 -222 -486 303 -423 -412 403 -481 -412 519 -279 -597 750 -413 -462 777 -381 -445 780 -430 -604 749 -396 -590 752 -367 -433 545 -247 -445 780 -430 -462 777 -381 -695 420 -175 -594 605 -329 -599 824 -456 -619 825 -409 -613 593 -275 -590 752 -367 -597 603 -319 -580 611 -285 -604 749 -396 -613 593 -275 -854 840 -464 -1044 724 -666 -1044 840 -465 -412 519 -279 -498 458 -197 -486 419 -222 -695 420 -175 -704 378 -198 -1036 841 -418 -1220 680 -372 -1220 564 -574 -1082 454 -510 -1190 702 -337 -1082 570 -309 -854 723 -666 -1224 399 -479 -1224 515 -277 -1182 531 -239 -1043 585 -270 -854 840 -464 -1044 840 -465 -1036 841 -418 -1034 268 -403 -1034 384 -201 -1190 702 -337 -1220 680 -372 -1043 585 -270 -1082 570 -309 -1182 531 -239 -1034 384 -201 -1030 426 -179 -1224 515 -277 -989 697 -335 -948 682 -373 -945 684 -374 -861 841 -418 -1034 384 -201 -1034 268 -403 -831 337 -443 -831 453 -241 -730 745 -410 -730 629 -611 -854 723 -666 -854 840 -464 -946 728 -353 -846 489 -215 -831 453 -241 -759 608 -330 -856 646 -352 -856 529 -554 -730 629 -611 -730 745 -410 -759 608 -330 -759 491 -532 -856 529 -554 -856 646 -352 -1030 426 -179 -1034 384 -201 -730 745 -410 -854 840 -464 -861 841 -418 -867 683 -327 -946 728 -353 -945 684 -374 -925 673 -368 -865 649 -343 -786 618 -289 -831 453 -241 -831 337 -443 -759 491 -532 -759 608 -330 -762 766 -374 -786 618 -289 -759 608 -330 -989 697 -335 -948 682 -373 -762 766 -374 -865 649 -343 -856 646 -352 -867 683 -327 -730 745 -410</float_array>
                    <technique_common>
                        <accessor count="755" source="#pointarrayMesh1_VC1" stride="3">
                            <param name="X" type="float"/>
                            <param name="Y" type="float"/>
                            <param name="Z" type="float"/>
                        </accessor>
                    </technique_common>
                </source>
                <source id="uvsMesh1_VC1">
                    <float_array id="uvarrayMesh1_VC1" count="2610">0.37890625 0.921875 0.37890625 0.921875 0.37890625 0.921875 0.37890625 0.921875 0.37890625 0.921875 0.37890625 0.921875 0.37890625 0.921875 0.37890625 0.921875 0.37890625 0.921875 0.37890625 0.921875 0.37890625 0.921875 0.37890625 0.921875 0.37890625 0.921875 0.37890625 0.921875 0.37890625 0.921875 0.37890625 0.921875 0.37890625 0.921875 0.37890625 0.921875 0.37890625 0.921875 0.37890625 0.921875 0.37890625 0.921875 0.37890625 0.921875 0.37890625 0.921875 0.37890625 0.921875 0.37890625 0.921875 0.37890625 0.921875 0.37890625 0.921875 0.37890625 0.921875 0.37890625 0.921875 0.37890625 0.921875 0.39453125 0.921875 0.39453125 0.921875 0.39453125 0.921875 0.39453125 0.921875 0.39453125 0.921875 0.39453125 0.921875 0.41015625 0.921875 0.41015625 0.921875 0.41015625 0.921875 0.41015625 0.921875 0.41015625 0.921875 0.41015625 0.921875 0.41015625 0.921875 0.41015625 0.921875 0.41015625 0.921875 0.41015625 0.921875 0.41015625 0.921875 0.41015625 0.921875 0.42578125 0.921875 0.42578125 0.921875 0.42578125 0.921875 0.42578125 0.921875 0.42578125 0.921875 0.42578125 0.921875 0.44140625 0.921875 0.44140625 0.921875 0.44140625 0.921875 0.44140625 0.921875 0.44140625 0.921875 0.44140625 0.921875 0.37890625 0.921875 0.37890625 0.921875 0.37890625 0.921875 0.45703125 0.921875 0.45703125 0.921875 0.45703125 0.921875 0.45703125 0.921875 0.45703125 0.921875 0.45703125 0.921875 0.37890625 0.921875 0.37890625 0.921875 0.37890625 0.921875 0.37890625 0.921875 0.37890625 0.921875 0.37890625 0.921875 0.37890625 0.921875 0.37890625 0.921875 0.37890625 0.921875 0.37890625 0.921875 0.37890625 0.921875 0.37890625 0.921875 0.37890625 0.921875 0.37890625 0.921875 0.37890625 0.921875 0.37890625 0.921875 0.37890625 0.921875 0.37890625 0.921875 0.47265625 0.921875 0.47265625 0.921875 0.47265625 0.921875 0.37890625 0.921875 0.37890625 0.921875 0.37890625 0.921875 0.48828125 0.921875 0.48828125 0.921875 0.48828125 0.921875 0.48828125 0.921875 0.48828125 0.921875 0.48828125 0.921875 0.47265625 0.921875 0.47265625 0.921875 0.47265625 0.921875 0.47265625 0.921875 0.47265625 0.921875 0.47265625 0.921875 0.47265625 0.921875 0.47265625 0.921875 0.47265625 0.921875 0.37890625 0.921875 0.37890625 0.921875 0.37890625 0.921875 0.39453125 0.921875 0.39453125 0.921875 0.39453125 0.921875 0.39453125 0.921875 0.39453125 0.921875 0.39453125 0.921875 0.50390625 0.921875 0.50390625 0.921875 0.50390625 0.921875 0.50390625 0.921875 0.50390625 0.921875 0.50390625 0.921875 0.41015625 0.921875 0.41015625 0.921875 0.41015625 0.921875 0.41015625 0.921875 0.41015625 0.921875 0.41015625 0.921875 0.37890625 0.921875 0.37890625 0.921875 0.37890625 0.921875 0.37890625 0.921875 0.37890625 0.921875 0.37890625 0.921875 0.51953125 0.921875 0.51953125 0.921875 0.51953125 0.921875 0.51953125 0.921875 0.51953125 0.921875 0.51953125 0.921875 0.53515625 0.921875 0.53515625 0.921875 0.53515625 0.921875 0.53515625 0.921875 0.53515625 0.921875 0.53515625 0.921875 0.37890625 0.921875 0.37890625 0.921875 0.37890625 0.921875 0.50390625 0.921875 0.50390625 0.921875 0.50390625 0.921875 0.37890625 0.921875 0.37890625 0.921875 0.37890625 0.921875 0.37890625 0.921875 0.37890625 0.921875 0.37890625 0.921875 0.37890625 0.921875 0.37890625 0.921875 0.37890625 0.921875 0.37890625 0.921875 0.37890625 0.921875 0.37890625 0.921875 0.01953125 0.984375 0.01953125 0.984375 0.01953125 0.984375 0.01953125 0.984375 0.01953125 0.984375 0.01953125 0.984375 0.53515625 0.921875 0.53515625 0.921875 0.53515625 0.921875 0.50390625 0.921875 0.50390625 0.921875 0.50390625 0.921875 0.55078125 0.921875 0.55078125 0.921875 0.55078125 0.921875 0.55078125 0.921875 0.55078125 0.921875 0.55078125 0.921875 0.41015625 0.921875 0.41015625 0.921875 0.41015625 0.921875 0.41015625 0.921875 0.41015625 0.921875 0.41015625 0.921875 0.53515625 0.921875 0.53515625 0.921875 0.53515625 0.921875 0.37890625 0.921875 0.37890625 0.921875 0.37890625 0.921875 0.39453125 0.921875 0.39453125 0.921875 0.39453125 0.921875 0.39453125 0.921875 0.39453125 0.921875 0.39453125 0.921875 0.41015625 0.921875 0.41015625 0.921875 0.41015625 0.921875 0.41015625 0.921875 0.41015625 0.921875 0.41015625 0.921875 0.44140625 0.921875 0.44140625 0.921875 0.44140625 0.921875 0.44140625 0.921875 0.44140625 0.921875 0.44140625 0.921875 0.05078125 0.765625 0.05078125 0.765625 0.05078125 0.765625 0.37890625 0.921875 0.37890625 0.921875 0.37890625 0.921875 0.45703125 0.921875 0.45703125 0.921875 0.45703125 0.921875 0.45703125 0.921875 0.45703125 0.921875 0.45703125 0.921875 0.05078125 0.765625 0.05078125 0.765625 0.05078125 0.765625 0.05078125 0.765625 0.05078125 0.765625 0.05078125 0.765625 0.05078125 0.765625 0.05078125 0.765625 0.05078125 0.765625 0.41015625 0.921875 0.41015625 0.921875 0.41015625 0.921875 0.56640625 0.921875 0.56640625 0.921875 0.56640625 0.921875 0.56640625 0.921875 0.56640625 0.921875 0.56640625 0.921875 0.47265625 0.921875 0.47265625 0.921875 0.47265625 0.921875 0.47265625 0.921875 0.47265625 0.921875 0.47265625 0.921875 0.05078125 0.984375 0.05078125 0.984375 0.05078125 0.765625 0.05078125 0.984375 0.05078125 0.765625 0.05078125 0.984375 0.50390625 0.921875 0.50390625 0.921875 0.50390625 0.921875 0.41015625 0.921875 0.41015625 0.921875 0.41015625 0.921875 0.41015625 0.921875 0.41015625 0.921875 0.41015625 0.921875 0.41015625 0.921875 0.41015625 0.921875 0.41015625 0.921875 0.41015625 0.921875 0.41015625 0.921875 0.41015625 0.921875 0.41015625 0.921875 0.41015625 0.921875 0.41015625 0.921875 0.50390625 0.921875 0.50390625 0.921875 0.50390625 0.921875 0.37890625 0.921875 0.37890625 0.921875 0.37890625 0.921875 0.37890625 0.921875 0.37890625 0.921875 0.37890625 0.921875 0.37890625 0.921875 0.37890625 0.921875 0.37890625 0.921875 0.37890625 0.921875 0.37890625 0.921875 0.37890625 0.921875 0.37890625 0.921875 0.37890625 0.921875 0.37890625 0.921875 0.37890625 0.921875 0.37890625 0.921875 0.37890625 0.921875 0.37890625 0.921875 0.37890625 0.921875 0.37890625 0.921875 0.37890625 0.921875 0.37890625 0.921875 0.37890625 0.921875 0.37890625 0.921875 0.37890625 0.921875 0.37890625 0.921875 0.47265625 0.921875 0.47265625 0.921875 0.47265625 0.921875 0.37890625 0.921875 0.37890625 0.921875 0.37890625 0.921875 0.05078125 0.765625 0.05078125 0.765625 0.05078125 0.765625 0.05078125 0.765625 0.05078125 0.765625 0.05078125 0.765625 0.58203125 0.921875 0.58203125 0.921875 0.58203125 0.921875 0.58203125 0.921875 0.58203125 0.921875 0.58203125 0.921875 0.47265625 0.921875 0.47265625 0.921875 0.47265625 0.921875 0.41015625 0.921875 0.41015625 0.921875 0.41015625 0.921875 0.41015625 0.921875 0.41015625 0.921875 0.41015625 0.921875 0.37890625 0.921875 0.37890625 0.921875 0.37890625 0.921875 0.37890625 0.921875 0.37890625 0.921875 0.37890625 0.921875 0.37890625 0.921875 0.37890625 0.921875 0.37890625 0.921875 0.37890625 0.921875 0.37890625 0.921875 0.37890625 0.921875 0.53515625 0.921875 0.53515625 0.921875 0.53515625 0.921875 0.53515625 0.921875 0.53515625 0.921875 0.53515625 0.921875 0.37890625 0.921875 0.37890625 0.921875 0.37890625 0.921875 0.01953125 0.984375 0.01953125 0.984375 0.01953125 0.984375 0.01953125 0.984375 0.01953125 0.984375 0.01953125 0.984375 0.50390625 0.921875 0.50390625 0.921875 0.50390625 0.921875 0.50390625 0.921875 0.50390625 0.921875 0.50390625 0.921875 0.37890625 0.921875 0.37890625 0.921875 0.37890625 0.921875 0.37890625 0.921875 0.37890625 0.921875 0.37890625 0.921875 0.59765625 0.921875 0.59765625 0.921875 0.59765625 0.921875 0.37890625 0.921875 0.37890625 0.921875 0.37890625 0.921875 0.61328125 0.921875 0.61328125 0.921875 0.61328125 0.921875 0.61328125 0.921875 0.61328125 0.921875 0.61328125 0.921875 0.39453125 0.921875 0.39453125 0.921875 0.39453125 0.921875 0.39453125 0.921875 0.39453125 0.921875 0.39453125 0.921875 0.59765625 0.921875 0.59765625 0.921875 0.59765625 0.921875 0.62890625 0.921875 0.62890625 0.921875 0.62890625 0.921875 0.05078125 0.765625 0.05078125 0.765625 0.05078125 0.765625 0.05078125 0.765625 0.05078125 0.765625 0.05078125 0.765625 0.41015625 0.921875 0.41015625 0.921875 0.41015625 0.921875 0.41015625 0.921875 0.41015625 0.921875 0.41015625 0.921875 0.05078125 0.765625 0.05078125 0.765625 0.05078125 0.765625 0.05078125 0.765625 0.05078125 0.765625 0.05078125 0.765625 0.37890625 0.921875 0.37890625 0.921875 0.37890625 0.921875 0.62890625 0.921875 0.62890625 0.921875 0.62890625 0.921875 0.41015625 0.921875 0.41015625 0.921875 0.41015625 0.921875 0.41015625 0.921875 0.41015625 0.921875 0.41015625 0.921875 0.37890625 0.921875 0.37890625 0.921875 0.37890625 0.921875 0.37890625 0.921875 0.37890625 0.921875 0.37890625 0.921875 0.37890625 0.921875 0.37890625 0.921875 0.37890625 0.921875 0.01953125 0.015625 0.01953125 0.015625 0.01953125 0.015625 0.37890625 0.921875 0.37890625 0.921875 0.37890625 0.921875 0.37890625 0.921875 0.37890625 0.921875 0.37890625 0.921875 0.37890625 0.921875 0.37890625 0.921875 0.37890625 0.921875 0.37890625 0.921875 0.37890625 0.921875 0.37890625 0.921875 0.37890625 0.921875 0.37890625 0.921875 0.37890625 0.921875 0.37890625 0.921875 0.37890625 0.921875 0.37890625 0.921875 0.64453125 0.921875 0.64453125 0.921875 0.64453125 0.921875 0.64453125 0.921875 0.64453125 0.921875 0.64453125 0.921875 0.66015625 0.921875 0.66015625 0.921875 0.66015625 0.921875 0.01953125 0.015625 0.01953125 0.015625 0.01953125 0.015625 0.67578125 0.921875 0.67578125 0.921875 0.67578125 0.921875 0.67578125 0.921875 0.67578125 0.921875 0.67578125 0.921875 0.41015625 0.921875 0.41015625 0.921875 0.41015625 0.921875 0.41015625 0.921875 0.41015625 0.921875 0.41015625 0.921875 0.66015625 0.921875 0.66015625 0.921875 0.66015625 0.921875 0.41015625 0.921875 0.41015625 0.921875 0.41015625 0.921875 0.55078125 0.921875 0.55078125 0.921875 0.55078125 0.921875 0.55078125 0.921875 0.55078125 0.921875 0.55078125 0.921875 0.37890625 0.921875 0.37890625 0.921875 0.37890625 0.921875 0.37890625 0.921875 0.37890625 0.921875 0.37890625 0.921875 0.37890625 0.921875 0.37890625 0.921875 0.37890625 0.921875 0.37890625 0.921875 0.37890625 0.921875 0.37890625 0.921875 0.37890625 0.921875 0.37890625 0.921875 0.37890625 0.921875 0.37890625 0.921875 0.37890625 0.921875 0.37890625 0.921875 0.37890625 0.921875 0.37890625 0.921875 0.37890625 0.921875 0.41015625 0.921875 0.41015625 0.921875 0.41015625 0.921875 0.41015625 0.921875 0.41015625 0.921875 0.41015625 0.921875 0.41015625 0.921875 0.41015625 0.921875 0.41015625 0.921875 0.69140625 0.921875 0.69140625 0.921875 0.69140625 0.921875 0.69140625 0.921875 0.69140625 0.921875 0.69140625 0.921875 0.37890625 0.921875 0.37890625 0.921875 0.37890625 0.921875 0.37890625 0.921875 0.37890625 0.921875 0.37890625 0.921875 0.37890625 0.921875 0.37890625 0.921875 0.37890625 0.921875 0.01953125 0.984375 0.01953125 0.984375 0.01953125 0.984375 0.37890625 0.921875 0.37890625 0.921875 0.37890625 0.921875 0.58203125 0.921875 0.58203125 0.921875 0.58203125 0.921875 0.58203125 0.921875 0.58203125 0.921875 0.58203125 0.921875 0.56640625 0.921875 0.56640625 0.921875 0.56640625 0.921875 0.56640625 0.921875 0.56640625 0.921875 0.56640625 0.921875 0.01953125 0.984375 0.01953125 0.984375 0.01953125 0.984375 0.55078125 0.921875 0.55078125 0.921875 0.55078125 0.921875 0.50390625 0.921875 0.50390625 0.921875 0.50390625 0.921875 0.50390625 0.921875 0.50390625 0.921875 0.50390625 0.921875 0.37890625 0.921875 0.37890625 0.921875 0.37890625 0.921875 0.37890625 0.921875 0.37890625 0.921875 0.37890625 0.921875 0.37890625 0.921875 0.37890625 0.921875 0.37890625 0.921875 0.37890625 0.921875 0.37890625 0.921875 0.37890625 0.921875 0.37890625 0.921875 0.37890625 0.921875 0.37890625 0.921875 0.37890625 0.921875 0.37890625 0.921875 0.37890625 0.921875 0.64453125 0.921875 0.64453125 0.921875 0.64453125 0.921875 0.55078125 0.921875 0.55078125 0.921875 0.55078125 0.921875 0.41015625 0.921875 0.41015625 0.921875 0.41015625 0.921875 0.41015625 0.921875 0.41015625 0.921875 0.41015625 0.921875 0.37890625 0.921875 0.37890625 0.921875 0.37890625 0.921875 0.37890625 0.921875 0.37890625 0.921875 0.37890625 0.921875 0.64453125 0.921875 0.64453125 0.921875 0.64453125 0.921875 0.70703125 0.921875 0.70703125 0.921875 0.70703125 0.921875 0.72265625 0.921875 0.72265625 0.921875 0.72265625 0.921875 0.72265625 0.921875 0.72265625 0.921875 0.72265625 0.921875 0.41015625 0.921875 0.41015625 0.921875 0.41015625 0.921875 0.41015625 0.921875 0.41015625 0.921875 0.41015625 0.921875 0.53515625 0.921875 0.53515625 0.921875 0.53515625 0.921875 0.53515625 0.921875 0.53515625 0.921875 0.53515625 0.921875 0.70703125 0.921875 0.70703125 0.921875 0.70703125 0.921875 0.37890625 0.921875 0.37890625 0.921875 0.37890625 0.921875 0.41015625 0.921875 0.41015625 0.921875 0.41015625 0.921875 0.41015625 0.921875 0.41015625 0.921875 0.41015625 0.921875 0.37890625 0.921875 0.37890625 0.921875 0.37890625 0.921875 0.37890625 0.921875 0.37890625 0.921875 0.37890625 0.921875 0.37890625 0.921875 0.37890625 0.921875 0.37890625 0.921875 0.37890625 0.921875 0.37890625 0.921875 0.37890625 0.921875 0.37890625 0.921875 0.37890625 0.921875 0.37890625 0.921875 0.37890625 0.921875 0.37890625 0.921875 0.37890625 0.921875 0.41015625 0.921875 0.41015625 0.921875 0.41015625 0.921875 0.41015625 0.921875 0.41015625 0.921875 0.41015625 0.921875 0.73828125 0.921875 0.73828125 0.921875 0.73828125 0.921875 0.73828125 0.921875 0.73828125 0.921875 0.73828125 0.921875 0.48828125 0.921875 0.48828125 0.921875 0.48828125 0.921875 0.55078125 0.921875 0.55078125 0.921875 0.55078125 0.921875 0.55078125 0.921875 0.55078125 0.921875 0.55078125 0.921875 0.55078125 0.921875 0.55078125 0.921875 0.55078125 0.921875 0.39453125 0.921875 0.39453125 0.921875 0.39453125 0.921875 0.39453125 0.921875 0.39453125 0.921875 0.39453125 0.921875 0.48828125 0.921875 0.48828125 0.921875 0.48828125 0.921875 0.55078125 0.921875 0.55078125 0.921875 0.55078125 0.921875 0.45703125 0.921875 0.45703125 0.921875 0.45703125 0.921875 0.45703125 0.921875 0.45703125 0.921875 0.45703125 0.921875 0.41015625 0.921875 0.41015625 0.921875 0.41015625 0.921875 0.41015625 0.921875 0.41015625 0.921875 0.41015625 0.921875 0.41015625 0.921875 0.41015625 0.921875 0.41015625 0.921875 0.41015625 0.921875 0.41015625 0.921875 0.41015625 0.921875 0.55078125 0.921875 0.55078125 0.921875 0.55078125 0.921875 0.05078125 0.984375 0.05078125 0.765625 0.05078125 0.984375 0.05078125 0.984375 0.05078125 0.984375 0.05078125 0.765625 0.37890625 0.921875 0.37890625 0.921875 0.37890625 0.921875 0.37890625 0.921875 0.37890625 0.921875 0.37890625 0.921875 0.37890625 0.921875 0.37890625 0.921875 0.37890625 0.921875 0.37890625 0.921875 0.37890625 0.921875 0.37890625 0.921875 0.37890625 0.921875 0.37890625 0.921875 0.37890625 0.921875 0.37890625 0.921875 0.37890625 0.921875 0.37890625 0.921875 0.75390625 0.921875 0.75390625 0.921875 0.75390625 0.921875 0.55078125 0.921875 0.55078125 0.921875 0.55078125 0.921875 0.47265625 0.921875 0.47265625 0.921875 0.47265625 0.921875 0.47265625 0.921875 0.47265625 0.921875 0.47265625 0.921875 0.41015625 0.921875 0.41015625 0.921875 0.41015625 0.921875 0.41015625 0.921875 0.41015625 0.921875 0.41015625 0.921875 0.75390625 0.921875 0.75390625 0.921875 0.75390625 0.921875 0.37890625 0.921875 0.37890625 0.921875 0.37890625 0.921875 0.01953125 0.984375 0.01953125 0.984375 0.01953125 0.015625 0.01953125 0.984375 0.01953125 0.015625 0.01953125 0.015625 0.50390625 0.921875 0.50390625 0.921875 0.50390625 0.921875 0.50390625 0.921875 0.50390625 0.921875 0.50390625 0.921875 0.36328125 0.921875 0.36328125 0.921875 0.36328125 0.921875 0.36328125 0.921875 0.36328125 0.921875 0.36328125 0.921875 0.37890625 0.921875 0.37890625 0.921875 0.37890625 0.921875 0.37890625 0.921875 0.37890625 0.921875 0.37890625 0.921875 0.41015625 0.921875 0.41015625 0.921875 0.41015625 0.921875 0.41015625 0.921875 0.41015625 0.921875 0.41015625 0.921875 0.76953125 0.921875 0.76953125 0.921875 0.76953125 0.921875 0.76953125 0.921875 0.76953125 0.921875 0.76953125 0.921875 0.37890625 0.921875 0.37890625 0.921875 0.37890625 0.921875 0.39453125 0.921875 0.39453125 0.921875 0.39453125 0.921875 0.37890625 0.921875 0.37890625 0.921875 0.37890625 0.921875 0.67578125 0.921875 0.67578125 0.921875 0.67578125 0.921875 0.67578125 0.921875 0.67578125 0.921875 0.67578125 0.921875 0.01953125 0.984375 0.01953125 0.984375 0.01953125 0.984375 0.01953125 0.984375 0.01953125 0.984375 0.01953125 0.984375 0.39453125 0.921875 0.39453125 0.921875 0.39453125 0.921875 0.05078125 0.765625 0.05078125 0.765625 0.05078125 0.765625 0.37890625 0.921875 0.37890625 0.921875 0.37890625 0.921875 0.37890625 0.921875 0.37890625 0.921875 0.37890625 0.921875 0.37890625 0.921875 0.37890625 0.921875 0.37890625 0.921875 0.37890625 0.921875 0.37890625 0.921875 0.37890625 0.921875 0.78515625 0.921875 0.78515625 0.921875 0.78515625 0.921875 0.78515625 0.921875 0.78515625 0.921875 0.78515625 0.921875 0.41015625 0.921875 0.41015625 0.921875 0.41015625 0.921875 0.05078125 0.765625 0.05078125 0.765625 0.05078125 0.765625 0.41015625 0.921875 0.41015625 0.921875 0.41015625 0.921875 0.41015625 0.921875 0.41015625 0.921875 0.41015625 0.921875 0.41015625 0.921875 0.41015625 0.921875 0.41015625 0.921875 0.70703125 0.921875 0.70703125 0.921875 0.70703125 0.921875 0.70703125 0.921875 0.70703125 0.921875 0.70703125 0.921875 0.41015625 0.921875 0.41015625 0.921875 0.41015625 0.921875 0.41015625 0.921875 0.41015625 0.921875 0.41015625 0.921875 0.41015625 0.921875 0.41015625 0.921875 0.41015625 0.921875 0.41015625 0.921875 0.41015625 0.921875 0.41015625 0.921875 0.41015625 0.921875 0.41015625 0.921875 0.41015625 0.921875 0.80078125 0.921875 0.80078125 0.921875 0.80078125 0.921875 0.80078125 0.921875 0.80078125 0.921875 0.80078125 0.921875 0.50390625 0.921875 0.50390625 0.921875 0.50390625 0.921875 0.41015625 0.921875 0.41015625 0.921875 0.41015625 0.921875 0.50390625 0.921875 0.50390625 0.921875 0.50390625 0.921875 0.81640625 0.921875 0.81640625 0.921875 0.81640625 0.921875 0.81640625 0.921875 0.81640625 0.921875 0.81640625 0.921875 0.41015625 0.921875 0.41015625 0.921875 0.41015625 0.921875 0.41015625 0.921875 0.41015625 0.921875 0.41015625 0.921875 0.41015625 0.921875 0.41015625 0.921875 0.41015625 0.921875 0.61328125 0.921875 0.61328125 0.921875 0.61328125 0.921875 0.61328125 0.921875 0.61328125 0.921875 0.61328125 0.921875 0.41015625 0.921875 0.41015625 0.921875 0.41015625 0.921875 0.01953125 0.984375 0.01953125 0.984375 0.01953125 0.984375 0.01953125 0.984375 0.01953125 0.984375 0.01953125 0.984375 0.37890625 0.921875 0.37890625 0.921875 0.37890625 0.921875 0.37890625 0.921875 0.37890625 0.921875 0.37890625 0.921875 0.37890625 0.921875 0.37890625 0.921875 0.37890625 0.921875 0.37890625 0.921875 0.37890625 0.921875 0.37890625 0.921875 0.37890625 0.921875 0.37890625 0.921875 0.37890625 0.921875 0.37890625 0.921875 0.37890625 0.921875 0.37890625 0.921875 0.37890625 0.921875 0.37890625 0.921875 0.37890625 0.921875 0.50390625 0.921875 0.50390625 0.921875 0.50390625 0.921875 0.50390625 0.921875 0.50390625 0.921875 0.50390625 0.921875 0.37890625 0.921875 0.37890625 0.921875 0.37890625 0.921875 0.41015625 0.921875 0.41015625 0.921875 0.41015625 0.921875 0.55078125 0.921875 0.55078125 0.921875 0.55078125 0.921875 0.55078125 0.921875 0.55078125 0.921875 0.55078125 0.921875 0.64453125 0.921875 0.64453125 0.921875 0.64453125 0.921875 0.64453125 0.921875 0.64453125 0.921875 0.64453125 0.921875 0.70703125 0.921875 0.70703125 0.921875 0.70703125 0.921875 0.70703125 0.921875 0.70703125 0.921875 0.70703125 0.921875 0.83203125 0.921875 0.83203125 0.921875 0.83203125 0.921875 0.41015625 0.921875 0.41015625 0.921875 0.41015625 0.921875 0.41015625 0.921875 0.41015625 0.921875 0.41015625 0.921875 0.41015625 0.921875 0.41015625 0.921875 0.41015625 0.921875 0.01953125 0.984375 0.01953125 0.984375 0.01953125 0.984375 0.01953125 0.984375 0.01953125 0.984375 0.01953125 0.984375 0.83203125 0.921875 0.83203125 0.921875 0.83203125 0.921875 0.55078125 0.921875 0.55078125 0.921875 0.55078125 0.921875 0.37890625 0.921875 0.37890625 0.921875 0.37890625 0.921875 0.37890625 0.921875 0.37890625 0.921875 0.37890625 0.921875 0.37890625 0.921875 0.37890625 0.921875 0.37890625 0.921875 0.37890625 0.921875 0.37890625 0.921875 0.37890625 0.921875 0.37890625 0.921875 0.37890625 0.921875 0.37890625 0.921875 0.37890625 0.921875 0.37890625 0.921875 0.37890625 0.921875 0.05078125 0.765625 0.05078125 0.765625 0.05078125 0.765625 0.05078125 0.765625 0.05078125 0.765625 0.05078125 0.765625 0.50390625 0.921875 0.50390625 0.921875 0.50390625 0.921875 0.55078125 0.921875 0.55078125 0.921875 0.55078125 0.921875 0.53515625 0.921875 0.53515625 0.921875 0.53515625 0.921875 0.53515625 0.921875 0.53515625 0.921875 0.53515625 0.921875 0.64453125 0.921875 0.64453125 0.921875 0.64453125 0.921875 0.64453125 0.921875 0.64453125 0.921875 0.64453125 0.921875 0.50390625 0.921875 0.50390625 0.921875 0.50390625 0.921875 0.37890625 0.921875 0.37890625 0.921875 0.37890625 0.921875 0.41015625 0.921875 0.41015625 0.921875 0.41015625 0.921875 0.41015625 0.921875 0.41015625 0.921875 0.41015625 0.921875 0.48828125 0.921875 0.48828125 0.921875 0.48828125 0.921875 0.48828125 0.921875 0.48828125 0.921875 0.48828125 0.921875 0.41015625 0.921875 0.41015625 0.921875 0.41015625 0.921875 0.41015625 0.921875 0.41015625 0.921875 0.41015625 0.921875 0.05078125 0.984375 0.05078125 0.984375 0.05078125 0.984375 0.37890625 0.921875 0.37890625 0.921875 0.37890625 0.921875 0.37890625 0.921875 0.37890625 0.921875 0.37890625 0.921875 0.37890625 0.921875 0.37890625 0.921875 0.37890625 0.921875 0.37890625 0.921875 0.37890625 0.921875 0.37890625 0.921875 0.37890625 0.921875 0.37890625 0.921875 0.37890625 0.921875 0.37890625 0.921875 0.37890625 0.921875 0.37890625 0.921875 0.37890625 0.921875 0.37890625 0.921875 0.37890625 0.921875 0.05078125 0.984375 0.05078125 0.984375 0.05078125 0.984375 0.42578125 0.921875 0.42578125 0.921875 0.42578125 0.921875 0.37890625 0.921875 0.37890625 0.921875 0.37890625 0.921875 0.37890625 0.921875 0.37890625 0.921875 0.37890625 0.921875 0.53515625 0.921875 0.53515625 0.921875 0.53515625 0.921875 0.53515625 0.921875 0.53515625 0.921875 0.53515625 0.921875 0.45703125 0.921875 0.45703125 0.921875 0.45703125 0.921875 0.45703125 0.921875 0.45703125 0.921875 0.45703125 0.921875 0.83203125 0.921875 0.83203125 0.921875 0.83203125 0.921875 0.42578125 0.921875 0.42578125 0.921875 0.42578125 0.921875 0.64453125 0.921875 0.64453125 0.921875 0.64453125 0.921875 0.64453125 0.921875 0.64453125 0.921875 0.64453125 0.921875 0.44140625 0.921875 0.44140625 0.921875 0.44140625 0.921875 0.44140625 0.921875 0.44140625 0.921875 0.44140625 0.921875 0.44140625 0.921875 0.44140625 0.921875 0.44140625 0.921875 0.41015625 0.921875 0.41015625 0.921875 0.41015625 0.921875 0.83203125 0.921875 0.83203125 0.921875 0.83203125 0.921875 0.41015625 0.921875 0.41015625 0.921875 0.41015625 0.921875 0.41015625 0.921875 0.41015625 0.921875 0.41015625 0.921875 0.37890625 0.921875 0.37890625 0.921875 0.37890625 0.921875 0.37890625 0.921875 0.37890625 0.921875 0.37890625 0.921875 0.37890625 0.921875 0.37890625 0.921875 0.37890625 0.921875 0.37890625 0.921875 0.37890625 0.921875 0.37890625 0.921875 0.41015625 0.921875 0.41015625 0.921875 0.41015625 0.921875 0.41015625 0.921875 0.41015625 0.921875 0.41015625 0.921875 0.41015625 0.921875 0.41015625 0.921875 0.41015625 0.921875 0.41015625 0.921875 0.41015625 0.921875 0.41015625 0.921875 0.41015625 0.921875 0.41015625 0.921875 0.41015625 0.921875 0.37890625 0.921875 0.37890625 0.921875 0.37890625 0.921875 0.37890625 0.921875 0.37890625 0.921875 0.37890625 0.921875 0.37890625 0.921875 0.37890625 0.921875 0.37890625 0.921875 0.37890625 0.921875 0.37890625 0.921875 0.37890625 0.921875 0.37890625 0.921875 0.37890625 0.921875 0.37890625 0.921875 0.37890625 0.921875 0.37890625 0.921875 0.37890625 0.921875 0.37890625 0.921875 0.37890625 0.921875 0.37890625 0.921875 0.37890625 0.921875 0.37890625 0.921875 0.37890625 0.921875 0.37890625 0.921875 0.37890625 0.921875 0.37890625 0.921875 0.37890625 0.921875 0.37890625 0.921875 0.37890625 0.921875 0.37890625 0.921875 0.37890625 0.921875 0.37890625 0.921875 0.53515625 0.921875 0.53515625 0.921875 0.53515625 0.921875 0.37890625 0.921875 0.37890625 0.921875 0.37890625 0.921875 0.37890625 0.921875 0.37890625 0.921875 0.37890625 0.921875 0.01953125 0.984375 0.01953125 0.984375 0.01953125 0.984375 0.01953125 0.984375 0.01953125 0.984375 0.01953125 0.984375 0.84765625 0.921875 0.84765625 0.921875 0.84765625 0.921875 0.84765625 0.921875 0.84765625 0.921875 0.84765625 0.921875 0.41015625 0.921875 0.41015625 0.921875 0.41015625 0.921875 0.53515625 0.921875 0.53515625 0.921875 0.53515625 0.921875 0.45703125 0.921875 0.45703125 0.921875 0.45703125 0.921875 0.45703125 0.921875 0.45703125 0.921875 0.45703125 0.921875 0.61328125 0.921875 0.61328125 0.921875 0.61328125 0.921875 0.61328125 0.921875 0.61328125 0.921875 0.61328125 0.921875 0.41015625 0.921875 0.41015625 0.921875 0.41015625 0.921875 0.41015625 0.921875 0.41015625 0.921875 0.41015625 0.921875 0.39453125 0.921875 0.39453125 0.921875 0.39453125 0.921875 0.39453125 0.921875 0.39453125 0.921875 0.39453125 0.921875 0.37890625 0.921875 0.37890625 0.921875 0.37890625 0.921875 0.37890625 0.921875 0.37890625 0.921875 0.37890625 0.921875 0.41015625 0.921875 0.41015625 0.921875 0.41015625 0.921875 0.41015625 0.921875 0.41015625 0.921875 0.41015625 0.921875 0.05078125 0.765625 0.05078125 0.765625 0.05078125 0.765625 0.70703125 0.921875 0.70703125 0.921875 0.70703125 0.921875 0.70703125 0.921875 0.70703125 0.921875 0.70703125 0.921875 0.70703125 0.921875 0.70703125 0.921875 0.70703125 0.921875 0.41015625 0.921875 0.41015625 0.921875 0.41015625 0.921875 0.64453125 0.921875 0.64453125 0.921875 0.64453125 0.921875 0.64453125 0.921875 0.64453125 0.921875 0.64453125 0.921875 0.05078125 0.765625 0.05078125 0.765625 0.05078125 0.765625 0.84765625 0.921875 0.84765625 0.921875 0.84765625 0.921875 0.84765625 0.921875 0.84765625 0.921875 0.84765625 0.921875 0.41015625 0.921875 0.41015625 0.921875 0.41015625 0.921875 0.41015625 0.921875 0.41015625 0.921875 0.41015625 0.921875 0.41015625 0.921875 0.41015625 0.921875 0.41015625 0.921875</float_array>
                    <technique_common>
                        <accessor count="1305" source="#uvarrayMesh1_VC1" stride="2">
                            <param name="S" type="float"/>
                            <param name="T" type="float"/>
                        </accessor>
                    </technique_common>
                </source>
                <vertices id="verticesMesh1_VC1">
                    <input semantic="POSITION" source="#pointsMesh1_VC1"/>
                </vertices>
                <polylist count="435" material="Material1">
                    <input offset="0" semantic="VERTEX" source="#verticesMesh1_VC1"/>
                    <input offset="1" semantic="TEXCOORD" source="#uvsMesh1_VC1" set="0"/>
                    <vcount>3 3 3 3 3 3 3 3 3 3 3 3 3 3 3 3 3 3 3 3 3 3 3 3 3 3 3 3 3 3 3 3 3 3 3 3 3 3 3 3 3 3 3 3 3 3 3 3 3 3 3 3 3 3 3 3 3 3 3 3 3 3 3 3 3 3 3 3 3 3 3 3 3 3 3 3 3 3 3 3 3 3 3 3 3 3 3 3 3 3 3 3 3 3 3 3 3 3 3 3 3 3 3 3 3 3 3 3 3 3 3 3 3 3 3 3 3 3 3 3 3 3 3 3 3 3 3 3 3 3 3 3 3 3 3 3 3 3 3 3 3 3 3 3 3 3 3 3 3 3 3 3 3 3 3 3 3 3 3 3 3 3 3 3 3 3 3 3 3 3 3 3 3 3 3 3 3 3 3 3 3 3 3 3 3 3 3 3 3 3 3 3 3 3 3 3 3 3 3 3 3 3 3 3 3 3 3 3 3 3 3 3 3 3 3 3 3 3 3 3 3 3 3 3 3 3 3 3 3 3 3 3 3 3 3 3 3 3 3 3 3 3 3 3 3 3 3 3 3 3 3 3 3 3 3 3 3 3 3 3 3 3 3 3 3 3 3 3 3 3 3 3 3 3 3 3 3 3 3 3 3 3 3 3 3 3 3 3 3 3 3 3 3 3 3 3 3 3 3 3 3 3 3 3 3 3 3 3 3 3 3 3 3 3 3 3 3 3 3 3 3 3 3 3 3 3 3 3 3 3 3 3 3 3 3 3 3 3 3 3 3 3 3 3 3 3 3 3 3 3 3 3 3 3 3 3 3 3 3 3 3 3 3 3 3 3 3 3 3 3 3 3 3 3 3 3 3 3 3 3 3 3 3 3 3 3 3 3 3 3 3 3 3 3 3 3 3 3 3 3 3 3 3 3 3 3 3 3 3 3 3 3 3 3 3 3 3 3 3 3 3 3 3 3 3 3 3 3 3 3 3 3 3 3 3</vcount>
                    <p>0 0 1 1 2 2 2 3 3 4 4 5 2 6 4 7 0 8 5 9 3 10 2 11 6 12 5 13 2 14 2 15 1 16 7 17 2 18 7 19 6 20 0 21 8 22 1 23 7 24 9 25 10 26 6 27 7 28 10 29 11 30 12 31 13 32 11 33 14 34 12 35 15 36 16 37 17 38 15 39 17 40 18 41 17 42 19 43 20 44 18 45 17 46 20 47 21 48 22 49 23 50 21 51 24 52 22 53 25 54 26 55 27 56 25 57 28 58 26 59 29 60 30 61 31 62 32 63 33 64 34 65 32 66 35 67 33 68 36 69 37 70 29 71 36 72 38 73 37 74 39 75 40 76 36 77 41 78 38 79 36 80 29 81 39 82 36 83 29 84 37 85 30 86 42 87 43 88 44 89 41 90 45 91 38 92 46 93 47 94 48 95 47 96 49 97 48 98 50 99 51 100 52 101 50 102 52 103 53 104 42 105 54 106 43 107 55 108 8 109 0 110 56 111 57 112 58 113 56 114 58 115 59 116 60 117 61 118 62 119 60 120 63 121 61 122 64 123 65 124 66 125 65 126 67 127 66 128 68 129 69 130 70 131 55 132 71 133 8 134 72 135 73 136 74 137 72 138 74 139 75 140 76 141 77 142 78 143 79 144 76 145 78 146 68 147 80 148 69 149 81 150 82 151 83 152 69 153 84 154 70 155 84 156 85 157 70 158 85 159 86 160 70 161 85 162 87 163 86 164 88 165 89 166 90 167 88 168 91 169 89 170 92 171 93 172 94 173 82 174 95 175 83 176 96 177 97 178 98 179 96 180 99 181 97 182 100 183 101 184 102 185 100 186 102 187 103 188 92 189 104 190 93 191 105 192 106 193 107 194 108 195 109 196 110 197 108 198 110 199 111 200 112 201 113 202 114 203 112 204 115 205 113 206 116 207 117 208 118 209 116 210 119 211 117 212 120 213 121 214 122 215 105 216 123 217 106 218 124 219 125 220 126 221 124 222 126 223 127 224 128 225 129 226 130 227 128 228 131 229 129 230 120 231 132 232 121 233 133 234 134 235 135 236 136 237 137 238 138 239 137 240 139 241 138 242 140 243 141 244 142 245 140 246 142 247 143 248 144 249 145 250 146 251 144 252 146 253 147 254 148 255 149 256 150 257 133 258 151 259 134 260 134 261 152 262 153 263 135 264 134 265 153 266 154 267 155 268 156 269 155 270 157 271 156 272 148 273 150 274 158 275 159 276 160 277 161 278 162 279 163 280 164 281 162 282 164 283 165 284 165 285 164 286 166 287 165 288 166 289 167 290 168 291 161 292 169 293 168 294 169 295 170 296 170 297 171 298 168 299 159 300 161 301 168 302 172 303 173 304 174 305 170 306 175 307 171 308 176 309 177 310 178 311 179 312 176 313 178 314 180 315 181 316 182 317 180 318 183 319 181 320 172 321 174 322 184 323 185 324 186 325 187 326 186 327 188 328 187 329 167 330 166 331 189 332 167 333 189 334 190 335 190 336 191 337 167 338 190 339 192 340 191 341 193 342 194 343 195 344 193 345 196 346 194 347 197 348 198 349 199 350 200 351 201 352 202 353 200 354 203 355 201 356 204 357 205 358 206 359 204 360 206 361 207 362 199 363 208 364 197 365 197 366 209 367 198 368 210 369 211 370 212 371 199 372 213 373 208 374 214 375 215 376 216 377 214 378 217 379 215 380 218 381 219 382 220 383 218 384 220 385 221 386 210 387 222 388 211 389 223 390 224 391 225 392 226 393 227 394 228 395 227 396 229 397 228 398 230 399 231 400 232 401 233 402 230 403 232 404 234 405 235 406 236 407 234 408 237 409 235 410 238 411 239 412 240 413 223 414 225 415 241 416 242 417 243 418 244 419 242 420 245 421 243 422 246 423 240 424 247 425 238 426 240 427 246 428 246 429 247 430 248 431 249 432 250 433 251 434 252 435 253 436 254 437 255 438 256 439 254 440 254 441 253 442 257 443 254 444 257 445 255 446 252 447 258 448 253 449 255 450 259 451 256 452 260 453 261 454 262 455 260 456 263 457 261 458 264 459 265 460 266 461 267 462 249 463 251 464 268 465 269 466 270 467 268 468 271 469 269 470 272 471 273 472 274 473 272 474 275 475 273 476 276 477 264 478 266 479 277 480 278 481 279 482 280 483 281 484 282 485 280 486 282 487 283 488 284 489 285 490 286 491 284 492 286 493 287 494 284 495 287 496 288 497 289 498 284 499 288 500 290 501 285 502 284 503 290 504 291 505 285 506 292 507 293 508 294 509 278 510 295 511 279 512 279 513 296 514 297 515 279 516 295 517 296 518 298 519 299 520 300 521 299 522 301 523 300 524 302 525 293 526 292 527 303 528 292 529 304 530 292 531 294 532 304 533 305 534 306 535 307 536 302 537 308 538 293 539 309 540 310 541 311 542 309 543 312 544 310 545 313 546 314 547 315 548 313 549 315 550 316 551 305 552 307 553 317 554 318 555 319 556 320 557 321 558 322 559 323 560 322 561 324 562 323 563 325 564 326 565 327 566 325 567 328 568 326 569 329 570 328 571 325 572 325 573 327 574 330 575 331 576 325 577 330 578 329 579 332 580 328 581 333 582 334 583 335 584 318 585 336 586 319 587 337 588 338 589 339 590 337 591 340 592 338 593 341 594 342 595 343 596 341 597 343 598 344 599 333 600 335 601 345 602 346 603 347 604 348 605 349 606 350 607 351 608 349 609 352 610 350 611 353 612 354 613 355 614 353 615 356 616 354 617 357 618 358 619 359 620 357 621 360 622 358 623 346 624 361 625 347 626 303 627 304 628 362 629 363 630 364 631 365 632 363 633 366 634 364 635 367 636 368 637 369 638 367 639 369 640 370 641 371 642 367 643 372 644 373 645 374 646 368 647 373 648 368 649 367 650 367 651 370 652 372 653 375 654 376 655 377 656 376 657 378 658 377 659 379 660 380 661 381 662 379 663 381 664 382 665 383 666 384 667 385 668 386 669 387 670 388 671 386 672 389 673 387 674 390 675 388 676 391 677 392 678 393 679 394 680 392 681 394 682 395 683 383 684 396 685 384 686 390 687 391 688 397 689 398 690 399 691 400 692 399 693 401 694 400 695 402 696 403 697 404 698 402 699 405 700 403 701 403 702 406 703 407 704 404 705 403 706 407 707 408 708 409 709 410 710 411 711 412 712 413 713 411 714 414 715 412 716 415 717 416 718 417 719 416 720 418 721 417 722 418 723 419 724 420 725 417 726 418 727 420 728 417 729 420 730 421 731 422 732 417 733 421 734 423 735 424 736 425 737 409 738 426 739 410 740 427 741 428 742 429 743 427 744 429 745 430 746 431 747 432 748 433 749 431 750 434 751 432 752 423 753 435 754 424 755 436 756 437 757 438 758 439 759 440 760 441 761 439 762 441 763 442 764 443 765 444 766 445 767 446 768 443 769 445 770 447 771 448 772 449 773 447 774 449 775 450 776 451 777 452 778 453 779 436 780 438 781 454 782 455 783 456 784 457 785 456 786 458 787 457 788 459 789 460 790 461 791 459 792 462 793 460 794 463 795 452 796 451 797 464 798 465 799 466 800 463 801 467 802 452 803 468 804 469 805 470 806 468 807 471 808 469 809 472 810 473 811 474 812 472 813 474 814 475 815 464 816 476 817 465 818 477 819 478 820 479 821 480 822 481 823 482 824 480 825 483 826 481 827 484 828 485 829 486 830 484 831 486 832 487 833 488 834 489 835 490 836 488 837 491 838 489 839 492 840 493 841 494 842 477 843 479 844 495 845 496 846 497 847 498 848 496 849 499 850 497 851 496 852 500 853 499 854 501 855 502 856 503 857 501 858 503 859 504 860 492 861 494 862 505 863 492 864 505 865 506 866 494 867 507 868 505 869 494 870 508 871 507 872 494 873 509 874 508 875 510 876 511 877 512 878 510 879 513 880 511 881 514 882 515 883 516 884 509 885 517 886 518 887 515 888 519 889 516 890 520 891 521 892 522 893 520 894 523 895 521 896 524 897 525 898 526 899 524 900 527 901 525 902 509 903 518 904 508 905 528 906 529 907 530 908 528 909 531 910 529 911 532 912 533 913 534 914 535 915 536 916 537 917 535 918 538 919 536 920 539 921 540 922 541 923 542 924 543 925 539 926 544 927 541 928 545 929 541 930 546 931 545 932 541 933 540 934 546 935 544 936 545 937 547 938 539 939 543 940 540 941 548 942 549 943 550 944 549 945 551 946 550 947 542 948 552 949 543 950 553 951 554 952 555 953 556 954 557 955 558 956 556 957 558 958 559 959 560 960 561 961 562 962 560 963 562 964 563 965 564 966 565 967 566 968 564 969 567 970 565 971 568 972 569 973 570 974 571 975 554 976 553 977 571 978 572 979 554 980 553 981 555 982 573 983 574 984 575 985 576 986 574 987 577 988 575 989 568 990 570 991 578 992 579 993 580 994 581 995 582 996 583 997 584 998 583 999 585 1000 586 1001 583 1002 586 1003 584 1004 584 1005 586 1006 587 1007 582 1008 584 1009 588 1010 584 1011 587 1012 589 1013 590 1014 591 1015 592 1016 590 1017 593 1018 591 1019 594 1020 595 1021 596 1022 579 1023 581 1024 597 1025 598 1026 599 1027 600 1028 598 1029 601 1030 599 1031 602 1032 603 1033 604 1034 602 1035 605 1036 603 1037 594 1038 596 1039 606 1040 607 1041 608 1042 609 1043 610 1044 611 1045 612 1046 610 1047 612 1048 613 1049 614 1050 615 1051 616 1052 615 1053 617 1054 616 1055 618 1056 619 1057 620 1058 618 1059 621 1060 619 1061 622 1062 623 1063 624 1064 607 1065 625 1066 608 1067 609 1068 608 1069 626 1070 627 1071 609 1072 628 1073 609 1074 626 1075 628 1076 628 1077 626 1078 629 1079 627 1080 628 1081 630 1082 628 1083 629 1084 631 1085 622 1086 632 1087 623 1088 633 1089 634 1090 635 1091 636 1092 637 1093 638 1094 636 1095 638 1096 639 1097 640 1098 641 1099 642 1100 640 1101 642 1102 643 1103 644 1104 645 1105 646 1106 644 1107 647 1108 645 1109 648 1110 649 1111 650 1112 633 1113 651 1114 634 1115 652 1116 653 1117 654 1118 652 1119 654 1120 655 1121 656 1122 657 1123 658 1124 656 1125 659 1126 660 1127 656 1128 660 1129 657 1130 661 1131 662 1132 663 1133 648 1134 650 1135 664 1136 665 1137 666 1138 667 1139 668 1140 665 1141 667 1142 669 1143 670 1144 671 1145 669 1146 672 1147 670 1148 671 1149 670 1150 673 1151 674 1152 675 1153 676 1154 661 1155 677 1156 662 1157 678 1158 679 1159 677 1160 678 1161 677 1162 661 1163 680 1164 681 1165 679 1166 680 1167 679 1168 678 1169 682 1170 676 1171 683 1172 676 1173 684 1174 683 1175 676 1176 675 1177 684 1178 683 1179 684 1180 685 1181 682 1182 683 1183 686 1184 683 1185 685 1186 687 1187 674 1188 688 1189 675 1190 687 1191 685 1192 689 1193 687 1194 689 1195 690 1196 687 1197 690 1198 691 1199 692 1200 687 1201 691 1202 693 1203 694 1204 695 1205 690 1206 689 1207 696 1208 690 1209 696 1210 697 1211 698 1212 699 1213 700 1214 699 1215 701 1216 700 1217 702 1218 703 1219 704 1220 702 1221 705 1222 703 1223 706 1224 707 1225 708 1226 709 1227 693 1228 695 1229 710 1230 711 1231 712 1232 710 1233 712 1234 713 1235 714 1236 715 1237 716 1238 714 1239 716 1240 717 1241 706 1242 708 1243 718 1244 719 1245 720 1246 721 1247 722 1248 723 1249 724 1250 722 1251 724 1252 725 1253 726 1254 727 1255 728 1256 726 1257 728 1258 729 1259 730 1260 731 1261 720 1262 730 1263 720 1264 719 1265 732 1266 733 1267 734 1268 735 1269 736 1270 737 1271 735 1272 737 1273 738 1274 735 1275 738 1276 739 1277 719 1278 721 1279 740 1280 741 1281 742 1282 743 1283 741 1284 743 1285 744 1286 745 1287 732 1288 734 1289 746 1290 747 1291 748 1292 747 1293 749 1294 748 1295 750 1296 751 1297 752 1298 750 1299 753 1300 751 1301 750 1302 752 1303 754 1304</p>
                </polylist>
            </mesh>
        </geometry>
        <geometry id="meshMesh2_VC1">
            <mesh>
                <source id="pointsMesh2_VC1">
                    <float_array id="pointarrayMesh2_VC1" count="744">2484 2075 -818 -2423 -1994 -818 2484 -1994 -818 -2423 2075 -818 -123 259 -409 -123 366 -224 -229 648 -634 1401 395 -178 1401 443 -206 1334 445 -207 1334 395 -178 1449 395 -178 1449 443 -206 1334 316 -132 1401 316 -132 1401 681 -343 1202 445 -207 1334 592 -292 1339 681 -343 1133 453 -212 1025 350 -152 981 396 -178 947 372 -165 1133 395 -178 985 436 -202 1062 434 -201 1048 490 -233 972 474 -224 1055 387 -173 1018 524 -252 888 682 -344 904 625 -311 957 691 -349 973 322 -136 943 489 -232 974 541 -263 957 634 -316 999 633 -316 999 690 -348 815 652 -327 909 365 -161 915 309 -129 923 547 -266 899 492 -234 872 543 -263 872 367 -162 844 316 -133 863 608 -301 765 601 -297 829 580 -285 856 484 -230 807 517 -248 812 455 -213 841 382 -170 795 337 -145 820 411 -187 759 376 -167 733 462 -217 742 414 -189 742 554 -270 733 512 -246 230 73 1 209 94 12 105 33 48 1414 299 -137 1401 316 -132 1334 316 -132 1414 447 -223 1401 443 -206 1449 443 -206 1462 447 -223 1462 447 -223 1449 395 -178 1462 378 -183 1401 395 -178 1414 378 -183 1449 443 -206 1320 299 -137 1334 316 -132 1334 395 -178 1320 299 -137 1414 685 -360 1401 681 -343 1401 443 -206 1414 447 -223 1333 685 -360 1401 681 -343 1414 685 -360 1339 681 -343 1320 378 -183 1120 451 -225 1133 453 -212 1333 685 -360 1334 592 -292 1320 450 -224 1334 445 -207 1320 553 -284 1202 445 -207 1229 450 -224 1334 592 -292 1320 553 -284 1334 445 -207 1229 450 -224 1202 445 -207 1320 450 -224 1123 378 -183 1133 453 -212 1120 451 -225 1339 681 -343 1320 378 -183 1334 395 -178 1133 395 -178 1123 378 -183 1123 378 -183 1133 395 -178 1133 453 -212 1013 694 -366 999 690 -348 999 633 -316 1060 488 -247 1062 434 -201 1075 426 -211 1068 376 -182 1055 387 -173 1048 490 -233 1025 350 -152 1035 335 -158 1026 526 -269 1018 524 -252 973 322 -136 979 306 -141 956 696 -367 957 691 -349 999 690 -348 1012 616 -321 957 634 -316 959 616 -321 915 309 -129 916 292 -133 1013 694 -366 960 462 -231 972 429 -212 985 436 -202 978 546 -280 974 541 -263 1026 526 -269 1018 524 -252 904 625 -311 909 608 -316 985 436 -202 968 394 -192 981 396 -178 972 429 -212 943 489 -232 960 462 -231 972 474 -224 972 474 -224 981 396 -178 968 394 -192 947 372 -165 968 394 -192 939 375 -182 947 372 -165 936 473 -238 872 593 -307 844 316 -133 840 299 -138 923 552 -283 974 541 -263 978 546 -280 923 547 -266 884 687 -361 888 682 -344 957 691 -349 956 696 -367 868 547 -281 872 543 -263 923 547 -266 947 372 -165 939 375 -182 909 365 -161 939 375 -182 908 370 -179 909 365 -161 863 468 -235 900 475 -239 899 492 -234 943 489 -232 936 473 -238 856 484 -230 812 455 -213 923 552 -283 863 608 -301 841 569 -293 909 365 -161 908 370 -179 872 367 -162 878 371 -179 829 580 -285 841 382 -170 852 382 -185 833 407 -200 806 655 -343 815 652 -327 888 682 -344 884 687 -361 872 367 -162 852 382 -185 841 382 -170 878 371 -179 807 517 -248 825 530 -271 840 299 -138 844 316 -133 786 322 -151 820 411 -187 826 444 -221 807 517 -248 872 543 -263 868 547 -281 825 530 -271 786 322 -151 759 376 -167 747 364 -175 795 337 -145 753 600 -311 765 601 -297 806 655 -343 815 652 -327 729 550 -283 742 554 -270 795 337 -145 720 455 -228 733 512 -246 720 506 -257 747 364 -175 759 376 -167 742 414 -189 729 405 -199 729 405 -199 733 462 -217 720 455 -228 742 414 -189 720 506 -257 733 512 -246 742 554 -270 729 550 -283 733 462 -217</float_array>
                    <technique_common>
                        <accessor count="248" source="#pointarrayMesh2_VC1" stride="3">
                            <param name="X" type="float"/>
                            <param name="Y" type="float"/>
                            <param name="Z" type="float"/>
                        </accessor>
                    </technique_common>
                </source>
                <source id="uvsMesh2_VC1">
                    <float_array id="uvarrayMesh2_VC1" count="996">0.86328125 0.921875 0.86328125 0.921875 0.86328125 0.921875 0.86328125 0.921875 0.86328125 0.921875 0.86328125 0.921875 0.37890625 0.921875 0.37890625 0.921875 0.37890625 0.921875 0.81640625 0.984375 0.81640625 0.984375 0.81640625 0.984375 0.81640625 0.984375 0.81640625 0.984375 0.81640625 0.984375 0.81640625 0.984375 0.81640625 0.984375 0.81640625 0.984375 0.81640625 0.984375 0.81640625 0.984375 0.81640625 0.984375 0.81640625 0.984375 0.81640625 0.984375 0.81640625 0.984375 0.81640625 0.984375 0.81640625 0.984375 0.81640625 0.984375 0.81640625 0.984375 0.81640625 0.984375 0.81640625 0.984375 0.81640625 0.984375 0.81640625 0.984375 0.81640625 0.984375 0.81640625 0.984375 0.81640625 0.984375 0.81640625 0.984375 0.81640625 0.984375 0.81640625 0.984375 0.81640625 0.984375 0.81640625 0.984375 0.81640625 0.984375 0.81640625 0.984375 0.81640625 0.984375 0.81640625 0.984375 0.81640625 0.984375 0.81640625 0.984375 0.81640625 0.984375 0.81640625 0.984375 0.81640625 0.984375 0.81640625 0.984375 0.81640625 0.984375 0.81640625 0.984375 0.81640625 0.984375 0.81640625 0.984375 0.81640625 0.984375 0.81640625 0.984375 0.81640625 0.984375 0.81640625 0.984375 0.81640625 0.984375 0.81640625 0.984375 0.81640625 0.984375 0.81640625 0.984375 0.81640625 0.984375 0.81640625 0.984375 0.81640625 0.984375 0.81640625 0.984375 0.81640625 0.984375 0.81640625 0.984375 0.81640625 0.984375 0.81640625 0.984375 0.81640625 0.984375 0.81640625 0.984375 0.81640625 0.984375 0.81640625 0.984375 0.81640625 0.984375 0.81640625 0.984375 0.81640625 0.984375 0.81640625 0.984375 0.81640625 0.984375 0.81640625 0.984375 0.81640625 0.984375 0.81640625 0.984375 0.81640625 0.984375 0.81640625 0.984375 0.81640625 0.984375 0.81640625 0.984375 0.81640625 0.984375 0.81640625 0.984375 0.81640625 0.984375 0.81640625 0.984375 0.81640625 0.984375 0.81640625 0.984375 0.81640625 0.984375 0.81640625 0.984375 0.81640625 0.984375 0.81640625 0.984375 0.81640625 0.984375 0.81640625 0.984375 0.81640625 0.984375 0.81640625 0.984375 0.81640625 0.984375 0.81640625 0.984375 0.81640625 0.984375 0.81640625 0.984375 0.81640625 0.984375 0.81640625 0.984375 0.81640625 0.984375 0.81640625 0.984375 0.81640625 0.984375 0.81640625 0.984375 0.81640625 0.984375 0.81640625 0.984375 0.81640625 0.984375 0.81640625 0.984375 0.81640625 0.984375 0.81640625 0.984375 0.81640625 0.984375 0.81640625 0.984375 0.81640625 0.984375 0.81640625 0.984375 0.81640625 0.984375 0.81640625 0.984375 0.81640625 0.984375 0.81640625 0.984375 0.81640625 0.984375 0.81640625 0.984375 0.81640625 0.984375 0.81640625 0.984375 0.81640625 0.984375 0.81640625 0.984375 0.81640625 0.984375 0.81640625 0.984375 0.81640625 0.984375 0.81640625 0.984375 0.81640625 0.984375 0.81640625 0.984375 0.81640625 0.984375 0.81640625 0.984375 0.81640625 0.984375 0.81640625 0.984375 0.81640625 0.984375 0.81640625 0.984375 0.81640625 0.984375 0.81640625 0.984375 0.81640625 0.984375 0.81640625 0.984375 0.81640625 0.984375 0.81640625 0.984375 0.81640625 0.984375 0.81640625 0.984375 0.81640625 0.984375 0.81640625 0.984375 0.81640625 0.984375 0.81640625 0.984375 0.81640625 0.984375 0.81640625 0.984375 0.81640625 0.984375 0.81640625 0.984375 0.81640625 0.984375 0.81640625 0.984375 0.81640625 0.984375 0.81640625 0.984375 0.81640625 0.984375 0.81640625 0.984375 0.81640625 0.984375 0.81640625 0.984375 0.81640625 0.984375 0.81640625 0.984375 0.81640625 0.984375 0.81640625 0.984375 0.81640625 0.984375 0.83203125 0.984375 0.83203125 0.984375 0.83203125 0.984375 0.11328125 0.921875 0.11328125 0.921875 0.11328125 0.921875 0.87890625 0.921875 0.87890625 0.921875 0.87890625 0.921875 0.87890625 0.921875 0.87890625 0.921875 0.87890625 0.921875 0.11328125 0.921875 0.11328125 0.921875 0.11328125 0.921875 0.11328125 0.921875 0.11328125 0.921875 0.11328125 0.921875 0.11328125 0.921875 0.11328125 0.921875 0.11328125 0.921875 0.11328125 0.921875 0.11328125 0.921875 0.11328125 0.921875 0.11328125 0.921875 0.11328125 0.921875 0.11328125 0.921875 0.11328125 0.921875 0.11328125 0.921875 0.11328125 0.921875 0.89453125 0.921875 0.89453125 0.921875 0.89453125 0.921875 0.11328125 0.921875 0.11328125 0.921875 0.11328125 0.921875 0.11328125 0.921875 0.11328125 0.921875 0.11328125 0.921875 0.11328125 0.921875 0.11328125 0.921875 0.11328125 0.921875 0.87890625 0.921875 0.87890625 0.921875 0.87890625 0.921875 0.87890625 0.921875 0.87890625 0.921875 0.87890625 0.921875 0.89453125 0.921875 0.89453125 0.921875 0.89453125 0.921875 0.91015625 0.921875 0.91015625 0.921875 0.91015625 0.921875 0.89453125 0.921875 0.89453125 0.921875 0.89453125 0.921875 0.89453125 0.921875 0.89453125 0.921875 0.89453125 0.921875 0.11328125 0.921875 0.11328125 0.921875 0.11328125 0.921875 0.11328125 0.921875 0.11328125 0.921875 0.11328125 0.921875 0.87890625 0.921875 0.87890625 0.921875 0.87890625 0.921875 0.87890625 0.921875 0.87890625 0.921875 0.87890625 0.921875 0.89453125 0.921875 0.89453125 0.921875 0.89453125 0.921875 0.91015625 0.921875 0.91015625 0.921875 0.91015625 0.921875 0.11328125 0.921875 0.11328125 0.921875 0.11328125 0.921875 0.11328125 0.921875 0.11328125 0.921875 0.11328125 0.921875 0.92578125 0.921875 0.92578125 0.921875 0.92578125 0.921875 0.11328125 0.921875 0.11328125 0.921875 0.11328125 0.921875 0.11328125 0.921875 0.11328125 0.921875 0.11328125 0.921875 0.11328125 0.921875 0.11328125 0.921875 0.11328125 0.921875 0.11328125 0.921875 0.11328125 0.921875 0.11328125 0.921875 0.11328125 0.921875 0.11328125 0.921875 0.11328125 0.921875 0.11328125 0.921875 0.11328125 0.921875 0.11328125 0.921875 0.11328125 0.921875 0.11328125 0.921875 0.11328125 0.921875 0.11328125 0.921875 0.11328125 0.921875 0.11328125 0.921875 0.11328125 0.921875 0.11328125 0.921875 0.11328125 0.921875 0.11328125 0.921875 0.11328125 0.921875 0.11328125 0.921875 0.11328125 0.921875 0.11328125 0.921875 0.11328125 0.921875 0.94140625 0.921875 0.94140625 0.921875 0.94140625 0.921875 0.11328125 0.921875 0.11328125 0.921875 0.11328125 0.921875 0.11328125 0.921875 0.11328125 0.921875 0.11328125 0.921875 0.11328125 0.921875 0.11328125 0.921875 0.11328125 0.921875 0.11328125 0.921875 0.11328125 0.921875 0.11328125 0.921875 0.11328125 0.921875 0.11328125 0.921875 0.11328125 0.921875 0.94140625 0.921875 0.94140625 0.921875 0.94140625 0.921875 0.95703125 0.921875 0.95703125 0.921875 0.95703125 0.921875 0.97265625 0.921875 0.97265625 0.921875 0.97265625 0.921875 0.97265625 0.921875 0.97265625 0.921875 0.97265625 0.921875 0.11328125 0.921875 0.11328125 0.921875 0.11328125 0.921875 0.11328125 0.921875 0.11328125 0.921875 0.11328125 0.921875 0.03515625 0.515625 0.03515625 0.515625 0.03515625 0.515625 0.03515625 0.515625 0.03515625 0.515625 0.03515625 0.515625 0.97265625 0.921875 0.97265625 0.921875 0.97265625 0.921875 0.95703125 0.921875 0.95703125 0.921875 0.95703125 0.921875 0.98828125 0.921875 0.98828125 0.921875 0.98828125 0.921875 0.06640625 0.859375 0.06640625 0.859375 0.06640625 0.859375 0.97265625 0.921875 0.97265625 0.921875 0.97265625 0.921875 0.11328125 0.921875 0.11328125 0.921875 0.11328125 0.921875 0.11328125 0.921875 0.11328125 0.921875 0.11328125 0.921875 0.11328125 0.921875 0.11328125 0.921875 0.11328125 0.921875 0.08203125 0.859375 0.08203125 0.859375 0.08203125 0.859375 0.08203125 0.859375 0.08203125 0.859375 0.08203125 0.859375 0.95703125 0.921875 0.95703125 0.921875 0.95703125 0.921875 0.95703125 0.921875 0.95703125 0.921875 0.95703125 0.921875 0.95703125 0.921875 0.95703125 0.921875 0.95703125 0.921875 0.09765625 0.859375 0.09765625 0.859375 0.09765625 0.859375 0.11328125 0.859375 0.11328125 0.859375 0.11328125 0.859375 0.11328125 0.921875 0.11328125 0.921875 0.11328125 0.921875 0.11328125 0.921875 0.11328125 0.921875 0.11328125 0.921875 0.11328125 0.921875 0.11328125 0.921875 0.11328125 0.921875 0.11328125 0.921875 0.11328125 0.921875 0.11328125 0.921875 0.11328125 0.921875 0.11328125 0.921875 0.11328125 0.921875 0.95703125 0.921875 0.95703125 0.921875 0.95703125 0.921875 0.11328125 0.921875 0.11328125 0.921875 0.11328125 0.921875 0.11328125 0.921875 0.11328125 0.921875 0.11328125 0.921875 0.94140625 0.921875 0.94140625 0.921875 0.94140625 0.921875 0.94140625 0.921875 0.94140625 0.921875 0.94140625 0.921875 0.11328125 0.921875 0.11328125 0.921875 0.11328125 0.921875 0.11328125 0.921875 0.11328125 0.921875 0.11328125 0.921875 0.03515625 0.984375 0.03515625 0.984375 0.03515625 0.515625 0.03515625 0.984375 0.03515625 0.515625 0.03515625 0.515625 0.97265625 0.921875 0.97265625 0.921875 0.97265625 0.921875 0.97265625 0.921875 0.97265625 0.921875 0.97265625 0.921875 0.11328125 0.921875 0.11328125 0.921875 0.11328125 0.921875 0.11328125 0.921875 0.11328125 0.921875 0.11328125 0.921875 0.12890625 0.859375 0.12890625 0.859375 0.12890625 0.859375 0.11328125 0.921875 0.11328125 0.921875 0.11328125 0.921875 0.11328125 0.921875 0.11328125 0.921875 0.11328125 0.921875 0.03515625 0.515625 0.03515625 0.515625 0.03515625 0.515625 0.03515625 0.515625 0.03515625 0.515625 0.03515625 0.515625 0.11328125 0.921875 0.11328125 0.921875 0.11328125 0.921875 0.11328125 0.921875 0.11328125 0.921875 0.11328125 0.921875 0.08203125 0.859375 0.08203125 0.859375 0.08203125 0.859375 0.12890625 0.859375 0.12890625 0.859375 0.12890625 0.859375 0.91015625 0.921875 0.91015625 0.921875 0.91015625 0.921875 0.91015625 0.921875 0.91015625 0.921875 0.91015625 0.921875 0.91015625 0.921875 0.91015625 0.921875 0.91015625 0.921875 0.91015625 0.921875 0.91015625 0.921875 0.91015625 0.921875 0.08203125 0.859375 0.08203125 0.859375 0.08203125 0.859375 0.89453125 0.921875 0.89453125 0.921875 0.89453125 0.921875 0.14453125 0.859375 0.14453125 0.859375 0.14453125 0.859375 0.14453125 0.859375 0.14453125 0.859375 0.14453125 0.859375 0.09765625 0.859375 0.09765625 0.859375 0.09765625 0.859375 0.09765625 0.859375 0.09765625 0.859375 0.09765625 0.859375 0.84765625 0.984375 0.84765625 0.984375 0.84765625 0.984375 0.84765625 0.984375 0.84765625 0.984375 0.84765625 0.984375 0.89453125 0.921875 0.89453125 0.921875 0.89453125 0.921875</float_array>
                    <technique_common>
                        <accessor count="498" source="#uvarrayMesh2_VC1" stride="2">
                            <param name="S" type="float"/>
                            <param name="T" type="float"/>
                        </accessor>
                    </technique_common>
                </source>
                <vertices id="verticesMesh2_VC1">
                    <input semantic="POSITION" source="#pointsMesh2_VC1"/>
                </vertices>
                <polylist count="166" material="Material1">
                    <input offset="0" semantic="VERTEX" source="#verticesMesh2_VC1"/>
                    <input offset="1" semantic="TEXCOORD" source="#uvsMesh2_VC1" set="0"/>
                    <vcount>3 3 3 3 3 3 3 3 3 3 3 3 3 3 3 3 3 3 3 3 3 3 3 3 3 3 3 3 3 3 3 3 3 3 3 3 3 3 3 3 3 3 3 3 3 3 3 3 3 3 3 3 3 3 3 3 3 3 3 3 3 3 3 3 3 3 3 3 3 3 3 3 3 3 3 3 3 3 3 3 3 3 3 3 3 3 3 3 3 3 3 3 3 3 3 3 3 3 3 3 3 3 3 3 3 3 3 3 3 3 3 3 3 3 3 3 3 3 3 3 3 3 3 3 3 3 3 3 3 3 3 3 3 3 3 3 3 3 3 3 3 3 3 3 3 3 3 3 3 3 3 3 3 3 3 3 3 3 3 3 3 3 3 3 3 3</vcount>
                    <p>0 0 1 1 2 2 0 3 3 4 1 5 4 6 5 7 6 8 7 9 8 10 9 11 10 12 7 13 9 14 7 15 11 16 12 17 7 18 12 19 8 20 13 21 14 22 7 23 13 24 7 25 10 26 9 27 8 28 15 29 16 30 17 31 18 32 9 33 15 34 17 35 17 36 15 37 18 38 19 39 16 40 18 41 10 42 9 43 16 44 20 45 21 46 22 47 10 48 16 49 23 50 23 51 16 52 19 53 24 54 25 55 26 56 24 57 26 58 27 59 24 60 21 61 25 62 21 63 28 64 25 65 26 66 29 67 27 68 20 69 28 70 21 71 30 72 31 73 32 74 20 75 22 76 33 77 34 78 27 79 29 80 34 81 29 82 35 83 36 84 37 85 32 86 37 87 38 88 32 89 31 90 36 91 32 92 39 93 31 94 30 95 33 96 22 97 40 98 33 99 40 100 41 101 34 102 35 103 42 104 43 105 34 106 42 107 43 108 42 109 44 110 45 111 41 112 40 113 45 114 46 115 41 116 39 117 47 118 31 119 48 120 49 121 47 122 50 123 43 124 44 125 51 126 52 127 44 128 52 129 50 130 44 131 45 132 53 133 46 134 53 135 54 136 46 137 48 138 47 139 39 140 53 141 55 142 56 143 53 144 56 145 54 146 57 147 52 148 51 149 58 150 52 151 57 152 58 153 55 154 52 155 59 156 60 157 51 158 57 159 51 160 60 161 59 162 51 163 49 164 49 165 48 166 59 167 58 168 56 169 55 170 61 171 62 172 63 173 64 174 65 175 66 176 67 177 68 178 69 179 67 180 69 181 70 182 71 183 72 184 73 185 73 186 72 187 74 188 73 189 74 190 75 191 75 192 74 193 65 194 75 195 65 196 64 197 71 198 76 199 72 200 77 201 78 202 79 203 64 204 66 205 80 206 81 207 82 208 83 209 81 210 83 211 84 212 85 213 86 214 87 215 85 216 88 217 86 218 77 219 79 220 89 221 90 222 91 223 92 224 93 225 94 226 95 227 93 228 96 229 94 230 97 231 98 232 99 233 98 234 100 235 99 236 101 237 102 238 103 239 101 240 104 241 102 242 105 243 106 244 107 245 91 246 108 247 92 248 109 249 110 250 111 251 109 252 111 253 112 254 113 255 114 256 115 257 116 258 117 259 118 260 119 261 120 262 121 263 121 264 120 265 122 266 120 267 123 268 122 269 119 270 124 271 120 272 122 273 123 274 125 275 122 276 125 277 126 278 127 279 124 280 119 281 127 282 128 283 124 284 126 285 125 286 129 287 126 288 129 289 130 290 131 291 132 292 133 293 116 294 118 295 134 296 134 297 118 298 135 299 134 300 135 301 136 302 130 303 129 304 137 305 130 306 137 307 138 308 131 309 133 310 139 311 140 312 141 313 142 314 143 315 144 316 145 317 144 318 146 319 145 320 136 321 135 322 147 323 136 324 147 325 148 326 149 327 150 328 151 329 149 330 152 331 150 332 153 333 154 334 155 335 156 336 140 337 142 338 157 339 158 340 159 341 160 342 161 343 162 344 153 345 163 346 154 347 148 348 147 349 164 350 137 351 165 352 166 353 138 354 137 355 166 356 167 357 168 358 169 359 167 360 170 361 168 362 171 363 172 364 173 365 171 366 173 367 174 368 175 369 176 370 177 371 178 372 179 373 180 374 181 375 182 376 183 377 184 378 185 379 186 380 186 381 185 382 187 383 185 384 188 385 187 386 189 387 184 388 186 389 190 390 184 391 189 392 175 393 177 394 191 395 164 396 192 397 193 398 147 399 192 400 164 401 194 402 195 403 196 404 195 405 197 406 196 407 192 408 198 409 193 410 199 411 200 412 201 413 202 414 203 415 204 416 202 417 204 418 205 419 206 420 207 421 208 422 206 423 209 424 207 425 193 426 198 427 210 428 193 429 210 430 211 431 212 432 213 433 214 434 215 435 201 436 216 437 199 438 201 439 215 440 217 441 218 442 219 443 220 444 217 445 219 446 215 447 216 448 190 449 190 450 216 451 184 452 221 453 222 454 223 455 213 456 224 457 214 458 225 459 226 460 227 461 226 462 228 463 227 464 229 465 226 466 225 467 229 468 230 469 226 470 221 471 231 472 222 473 232 474 233 475 234 476 235 477 236 478 237 479 235 480 237 481 238 482 239 483 240 484 241 485 239 486 242 487 240 488 243 489 244 490 245 491 243 492 245 493 246 494 232 495 247 496 233 497</p>
                </polylist>
            </mesh>
        </geometry>
        <geometry id="meshMesh3_1">
            <mesh>
                <source id="pointsMesh3_1">
                    <float_array id="pointarrayMesh3_1" count="12">96 42 -1 224 42 -1 224 58 -1 96 58 -1</float_array>
                    <technique_common>
                        <accessor count="4" source="#pointarrayMesh3_1" stride="3">
                            <param name="X" type="float"/>
                            <param name="Y" type="float"/>
                            <param name="Z" type="float"/>
                        </accessor>
                    </technique_common>
                </source>
                <source id="uvsMesh3_1">
                    <float_array id="uvarrayMesh3_1" count="8">0 0 1 0 1 1 0 1</float_array>
                    <technique_common>
                        <accessor count="4" source="#uvarrayMesh3_1" stride="2">
                            <param name="S" type="float"/>
                            <param name="T" type="float"/>
                        </accessor>
                    </technique_common>
                </source>
                <vertices id="verticesMesh3_1">
                    <input semantic="POSITION" source="#pointsMesh3_1"/>
                </vertices>
                <polylist count="2" material="Material1">
                    <input offset="0" semantic="VERTEX" source="#verticesMesh3_1"/>
                    <input offset="1" semantic="TEXCOORD" source="#uvsMesh3_1" set="0"/>
                    <vcount>3 3</vcount>
                    <p>0 0 1 1 2 2 0 0 2 2 3 3</p>
                </polylist>
            </mesh>
        </geometry>
        <geometry id="meshMesh4_1">
            <mesh>
                <source id="pointsMesh4_1">
                    <float_array id="pointarrayMesh4_1" count="12">268 180 -1 284 180 -1 284 196 -1 268 196 -1</float_array>
                    <technique_common>
                        <accessor count="4" source="#pointarrayMesh4_1" stride="3">
                            <param name="X" type="float"/>
                            <param name="Y" type="float"/>
                            <param name="Z" type="float"/>
                        </accessor>
                    </technique_common>
                </source>
                <source id="uvsMesh4_1">
                    <float_array id="uvarrayMesh4_1" count="8">0 0 1.0625 0 1.0625 1 0 1</float_array>
                    <technique_common>
                        <accessor count="4" source="#uvarrayMesh4_1" stride="2">
                            <param name="S" type="float"/>
                            <param name="T" type="float"/>
                        </accessor>
                    </technique_common>
                </source>
                <vertices id="verticesMesh4_1">
                    <input semantic="POSITION" source="#pointsMesh4_1"/>
                </vertices>
                <polylist count="2" material="Material1">
                    <input offset="0" semantic="VERTEX" source="#verticesMesh4_1"/>
                    <input offset="1" semantic="TEXCOORD" source="#uvsMesh4_1" set="0"/>
                    <vcount>3 3</vcount>
                    <p>0 0 1 1 2 2 0 0 2 2 3 3</p>
                </polylist>
            </mesh>
        </geometry>
    </library_geometries>
    <library_visual_scenes>
        <visual_scene id="VisualSceneNode">
            <node id="node_Mesh0_1" name="Mesh0">
                <instance_geometry url="#meshMesh0_1">
                    <bind_material>
                        <technique_common>
                            <instance_material symbol="Material1" target="#mat0">
                                <bind_vertex_input semantic="UVSET0" input_semantic="TEXCOORD" input_set="0"/>
                            </instance_material>
                        </technique_common>
                    </bind_material>
                </instance_geometry>
            </node>
            <node id="node_Mesh0_VC1" name="Mesh0_VC">
                <instance_geometry url="#meshMesh0_VC1">
                    <bind_material>
                        <technique_common>
                            <instance_material symbol="Material1" target="#mat5">
                                <bind_vertex_input semantic="UVSET0" input_semantic="TEXCOORD" input_set="0"/>
                            </instance_material>
                        </technique_common>
                    </bind_material>
                </instance_geometry>
            </node>
            <node id="node_Mesh1_1" name="Mesh1">
                <instance_geometry url="#meshMesh1_1">
                    <bind_material>
                        <technique_common>
                            <instance_material symbol="Material1" target="#mat1">
                                <bind_vertex_input semantic="UVSET0" input_semantic="TEXCOORD" input_set="0"/>
                            </instance_material>
                        </technique_common>
                    </bind_material>
                </instance_geometry>
            </node>
            <node id="node_Mesh1_VC1" name="Mesh1_VC">
                <instance_geometry url="#meshMesh1_VC1">
                    <bind_material>
                        <technique_common>
                            <instance_material symbol="Material1" target="#mat5">
                                <bind_vertex_input semantic="UVSET0" input_semantic="TEXCOORD" input_set="0"/>
                            </instance_material>
                        </technique_common>
                    </bind_material>
                </instance_geometry>
            </node>
            <node id="node_Mesh2_VC1" name="Mesh2_VC">
                <instance_geometry url="#meshMesh2_VC1">
                    <bind_material>
                        <technique_common>
                            <instance_material symbol="Material1" target="#mat5">
                                <bind_vertex_input semantic="UVSET0" input_semantic="TEXCOORD" input_set="0"/>
                            </instance_material>
                        </technique_common>
                    </bind_material>
                </instance_geometry>
            </node>
            <node id="node_Mesh3_1" name="Mesh3">
                <instance_geometry url="#meshMesh3_1">
                    <bind_material>
                        <technique_common>
                            <instance_material symbol="Material1" target="#mat3">
                                <bind_vertex_input semantic="UVSET0" input_semantic="TEXCOORD" input_set="0"/>
                            </instance_material>
                        </technique_common>
                    </bind_material>
                </instance_geometry>
            </node>
            <node id="node_Mesh4_1" name="Mesh4">
                <instance_geometry url="#meshMesh4_1">
                    <bind_material>
                        <technique_common>
                            <instance_material symbol="Material1" target="#mat4">
                                <bind_vertex_input semantic="UVSET0" input_semantic="TEXCOORD" input_set="0"/>
                            </instance_material>
                        </technique_common>
                    </bind_material>
                </instance_geometry>
            </node>
        </visual_scene>
    </library_visual_scenes>
    <scene>
        <instance_visual_scene url="#VisualSceneNode"/>
    </scene>
</COLLADA>
