<?xml version="1.0"?>
<COLLADA xmlns="http://www.collada.org/2005/11/COLLADASchema" version="1.4.1">
    <asset>
        <contributor>
            <authoring_tool>Supear Mardian SixDaeFour</authoring_tool>
        </contributor>
        <created>2026-04-10T23:02:11.561Z</created>
        <modified>2026-04-10T23:02:11.561Z</modified>
		<unit meter="0.01" name="centimeter" />
        <up_axis>Y_UP</up_axis>
    </asset>
    <library_images>
        <image id="tex_0">
            <init_from>tex_70086A0.png</init_from>
        </image>
        <image id="tex_1">
            <init_from>tex_7007EA0.png</init_from>
        </image>
        <image id="tex_2">
            <init_from>tex_0.png</init_from>
        </image>
        <image id="tex_3">
            <init_from>tex_700B4A0.png</init_from>
        </image>
        <image id="tex_4">
            <init_from>tex_700C4A0.png</init_from>
        </image>
    </library_images>
    <library_effects>
        <effect id="effect0">
            <profile_COMMON>
                <newparam sid="surface0">
                    <surface type="2D">
                        <init_from>tex_0</init_from>
                    </surface>
                </newparam>
                <newparam sid="sampler0">
                    <sampler2D>
                        <source>surface0</source>
                    </sampler2D>
                </newparam>
                <technique sid="COMMON">
                    <blinn>
                        <diffuse>
                            <texture texture="sampler0" texcoord="UVSET0"></texture>
                        </diffuse>
                    </blinn>
                </technique>
            </profile_COMMON>
        </effect>
        <effect id="effect1">
            <profile_COMMON>
                <newparam sid="surface1">
                    <surface type="2D">
                        <init_from>tex_1</init_from>
                    </surface>
                </newparam>
                <newparam sid="sampler1">
                    <sampler2D>
                        <source>surface1</source>
                    </sampler2D>
                </newparam>
                <technique sid="COMMON">
                    <blinn>
                        <diffuse>
                            <texture texture="sampler1" texcoord="UVSET0"></texture>
                        </diffuse>
                    </blinn>
                </technique>
            </profile_COMMON>
        </effect>
        <effect id="effect2">
            <profile_COMMON>
                <newparam sid="surface2">
                    <surface type="2D">
                        <init_from>tex_2</init_from>
                    </surface>
                </newparam>
                <newparam sid="sampler2">
                    <sampler2D>
                        <source>surface2</source>
                    </sampler2D>
                </newparam>
                <technique sid="COMMON">
                    <blinn>
                        <diffuse>
                            <texture texture="sampler2" texcoord="UVSET0"></texture>
                        </diffuse>
                    </blinn>
                </technique>
            </profile_COMMON>
        </effect>
        <effect id="effect3">
            <profile_COMMON>
                <newparam sid="surface3">
                    <surface type="2D">
                        <init_from>tex_3</init_from>
                    </surface>
                </newparam>
                <newparam sid="sampler3">
                    <sampler2D>
                        <source>surface3</source>
                    </sampler2D>
                </newparam>
                <technique sid="COMMON">
                    <blinn>
                        <diffuse>
                            <texture texture="sampler3" texcoord="UVSET0"></texture>
                        </diffuse>
                    </blinn>
                </technique>
            </profile_COMMON>
        </effect>
        <effect id="effect4">
            <profile_COMMON>
                <newparam sid="surface4">
                    <surface type="2D">
                        <init_from>tex_4</init_from>
                    </surface>
                </newparam>
                <newparam sid="sampler4">
                    <sampler2D>
                        <source>surface4</source>
                    </sampler2D>
                </newparam>
                <technique sid="COMMON">
                    <blinn>
                        <diffuse>
                            <texture texture="sampler4" texcoord="UVSET0"></texture>
                        </diffuse>
                    </blinn>
                </technique>
            </profile_COMMON>
        </effect>
    </library_effects>
    <library_materials>
        <material id="mat0" name="Mat0">
            <instance_effect url="#effect0"/>
        </material>
        <material id="mat1" name="Mat1">
            <instance_effect url="#effect1"/>
        </material>
        <material id="mat2" name="Mat2">
            <instance_effect url="#effect2"/>
        </material>
        <material id="mat3" name="Mat3">
            <instance_effect url="#effect3"/>
        </material>
        <material id="mat4" name="Mat4">
            <instance_effect url="#effect4"/>
        </material>
    </library_materials>
    <library_geometries>
        <geometry id="meshMesh0_1">
            <mesh>
                <source id="pointsMesh0_1">
                    <float_array id="pointarrayMesh0_1" count="2178">498 -74 90 617 -184 153 660 -62 83 918 -126 120 811 23 33 765 -44 73 969 83 0 790 200 -68 699 102 -12 765 -44 73 811 2 -1 811 23 33 765 -65 37 615 199 -68 495 137 -32 611 31 29 699 103 -12 -378 -82 144 -164 -154 185 -354 312 -83 -391 31 78 -570 87 46 -579 -19 108 -370 -153 185 -828 -32 115 -527 344 -102 -656 -91 149 -448 249 -47 -944 243 -14 -992 378 -91 -1127 377 -91 -742 15 117 -717 337 -68 -877 378 -91 -853 141 44 -565 -59 160 -737 -126 199 -939 -22 139 -1037 -143 209 -1060 134 48 -1234 -144 209 -633 570 -238 -639 816 -380 -687 451 -169 -12 706 -349 108 783 -394 -177 752 -376 -92 441 -196 -24 627 -304 82 705 -349 8 500 -230 -23 588 -282 147 541 -254 183 482 -220 88 595 -285 88 635 -308 -455 560 -232 -568 747 -340 -559 610 -261 -758 540 -221 -763 816 -380 -510 485 -189 -480 764 -350 -717 337 -68 -565 -59 160 -540 -80 149 -701 343 -95 -737 -126 199 -757 -165 198 -757 -165 198 -737 -126 199 -762 -2 104 -742 15 117 -762 -2 104 -742 15 117 -853 141 44 -849 95 47 -888 390 -122 -717 337 -68 -701 343 -95 -877 378 -91 -1033 57 69 -1060 134 48 -1037 -143 209 -1015 -173 202 -1259 -174 203 -1234 -144 209 -1259 -174 203 -1127 377 -91 -1144 386 -120 -1234 -144 209 -977 387 -120 -992 378 -91 -941 285 -61 -936 -69 142 -939 -22 139 -1060 134 48 -1033 57 69 -849 95 47 -853 141 44 -936 -69 142 -939 -22 139 -1144 386 -120 -1127 377 -91 -992 378 -91 -977 387 -120 -203 759 -404 -107 408 -201 -92 441 -196 -944 243 -14 -941 285 -61 -944 243 -14 -877 378 -91 -888 390 -122 -177 752 -376 108 783 -394 137 795 -425 109 566 -292 108 645 -338 88 635 -308 183 482 -220 157 554 -285 147 541 -254 -92 441 -196 215 457 -229 -107 408 -201 82 705 -349 137 795 -425 108 783 -394 97 675 -355 -12 706 -349 5 676 -356 88 635 -308 108 645 -338 0 638 -334 88 595 -285 -23 588 -282 147 541 -254 157 554 -285 8 500 -230 21 514 -262 -24 627 -304 0 638 -334 -763 816 -380 -783 825 -409 -779 523 -234 -24 627 -304 8 500 -230 4 560 -289 21 514 -262 -619 825 -409 -783 825 -409 -763 816 -380 -639 816 -380 -633 570 -238 -619 825 -409 -639 816 -380 -758 540 -221 -480 764 -350 -462 777 -381 -590 752 -367 -568 747 -340 -758 540 -221 -779 523 -234 -695 420 -175 -687 451 -169 -613 593 -275 -590 752 -367 -580 611 -285 -559 610 -261 -568 747 -340 -613 593 -275 -633 570 -238 -498 458 -197 -433 545 -247 -455 560 -232 -510 485 -189 -462 777 -381 -480 764 -350 -687 451 -169 -695 420 -175 969 83 0 992 81 -23 796 209 -97 495 137 -32 474 139 -56 498 -74 90 478 -93 77 935 -153 112 992 81 -23 969 83 0 918 -126 120 617 -184 153 610 -215 148 935 -153 112 918 -126 120 699 103 -12 700 67 -15 811 23 33 790 200 -68 811 23 33 783 8 18 752 -37 45 765 -44 73 765 -44 73 752 -37 45 671 -50 52 660 -62 83 783 8 18 790 200 -68 796 209 -97 610 209 -97 660 -62 83 671 -50 52 611 31 29 636 16 14 498 -74 90 478 -93 77 610 -215 148 617 -184 153 611 31 29 700 67 -15 699 103 -12 636 16 14 -397 -107 135 -388 -183 179 -370 -153 185 615 199 -68 615 199 -68 610 209 -97 495 137 -32 474 139 -56 -370 -153 185 -388 -183 179 -164 -154 185 -134 -183 179 -378 -82 144 -164 -154 185 -134 -183 179 -354 312 -83 -828 -32 115 -861 -51 103 -651 -124 144 -656 -91 149 -656 -91 149 -573 -52 103 -579 -19 108 -651 -124 144 -579 -19 108 -573 -52 103 -397 -107 135 -378 -82 144 -448 249 -47 -420 50 43 -391 31 78 -339 318 -110 -391 31 78 -537 87 22 -570 87 46 -420 50 43 -527 344 -102 -536 356 -132 -861 -51 103 -828 -32 115 -457 194 -38 334 706 -391 310 758 -397 344 596 -327 -570 87 46 -457 194 -38 -448 249 -47 -537 87 22 -354 312 -83 -536 356 -132 -527 344 -102 -339 318 -110 210 423 -204 175 795 -419 152 804 -447 192 393 -210 324 598 -305 344 596 -327 324 598 -305 342 578 -294 497 547 -299 462 556 -281 568 489 -242 604 480 -260 529 744 -413 509 744 -389 519 600 -306 541 581 -318 461 382 -203 462 417 -200 336 532 -267 604 480 -260 462 417 -200 461 382 -203 568 489 -242 541 581 -318 519 600 -306 497 547 -299 462 556 -281 440 807 -449 509 744 -389 529 744 -413 434 797 -420 336 532 -267 339 425 -205 360 395 -211 357 475 -258 344 596 -327 444 663 -343 411 652 -360 342 578 -294 411 652 -360 310 758 -397 334 706 -391 444 663 -343 357 475 -258 152 804 -447 434 797 -420 440 807 -449 175 795 -419 360 395 -211 339 425 -205 210 423 -204 192 393 -210 324 598 -305 339 425 -205 336 532 -267 342 578 -294 310 758 -397 210 423 -204 175 795 -419 434 797 -420 444 663 -343 519 600 -306 509 744 -389 462 417 -200 568 489 -242 462 556 -281 256 -197 150 277 -168 157 284 326 -128 263 335 -157 496 -198 151 277 -168 157 256 -197 150 476 -168 157 437 336 -157 476 -168 157 496 -198 151 437 336 -157 417 326 -128 476 -168 157 -1043 585 -270 -1182 531 -239 -1140 536 -218 263 335 -157 284 326 -128 437 336 -157 417 326 -128 -1027 832 -389 -1036 841 -418 -1159 713 -320 -1190 702 -337 -1159 713 -320 -1043 585 -270 -1004 589 -249 -1190 702 -337 -1030 702 -314 -946 728 -353 -948 761 -348 -1004 589 -249 -1140 536 -218 -1182 531 -239 -1027 459 -173 -1030 426 -179 -868 831 -389 -861 841 -418 -1036 841 -418 -1027 832 -389 -989 697 -335 -814 618 -265 -786 618 -289 -1030 702 -314 -948 761 -348 -946 728 -353 -869 717 -323 -867 683 -327 -1027 459 -173 -1030 426 -179 -846 489 -215 -862 515 -206 -795 776 -356 -762 766 -374 -861 841 -418 -868 831 -389 -862 515 -206 -786 618 -289 -814 618 -265 -989 697 -335 -869 717 -323 -762 766 -374 -795 776 -356 -867 683 -327 -846 489 -215 -1004 589 -249 -1027 459 -173 -862 515 -206 476 -168 157 417 326 -128 284 326 -128 277 -168 157 -948 761 -348 -869 717 -323 -795 776 -356 -1027 832 -389 -1159 713 -320 -1030 702 -314 -868 831 -389 -814 618 -265 -1140 536 -218 105 33 48 142 22 30 230 73 1 122 -166 163 120 -201 160 260 -69 107 295 -78 89 260 -69 107 295 -78 89 142 22 30 105 33 48 -38 -26 82 -19 -79 89 120 -201 160 122 -166 163 101 165 -28 -24 75 0 -22 62 31 -42 -140 148 -22 -169 141 -19 -79 89 -38 -26 82 -199 -145 151 -220 -176 145 -22 -169 141 -42 -140 148 209 94 12 230 73 1 206 268 -87 226 271 -113 68 154 -45 -22 62 31 -24 75 0 -45 80 20 206 268 -87 226 271 -113 12 362 -165 8 353 -136 -43 272 -89 -23 222 -84 68 154 -45 101 165 -28 -399 424 -165 -419 394 -172 -283 394 -171 -24 75 0 -23 222 -84 -43 272 -89 -45 80 20 -198 352 -136 -218 362 -165 -220 -176 145 -199 -145 151 8 353 -136 12 362 -165 -218 362 -165 -198 352 -136 -132 599 -266 -111 583 -281 -126 768 -388 -303 423 -165 -400 811 -389 -419 394 -172 -399 424 -165 -421 820 -418 -145 766 -363 -126 768 -388 -238 810 -388 -233 819 -417 -145 766 -363 -310 724 -338 -289 690 -343 -215 678 -336 -206 503 -211 -196 474 -218 -132 599 -266 -111 583 -281 -238 810 -388 -233 819 -417 -400 811 -389 -421 820 -418 -189 704 -327 -215 678 -336 -235 614 -299 -219 607 -271 -304 593 -263 -284 606 -294 -289 690 -343 -189 704 -327 -283 473 -218 -196 474 -218 -206 503 -211 -303 503 -211 -219 607 -271 -235 614 -299 -304 593 -263 -284 606 -294 -310 724 -338 -303 423 -165 -283 394 -171 -283 473 -218 -303 503 -211 -198 352 -136 -43 272 -89 8 353 -136 122 -166 163 105 33 48 -38 -26 82 260 -69 107 101 165 -28 209 94 12 -22 62 31 -45 80 20 -42 -140 148 206 268 -87 -199 -145 151 -219 607 -271 -145 766 -363 -189 704 -327 -132 599 -266 -206 503 -211 -304 593 -263 -303 503 -211 -400 811 -389 -310 724 -338 -238 810 -388 -399 424 -165 -303 423 -165 1414 378 -183 1414 176 -350 1414 255 -396 1462 447 -223 1462 378 -183 1462 255 -396 1462 325 -436 1462 378 -183 1414 255 -396 1462 255 -396 1414 378 -183 1414 447 -223 1462 325 -436 1414 325 -436 1462 447 -223 1120 451 -225 1333 563 -573 1120 328 -438 1414 299 -137 1414 685 -360 1414 325 -436 1414 563 -573 1414 447 -223 1333 685 -360 1414 685 -360 1414 563 -573 1229 450 -224 1320 450 -224 1320 327 -437 1414 299 -137 1320 176 -350 1414 176 -350 1320 299 -137 1320 299 -137 1320 255 -396 1320 176 -350 1320 378 -183 1320 430 -497 1320 553 -284 1320 378 -183 1123 378 -183 1123 255 -396 1229 327 -437 1320 553 -284 1229 327 -437 1320 430 -497 1229 450 -224 1123 378 -183 1123 255 -396 1320 255 -396 1026 526 -269 1060 366 -459 1026 403 -481 1075 426 -211 1068 376 -182 1068 254 -395 1075 304 -423 1060 488 -247 1075 304 -423 1060 366 -459 1075 426 -211 1068 376 -182 1035 335 -158 1035 213 -371 1068 254 -395 956 696 -367 1013 694 -366 1013 571 -578 1060 488 -247 1013 694 -366 1012 494 -533 1013 571 -578 1012 616 -321 1035 335 -158 979 183 -354 1035 213 -371 979 306 -141 956 573 -579 884 687 -361 884 564 -574 978 546 -280 1026 403 -481 978 423 -492 1026 526 -269 923 552 -283 923 429 -496 1012 616 -321 959 616 -321 959 494 -533 1012 494 -533 939 375 -182 968 394 -192 968 271 -405 972 429 -212 972 306 -425 960 339 -444 939 253 -394 960 462 -231 908 370 -179 908 248 -391 979 306 -141 916 292 -133 916 169 -346 979 183 -354 959 616 -321 909 608 -316 909 486 -529 868 547 -281 868 424 -493 960 462 -231 936 350 -450 960 339 -444 936 473 -238 806 655 -343 806 532 -555 959 494 -533 878 371 -179 878 249 -392 936 473 -238 900 475 -239 900 352 -451 936 350 -450 825 530 -271 916 292 -133 840 177 -350 916 169 -346 825 407 -483 909 608 -316 872 471 -520 909 486 -529 872 593 -307 852 382 -185 852 259 -398 840 299 -138 900 475 -239 863 346 -448 900 352 -451 863 468 -235 753 600 -311 753 477 -524 872 593 -307 841 569 -293 841 446 -506 872 471 -520 825 407 -483 825 530 -271 840 299 -138 786 199 -363 840 177 -350 863 468 -235 826 444 -221 826 321 -434 863 346 -448 833 407 -200 852 382 -185 852 259 -398 833 284 -412 826 444 -221 833 284 -412 826 321 -434 833 407 -200 747 364 -175 729 405 -199 729 283 -411 786 322 -151 729 550 -283 729 428 -495 786 322 -151 747 242 -388 786 199 -363 720 506 -257 720 384 -470 720 455 -228 720 333 -440</float_array>
                    <technique_common>
                        <accessor count="726" source="#pointarrayMesh0_1" stride="3">
                            <param name="X" type="float"/>
                            <param name="Y" type="float"/>
                            <param name="Z" type="float"/>
                        </accessor>
                    </technique_common>
                </source>
                <source id="uvsMesh0_1">
                    <float_array id="uvarrayMesh0_1" count="1452">0.7421875 0.22265625 0.796875 0.14453125 0.810546875 0.240234375 0.923828125 0.201171875 0.873046875 0.310546875 0.85546875 0.2578125 0.939453125 0.361328125 0.857421875 0.443359375 0.822265625 0.365234375 0.85546875 0.2578125 0.873046875 0.310546875 0.873046875 0.310546875 0.85546875 0.2578125 0.783203125 0.435546875 0.732421875 0.384765625 0.787109375 0.30859375 0.822265625 0.365234375 0.375 0.1640625 0.46875 0.119140625 0.37109375 0.462890625 0.365234375 0.25 0.28515625 0.283203125 0.28515625 0.203125 0.380859375 0.109375 0.1796875 0.18359375 0.296875 0.48046875 0.255859375 0.14453125 0.333984375 0.412109375 0.12109375 0.376953125 0.095703125 0.4765625 0.037109375 0.470703125 0.21484375 0.212890625 0.21484375 0.45703125 0.14453125 0.482421875 0.162109375 0.302734375 0.29296875 0.1640625 0.22265625 0.10546875 0.130859375 0.17578125 0.09375 0.080078125 0.07421875 0.2890625 0.0078125 0.072265625 0.2421875 0.6484375 0.232421875 0.8359375 0.224609375 0.556640625 0.505859375 0.7890625 0.5546875 0.8515625 0.431640625 0.81640625 0.478515625 0.583984375 0.501953125 0.728515625 0.546875 0.79296875 0.521484375 0.6328125 0.50390625 0.69921875 0.580078125 0.669921875 0.59765625 0.626953125 0.552734375 0.708984375 0.55078125 0.73828125 0.3203125 0.6484375 0.265625 0.78515625 0.2734375 0.681640625 0.189453125 0.62109375 0.1796875 0.830078125 0.298828125 0.58984375 0.302734375 0.802734375 0.21484375 0.45703125 0.29296875 0.1640625 0.3046875 0.15625 0.220703125 0.470703125 0.22265625 0.10546875 0.21484375 0.08203125 0.21484375 0.08203125 0.22265625 0.10546875 0.20703125 0.20703125 0.21484375 0.212890625 0.20703125 0.20703125 0.21484375 0.212890625 0.162109375 0.302734375 0.166015625 0.27734375 0.138671875 0.498046875 0.21484375 0.45703125 0.220703125 0.470703125 0.14453125 0.482421875 0.087890625 0.240234375 0.07421875 0.2890625 0.09375 0.080078125 0.103515625 0.06640625 -0.001953125 0.0546875 0.0078125 0.072265625 -0.001953125 0.0546875 0.037109375 0.470703125 0.029296875 0.484375 0.0078125 0.072265625 0.1015625 0.4921875 0.095703125 0.4765625 0.119140625 0.416015625 0.134765625 0.1484375 0.130859375 0.17578125 0.07421875 0.2890625 0.087890625 0.240234375 0.166015625 0.27734375 0.162109375 0.302734375 0.134765625 0.1484375 0.130859375 0.17578125 0.029296875 0.484375 0.037109375 0.470703125 0.095703125 0.4765625 0.1015625 0.4921875 0.419921875 0.828125 0.47265625 0.56640625 0.478515625 0.583984375 0.12109375 0.376953125 0.119140625 0.416015625 0.12109375 0.376953125 0.14453125 0.482421875 0.138671875 0.498046875 0.431640625 0.81640625 0.5546875 0.8515625 0.56640625 0.87109375 0.5625 0.6953125 0.55859375 0.755859375 0.55078125 0.73828125 0.59765625 0.626953125 0.583984375 0.6875 0.580078125 0.669921875 0.478515625 0.583984375 0.611328125 0.6171875 0.47265625 0.56640625 0.546875 0.79296875 0.56640625 0.87109375 0.5546875 0.8515625 0.552734375 0.77734375 0.505859375 0.7890625 0.513671875 0.7734375 0.55078125 0.73828125 0.55859375 0.755859375 0.51171875 0.74609375 0.552734375 0.708984375 0.50390625 0.69921875 0.580078125 0.669921875 0.583984375 0.6875 0.521484375 0.6328125 0.525390625 0.65234375 0.501953125 0.728515625 0.51171875 0.74609375 0.1796875 0.830078125 0.169921875 0.84375 0.181640625 0.615234375 0.501953125 0.728515625 0.521484375 0.6328125 0.517578125 0.6875 0.525390625 0.65234375 0.240234375 0.8515625 0.169921875 0.84375 0.1796875 0.830078125 0.232421875 0.8359375 0.2421875 0.6484375 0.240234375 0.8515625 0.232421875 0.8359375 0.189453125 0.62109375 0.302734375 0.802734375 0.30859375 0.8203125 0.255859375 0.796875 0.265625 0.78515625 0.189453125 0.62109375 0.181640625 0.615234375 0.220703125 0.541015625 0.224609375 0.556640625 0.25 0.67578125 0.255859375 0.796875 0.263671875 0.689453125 0.2734375 0.681640625 0.265625 0.78515625 0.25 0.67578125 0.2421875 0.6484375 0.3046875 0.578125 0.330078125 0.646484375 0.3203125 0.6484375 0.298828125 0.58984375 0.30859375 0.8203125 0.302734375 0.802734375 0.224609375 0.556640625 0.220703125 0.541015625 0.939453125 0.361328125 0.94921875 0.369140625 0.859375 0.458984375 0.732421875 0.384765625 0.72265625 0.392578125 0.7421875 0.22265625 0.732421875 0.216796875 0.931640625 0.189453125 0.94921875 0.369140625 0.939453125 0.361328125 0.923828125 0.201171875 0.796875 0.14453125 0.794921875 0.12890625 0.931640625 0.189453125 0.923828125 0.201171875 0.822265625 0.365234375 0.822265625 0.34765625 0.873046875 0.310546875 0.857421875 0.443359375 0.873046875 0.310546875 0.861328125 0.306640625 0.849609375 0.26953125 0.85546875 0.2578125 0.85546875 0.2578125 0.849609375 0.26953125 0.814453125 0.255859375 0.810546875 0.240234375 0.861328125 0.306640625 0.857421875 0.443359375 0.859375 0.458984375 0.779296875 0.451171875 0.810546875 0.240234375 0.814453125 0.255859375 0.787109375 0.30859375 0.796875 0.3046875 0.7421875 0.22265625 0.732421875 0.216796875 0.794921875 0.12890625 0.796875 0.14453125 0.787109375 0.30859375 0.822265625 0.34765625 0.822265625 0.365234375 0.796875 0.3046875 0.3671875 0.15234375 0.373046875 0.09375 0.380859375 0.109375 0.783203125 0.435546875 0.783203125 0.435546875 0.779296875 0.451171875 0.732421875 0.384765625 0.72265625 0.392578125 0.380859375 0.109375 0.373046875 0.09375 0.46875 0.119140625 0.482421875 0.10546875 0.375 0.1640625 0.46875 0.119140625 0.482421875 0.10546875 0.37109375 0.462890625 0.1796875 0.18359375 0.166015625 0.173828125 0.2578125 0.12890625 0.255859375 0.14453125 0.255859375 0.14453125 0.2890625 0.185546875 0.28515625 0.203125 0.2578125 0.12890625 0.28515625 0.203125 0.2890625 0.185546875 0.3671875 0.15234375 0.375 0.1640625 0.333984375 0.412109375 0.3515625 0.26953125 0.365234375 0.25 0.376953125 0.4765625 0.365234375 0.25 0.298828125 0.29296875 0.28515625 0.283203125 0.3515625 0.26953125 0.296875 0.48046875 0.291015625 0.49609375 0.166015625 0.173828125 0.1796875 0.18359375 0.330078125 0.376953125 0.654296875 0.81640625 0.642578125 0.84765625 0.662109375 0.734375 0.28515625 0.283203125 0.330078125 0.376953125 0.333984375 0.412109375 0.298828125 0.29296875 0.37109375 0.462890625 0.291015625 0.49609375 0.296875 0.48046875 0.376953125 0.4765625 0.611328125 0.58984375 0.58203125 0.869140625 0.572265625 0.8828125 0.603515625 0.57421875 0.654296875 0.7265625 0.662109375 0.734375 0.654296875 0.7265625 0.662109375 0.712890625 0.728515625 0.703125 0.71484375 0.701171875 0.76171875 0.654296875 0.77734375 0.65625 0.736328125 0.853515625 0.728515625 0.845703125 0.73828125 0.736328125 0.74609375 0.73046875 0.71875 0.576171875 0.71875 0.595703125 0.66015625 0.677734375 0.77734375 0.65625 0.71875 0.595703125 0.71875 0.576171875 0.76171875 0.654296875 0.74609375 0.73046875 0.73828125 0.736328125 0.728515625 0.703125 0.71484375 0.701171875 0.697265625 0.8984375 0.728515625 0.845703125 0.736328125 0.853515625 0.693359375 0.8828125 0.66015625 0.677734375 0.666015625 0.595703125 0.67578125 0.58203125 0.671875 0.642578125 0.662109375 0.734375 0.703125 0.78125 0.689453125 0.779296875 0.662109375 0.712890625 0.689453125 0.779296875 0.642578125 0.84765625 0.654296875 0.81640625 0.703125 0.78125 0.671875 0.642578125 0.572265625 0.8828125 0.693359375 0.8828125 0.697265625 0.8984375 0.58203125 0.869140625 0.67578125 0.58203125 0.666015625 0.595703125 0.611328125 0.58984375 0.603515625 0.57421875 0.654296875 0.7265625 0.666015625 0.595703125 0.66015625 0.677734375 0.662109375 0.712890625 0.642578125 0.84765625 0.611328125 0.58984375 0.58203125 0.869140625 0.693359375 0.8828125 0.703125 0.78125 0.73828125 0.736328125 0.728515625 0.845703125 0.71875 0.595703125 0.76171875 0.654296875 0.71484375 0.701171875 0.650390625 0.123046875 0.658203125 0.138671875 0.64453125 0.513671875 0.63671875 0.52734375 0.75390625 0.1328125 0.658203125 0.138671875 0.650390625 0.123046875 0.744140625 0.146484375 0.7109375 0.53515625 0.744140625 0.146484375 0.75390625 0.1328125 0.7109375 0.53515625 0.703125 0.51953125 0.744140625 0.146484375 0.06640625 0.650390625 0.0078125 0.603515625 0.025390625 0.6015625 0.63671875 0.52734375 0.64453125 0.513671875 0.7109375 0.53515625 0.703125 0.51953125 0.064453125 0.830078125 0.060546875 0.845703125 0.01171875 0.734375 -0.001953125 0.732421875 0.01171875 0.734375 0.06640625 0.650390625 0.08203125 0.6484375 -0.001953125 0.732421875 0.068359375 0.732421875 0.1015625 0.763671875 0.1015625 0.78125 0.08203125 0.6484375 0.025390625 0.6015625 0.0078125 0.603515625 0.076171875 0.548828125 0.076171875 0.53125 0.1328125 0.837890625 0.134765625 0.8515625 0.060546875 0.845703125 0.064453125 0.830078125 0.0859375 0.73828125 0.1640625 0.677734375 0.17578125 0.685546875 0.068359375 0.732421875 0.1015625 0.78125 0.1015625 0.763671875 0.13671875 0.75 0.138671875 0.732421875 0.076171875 0.548828125 0.076171875 0.53125 0.154296875 0.5859375 0.146484375 0.59765625 0.166015625 0.796875 0.1796875 0.798828125 0.134765625 0.8515625 0.1328125 0.837890625 0.146484375 0.59765625 0.17578125 0.685546875 0.1640625 0.677734375 0.0859375 0.73828125 0.13671875 0.75 0.1796875 0.798828125 0.166015625 0.796875 0.138671875 0.732421875 0.154296875 0.5859375 0.08203125 0.6484375 0.076171875 0.548828125 0.146484375 0.59765625 0.744140625 0.146484375 0.703125 0.51953125 0.64453125 0.513671875 0.658203125 0.138671875 0.1015625 0.78125 0.13671875 0.75 0.166015625 0.796875 0.064453125 0.830078125 0.01171875 0.734375 0.068359375 0.732421875 0.1328125 0.837890625 0.1640625 0.677734375 0.025390625 0.6015625 0.578125 0.28125 0.59375 0.28125 0.630859375 0.32421875 0.591796875 0.130859375 0.591796875 0.111328125 0.6484375 0.2109375 0.6640625 0.212890625 0.6484375 0.2109375 0.6640625 0.212890625 0.59375 0.28125 0.578125 0.28125 0.51953125 0.23046875 0.52734375 0.197265625 0.591796875 0.111328125 0.591796875 0.130859375 0.572265625 0.380859375 0.521484375 0.31640625 0.521484375 0.296875 0.521484375 0.142578125 0.529296875 0.130859375 0.52734375 0.197265625 0.51953125 0.23046875 0.453125 0.1328125 0.4453125 0.1171875 0.529296875 0.130859375 0.521484375 0.142578125 0.62109375 0.33203125 0.630859375 0.32421875 0.61328125 0.462890625 0.623046875 0.474609375 0.55859375 0.37890625 0.521484375 0.296875 0.521484375 0.31640625 0.51171875 0.310546875 0.61328125 0.462890625 0.623046875 0.474609375 0.52734375 0.53515625 0.525390625 0.51953125 0.505859375 0.455078125 0.515625 0.42578125 0.55859375 0.37890625 0.572265625 0.380859375 0.34765625 0.552734375 0.33984375 0.537109375 0.3984375 0.541015625 0.521484375 0.31640625 0.515625 0.42578125 0.505859375 0.455078125 0.51171875 0.310546875 0.4375 0.509765625 0.427734375 0.5234375 0.4453125 0.1171875 0.453125 0.1328125 0.525390625 0.51953125 0.52734375 0.53515625 0.427734375 0.5234375 0.4375 0.509765625 0.45703125 0.6953125 0.466796875 0.69140625 0.455078125 0.83203125 0.388671875 0.556640625 0.333984375 0.845703125 0.33984375 0.537109375 0.34765625 0.552734375 0.326171875 0.859375 0.4453125 0.822265625 0.455078125 0.83203125 0.404296875 0.8515625 0.40625 0.865234375 0.4453125 0.822265625 0.376953125 0.783203125 0.38671875 0.765625 0.41796875 0.759765625 0.427734375 0.62109375 0.43359375 0.60546875 0.45703125 0.6953125 0.466796875 0.69140625 0.404296875 0.8515625 0.40625 0.865234375 0.333984375 0.845703125 0.326171875 0.859375 0.4296875 0.7734375 0.41796875 0.759765625 0.412109375 0.7109375 0.419921875 0.697265625 0.3828125 0.68359375 0.390625 0.703125 0.38671875 0.765625 0.4296875 0.7734375 0.396484375 0.6015625 0.43359375 0.60546875 0.427734375 0.62109375 0.38671875 0.615234375 0.419921875 0.697265625 0.412109375 0.7109375 0.3828125 0.68359375 0.390625 0.703125 0.376953125 0.783203125 0.388671875 0.556640625 0.3984375 0.541015625 0.396484375 0.6015625 0.38671875 0.615234375 0.4375 0.509765625 0.505859375 0.455078125 0.525390625 0.51953125 0.591796875 0.130859375 0.578125 0.28125 0.51953125 0.23046875 0.6484375 0.2109375 0.572265625 0.380859375 0.62109375 0.33203125 0.521484375 0.296875 0.51171875 0.310546875 0.521484375 0.142578125 0.61328125 0.462890625 0.453125 0.1328125 0.419921875 0.697265625 0.4453125 0.822265625 0.4296875 0.7734375 0.45703125 0.6953125 0.427734375 0.62109375 0.3828125 0.68359375 0.38671875 0.615234375 0.333984375 0.845703125 0.376953125 0.783203125 0.404296875 0.8515625 0.34765625 0.552734375 0.388671875 0.556640625 5.240234375 0.958984375 6.0546875 0.162109375 5.240234375 0.958984375 5.115234375 1.49609375 5.669921875 0.966796875 5.669921875 0.966796875 5.115234375 1.49609375 5.669921875 0.966796875 5.240234375 0.958984375 5.669921875 0.966796875 5.240234375 0.958984375 4.69921875 1.490234375 5.115234375 1.49609375 4.69921875 1.490234375 5.115234375 1.49609375 2.095703125 1.47265625 1.90625 3.6015625 2.095703125 1.47265625 6.0546875 0.162109375 2.529296875 3.61328125 4.69921875 1.490234375 2.529296875 3.61328125 4.69921875 1.490234375 1.90625 3.6015625 2.529296875 3.61328125 2.529296875 3.61328125 2.791015625 1.474609375 3.857421875 1.494140625 3.857421875 1.494140625 6.0546875 0.162109375 5.232421875 0.146484375 6.0546875 0.162109375 5.232421875 0.146484375 5.232421875 0.146484375 4.419921875 0.943359375 5.232421875 0.146484375 4.419921875 0.943359375 2.6484375 2.677734375 2.6484375 2.677734375 4.419921875 0.943359375 2.66796875 0.91015625 2.66796875 0.91015625 2.791015625 1.474609375 2.6484375 2.677734375 2.791015625 1.474609375 2.6484375 2.677734375 2.791015625 1.474609375 2.66796875 0.91015625 2.66796875 0.91015625 4.419921875 0.943359375 0.58984375 2.12890625 1.232421875 1.798828125 0.58984375 2.12890625 1.927734375 1.248046875 2.3203125 0.80078125 2.3203125 0.80078125 1.927734375 1.248046875 1.232421875 1.798828125 1.927734375 1.248046875 1.232421875 1.798828125 1.927734375 1.248046875 2.3203125 0.80078125 2.40234375 0.427734375 2.40234375 0.427734375 2.3203125 0.80078125 -1.5703125 3.6328125 -1.05859375 3.626953125 -1.05859375 3.626953125 1.232421875 1.798828125 -1.05859375 3.626953125 -0.51953125 3.099609375 -1.05859375 3.626953125 -0.51953125 3.099609375 2.40234375 0.427734375 2.181640625 0.15625 2.40234375 0.427734375 2.181640625 0.15625 -1.5703125 3.6328125 -2.0625 3.5390625 -2.0625 3.5390625 -0.01171875 2.296875 0.58984375 2.12890625 -0.01171875 2.296875 0.58984375 2.12890625 -0.541015625 2.33984375 -0.541015625 2.33984375 -0.51953125 3.099609375 -0.994140625 3.07421875 -0.994140625 3.07421875 -0.51953125 3.099609375 1.318359375 0.69921875 1.31640625 0.904296875 1.31640625 0.904296875 1 1.251953125 1 1.251953125 0.59375 1.544921875 1.318359375 0.69921875 0.59375 1.544921875 1.091796875 0.609375 1.091796875 0.609375 2.181640625 0.15625 1.755859375 0.0234375 1.755859375 0.0234375 2.181640625 0.15625 -0.994140625 3.07421875 -1.353515625 3 -1.353515625 3 -0.982421875 2.2890625 -0.982421875 2.2890625 0.59375 1.544921875 0.1953125 1.716796875 0.59375 1.544921875 0.1953125 1.716796875 -2.46484375 3.232421875 -2.46484375 3.232421875 -0.994140625 3.07421875 0.744140625 0.640625 0.744140625 0.640625 0.1953125 1.716796875 -0.173828125 1.74609375 -0.173828125 1.74609375 0.1953125 1.716796875 -1.201171875 2.1328125 1.755859375 0.0234375 1.0234375 0.076171875 1.755859375 0.0234375 -1.201171875 2.1328125 -1.353515625 3 -1.529296875 2.8125 -1.353515625 3 -1.529296875 2.8125 0.35546875 0.78515625 0.35546875 0.78515625 1.0234375 0.076171875 -0.173828125 1.74609375 -0.41796875 1.65625 -0.173828125 1.74609375 -0.41796875 1.65625 -2.46875 2.7421875 -2.46875 2.7421875 -1.529296875 2.8125 -1.494140625 2.517578125 -1.494140625 2.517578125 -1.529296875 2.8125 -1.201171875 2.1328125 -1.201171875 2.1328125 1.0234375 0.076171875 0.345703125 0.26953125 1.0234375 0.076171875 -0.41796875 1.65625 -0.48046875 1.4453125 -0.48046875 1.4453125 -0.41796875 1.65625 -0.015625 1.037109375 0.35546875 0.78515625 0.35546875 0.78515625 -0.015625 1.037109375 -0.48046875 1.4453125 -0.015625 1.037109375 -0.48046875 1.4453125 -0.015625 1.037109375 -0.37890625 0.640625 -0.91015625 1.005859375 -0.91015625 1.005859375 0.345703125 0.26953125 -2.23046875 2.298828125 -2.23046875 2.298828125 0.345703125 0.26953125 -0.37890625 0.640625 0.345703125 0.26953125 -1.91015625 1.904296875 -1.91015625 1.904296875 -1.4453125 1.44921875 -1.4453125 1.44921875</float_array>
                    <technique_common>
                        <accessor count="726" source="#uvarrayMesh0_1" stride="2">
                            <param name="S" type="float"/>
                            <param name="T" type="float"/>
                        </accessor>
                    </technique_common>
                </source>
                <source id="colorsMesh0_1">
                    <float_array id="colorarrayMesh0_1" count="2904">0 0.9450980392156862 0 1 0 0.9450980392156862 0 1 0 0.9450980392156862 0 1 0 0.9450980392156862 0 1 0 0.9450980392156862 0 1 0 0.9450980392156862 0 1 0 0.9450980392156862 0 1 0 0.9450980392156862 0 1 0 0.9450980392156862 0 1 0.12156862745098039 0.7529411764705882 0 1 0.12156862745098039 0.7529411764705882 0 1 0.12156862745098039 0.7529411764705882 0 1 0.12156862745098039 0.7529411764705882 0 1 0 0.9450980392156862 0 1 0 0.9450980392156862 0 1 0 0.9450980392156862 0 1 0 0.9450980392156862 0 1 0 0.9450980392156862 0 1 0 0.9450980392156862 0 1 0 0.9450980392156862 0 1 0 0.9450980392156862 0 1 0 0.9450980392156862 0 1 0 0.9450980392156862 0 1 0 0.9450980392156862 0 1 0 0.9450980392156862 0 1 0 0.9450980392156862 0 1 0 0.9450980392156862 0 1 0 0.9450980392156862 0 1 0.396078431372549 0.4980392156862745 1 1 0.396078431372549 0.4980392156862745 1 1 0.396078431372549 0.4980392156862745 1 1 0.396078431372549 0.4980392156862745 1 1 0.396078431372549 0.4980392156862745 1 1 0.396078431372549 0.4980392156862745 1 1 0.396078431372549 0.4980392156862745 1 1 0.396078431372549 0.4980392156862745 1 1 0.396078431372549 0.4980392156862745 1 1 0.396078431372549 0.4980392156862745 1 1 0.396078431372549 0.4980392156862745 1 1 0.396078431372549 0.4980392156862745 1 1 0.396078431372549 0.4980392156862745 1 1 0.396078431372549 0.4980392156862745 1 1 0.396078431372549 0.4980392156862745 1 1 0.396078431372549 0.4980392156862745 1 1 0.396078431372549 0.4980392156862745 1 1 0.396078431372549 0.4980392156862745 1 1 0.396078431372549 0.4980392156862745 1 1 0.396078431372549 0.4980392156862745 1 1 0.396078431372549 0.4980392156862745 1 1 0.396078431372549 0.4980392156862745 1 1 0.396078431372549 0.4980392156862745 1 1 0.396078431372549 0.4980392156862745 1 1 0.396078431372549 0.4980392156862745 1 1 0.396078431372549 0.4980392156862745 1 1 0.396078431372549 0.4980392156862745 1 1 0.396078431372549 0.4980392156862745 1 1 0.396078431372549 0.4980392156862745 1 1 0.396078431372549 0.4980392156862745 1 1 0.396078431372549 0.4980392156862745 1 1 0.396078431372549 0.4980392156862745 1 1 0.396078431372549 0.4980392156862745 1 1 0.396078431372549 0.4980392156862745 1 1 0.396078431372549 0.4980392156862745 1 1 0.12549019607843137 0.2235294117647059 0.8980392156862745 1 0.12549019607843137 0.2235294117647059 0.8980392156862745 1 0.12549019607843137 0.2235294117647059 0.8980392156862745 1 0.12549019607843137 0.2235294117647059 0.8980392156862745 1 0.12549019607843137 0.2235294117647059 0.8980392156862745 1 0.12549019607843137 0.2235294117647059 0.8980392156862745 1 0.07058823529411765 0.12549019607843137 0.5058823529411764 1 0.07058823529411765 0.12549019607843137 0.5058823529411764 1 0.07058823529411765 0.12549019607843137 0.5058823529411764 1 0.07058823529411765 0.12549019607843137 0.5058823529411764 1 0.09411764705882353 0.16862745098039217 0.6784313725490196 1 0.09411764705882353 0.16862745098039217 0.6784313725490196 1 0.09411764705882353 0.16862745098039217 0.6784313725490196 1 0.09411764705882353 0.16862745098039217 0.6784313725490196 1 0.10196078431372549 0.1803921568627451 0.7333333333333333 1 0.10196078431372549 0.1803921568627451 0.7333333333333333 1 0.10196078431372549 0.1803921568627451 0.7333333333333333 1 0.10196078431372549 0.1803921568627451 0.7333333333333333 1 0.12549019607843137 0.2235294117647059 0.8980392156862745 1 0.12549019607843137 0.2235294117647059 0.8980392156862745 1 0.12549019607843137 0.2235294117647059 0.8980392156862745 1 0.12549019607843137 0.2235294117647059 0.8980392156862745 1 0.12549019607843137 0.2235294117647059 0.8980392156862745 1 0.12549019607843137 0.2235294117647059 0.8980392156862745 1 0.06274509803921569 0.10980392156862745 0.45098039215686275 1 0.06274509803921569 0.10980392156862745 0.45098039215686275 1 0.06274509803921569 0.10980392156862745 0.45098039215686275 1 0.06274509803921569 0.10980392156862745 0.45098039215686275 1 0.12549019607843137 0.2235294117647059 0.8980392156862745 1 0.12549019607843137 0.2235294117647059 0.8980392156862745 1 0.12549019607843137 0.2235294117647059 0.8980392156862745 1 0.07450980392156863 0.3137254901960784 0.5490196078431373 1 0.07450980392156863 0.3137254901960784 0.5490196078431373 1 0.07450980392156863 0.3137254901960784 0.5490196078431373 1 0.07450980392156863 0.3137254901960784 0.5490196078431373 1 0.12549019607843137 0.2235294117647059 0.8980392156862745 1 0.12549019607843137 0.2235294117647059 0.8980392156862745 1 0.12549019607843137 0.2235294117647059 0.8980392156862745 1 0.12549019607843137 0.2235294117647059 0.8980392156862745 1 0.08627450980392157 0.15294117647058825 0.6196078431372549 1 0.08627450980392157 0.15294117647058825 0.6196078431372549 1 0.08627450980392157 0.15294117647058825 0.6196078431372549 1 0.08627450980392157 0.15294117647058825 0.6196078431372549 1 0.0784313725490196 0.13725490196078433 0.5647058823529412 1 0.0784313725490196 0.13725490196078433 0.5647058823529412 1 0.0784313725490196 0.13725490196078433 0.5647058823529412 1 0.12549019607843137 0.2235294117647059 0.8980392156862745 1 0.06274509803921569 0.10980392156862745 0.45098039215686275 1 0.06274509803921569 0.10980392156862745 0.45098039215686275 1 0.06274509803921569 0.10980392156862745 0.45098039215686275 1 0.06274509803921569 0.10980392156862745 0.45098039215686275 1 0.0784313725490196 0.13725490196078433 0.5647058823529412 1 0.0784313725490196 0.13725490196078433 0.5647058823529412 1 0.0784313725490196 0.13725490196078433 0.5647058823529412 1 0.12549019607843137 0.2235294117647059 0.8980392156862745 1 0.12549019607843137 0.2235294117647059 0.8980392156862745 1 0.12549019607843137 0.2235294117647059 0.8980392156862745 1 0.12549019607843137 0.2235294117647059 0.8980392156862745 1 0.12549019607843137 0.2235294117647059 0.8980392156862745 1 0.12549019607843137 0.2235294117647059 0.8980392156862745 1 0.12549019607843137 0.2235294117647059 0.8980392156862745 1 0.12549019607843137 0.2235294117647059 0.8980392156862745 1 0.12549019607843137 0.2235294117647059 0.8980392156862745 1 0.12549019607843137 0.2235294117647059 0.8980392156862745 1 0.12549019607843137 0.2235294117647059 0.8980392156862745 1 0.12549019607843137 0.2235294117647059 0.8980392156862745 1 0.12549019607843137 0.2235294117647059 0.8980392156862745 1 0.12549019607843137 0.2235294117647059 0.8980392156862745 1 0.12549019607843137 0.2235294117647059 0.8980392156862745 1 0.08627450980392157 0.15294117647058825 0.6196078431372549 1 0.08627450980392157 0.15294117647058825 0.6196078431372549 1 0.08627450980392157 0.15294117647058825 0.6196078431372549 1 0.12549019607843137 0.2235294117647059 0.8980392156862745 1 0.12549019607843137 0.2235294117647059 0.8980392156862745 1 0.0784313725490196 0.13725490196078433 0.5647058823529412 1 0.0784313725490196 0.13725490196078433 0.5647058823529412 1 0.0784313725490196 0.13725490196078433 0.5647058823529412 1 0.0784313725490196 0.13725490196078433 0.5647058823529412 1 0.12549019607843137 0.2235294117647059 0.8980392156862745 1 0.12549019607843137 0.2235294117647059 0.8980392156862745 1 0.07058823529411765 0.12549019607843137 0.5058823529411764 1 0.07058823529411765 0.12549019607843137 0.5058823529411764 1 0.07058823529411765 0.12549019607843137 0.5058823529411764 1 0.08627450980392157 0.15294117647058825 0.6196078431372549 1 0.12549019607843137 0.2235294117647059 0.8980392156862745 1 0.12549019607843137 0.2235294117647059 0.8980392156862745 1 0.12549019607843137 0.2235294117647059 0.8980392156862745 1 0.08627450980392157 0.15294117647058825 0.6196078431372549 1 0.08627450980392157 0.15294117647058825 0.6196078431372549 1 0.08627450980392157 0.15294117647058825 0.6196078431372549 1 0.08627450980392157 0.15294117647058825 0.6196078431372549 1 0.12549019607843137 0.2235294117647059 0.8980392156862745 1 0.12549019607843137 0.2235294117647059 0.8980392156862745 1 0.12549019607843137 0.2235294117647059 0.8980392156862745 1 0.07058823529411765 0.12549019607843137 0.5058823529411764 1 0.0784313725490196 0.13725490196078433 0.5647058823529412 1 0.0784313725490196 0.13725490196078433 0.5647058823529412 1 0.0784313725490196 0.13725490196078433 0.5647058823529412 1 0.0784313725490196 0.13725490196078433 0.5647058823529412 1 0.07450980392156863 0.3137254901960784 0.5490196078431373 1 0.07450980392156863 0.3137254901960784 0.5490196078431373 1 0.07450980392156863 0.3137254901960784 0.5490196078431373 1 0.07450980392156863 0.3137254901960784 0.5490196078431373 1 0.12549019607843137 0.2235294117647059 0.8980392156862745 1 0.07058823529411765 0.12549019607843137 0.5058823529411764 1 0.07058823529411765 0.12549019607843137 0.5058823529411764 1 0.07058823529411765 0.12549019607843137 0.5058823529411764 1 0.07058823529411765 0.12549019607843137 0.5058823529411764 1 0.07058823529411765 0.12549019607843137 0.5058823529411764 1 0.07058823529411765 0.12549019607843137 0.5058823529411764 1 0.12549019607843137 0.2235294117647059 0.8980392156862745 1 0.12549019607843137 0.2235294117647059 0.8980392156862745 1 0.12549019607843137 0.2235294117647059 0.8980392156862745 1 0.12549019607843137 0.2235294117647059 0.8980392156862745 1 0.12549019607843137 0.2235294117647059 0.8980392156862745 1 0.12549019607843137 0.2235294117647059 0.8980392156862745 1 0.12549019607843137 0.2235294117647059 0.8980392156862745 1 0.12549019607843137 0.2235294117647059 0.8980392156862745 1 0 0.5450980392156862 0 1 0 0.5450980392156862 0 1 0 0.5450980392156862 0 1 0 0.3215686274509804 0 1 0 0.3215686274509804 0 1 0 0.3215686274509804 0 1 0 0.3215686274509804 0 1 0 0.7294117647058823 0 1 0 0.7294117647058823 0 1 0 0.7294117647058823 0 1 0 0.7294117647058823 0 1 0 0.6745098039215687 0 1 0 0.6745098039215687 0 1 0 0.6745098039215687 0 1 0 0.6745098039215687 0 1 0 0.4745098039215686 0 1 0 0.4745098039215686 0 1 0 0.4745098039215686 0 1 0 0.5450980392156862 0 1 0 0.29411764705882354 0 1 0 0.29411764705882354 0 1 0 0.29411764705882354 0 1 0 0.29411764705882354 0 1 0 0.3843137254901961 0 1 0 0.3843137254901961 0 1 0 0.3843137254901961 0 1 0 0.3843137254901961 0 1 0 0.4745098039215686 0 1 0 0.41568627450980394 0 1 0 0.41568627450980394 0 1 0 0.41568627450980394 0 1 0 0.6431372549019608 0 1 0 0.6431372549019608 0 1 0 0.6431372549019608 0 1 0 0.6431372549019608 0 1 0 0.4588235294117647 0 1 0 0.4588235294117647 0 1 0 0.4588235294117647 0 1 0 0.4588235294117647 0 1 0 0.7333333333333333 0 1 0 0.7333333333333333 0 1 0 0.7333333333333333 0 1 0 0.7333333333333333 0 1 0 0.32941176470588235 0 1 0 0.32941176470588235 0 1 0 0.32941176470588235 0 1 0 0.41568627450980394 0 1 0 0.32941176470588235 0 1 0 0.32941176470588235 0 1 0 0.32941176470588235 0 1 0 0.32941176470588235 0 1 0 0.6431372549019608 0 1 0 0.6431372549019608 0 1 0 0.6431372549019608 0 1 0 0.6431372549019608 0 1 0 0.32941176470588235 0 1 0 0.6509803921568628 0 1 0 0.6509803921568628 0 1 0 0.6509803921568628 0 1 0 0.5607843137254902 0 1 0 0.5607843137254902 0 1 0 0.5607843137254902 0 1 0 0.5607843137254902 0 1 0 0.7333333333333333 0 1 0 0.7333333333333333 0 1 0 0.7333333333333333 0 1 0 0.7333333333333333 0 1 0 0.5647058823529412 0 1 0 0.5647058823529412 0 1 0 0.5647058823529412 0 1 0 0.5647058823529412 0 1 0 0.35294117647058826 0 1 0 0.35294117647058826 0 1 0 0.35294117647058826 0 1 0 0.6509803921568628 0 1 0 0.4745098039215686 0 1 0 0.4745098039215686 0 1 0 0.4745098039215686 0 1 0 0.4745098039215686 0 1 0 0.29411764705882354 0 1 0 0.29411764705882354 0 1 0 0.29411764705882354 0 1 0 0.29411764705882354 0 1 0 0.35294117647058826 0 1 0 0.6941176470588235 0 1 0 0.6941176470588235 0 1 0 0.6941176470588235 0 1 0 0.7372549019607844 0 1 0 0.7372549019607844 0 1 0 0.7372549019607844 0 1 0 0.7372549019607844 0 1 0 0.4588235294117647 0 1 0 0.4588235294117647 0 1 0 0.4588235294117647 0 1 0 0.4588235294117647 0 1 0 0.32941176470588235 0 1 0 0.32941176470588235 0 1 0 0.32941176470588235 0 1 0 0.32941176470588235 0 1 0 0.6941176470588235 0 1 0 0.596078431372549 0 1 0 0.596078431372549 0 1 0 0.596078431372549 0 1 0 0.5411764705882353 0 1 0 0.5411764705882353 0 1 0 0.5411764705882353 0 1 0 0.5411764705882353 0 1 0 0.6941176470588235 0 1 0 0.6941176470588235 0 1 0 0.6941176470588235 0 1 0 0.6941176470588235 0 1 0 0.4627450980392157 0 1 0 0.4627450980392157 0 1 0 0.4627450980392157 0 1 0 0.7294117647058823 0 1 0 0.7294117647058823 0 1 0 0.7294117647058823 0 1 0 0.7294117647058823 0 1 0 0.7294117647058823 0 1 0 0.7294117647058823 0 1 0 0.7294117647058823 0 1 0 0.7294117647058823 0 1 0 0.5529411764705883 0 1 0 0.5529411764705883 0 1 0 0.5529411764705883 0 1 0 0.5529411764705883 0 1 0 0.6941176470588235 0 1 0 0.6941176470588235 0 1 0 0.6941176470588235 0 1 0 0.4627450980392157 0 1 0 0.2980392156862745 0 1 0 0.2980392156862745 0 1 0 0.2980392156862745 0 1 0 0.2980392156862745 0 1 0 0.4745098039215686 0 1 0 0.4745098039215686 0 1 0 0.4745098039215686 0 1 0 0.4745098039215686 0 1 0 0.6941176470588235 0 1 0 0.41568627450980394 0 1 0 0.41568627450980394 0 1 0 0.41568627450980394 0 1 0 0.41568627450980394 0 1 0 0.6431372549019608 0 1 0 0.6431372549019608 0 1 0 0.6431372549019608 0 1 0 0.6431372549019608 0 1 0.1843137254901961 1 0.1843137254901961 1 0.1843137254901961 1 0.1843137254901961 1 0.1843137254901961 1 0.1843137254901961 1 0.1843137254901961 1 0.1843137254901961 1 0.1843137254901961 1 0.1843137254901961 1 0.1843137254901961 1 0.1843137254901961 1 0.1843137254901961 1 0.1843137254901961 1 0.1843137254901961 1 0.1843137254901961 1 0.1843137254901961 1 0.1843137254901961 1 0.1843137254901961 1 0.1843137254901961 1 0.1843137254901961 1 0.1843137254901961 1 0.1843137254901961 1 0.1843137254901961 1 0.1843137254901961 1 0.1843137254901961 1 0.1843137254901961 1 0.1843137254901961 1 0.3843137254901961 0 0 1 0.3843137254901961 0 0 1 0.3843137254901961 0 0 1 0.3843137254901961 0 0 1 0.7725490196078432 0 0 1 0.7725490196078432 0 0 1 0.7725490196078432 0 0 1 0.7725490196078432 0 0 1 0.8313725490196079 0 0 1 0.8313725490196079 0 0 1 0.8313725490196079 0 0 1 0.8431372549019608 0 0 1 0.8431372549019608 0 0 1 0.8431372549019608 0 0 1 0.4196078431372549 0 0 1 0.4196078431372549 0 0 1 0.4196078431372549 0 0 1 0.5019607843137255 0 0 1 0.5019607843137255 0 0 1 0.5019607843137255 0 0 1 0.5019607843137255 0 0 1 0.3686274509803922 0 0 1 0.3686274509803922 0 0 1 0.3686274509803922 0 0 1 0.3686274509803922 0 0 1 0.5764705882352941 0 0 1 0.5764705882352941 0 0 1 0.5764705882352941 0 0 1 0.5764705882352941 0 0 1 0.8784313725490196 0 0 1 0.8784313725490196 0 0 1 0.8784313725490196 0 0 1 0.4196078431372549 0 0 1 0.6 0 0 1 0.6 0 0 1 0.6 0 0 1 0.6 0 0 1 0.5019607843137255 0 0 1 0.5019607843137255 0 0 1 0.5019607843137255 0 0 1 0.5019607843137255 0 0 1 0.8784313725490196 0 0 1 0.6 0 0 1 0.6 0 0 1 0.6 0 0 1 0.6313725490196078 0 0 1 0.6313725490196078 0 0 1 0.6313725490196078 0 0 1 0.6313725490196078 0 0 1 0.8431372549019608 0 0 1 0.8431372549019608 0 0 1 0.8431372549019608 0 0 1 0.8431372549019608 0 0 1 0.6745098039215687 0 0 1 0.6745098039215687 0 0 1 0.6745098039215687 0 0 1 0.6745098039215687 0 0 1 0.8901960784313725 0 0 1 0.8901960784313725 0 0 1 0.8901960784313725 0 0 1 0.6 0 0 1 0.8901960784313725 0 0 1 0.8901960784313725 0 0 1 0.8901960784313725 0 0 1 0.8901960784313725 0 0 1 0.8901960784313725 0 0 1 1 0.1843137254901961 0.1843137254901961 1 1 0.1843137254901961 0.1843137254901961 1 1 0.1843137254901961 0.1843137254901961 1 1 0.1843137254901961 0.1843137254901961 1 1 0.1843137254901961 0.1843137254901961 1 1 0.1843137254901961 0.1843137254901961 1 1 0.1843137254901961 0.1843137254901961 1 1 0.1843137254901961 0.1843137254901961 1 1 0.1843137254901961 0.1843137254901961 1 1 0.1843137254901961 0.1843137254901961 1 1 0.1843137254901961 0.1843137254901961 1 1 0.1843137254901961 0.1843137254901961 1 1 0.1843137254901961 0.1843137254901961 1 1 0.1843137254901961 0.1843137254901961 1 1 0.1843137254901961 0.1843137254901961 1 1 0.1843137254901961 0.1843137254901961 1 0.7294117647058823 0.7294117647058823 0 1 0.7294117647058823 0.7294117647058823 0 1 0.7294117647058823 0.7294117647058823 0 1 0.7294117647058823 0.7294117647058823 0 1 0.7294117647058823 0.7294117647058823 0 1 0.7294117647058823 0.7294117647058823 0 1 0.7294117647058823 0.7294117647058823 0 1 0.5450980392156862 0.5450980392156862 0 1 0.5450980392156862 0.5450980392156862 0 1 0.5450980392156862 0.5450980392156862 0 1 0.5450980392156862 0.5450980392156862 0 1 0.4196078431372549 0.4196078431372549 0 1 0.4196078431372549 0.4196078431372549 0 1 0.4196078431372549 0.4196078431372549 0 1 0.4196078431372549 0.4196078431372549 0 1 0.2627450980392157 0.2627450980392157 0 1 0.2627450980392157 0.2627450980392157 0 1 0.2627450980392157 0.2627450980392157 0 1 0.7137254901960784 0.7137254901960784 0 1 0.7137254901960784 0.7137254901960784 0 1 0.7137254901960784 0.7137254901960784 0 1 0.7137254901960784 0.7137254901960784 0 1 0.6431372549019608 0.6431372549019608 0 1 0.6431372549019608 0.6431372549019608 0 1 0.6431372549019608 0.6431372549019608 0 1 0.6431372549019608 0.6431372549019608 0 1 0.6941176470588235 0.6941176470588235 0 1 0.6941176470588235 0.6941176470588235 0 1 0.6941176470588235 0.6941176470588235 0 1 0.6941176470588235 0.6941176470588235 0 1 0.2627450980392157 0.2627450980392157 0 1 0.5450980392156862 0.5450980392156862 0 1 0.5450980392156862 0.5450980392156862 0 1 0.5450980392156862 0.5450980392156862 0 1 0.5058823529411764 0.5058823529411764 0 1 0.5058823529411764 0.5058823529411764 0 1 0.5058823529411764 0.5058823529411764 0 1 0.5058823529411764 0.5058823529411764 0 1 0.47058823529411764 0.47058823529411764 0 1 0.47058823529411764 0.47058823529411764 0 1 0.47058823529411764 0.47058823529411764 0 1 0.47058823529411764 0.47058823529411764 0 1 0.6431372549019608 0.6431372549019608 0 1 0.6431372549019608 0.6431372549019608 0 1 0.6431372549019608 0.6431372549019608 0 1 0.7137254901960784 0.7137254901960784 0 1 0.7137254901960784 0.7137254901960784 0 1 0.7137254901960784 0.7137254901960784 0 1 0.7137254901960784 0.7137254901960784 0 1 0.3176470588235294 0.3176470588235294 0 1 0.3176470588235294 0.3176470588235294 0 1 0.3176470588235294 0.3176470588235294 0 1 0.3176470588235294 0.3176470588235294 0 1 0.41568627450980394 0.41568627450980394 0 1 0.41568627450980394 0.41568627450980394 0 1 0.41568627450980394 0.41568627450980394 0 1 0.41568627450980394 0.41568627450980394 0 1 0.6941176470588235 0.6941176470588235 0 1 0.6941176470588235 0.6941176470588235 0 1 0.6941176470588235 0.6941176470588235 0 1 0.6431372549019608 0.6431372549019608 0 1 0.3176470588235294 0.3176470588235294 0 1 0.3176470588235294 0.3176470588235294 0 1 0.3176470588235294 0.3176470588235294 0 1 0.3176470588235294 0.3176470588235294 0 1 0.5137254901960784 0.5137254901960784 0 1 0.5137254901960784 0.5137254901960784 0 1 0.5137254901960784 0.5137254901960784 0 1 0.5137254901960784 0.5137254901960784 0 1 0.6941176470588235 0.6941176470588235 0 1 0.6313725490196078 0.6313725490196078 0 1 0.6313725490196078 0.6313725490196078 0 1 0.6313725490196078 0.6313725490196078 0 1 0.7372549019607844 0.7372549019607844 0 1 0.7372549019607844 0.7372549019607844 0 1 0.7372549019607844 0.7372549019607844 0 1 0.7372549019607844 0.7372549019607844 0 1 0.41568627450980394 0.41568627450980394 0 1 0.41568627450980394 0.41568627450980394 0 1 0.41568627450980394 0.41568627450980394 0 1 0.41568627450980394 0.41568627450980394 0 1 0.2980392156862745 0.2980392156862745 0 1 0.2980392156862745 0.2980392156862745 0 1 0.2980392156862745 0.2980392156862745 0 1 0.2980392156862745 0.2980392156862745 0 1 0.6941176470588235 0.6941176470588235 0 1 0.6941176470588235 0.6941176470588235 0 1 0.6941176470588235 0.6941176470588235 0 1 0.6313725490196078 0.6313725490196078 0 1 0.6431372549019608 0.6431372549019608 0 1 0.6431372549019608 0.6431372549019608 0 1 0.6431372549019608 0.6431372549019608 0 1 0.6431372549019608 0.6431372549019608 0 1 0.3843137254901961 0.3843137254901961 0 1 0.3843137254901961 0.3843137254901961 0 1 0.3843137254901961 0.3843137254901961 0 1 0.3843137254901961 0.3843137254901961 0 1 0.6941176470588235 0.6941176470588235 0 1 0.7137254901960784 0.7137254901960784 0 1 0.7137254901960784 0.7137254901960784 0 1 0.7137254901960784 0.7137254901960784 0 1 0.6941176470588235 0.6941176470588235 0 1 1 1 0.2235294117647059 1 1 1 0.2235294117647059 1 1 1 0.2235294117647059 1 1 1 0.2235294117647059 1 1 1 0.2235294117647059 1 1 1 0.2235294117647059 1 1 1 0.2235294117647059 1 1 1 0.2235294117647059 1 1 1 0.2235294117647059 1 1 1 0.2235294117647059 1 1 1 0.2235294117647059 1 1 1 0.2235294117647059 1 1 1 0.2235294117647059 1 1 1 0.2235294117647059 1 1 1 0.2235294117647059 1 1 1 0.2235294117647059 1 1 1 0.2235294117647059 1 1 1 0.2235294117647059 1 1 1 0.2235294117647059 1 1 1 0.2235294117647059 1 1 1 0.2235294117647059 1 1 1 0.2235294117647059 1 1 1 0.2235294117647059 1 1 1 0.2235294117647059 1 1 1 0.2235294117647059 1 1 1 0.2235294117647059 1 0.5843137254901961 0.5843137254901961 0.3803921568627451 1 0.5843137254901961 0.5843137254901961 0.3803921568627451 1 0.5843137254901961 0.5843137254901961 0.3803921568627451 1 0.5843137254901961 0.5843137254901961 0.3803921568627451 1 0.5843137254901961 0.5843137254901961 0.3803921568627451 1 0.5843137254901961 0.5843137254901961 0.3803921568627451 1 0.5843137254901961 0.5843137254901961 0.3803921568627451 1 0.4549019607843137 0.4549019607843137 0.3333333333333333 1 0.4549019607843137 0.4549019607843137 0.3333333333333333 1 0.4549019607843137 0.4549019607843137 0.3333333333333333 1 0.4549019607843137 0.4549019607843137 0.3333333333333333 1 0.21176470588235294 0.21176470588235294 0.13725490196078433 1 0.21176470588235294 0.21176470588235294 0.13725490196078433 1 0.21176470588235294 0.21176470588235294 0.13725490196078433 1 0.21176470588235294 0.21176470588235294 0.13725490196078433 1 0.21176470588235294 0.21176470588235294 0.13725490196078433 1 0.21176470588235294 0.21176470588235294 0.13725490196078433 1 0.21176470588235294 0.21176470588235294 0.13725490196078433 1 0.5843137254901961 0.5843137254901961 0.3803921568627451 1 0.5843137254901961 0.5843137254901961 0.3803921568627451 1 0.5843137254901961 0.5843137254901961 0.3803921568627451 1 0.5843137254901961 0.5843137254901961 0.3803921568627451 1 0.5843137254901961 0.5843137254901961 0.3803921568627451 1 0.21176470588235294 0.21176470588235294 0.13725490196078433 1 0.21176470588235294 0.21176470588235294 0.13725490196078433 1 0.21176470588235294 0.21176470588235294 0.13725490196078433 1 0.21176470588235294 0.21176470588235294 0.13725490196078433 1 0.21176470588235294 0.21176470588235294 0.13725490196078433 1 0.21176470588235294 0.21176470588235294 0.13725490196078433 1 0.4549019607843137 0.4549019607843137 0.3333333333333333 1 0.4549019607843137 0.4549019607843137 0.3333333333333333 1 0.4549019607843137 0.4549019607843137 0.3333333333333333 1 0.4549019607843137 0.4549019607843137 0.3333333333333333 1 0.21176470588235294 0.21176470588235294 0.13725490196078433 1 0.21176470588235294 0.21176470588235294 0.13725490196078433 1 0.21176470588235294 0.21176470588235294 0.13725490196078433 1 0.21176470588235294 0.21176470588235294 0.13725490196078433 1 0.21176470588235294 0.21176470588235294 0.13725490196078433 1 0.21176470588235294 0.21176470588235294 0.13725490196078433 1 0.4549019607843137 0.4549019607843137 0.3333333333333333 1 0.4549019607843137 0.4549019607843137 0.3333333333333333 1 0.4549019607843137 0.4549019607843137 0.3333333333333333 1 0.21176470588235294 0.21176470588235294 0.13725490196078433 1 0.6549019607843137 0.6549019607843137 0.4823529411764706 1 0.6549019607843137 0.6549019607843137 0.4823529411764706 1 0.6549019607843137 0.6549019607843137 0.4823529411764706 1 0.6549019607843137 0.6549019607843137 0.4823529411764706 1 0.21176470588235294 0.21176470588235294 0.13725490196078433 1 0.21176470588235294 0.21176470588235294 0.13725490196078433 1 0.4549019607843137 0.4549019607843137 0.3333333333333333 1 0.37254901960784315 0.37254901960784315 0.23921568627450981 1 0.37254901960784315 0.37254901960784315 0.23921568627450981 1 0.37254901960784315 0.37254901960784315 0.23921568627450981 1 0.6274509803921569 0.6196078431372549 0.43529411764705883 1 0.6274509803921569 0.6196078431372549 0.43529411764705883 1 0.6274509803921569 0.6196078431372549 0.43529411764705883 1 0.6274509803921569 0.6196078431372549 0.43529411764705883 1 0.5333333333333333 0.5333333333333333 0.34509803921568627 1 0.5333333333333333 0.5333333333333333 0.34509803921568627 1 0.5333333333333333 0.5333333333333333 0.34509803921568627 1 0.5333333333333333 0.5333333333333333 0.34509803921568627 1 0.6549019607843137 0.6549019607843137 0.4823529411764706 1 0.6549019607843137 0.6549019607843137 0.4823529411764706 1 0.6549019607843137 0.6549019607843137 0.4823529411764706 1 0.6549019607843137 0.6549019607843137 0.4823529411764706 1 0.21176470588235294 0.21176470588235294 0.13725490196078433 1 0.21176470588235294 0.21176470588235294 0.13725490196078433 1 0.21176470588235294 0.21176470588235294 0.13725490196078433 1 0.37254901960784315 0.37254901960784315 0.23921568627450981 1 0.5843137254901961 0.5843137254901961 0.3803921568627451 1 0.5843137254901961 0.5843137254901961 0.3803921568627451 1 0.5843137254901961 0.5843137254901961 0.3803921568627451 1 0.5843137254901961 0.5843137254901961 0.3803921568627451 1 0.6039215686274509 0.6039215686274509 0.4470588235294118 1 0.6039215686274509 0.6039215686274509 0.4470588235294118 1 0.6039215686274509 0.6039215686274509 0.4470588235294118 1 0.6039215686274509 0.6039215686274509 0.4470588235294118 1 0.21176470588235294 0.21176470588235294 0.13725490196078433 1 0.21176470588235294 0.21176470588235294 0.13725490196078433 1 0.21176470588235294 0.21176470588235294 0.13725490196078433 1 0.21176470588235294 0.21176470588235294 0.13725490196078433 1 0.21176470588235294 0.21176470588235294 0.13725490196078433 1 0.21176470588235294 0.21176470588235294 0.13725490196078433 1 0.21176470588235294 0.21176470588235294 0.13725490196078433 1 0.21176470588235294 0.21176470588235294 0.13725490196078433 1 0.21176470588235294 0.21176470588235294 0.13725490196078433 1 0.4549019607843137 0.4549019607843137 0.3333333333333333 1 0.4549019607843137 0.4549019607843137 0.3333333333333333 1 0.4549019607843137 0.4549019607843137 0.3333333333333333 1 0.4549019607843137 0.4549019607843137 0.3333333333333333 1 0.21176470588235294 0.21176470588235294 0.13725490196078433 1 0.21176470588235294 0.21176470588235294 0.13725490196078433 1 0.21176470588235294 0.21176470588235294 0.13725490196078433 1 0.21176470588235294 0.21176470588235294 0.13725490196078433 1 0.21176470588235294 0.21176470588235294 0.13725490196078433 1 0.21176470588235294 0.21176470588235294 0.13725490196078433 1 0.21176470588235294 0.21176470588235294 0.13725490196078433 1 0.21176470588235294 0.21176470588235294 0.13725490196078433 1 0.21176470588235294 0.21176470588235294 0.13725490196078433 1 0.21176470588235294 0.21176470588235294 0.13725490196078433 1 0.5333333333333333 0.5333333333333333 0.34509803921568627 1 0.5333333333333333 0.5333333333333333 0.34509803921568627 1 0.5333333333333333 0.5333333333333333 0.34509803921568627 1 0.5333333333333333 0.5333333333333333 0.34509803921568627 1 0.5058823529411764 0.5058823529411764 0.37254901960784315 1 0.5058823529411764 0.5058823529411764 0.37254901960784315 1 0.5058823529411764 0.5058823529411764 0.37254901960784315 1 0.21176470588235294 0.21176470588235294 0.13725490196078433 1 0.21176470588235294 0.21176470588235294 0.13725490196078433 1 0.25098039215686274 0.25098039215686274 0.1843137254901961 1 0.25098039215686274 0.25098039215686274 0.1843137254901961 1 0.25098039215686274 0.25098039215686274 0.1843137254901961 1 0.25098039215686274 0.25098039215686274 0.1843137254901961 1 0.21176470588235294 0.21176470588235294 0.13725490196078433 1 0.21176470588235294 0.21176470588235294 0.13725490196078433 1 0.5058823529411764 0.5058823529411764 0.37254901960784315 1 0.21176470588235294 0.21176470588235294 0.13725490196078433 1 0.21176470588235294 0.21176470588235294 0.13725490196078433 1 0.4235294117647059 0.4235294117647059 0.27450980392156865 1 0.4235294117647059 0.4235294117647059 0.27450980392156865 1 0.4235294117647059 0.4235294117647059 0.27450980392156865 1 0.4235294117647059 0.4235294117647059 0.27450980392156865 1 0.21176470588235294 0.21176470588235294 0.13725490196078433 1 0.41568627450980394 0.4549019607843137 0.3333333333333333 1 0.41568627450980394 0.4549019607843137 0.3333333333333333 1 0.41568627450980394 0.4549019607843137 0.3333333333333333 1 0.21176470588235294 0.21176470588235294 0.13725490196078433 1 0.5803921568627451 0.5686274509803921 0.4 1 0.5803921568627451 0.5686274509803921 0.4 1 0.5803921568627451 0.5686274509803921 0.4 1 0.5803921568627451 0.5686274509803921 0.4 1 0.21176470588235294 0.21176470588235294 0.13725490196078433 1 0.21176470588235294 0.21176470588235294 0.13725490196078433 1 0.41568627450980394 0.4549019607843137 0.3333333333333333 1 0.5058823529411764 0.5058823529411764 0.37254901960784315 1 0.5058823529411764 0.5058823529411764 0.37254901960784315 1 0.5058823529411764 0.5058823529411764 0.37254901960784315 1 0.5058823529411764 0.5058823529411764 0.37254901960784315 1 0.21176470588235294 0.21176470588235294 0.13725490196078433 1 0.21176470588235294 0.21176470588235294 0.13725490196078433 1 0.6392156862745098 0.6392156862745098 0.4117647058823529 1 0.6392156862745098 0.6392156862745098 0.4117647058823529 1 0.6392156862745098 0.6392156862745098 0.4117647058823529 1 0.6392156862745098 0.6392156862745098 0.4117647058823529 1 0.6392156862745098 0.6392156862745098 0.4117647058823529 1 0.6392156862745098 0.6392156862745098 0.4117647058823529 1 0.26666666666666666 0.26666666666666666 0.17254901960784313 1 0.26666666666666666 0.26666666666666666 0.17254901960784313 1 0.26666666666666666 0.26666666666666666 0.17254901960784313 1 0.6274509803921569 0.6196078431372549 0.43529411764705883 1 0.6274509803921569 0.6196078431372549 0.43529411764705883 1 0.6274509803921569 0.6196078431372549 0.43529411764705883 1 0.6274509803921569 0.6196078431372549 0.43529411764705883 1 0.41568627450980394 0.4549019607843137 0.3333333333333333 1 0.41568627450980394 0.4549019607843137 0.3333333333333333 1 0.41568627450980394 0.4549019607843137 0.3333333333333333 1 0.41568627450980394 0.4549019607843137 0.3333333333333333 1 0.5568627450980392 0.5568627450980392 0.40784313725490196 1 0.5568627450980392 0.5568627450980392 0.40784313725490196 1 0.5568627450980392 0.5568627450980392 0.40784313725490196 1 0.5568627450980392 0.5568627450980392 0.40784313725490196 1 0.21176470588235294 0.21176470588235294 0.13725490196078433 1 0.21176470588235294 0.21176470588235294 0.13725490196078433 1 0.21176470588235294 0.21176470588235294 0.13725490196078433 1 0.26666666666666666 0.26666666666666666 0.17254901960784313 1 0.21176470588235294 0.21176470588235294 0.13725490196078433 1 0.21176470588235294 0.21176470588235294 0.13725490196078433 1 0.21176470588235294 0.21176470588235294 0.13725490196078433 1 0.21176470588235294 0.21176470588235294 0.13725490196078433 1 0.21176470588235294 0.21176470588235294 0.13725490196078433 1 0.21176470588235294 0.21176470588235294 0.13725490196078433 1 0.21176470588235294 0.21176470588235294 0.13725490196078433 1 0.21176470588235294 0.21176470588235294 0.13725490196078433 1 0.21176470588235294 0.21176470588235294 0.13725490196078433 1</float_array>
                    <technique_common>
                        <accessor count="726" source="#colorarrayMesh0_1" stride="4">
                            <param name="R" type="float"/>
                            <param name="G" type="float"/>
                            <param name="B" type="float"/>
                            <param name="A" type="float"/>
                        </accessor>
                    </technique_common>
                </source>
                <vertices id="verticesMesh0_1">
                    <input semantic="POSITION" source="#pointsMesh0_1"/>
                </vertices>
                <polylist count="438" material="Material1">
                    <input offset="0" semantic="VERTEX" source="#verticesMesh0_1"/>
                    <input offset="1" semantic="TEXCOORD" source="#uvsMesh0_1" set="0"/>
                    <input offset="2" semantic="COLOR" source="#colorsMesh0_1" set="0"/>
                    <vcount>3 3 3 3 3 3 3 3 3 3 3 3 3 3 3 3 3 3 3 3 3 3 3 3 3 3 3 3 3 3 3 3 3 3 3 3 3 3 3 3 3 3 3 3 3 3 3 3 3 3 3 3 3 3 3 3 3 3 3 3 3 3 3 3 3 3 3 3 3 3 3 3 3 3 3 3 3 3 3 3 3 3 3 3 3 3 3 3 3 3 3 3 3 3 3 3 3 3 3 3 3 3 3 3 3 3 3 3 3 3 3 3 3 3 3 3 3 3 3 3 3 3 3 3 3 3 3 3 3 3 3 3 3 3 3 3 3 3 3 3 3 3 3 3 3 3 3 3 3 3 3 3 3 3 3 3 3 3 3 3 3 3 3 3 3 3 3 3 3 3 3 3 3 3 3 3 3 3 3 3 3 3 3 3 3 3 3 3 3 3 3 3 3 3 3 3 3 3 3 3 3 3 3 3 3 3 3 3 3 3 3 3 3 3 3 3 3 3 3 3 3 3 3 3 3 3 3 3 3 3 3 3 3 3 3 3 3 3 3 3 3 3 3 3 3 3 3 3 3 3 3 3 3 3 3 3 3 3 3 3 3 3 3 3 3 3 3 3 3 3 3 3 3 3 3 3 3 3 3 3 3 3 3 3 3 3 3 3 3 3 3 3 3 3 3 3 3 3 3 3 3 3 3 3 3 3 3 3 3 3 3 3 3 3 3 3 3 3 3 3 3 3 3 3 3 3 3 3 3 3 3 3 3 3 3 3 3 3 3 3 3 3 3 3 3 3 3 3 3 3 3 3 3 3 3 3 3 3 3 3 3 3 3 3 3 3 3 3 3 3 3 3 3 3 3 3 3 3 3 3 3 3 3 3 3 3 3 3 3 3 3 3 3 3 3 3 3 3 3 3 3 3 3 3 3 3 3 3 3 3 3 3 3 3 3 3 3 3 3 3 3 3 3 3 3 3 3 3 3 3 3 3 3 3 3 3 3 3</vcount>
                    <p>0 0 0 1 1 1 2 2 2 3 3 3 4 4 4 5 5 5 3 3 3 6 6 6 7 7 7 5 5 5 2 2 2 3 3 3 3 3 3 7 7 7 4 4 4 2 2 2 1 1 1 3 3 3 7 7 7 8 8 8 4 4 4 9 9 9 10 10 10 11 11 11 9 9 9 12 12 12 10 10 10 13 13 13 14 14 14 0 0 0 15 15 15 13 13 13 0 0 0 0 0 0 2 2 2 15 15 15 15 15 15 16 16 16 7 7 7 15 15 15 7 7 7 13 13 13 17 17 17 18 18 18 19 19 19 20 20 20 17 17 17 19 19 19 21 21 21 22 22 22 17 17 17 17 17 17 23 23 23 18 18 18 20 20 20 21 21 21 17 17 17 24 24 24 21 21 21 25 25 25 21 21 21 24 24 24 26 26 26 21 21 21 26 26 26 22 22 22 21 21 21 27 27 27 25 25 25 19 19 19 27 27 27 20 20 20 19 19 19 25 25 25 27 27 27 28 28 28 29 29 29 30 30 30 31 31 31 32 32 32 33 33 33 34 34 34 31 31 31 33 33 33 31 31 31 35 35 35 32 32 32 31 31 31 36 36 36 35 35 35 28 28 28 30 30 30 34 34 34 30 30 30 37 37 37 34 34 34 34 34 34 33 33 33 28 28 28 30 30 30 38 38 38 39 39 39 30 30 30 40 40 40 38 38 38 30 30 30 39 39 39 37 37 37 41 41 41 42 42 42 43 43 43 44 44 44 45 45 45 46 46 46 47 47 47 48 48 48 44 44 44 44 44 44 46 46 46 47 47 47 44 44 44 49 49 49 45 45 45 47 47 47 50 50 50 51 51 51 47 47 47 52 52 52 50 50 50 47 47 47 51 51 51 48 48 48 47 47 47 53 53 53 52 52 52 51 51 51 54 54 54 55 55 55 51 51 51 55 55 55 48 48 48 56 56 56 57 57 57 58 58 58 42 42 42 59 59 59 43 43 43 42 42 42 60 60 60 59 59 59 41 41 41 43 43 43 56 56 56 43 43 43 61 61 61 56 56 56 56 56 56 58 58 58 41 41 41 56 56 56 62 62 62 57 57 57 63 63 63 64 64 64 65 65 65 66 66 66 63 63 63 65 65 65 65 65 65 64 64 64 67 67 67 65 65 65 67 67 67 68 68 68 69 69 69 70 70 70 71 71 71 70 70 70 72 72 72 71 71 71 73 73 73 74 74 74 75 75 75 73 73 73 75 75 75 76 76 76 77 77 77 78 78 78 79 79 79 77 77 77 80 80 80 78 78 78 81 81 81 82 82 82 83 83 83 84 84 84 83 83 83 85 85 85 83 83 83 86 86 86 85 85 85 81 81 81 83 83 83 84 84 84 87 87 87 88 88 88 89 89 89 87 87 87 90 90 90 88 88 88 91 91 91 92 92 92 93 93 93 94 94 94 95 95 95 96 96 96 94 94 94 96 96 96 97 97 97 98 98 98 99 99 99 100 100 100 99 99 99 101 101 101 100 100 100 102 102 102 103 103 103 104 104 104 102 102 102 104 104 104 105 105 105 106 106 106 107 107 107 108 108 108 92 92 92 109 109 109 93 93 93 110 110 110 111 111 111 112 112 112 110 110 110 112 112 112 113 113 113 114 114 114 106 106 106 108 108 108 115 115 115 116 116 116 114 114 114 116 116 116 106 106 106 114 114 114 117 117 117 118 118 118 119 119 119 120 120 120 121 121 121 122 122 122 123 123 123 124 124 124 120 120 120 120 120 120 124 124 124 121 121 121 123 123 123 125 125 125 124 124 124 126 126 126 127 127 127 128 128 128 126 126 126 129 129 129 127 127 127 130 130 130 129 129 129 126 126 126 130 130 130 131 131 131 129 129 129 132 132 132 133 133 133 134 134 134 135 135 135 117 117 117 119 119 119 136 136 136 117 117 117 135 135 135 137 137 137 138 138 138 139 139 139 138 138 138 140 140 140 139 139 139 141 141 141 131 131 131 130 130 130 141 141 141 142 142 142 131 131 131 143 143 143 144 144 144 145 145 145 132 132 132 134 134 134 146 146 146 147 147 147 148 148 148 136 136 136 136 136 136 148 148 148 117 117 117 147 147 147 149 149 149 148 148 148 150 150 150 151 151 151 152 152 152 153 153 153 150 150 150 152 152 152 154 154 154 155 155 155 156 156 156 143 143 143 145 145 145 157 157 157 158 158 158 159 159 159 160 160 160 158 158 158 160 160 160 161 161 161 162 162 162 163 163 163 164 164 164 162 162 162 164 164 164 165 165 165 154 154 154 166 166 166 155 155 155 167 167 167 168 168 168 169 169 169 170 170 170 167 167 167 169 169 169 169 169 169 168 168 168 171 171 171 169 169 169 171 171 171 172 172 172 173 173 173 174 174 174 175 175 175 176 176 176 173 173 173 175 175 175 175 175 175 177 177 177 178 178 178 175 175 175 174 174 174 177 177 177 179 179 179 180 180 180 173 173 173 179 179 179 173 173 173 176 176 176 181 181 181 182 182 182 183 183 183 184 184 184 185 185 185 186 186 186 185 185 185 187 187 187 186 186 186 188 188 188 189 189 189 190 190 190 191 191 191 188 188 188 190 190 190 192 192 192 193 193 193 194 194 194 192 192 192 194 194 194 195 195 195 196 196 196 197 197 197 198 198 198 181 181 181 183 183 183 199 199 199 200 200 200 201 201 201 202 202 202 200 200 200 202 202 202 203 203 203 204 204 204 205 205 205 206 206 206 204 204 204 206 206 206 207 207 207 197 197 197 208 208 208 198 198 198 209 209 209 210 210 210 211 211 211 212 212 212 213 213 213 214 214 214 213 213 213 215 215 215 214 214 214 216 216 216 217 217 217 218 218 218 216 216 216 218 218 218 219 219 219 220 220 220 221 221 221 222 222 222 220 220 220 223 223 223 221 221 221 224 224 224 225 225 225 226 226 226 209 209 209 211 211 211 227 227 227 228 228 228 229 229 229 230 230 230 229 229 229 231 231 231 230 230 230 232 232 232 233 233 233 234 234 234 233 233 233 235 235 235 234 234 234 236 236 236 224 224 224 226 226 226 237 237 237 238 238 238 239 239 239 240 240 240 241 241 241 242 242 242 240 240 240 242 242 242 243 243 243 244 244 244 245 245 245 246 246 246 244 244 244 247 247 247 245 245 245 248 248 248 249 249 249 250 250 250 248 248 248 250 250 250 251 251 251 252 252 252 253 253 253 254 254 254 238 238 238 255 255 255 239 239 239 256 256 256 257 257 257 258 258 258 256 256 256 259 259 259 257 257 257 260 260 260 261 261 261 262 262 262 260 260 260 262 262 262 263 263 263 252 252 252 264 264 264 253 253 253 265 265 265 266 266 266 267 267 267 268 268 268 269 269 269 270 270 270 268 268 268 271 271 271 269 269 269 272 272 272 273 273 273 274 274 274 272 272 272 275 275 275 273 273 273 276 276 276 277 277 277 278 278 278 279 279 279 276 276 276 278 278 278 266 266 266 280 280 280 267 267 267 281 281 281 282 282 282 283 283 283 284 284 284 285 285 285 286 286 286 284 284 284 286 286 286 287 287 287 288 288 288 289 289 289 290 290 290 288 288 288 290 290 290 291 291 291 292 292 292 293 293 293 294 294 294 295 295 295 296 296 296 297 297 297 295 295 295 298 298 298 296 296 296 299 299 299 300 300 300 301 301 301 300 300 300 302 302 302 301 301 301 303 303 303 304 304 304 305 305 305 303 303 303 306 306 306 304 304 304 307 307 307 308 308 308 309 309 309 292 292 292 294 294 294 310 310 310 311 311 311 312 312 312 313 313 313 311 311 311 314 314 314 312 312 312 315 315 315 316 316 316 317 317 317 315 315 315 318 318 318 316 316 316 319 319 319 307 307 307 309 309 309 320 320 320 321 321 321 322 322 322 320 320 320 323 323 323 321 321 321 324 324 324 325 325 325 326 326 326 324 324 324 326 326 326 327 327 327 328 328 328 329 329 329 330 330 330 330 330 330 331 331 331 328 328 328 332 332 332 333 333 333 329 329 329 332 332 332 334 334 334 333 333 333 335 335 335 334 334 334 332 332 332 335 335 335 336 336 336 337 337 337 335 335 335 332 332 332 336 336 336 335 335 335 337 337 337 338 338 338 331 331 331 337 337 337 336 336 336 331 331 331 339 339 339 340 340 340 331 331 331 340 340 340 341 341 341 331 331 331 341 341 341 337 337 337 331 331 331 330 330 330 339 339 339 342 342 342 343 343 343 344 344 344 342 342 342 344 344 344 345 345 345 346 346 346 347 347 347 348 348 348 346 346 346 349 349 349 347 347 347 350 350 350 351 351 351 352 352 352 353 353 353 354 354 354 355 355 355 356 356 356 357 357 357 358 358 358 359 359 359 360 360 360 361 361 361 360 360 360 362 362 362 361 361 361 363 363 363 364 364 364 365 365 365 364 364 364 366 366 366 365 365 365 367 367 367 368 368 368 369 369 369 367 367 367 370 370 370 368 368 368 371 371 371 372 372 372 373 373 373 374 374 374 356 356 356 358 358 358 375 375 375 376 376 376 377 377 377 376 376 376 378 378 378 377 377 377 379 379 379 380 380 380 381 381 381 379 379 379 381 381 381 382 382 382 371 371 371 383 383 383 372 372 372 384 384 384 385 385 385 386 386 386 387 387 387 388 388 388 389 389 389 388 388 388 390 390 390 389 389 389 391 391 391 392 392 392 393 393 393 391 391 391 393 393 393 394 394 394 395 395 395 396 396 396 397 397 397 395 395 395 397 397 397 398 398 398 399 399 399 400 400 400 401 401 401 385 385 385 402 402 402 386 386 386 403 403 403 404 404 404 405 405 405 403 403 403 406 406 406 404 404 404 399 399 399 407 407 407 400 400 400 408 408 408 409 409 409 410 410 410 411 411 411 412 412 412 413 413 413 414 414 414 411 411 411 413 413 413 415 415 415 416 416 416 417 417 417 415 415 415 418 418 418 419 419 419 419 419 419 420 420 420 415 415 415 415 415 415 417 417 417 421 421 421 415 415 415 421 421 421 418 418 418 419 419 419 408 408 408 420 420 420 408 408 408 422 422 422 420 420 420 408 408 408 410 410 410 422 422 422 408 408 408 423 423 423 409 409 409 424 424 424 425 425 425 426 426 426 427 427 427 428 428 428 429 429 429 428 428 428 430 430 430 429 429 429 431 431 431 432 432 432 433 433 433 431 431 431 433 433 433 434 434 434 435 435 435 436 436 436 437 437 437 435 435 435 437 437 437 438 438 438 439 439 439 440 440 440 441 441 441 442 442 442 443 443 443 444 444 444 442 442 442 444 444 444 445 445 445 446 446 446 447 447 447 448 448 448 446 446 446 448 448 448 449 449 449 450 450 450 451 451 451 452 452 452 451 451 451 453 453 453 452 452 452 439 439 439 454 454 454 440 440 440 455 455 455 456 456 456 457 457 457 458 458 458 459 459 459 460 460 460 458 458 458 460 460 460 461 461 461 462 462 462 463 463 463 464 464 464 462 462 462 464 464 464 465 465 465 466 466 466 467 467 467 468 468 468 469 469 469 470 470 470 471 471 471 469 469 469 471 471 471 472 472 472 473 473 473 474 474 474 475 475 475 473 473 473 475 475 475 476 476 476 477 477 477 478 478 478 479 479 479 477 477 477 479 479 479 480 480 480 481 481 481 482 482 482 483 483 483 466 466 466 468 468 468 484 484 484 485 485 485 486 486 486 487 487 487 485 485 485 488 488 488 486 486 486 489 489 489 490 490 490 491 491 491 490 490 490 492 492 492 491 491 491 481 481 481 483 483 483 493 493 493 494 494 494 495 495 495 496 496 496 497 497 497 498 498 498 499 499 499 498 498 498 500 500 500 499 499 499 501 501 501 502 502 502 503 503 503 502 502 502 504 504 504 503 503 503 505 505 505 506 506 506 507 507 507 505 505 505 507 507 507 508 508 508 509 509 509 510 510 510 511 511 511 494 494 494 496 496 496 512 512 512 513 513 513 514 514 514 515 515 515 516 516 516 513 513 513 515 515 515 517 517 517 518 518 518 519 519 519 518 518 518 520 520 520 519 519 519 509 509 509 511 511 511 521 521 521 522 522 522 523 523 523 524 524 524 522 522 522 524 524 524 525 525 525 526 526 526 527 527 527 528 528 528 529 529 529 530 530 530 531 531 531 529 529 529 532 532 532 530 530 530 533 533 533 530 530 530 534 534 534 533 533 533 531 531 531 530 530 530 531 531 531 535 535 535 536 536 536 533 533 533 535 535 535 531 531 531 526 526 526 531 531 531 536 536 536 526 526 526 537 537 537 531 531 531 533 533 533 538 538 538 528 528 528 528 528 528 527 527 527 533 533 533 533 533 533 534 534 534 538 538 538 526 526 526 536 536 536 527 527 527 526 526 526 539 539 539 537 537 537 540 540 540 541 541 541 542 542 542 540 540 540 543 543 543 541 541 541 540 540 540 544 544 544 543 543 543 540 540 540 545 545 545 546 546 546 540 540 540 546 546 546 544 544 544 547 547 547 542 542 542 541 541 541 547 547 547 548 548 548 542 542 542 547 547 547 541 541 541 549 549 549 547 547 547 545 545 545 548 548 548 547 547 547 550 550 550 551 551 551 547 547 547 546 546 546 545 545 545 547 547 547 551 551 551 546 546 546 552 552 552 553 553 553 554 554 554 555 555 555 556 556 556 557 557 557 555 555 555 557 557 557 558 558 558 559 559 559 560 560 560 561 561 561 559 559 559 562 562 562 560 560 560 563 563 563 564 564 564 565 565 565 563 563 563 566 566 566 564 564 564 567 567 567 568 568 568 569 569 569 552 552 552 570 570 570 553 553 553 571 571 571 572 572 572 573 573 573 571 571 571 574 574 574 572 572 572 575 575 575 576 576 576 577 577 577 575 575 575 577 577 577 568 568 568 567 567 567 575 575 575 568 568 568 578 578 578 579 579 579 580 580 580 581 581 581 582 582 582 583 583 583 581 581 581 584 584 584 582 582 582 585 585 585 586 586 586 587 587 587 585 585 585 588 588 588 586 586 586 579 579 579 589 589 589 580 580 580 579 579 579 590 590 590 589 589 589 591 591 591 592 592 592 593 593 593 578 578 578 580 580 580 594 594 594 595 595 595 596 596 596 597 597 597 595 595 595 598 598 598 596 596 596 599 599 599 567 567 567 569 569 569 599 599 599 569 569 569 600 600 600 591 591 591 593 593 593 601 601 601 602 602 602 603 603 603 604 604 604 605 605 605 606 606 606 607 607 607 605 605 605 607 607 607 608 608 608 609 609 609 610 610 610 611 611 611 610 610 610 609 609 609 612 612 612 613 613 613 614 614 614 615 615 615 613 613 613 615 615 615 616 616 616 617 617 617 618 618 618 619 619 619 602 602 602 620 620 620 603 603 603 621 621 621 622 622 622 623 623 623 621 621 621 624 624 624 622 622 622 625 625 625 626 626 626 627 627 627 625 625 625 628 628 628 626 626 626 617 617 617 619 619 619 629 629 629 630 630 630 629 629 629 631 631 631 630 630 630 617 617 617 629 629 629 632 632 632 633 633 633 634 634 634 632 632 632 635 635 635 633 633 633 636 636 636 632 632 632 634 634 634 636 636 636 634 634 634 637 637 637 638 638 638 639 639 639 640 640 640 638 638 638 640 640 640 641 641 641 642 642 642 643 643 643 644 644 644 643 643 643 645 645 645 646 646 646 643 643 643 646 646 646 644 644 644 645 645 645 647 647 647 646 646 646 642 642 642 644 644 644 648 648 648 645 645 645 649 649 649 647 647 647 650 650 650 642 642 642 648 648 648 650 650 650 648 648 648 651 651 651 652 652 652 653 653 653 654 654 654 652 652 652 654 654 654 655 655 655 656 656 656 657 657 657 658 658 658 659 659 659 636 636 636 637 637 637 659 659 659 637 637 637 660 660 660 661 661 661 662 662 662 663 663 663 661 661 661 664 664 664 662 662 662 665 665 665 630 630 630 631 631 631 665 665 665 631 631 631 666 666 666 656 656 656 658 658 658 667 667 667 668 668 668 650 650 650 651 651 651 668 668 668 651 651 651 669 669 669 670 670 670 671 671 671 672 672 672 670 670 670 672 672 672 673 673 673 674 674 674 659 659 659 660 660 660 675 675 675 676 676 676 677 677 677 674 674 674 660 660 660 678 678 678 679 679 679 680 680 680 681 681 681 679 679 679 682 682 682 680 680 680 683 683 683 668 668 668 669 669 669 683 683 683 669 669 669 684 684 684 675 675 675 685 685 685 676 676 676 686 686 686 687 687 687 688 688 688 686 686 686 689 689 689 687 687 687 690 690 690 665 665 665 666 666 666 690 690 690 666 666 666 691 691 691 692 692 692 693 693 693 694 694 694 692 692 692 694 694 694 695 695 695 693 693 693 696 696 696 694 694 694 693 693 693 697 697 697 696 696 696 698 698 698 699 699 699 700 700 700 701 701 701 702 702 702 703 703 703 701 701 701 703 703 703 704 704 704 705 705 705 706 706 706 707 707 707 705 705 705 707 707 707 708 708 708 709 709 709 710 710 710 711 711 711 709 709 709 712 712 712 710 710 710 713 713 713 714 714 714 715 715 715 698 698 698 716 716 716 699 699 699 717 717 717 690 690 690 691 691 691 717 717 717 691 691 691 718 718 718 719 719 719 720 720 720 721 721 721 719 719 719 713 713 713 720 720 720 713 713 713 715 715 715 720 720 720 722 722 722 717 717 717 718 718 718 722 722 722 718 718 718 723 723 723 714 714 714 724 724 724 725 725 725 714 714 714 725 725 725 715 715 715 724 724 724 722 722 722 723 723 723 724 724 724 723 723 723 725 725 725</p>
                </polylist>
            </mesh>
        </geometry>
        <geometry id="meshMesh1_1">
            <mesh>
                <source id="pointsMesh1_1">
                    <float_array id="pointarrayMesh1_1" count="2265">605 208 -143 453 27 -276 453 130 -98 474 139 -56 610 209 -97 478 -93 77 458 -121 46 458 -224 -130 605 105 -321 604 -359 -52 604 -257 124 952 -190 86 1016 -32 -241 1016 69 -63 952 -293 -90 1016 69 -63 992 81 -23 935 -153 112 952 -190 86 610 -215 148 604 -257 124 604 -257 124 952 -293 -90 952 -190 86 604 -359 -52 1016 69 -63 802 106 -321 802 208 -144 1016 -32 -241 740 -40 0 683 -152 -172 683 -49 4 802 208 -144 992 81 -23 1016 69 -63 796 209 -97 756 -16 -13 740 -142 -177 756 -119 -191 752 -37 45 783 8 18 701 22 -36 683 -49 4 662 -111 -195 662 -9 -18 701 -80 -214 683 -49 4 671 -50 52 740 -40 0 752 -37 45 756 -16 -13 783 8 18 700 67 -15 701 22 -36 683 -152 -172 802 208 -144 662 -9 -18 662 -111 -195 701 -80 -214 701 22 -36 662 -9 -18 671 -50 52 683 -49 4 636 16 14 701 22 -36 700 67 -15 662 -9 -18 636 16 14 458 335 -204 243 232 -382 243 335 -204 802 106 -321 604 -257 124 610 -215 148 478 -93 77 458 -121 46 610 209 -97 796 209 -97 802 208 -144 605 208 -143 458 232 -382 496 -198 151 256 -197 150 517 -238 126 236 -340 -51 236 -237 126 263 335 -157 256 -197 150 517 -341 -51 236 -237 126 236 -340 -51 517 -238 126 437 336 -157 243 335 -204 263 335 -157 236 -237 126 517 -238 126 458 232 -382 458 335 -204 517 -341 -51 496 -198 151 517 -238 126 458 335 -204 437 336 -157 458 335 -204 0 -143 79 119 -353 -44 119 -247 139 119 -247 139 119 -353 -44 331 -204 -130 331 -98 53 331 -98 53 120 -201 160 119 -247 139 295 -78 89 331 -98 53 180 -105 -187 180 0 -4 331 -204 -130 -2 -208 116 0 -249 -104 0 -143 79 0 -249 -104 180 0 -4 142 22 30 295 -78 89 331 -98 53 180 0 -4 250 -64 -211 250 41 -27 180 -105 -187 -2 -314 -66 246 263 -155 230 73 1 250 41 -27 119 -247 139 120 -201 160 0 -143 79 -19 -79 89 -241 -216 121 -241 -322 -62 -2 -314 -66 -2 -208 116 250 41 -27 250 -64 -211 246 157 -339 246 263 -155 -2 -208 116 -22 -169 141 -220 -176 145 226 271 -113 142 22 30 180 0 -4 0 -143 79 -19 -79 89 -2 -208 116 -22 -169 141 -241 -216 121 -3 162 -97 -3 56 -281 36 26 -263 246 263 -155 246 157 -339 17 255 -396 17 361 -212 -238 255 -395 -238 361 -212 36 132 -80 -3 -7 -244 -3 98 -60 68 154 -45 36 132 -80 68 154 -45 -23 222 -84 -24 75 0 -3 -7 -244 -3 56 -281 -3 162 -97 -3 98 -60 17 361 -212 226 271 -113 246 263 -155 12 362 -165 -3 162 -97 -3 162 -97 -23 222 -84 -3 98 -60 -24 75 0 -241 -322 -62 -241 -216 121 -218 362 -165 -220 -176 145 -238 361 -212 12 362 -165 17 361 -212 -218 362 -165 -416 -142 108 -407 -341 -50 -407 -223 154 -407 -223 154 -104 -342 -50 -104 -223 155 -407 -341 -50 -104 -223 155 -134 -183 179 -388 -183 179 -407 -223 154 -397 -107 135 -416 -261 -97 -568 -94 80 -416 -261 -97 -416 -142 108 -388 -183 179 -894 -81 72 -646 -285 -83 -646 -167 122 -894 -200 -132 -646 -167 122 -646 -285 -83 -568 -213 -124 -568 -94 80 -568 -213 -124 -104 -223 155 -104 -342 -50 -324 196 -361 -646 -167 122 -651 -124 144 -894 -81 72 -861 -51 103 -573 -52 103 -651 -124 144 -646 -167 122 -568 -94 80 -416 -142 108 -573 -52 103 -568 -94 80 -397 -107 135 -466 127 -47 -466 9 -253 -449 -59 -214 -324 315 -156 -324 315 -156 -134 -183 179 -104 -223 155 -339 318 -110 -449 59 -8 -505 -41 -224 -505 77 -18 -537 87 22 -420 50 43 -449 59 -8 -324 315 -156 -544 238 -386 -544 357 -180 -894 -81 72 -536 356 -132 -894 -200 -132 -324 196 -361 -861 -51 103 -505 77 -18 -466 9 -253 -466 127 -47 -505 -41 -224 -536 356 -132 -339 318 -110 -324 315 -156 -505 77 -18 -449 59 -8 -457 194 -38 -466 127 -47 -420 50 43 -466 127 -47 -537 87 22 -505 77 -18 -457 194 -38 -544 357 -180 -757 -165 198 -776 -214 179 -540 -80 149 -776 -214 179 -776 -346 -48 -514 -243 -107 -514 -112 120 -782 -30 73 -782 -161 -154 -776 -346 -48 -776 -214 179 -757 -165 198 -762 -2 104 -844 40 32 -844 -91 -195 -900 393 -171 -900 261 -399 -938 184 -355 -514 -112 120 -685 339 -140 -701 343 -95 -849 95 47 -844 40 32 -762 -2 104 -782 -30 73 -685 339 -140 -888 390 -122 -938 316 -127 -1284 -214 179 -1284 -345 -48 -992 -344 -49 -685 207 -368 -514 -112 120 -685 207 -368 -685 339 -140 -514 -243 -107 -701 343 -95 -685 339 -140 -900 393 -171 -888 390 -122 -992 -213 178 -992 -213 178 -1007 -161 -155 -1007 -30 72 -1259 -174 203 -1284 -214 179 -1015 -173 202 -992 -213 178 -1161 385 -167 -1284 -345 -48 -1284 -214 179 -1161 254 -395 -963 386 -167 -1259 -174 203 -1144 386 -120 -963 254 -395 -933 -127 128 -933 -258 -98 -844 -91 -195 -992 -344 -49 -1015 -173 202 -1007 -30 72 -1033 57 69 -992 -213 178 -1007 -30 72 -1007 -161 -155 -933 -258 -98 -933 -127 128 -844 40 32 -938 316 -127 -963 254 -395 -963 386 -167 -1033 57 69 -933 -127 128 -936 -69 142 -1007 -30 72 -936 -69 142 -844 40 32 -849 95 47 -933 -127 128 -977 387 -120 -1161 385 -167 -1144 386 -120 -963 386 -167 -938 184 -355 -941 285 -61 -941 285 -61 -963 386 -167 -977 387 -120 -938 316 -127 130 803 -494 130 693 -684 173 243 -424 173 352 -234 152 804 -447 192 393 -210 447 806 -496 447 696 -685 344 596 -327 361 616 -386 334 706 -391 358 644 -403 640 460 -296 640 350 -486 532 419 -525 532 528 -336 549 734 -454 447 696 -685 447 806 -496 562 551 -349 549 625 -644 549 734 -454 562 442 -539 529 744 -413 447 806 -496 532 528 -336 532 419 -525 562 442 -539 562 551 -349 549 625 -644 440 807 -449 604 480 -260 640 460 -296 497 547 -299 532 528 -336 497 547 -299 562 551 -349 541 581 -318 532 528 -336 549 734 -454 529 744 -413 361 616 -386 361 506 -576 358 644 -403 381 356 -236 379 298 -456 379 408 -266 381 246 -426 358 644 -403 358 535 -592 379 630 -394 379 520 -584 361 506 -576 361 616 -386 344 596 -327 411 652 -360 440 807 -449 130 803 -494 152 804 -447 358 535 -592 334 706 -391 358 644 -403 379 630 -394 411 652 -360 360 395 -211 379 408 -266 357 475 -258 381 356 -236 447 806 -496 379 408 -266 379 298 -456 459 226 -414 173 352 -234 173 243 -424 381 246 -426 381 356 -236 173 352 -234 381 356 -236 360 395 -211 192 393 -210 357 475 -258 379 408 -266 459 336 -224 461 382 -203 -229 755 -449 -229 648 -634 -123 366 -224 459 336 -224 461 382 -203 459 336 -224 604 480 -260 640 460 -296 459 336 -224 640 350 -486 640 460 -296 459 226 -414 165 798 -473 115 645 -385 165 691 -659 165 798 -473 165 691 -659 -123 366 -224 -203 759 -404 -229 755 -449 -107 408 -201 248 421 -256 248 314 -441 167 449 -519 167 556 -334 115 538 -571 130 545 -328 130 438 -513 129 539 -571 167 556 -334 130 438 -513 130 545 -328 167 449 -519 129 646 -386 129 539 -571 115 538 -571 115 645 -385 167 556 -334 215 457 -229 248 421 -256 157 554 -285 129 646 -386 108 645 -338 109 566 -292 129 646 -386 137 795 -425 115 645 -385 165 798 -473 108 645 -374 97 675 -355 -123 366 -224 -123 259 -409 248 314 -441 248 421 -256 121 543 -307 130 545 -328 53 523 -315 32 522 -314 4 560 -289 34 517 -311 157 554 -285 167 556 -334 21 514 -262 108 645 -374 97 675 -355 21 639 -378 21 514 -262 34 517 -311 5 676 -356 0 638 -334 129 646 -386 23 639 -382 108 645 -338 248 421 -256 -107 408 -201 -123 366 -224 215 457 -229 -229 755 -449 137 795 -425 165 798 -473 -203 759 -404 21 639 -378 5 676 -356 0 638 -334 -440 354 -196 -262 242 -388 -262 354 -196 -440 243 -388 -228 818 -464 -441 708 -657 -441 820 -465 -106 760 -430 -228 707 -656 -421 820 -418 -440 354 -196 -440 243 -388 -419 394 -172 -419 394 -172 -440 354 -196 -283 394 -171 -262 354 -196 -106 649 -623 -111 583 -281 -90 557 -313 -106 760 -430 -90 557 -313 -90 445 -505 -106 649 -623 -106 760 -430 -185 434 -242 -185 323 -434 -90 445 -505 -90 557 -313 -126 768 -388 -228 818 -464 -233 819 -417 -106 760 -430 -267 646 -365 -267 535 -557 -241 531 -555 -196 474 -218 -185 434 -242 -126 768 -388 -262 433 -242 -185 323 -434 -185 434 -242 -262 322 -434 -241 642 -362 -265 608 -343 -265 497 -535 -267 535 -557 -215 678 -336 -241 642 -362 -251 610 -344 -241 531 -555 -251 499 -536 -265 497 -535 -235 614 -299 -265 608 -343 -262 354 -196 -262 322 -434 -262 433 -242 -262 242 -388 -283 473 -218 -262 433 -242 -185 434 -242 -267 646 -365 -233 819 -417 -441 820 -465 -421 820 -418 -228 818 -464 -289 690 -343 -241 642 -362 -215 678 -336 -267 646 -365 -196 474 -218 -599 824 -456 -804 708 -657 -804 824 -456 -283 394 -171 -262 354 -196 -262 433 -242 -283 473 -218 -235 614 -299 -251 610 -344 -284 606 -294 -265 608 -343 -284 606 -294 -267 646 -365 -289 690 -343 -265 608 -343 -597 750 -413 -599 708 -657 -599 824 -456 -599 708 -657 -799 380 -467 -783 825 -409 -799 496 -266 -704 261 -399 -779 523 -234 -704 378 -198 -597 634 -614 -704 378 -198 -486 303 -423 -486 419 -222 -445 780 -430 -445 664 -631 -597 634 -614 -597 750 -413 -619 825 -409 -599 824 -456 -804 824 -456 -783 825 -409 -412 519 -279 -445 664 -631 -445 780 -430 -412 403 -481 -779 523 -234 -799 496 -266 -704 378 -198 -704 261 -399 -486 419 -222 -486 303 -423 -412 403 -481 -412 519 -279 -597 750 -413 -462 777 -381 -445 780 -430 -604 749 -396 -590 752 -367 -433 545 -247 -445 780 -430 -462 777 -381 -695 420 -175 -594 605 -329 -599 824 -456 -619 825 -409 -613 593 -275 -590 752 -367 -597 603 -319 -580 611 -285 -604 749 -396 -613 593 -275 -854 840 -464 -1044 724 -666 -1044 840 -465 -412 519 -279 -498 458 -197 -486 419 -222 -695 420 -175 -704 378 -198 -1036 841 -418 -1220 680 -372 -1220 564 -574 -1082 454 -510 -1190 702 -337 -1082 570 -309 -854 723 -666 -1224 399 -479 -1224 515 -277 -1182 531 -239 -1043 585 -270 -854 840 -464 -1044 840 -465 -1036 841 -418 -1034 268 -403 -1034 384 -201 -1190 702 -337 -1220 680 -372 -1043 585 -270 -1082 570 -309 -1182 531 -239 -1034 384 -201 -1030 426 -179 -1224 515 -277 -989 697 -335 -948 682 -373 -945 684 -374 -861 841 -418 -1034 384 -201 -1034 268 -403 -831 337 -443 -831 453 -241 -730 745 -410 -730 629 -611 -854 723 -666 -854 840 -464 -946 728 -353 -846 489 -215 -831 453 -241 -759 608 -330 -856 646 -352 -856 529 -554 -730 629 -611 -730 745 -410 -759 608 -330 -759 491 -532 -856 529 -554 -856 646 -352 -1030 426 -179 -1034 384 -201 -730 745 -410 -854 840 -464 -861 841 -418 -867 683 -327 -946 728 -353 -945 684 -374 -925 673 -368 -865 649 -343 -786 618 -289 -831 453 -241 -831 337 -443 -759 491 -532 -759 608 -330 -762 766 -374 -786 618 -289 -759 608 -330 -989 697 -335 -948 682 -373 -762 766 -374 -865 649 -343 -856 646 -352 -867 683 -327 -730 745 -410</float_array>
                    <technique_common>
                        <accessor count="755" source="#pointarrayMesh1_1" stride="3">
                            <param name="X" type="float"/>
                            <param name="Y" type="float"/>
                            <param name="Z" type="float"/>
                        </accessor>
                    </technique_common>
                </source>
                <source id="uvsMesh1_1">
                    <float_array id="uvarrayMesh1_1" count="1510">3.08203125 3.841796875 2.8359375 3.34765625 2.8359375 3.34765625 2.8984375 3.33984375 3.119140625 3.783203125 3.212890625 2.556640625 3.177734375 2.498046875 3.177734375 2.498046875 3.08203125 3.841796875 3.69140625 2.259765625 3.69140625 2.259765625 4.404296875 3.015625 4.20703125 3.99609375 4.20703125 3.99609375 4.404296875 3.015625 4.20703125 3.99609375 4.166015625 3.931640625 4.34375 3.046875 4.404296875 3.015625 3.677734375 2.341796875 3.69140625 2.259765625 3.69140625 2.259765625 4.404296875 3.015625 4.404296875 3.015625 3.69140625 2.259765625 4.20703125 3.99609375 3.533203125 4.146484375 3.533203125 4.146484375 4.20703125 3.99609375 3.71875 3.205078125 3.599609375 3.0859375 3.599609375 3.0859375 3.533203125 4.146484375 4.166015625 3.931640625 4.20703125 3.99609375 3.544921875 4.0703125 3.724609375 3.30859375 3.71875 3.205078125 3.724609375 3.30859375 3.76953125 3.1640625 3.78125 3.3671875 3.544921875 3.357421875 3.599609375 3.0859375 3.498046875 3.19140625 3.498046875 3.19140625 3.544921875 3.357421875 3.599609375 3.0859375 3.6015625 2.994140625 3.71875 3.205078125 3.76953125 3.1640625 3.724609375 3.30859375 3.78125 3.3671875 3.51171875 3.44140625 3.544921875 3.357421875 3.599609375 3.0859375 3.533203125 4.146484375 3.498046875 3.19140625 3.498046875 3.19140625 3.544921875 3.357421875 3.544921875 3.357421875 3.498046875 3.19140625 3.6015625 2.994140625 3.599609375 3.0859375 3.43359375 3.169921875 3.544921875 3.357421875 3.51171875 3.44140625 3.498046875 3.19140625 3.43359375 3.169921875 2.63671875 4.056640625 2.14453125 3.73046875 2.14453125 3.73046875 3.533203125 4.146484375 3.69140625 2.259765625 3.677734375 2.341796875 3.212890625 2.556640625 3.177734375 2.498046875 3.119140625 3.783203125 3.544921875 4.0703125 3.533203125 4.146484375 3.08203125 3.841796875 2.63671875 4.056640625 3.453125 2.234375 2.90234375 1.87109375 3.525390625 2.19921875 2.87890625 1.7734375 2.87890625 1.7734375 2.216796875 3.693359375 2.90234375 1.87109375 3.525390625 2.19921875 2.87890625 1.7734375 2.87890625 1.7734375 3.525390625 2.19921875 2.615234375 3.9609375 2.14453125 3.728515625 2.216796875 3.693359375 2.87890625 1.7734375 3.525390625 2.19921875 2.63671875 4.056640625 2.63671875 4.056640625 3.525390625 2.19921875 3.453125 2.234375 3.525390625 2.19921875 2.63671875 4.056640625 2.615234375 3.9609375 2.63671875 4.056640625 2.21875 1.724609375 2.62890625 1.552734375 2.62890625 1.552734375 2.62890625 1.552734375 2.62890625 1.552734375 2.919921875 2.37890625 2.919921875 2.37890625 2.919921875 2.37890625 2.59765625 1.640625 2.62890625 1.552734375 2.83984375 2.32421875 2.919921875 2.37890625 2.443359375 2.48828125 2.443359375 2.48828125 2.919921875 2.37890625 2.298828125 1.498046875 2.21875 1.724609375 2.21875 1.724609375 2.21875 1.724609375 2.443359375 2.48828125 2.35546875 2.43359375 2.83984375 2.32421875 2.919921875 2.37890625 2.443359375 2.48828125 2.55078125 2.736328125 2.55078125 2.736328125 2.443359375 2.48828125 2.298828125 1.498046875 2.25 3.482421875 2.48828125 2.740234375 2.55078125 2.736328125 2.62890625 1.552734375 2.59765625 1.640625 2.21875 1.724609375 2.1171875 1.841796875 1.76171875 1.107421875 1.76171875 1.107421875 2.298828125 1.498046875 2.298828125 1.498046875 2.55078125 2.736328125 2.55078125 2.736328125 2.25 3.482421875 2.25 3.482421875 2.298828125 1.498046875 2.228515625 1.53125 1.78125 1.20703125 2.21875 3.408203125 2.35546875 2.43359375 2.443359375 2.48828125 2.21875 1.724609375 2.1171875 1.841796875 2.298828125 1.498046875 2.228515625 1.53125 1.76171875 1.107421875 1.80859375 2.7578125 1.80859375 2.7578125 1.939453125 2.71875 2.25 3.482421875 2.25 3.482421875 1.59375 3.466796875 1.59375 3.466796875 1.0078125 3.07421875 1.0078125 3.07421875 1.939453125 2.71875 1.890625 2.541015625 1.890625 2.541015625 2.01171875 2.771484375 1.939453125 2.71875 2.01171875 2.771484375 1.7109375 2.86328125 1.900390625 2.361328125 1.890625 2.541015625 1.80859375 2.7578125 1.80859375 2.7578125 1.890625 2.541015625 1.59375 3.466796875 2.21875 3.408203125 2.25 3.482421875 1.609375 3.39453125 1.80859375 2.7578125 1.80859375 2.7578125 1.7109375 2.86328125 1.890625 2.541015625 1.900390625 2.361328125 1.76171875 1.107421875 1.76171875 1.107421875 1.080078125 3.0390625 1.78125 1.20703125 1.0078125 3.07421875 1.609375 3.39453125 1.59375 3.466796875 1.080078125 3.0390625 1.27734375 1.048828125 1.404296875 0.7890625 1.404296875 0.7890625 1.404296875 0.7890625 2.099609375 1.248046875 2.099609375 1.248046875 1.404296875 0.7890625 2.099609375 1.248046875 2.005859375 1.267578125 1.421875 0.8828125 1.404296875 0.7890625 1.30078125 1.126953125 1.27734375 1.048828125 0.8671875 0.98046875 1.27734375 1.048828125 1.27734375 1.048828125 1.421875 0.8828125 0.099609375 0.529296875 0.78125 0.6171875 0.78125 0.6171875 0.099609375 0.529296875 0.78125 0.6171875 0.78125 0.6171875 0.8671875 0.98046875 0.8671875 0.98046875 0.8671875 0.98046875 2.099609375 1.248046875 2.099609375 1.248046875 0.88671875 2.74609375 0.78125 0.6171875 0.740234375 0.685546875 0.099609375 0.529296875 0.162109375 0.611328125 0.82421875 1.046875 0.740234375 0.685546875 0.78125 0.6171875 0.8671875 0.98046875 1.27734375 1.048828125 0.82421875 1.046875 0.8671875 0.98046875 1.30078125 1.126953125 0.806640625 1.890625 0.806640625 1.890625 0.9375 1.6875 0.88671875 2.74609375 0.88671875 2.74609375 2.005859375 1.267578125 2.099609375 1.248046875 0.875 2.6640625 0.9375 1.6875 0.78515625 1.662109375 0.78515625 1.66015625 0.72265625 1.576171875 1.041015625 1.630859375 0.9375 1.6875 0.88671875 2.74609375 0.326171875 2.552734375 0.326171875 2.552734375 0.099609375 0.529296875 0.375 2.4921875 0.099609375 0.529296875 0.88671875 2.74609375 0.162109375 0.611328125 0.78515625 1.66015625 0.806640625 1.890625 0.806640625 1.890625 0.78515625 1.662109375 0.375 2.4921875 0.875 2.6640625 0.88671875 2.74609375 0.78515625 1.66015625 0.9375 1.6875 0.767578125 2.060546875 0.806640625 1.890625 1.041015625 1.630859375 0.806640625 1.890625 0.72265625 1.576171875 0.78515625 1.66015625 0.767578125 2.060546875 0.326171875 2.552734375 0.5703125 0.33984375 0.5625 0.212890625 0.95703125 0.958984375 0.5625 0.212890625 0.5625 0.212890625 1.029296875 0.9609375 1.029296875 0.9609375 0.306640625 0.830078125 0.306640625 0.830078125 0.5625 0.212890625 0.5625 0.212890625 0.5703125 0.33984375 0.341796875 0.88671875 0.0703125 0.974609375 0.0703125 0.974609375 -0.517578125 2.091796875 -0.517578125 2.091796875 -0.505859375 1.771484375 1.029296875 0.9609375 0.04296875 2.234375 0.02734375 2.154296875 0.015625 1.087890625 0.0703125 0.974609375 0.341796875 0.88671875 0.306640625 0.830078125 0.04296875 2.234375 -0.462890625 2.03125 -0.505859375 1.771484375 -0.6015625 -0.5546875 -0.6015625 -0.5546875 0.064453125 -0.109375 0.04296875 2.234375 1.029296875 0.9609375 0.04296875 2.234375 0.04296875 2.234375 1.029296875 0.9609375 0.02734375 2.154296875 0.04296875 2.234375 -0.517578125 2.091796875 -0.462890625 2.03125 0.064453125 -0.109375 0.064453125 -0.109375 -0.208984375 0.48828125 -0.208984375 0.48828125 -0.5703125 -0.451171875 -0.6015625 -0.5546875 -0.013671875 -0.076171875 0.064453125 -0.109375 -1.107421875 1.66796875 -0.6015625 -0.5546875 -0.6015625 -0.5546875 -1.107421875 1.66796875 -0.654296875 1.97265625 -0.5703125 -0.451171875 -1.04296875 1.626953125 -0.654296875 1.97265625 0.087890625 0.271484375 0.087890625 0.271484375 0.0703125 0.974609375 0.064453125 -0.109375 -0.013671875 -0.076171875 -0.208984375 0.48828125 -0.357421875 0.67578125 0.064453125 -0.109375 -0.208984375 0.48828125 -0.208984375 0.48828125 0.087890625 0.271484375 0.087890625 0.271484375 0.0703125 0.974609375 -0.505859375 1.771484375 -0.654296875 1.97265625 -0.654296875 1.97265625 -0.357421875 0.67578125 0.087890625 0.271484375 0.03125 0.392578125 -0.208984375 0.48828125 0.03125 0.392578125 0.0703125 0.974609375 0.015625 1.087890625 0.087890625 0.271484375 -0.662109375 1.8828125 -1.107421875 1.66796875 -1.04296875 1.626953125 -0.654296875 1.97265625 -0.505859375 1.771484375 -0.4453125 1.58984375 -0.4453125 1.58984375 -0.654296875 1.97265625 -0.662109375 1.8828125 -0.505859375 1.771484375 1.2578125 5.1796875 1.2578125 5.1796875 1.94921875 3.71484375 1.94921875 3.71484375 1.3359375 5.146484375 1.966796875 3.810546875 1.982421875 5.669921875 1.982421875 5.669921875 2.048828125 4.73046875 2.03515625 4.89453125 1.880859375 5.091796875 1.990234375 4.98828125 2.880859375 4.7890625 2.880859375 4.7890625 2.541015625 4.857421875 2.541015625 4.857421875 2.310546875 5.58203125 1.982421875 5.669921875 1.982421875 5.669921875 2.580078125 4.98046875 2.310546875 5.58203125 2.310546875 5.58203125 2.580078125 4.98046875 2.27734375 5.517578125 1.982421875 5.669921875 2.541015625 4.857421875 2.541015625 4.857421875 2.580078125 4.98046875 2.580078125 4.98046875 2.310546875 5.58203125 1.994140625 5.59375 2.798828125 4.732421875 2.880859375 4.7890625 2.462890625 4.798828125 2.541015625 4.857421875 2.462890625 4.798828125 2.580078125 4.98046875 2.51953125 4.978515625 2.541015625 4.857421875 2.310546875 5.58203125 2.27734375 5.517578125 2.03515625 4.89453125 2.03515625 4.89453125 1.990234375 4.98828125 2.421875 4.041015625 2.349609375 4.216796875 2.349609375 4.216796875 2.421875 4.041015625 1.990234375 4.98828125 1.990234375 4.98828125 2.056640625 4.970703125 2.056640625 4.970703125 2.03515625 4.89453125 2.03515625 4.89453125 2.048828125 4.73046875 2.12890625 5.0234375 1.994140625 5.59375 1.2578125 5.1796875 1.3359375 5.146484375 1.990234375 4.98828125 1.880859375 5.091796875 1.990234375 4.98828125 2.056640625 4.970703125 2.12890625 5.0234375 2.34765625 4.07421875 2.349609375 4.216796875 2.23828125 4.341796875 2.421875 4.041015625 1.982421875 5.669921875 2.349609375 4.216796875 2.349609375 4.216796875 2.626953125 4.091796875 1.94921875 3.71484375 1.94921875 3.71484375 2.421875 4.041015625 2.421875 4.041015625 1.94921875 3.71484375 2.421875 4.041015625 2.34765625 4.07421875 1.966796875 3.810546875 2.23828125 4.341796875 2.349609375 4.216796875 2.626953125 4.091796875 2.59765625 4.181640625 0.505859375 4.443359375 0.505859375 4.443359375 1.259765625 3.28125 2.626953125 4.091796875 2.59765625 4.181640625 2.626953125 4.091796875 2.798828125 4.732421875 2.880859375 4.7890625 2.626953125 4.091796875 2.880859375 4.7890625 2.880859375 4.7890625 2.626953125 4.091796875 1.357421875 5.189453125 1.44140625 4.59375 1.357421875 5.189453125 1.357421875 5.189453125 1.357421875 5.189453125 1.259765625 3.28125 0.5859375 4.42578125 0.505859375 4.443359375 1.265625 3.37890625 2.041015625 4.03515625 2.041015625 4.03515625 1.67578125 4.37109375 1.67578125 4.37109375 1.44140625 4.59375 1.60546875 4.27734375 1.60546875 4.27734375 1.47265625 4.6171875 1.67578125 4.37109375 1.60546875 4.27734375 1.60546875 4.27734375 1.67578125 4.37109375 1.47265625 4.6171875 1.47265625 4.6171875 1.44140625 4.59375 1.44140625 4.59375 1.67578125 4.37109375 1.9453125 4.037109375 2.041015625 4.03515625 1.685546875 4.27734375 1.47265625 4.6171875 1.453125 4.515625 1.55859375 4.24609375 1.47265625 4.6171875 1.3203125 5.068359375 1.44140625 4.59375 1.357421875 5.189453125 1.43359375 4.564453125 1.38671875 4.59765625 1.259765625 3.28125 1.259765625 3.28125 2.041015625 4.03515625 2.041015625 4.03515625 1.6015625 4.228515625 1.60546875 4.27734375 1.458984375 4.083984375 1.4140625 4.048828125 1.32421875 4.06640625 1.423828125 4.037109375 1.685546875 4.27734375 1.67578125 4.37109375 1.42578125 3.935546875 1.43359375 4.564453125 1.38671875 4.59765625 1.236328125 4.423828125 1.42578125 3.935546875 1.423828125 4.037109375 1.173828125 4.4609375 1.2109375 4.32421875 1.47265625 4.6171875 1.23828125 4.431640625 1.453125 4.515625 2.041015625 4.03515625 1.265625 3.37890625 1.259765625 3.28125 1.9453125 4.037109375 0.505859375 4.443359375 1.3203125 5.068359375 1.357421875 5.189453125 0.5859375 4.42578125 1.236328125 4.423828125 1.173828125 4.4609375 1.2109375 4.32421875 0.560546875 2.728515625 0.966796875 2.99609375 0.966796875 2.99609375 0.560546875 2.728515625 0.435546875 4.625 -0.052734375 4.306640625 -0.052734375 4.306640625 0.79296875 4.615234375 0.435546875 4.625 0.017578125 4.271484375 0.560546875 2.728515625 0.560546875 2.728515625 0.580078125 2.826171875 0.580078125 2.826171875 0.560546875 2.728515625 0.89453125 3.03125 0.966796875 2.99609375 0.79296875 4.615234375 1.041015625 3.935546875 1.095703125 3.947265625 0.79296875 4.615234375 1.095703125 3.947265625 1.095703125 3.947265625 0.79296875 4.615234375 0.79296875 4.615234375 1.0390625 3.38671875 1.0390625 3.38671875 1.095703125 3.947265625 1.095703125 3.947265625 0.763671875 4.54296875 0.435546875 4.625 0.451171875 4.552734375 0.79296875 4.615234375 0.572265625 3.984375 0.572265625 3.984375 0.63671875 4.009765625 0.990234375 3.4375 1.0390625 3.38671875 0.763671875 4.54296875 0.86328125 3.267578125 1.0390625 3.38671875 1.0390625 3.38671875 0.86328125 3.267578125 0.63671875 4.009765625 0.626953125 3.857421875 0.626953125 3.857421875 0.572265625 3.984375 0.67578125 4.1015625 0.63671875 4.009765625 0.65625 3.88671875 0.63671875 4.009765625 0.65625 3.88671875 0.626953125 3.857421875 0.71484375 3.8515625 0.626953125 3.857421875 0.966796875 2.99609375 0.86328125 3.267578125 0.86328125 3.267578125 0.966796875 2.99609375 0.7890625 3.302734375 0.86328125 3.267578125 1.0390625 3.38671875 0.572265625 3.984375 0.451171875 4.552734375 -0.052734375 4.306640625 0.017578125 4.271484375 0.435546875 4.625 0.4921875 4.03125 0.63671875 4.009765625 0.67578125 4.1015625 0.572265625 3.984375 0.990234375 3.4375 -0.4140625 4.06640625 -0.88671875 3.75390625 -0.88671875 3.75390625 0.89453125 3.03125 0.966796875 2.99609375 0.86328125 3.267578125 0.7890625 3.302734375 0.71484375 3.8515625 0.65625 3.88671875 0.61328125 3.75 0.626953125 3.857421875 0.61328125 3.75 0.572265625 3.984375 0.4921875 4.03125 0.626953125 3.857421875 -0.314453125 3.818359375 -0.4140625 4.06640625 -0.4140625 4.06640625 -0.4140625 4.06640625 -0.443359375 2.646484375 -0.8125 3.71875 -0.443359375 2.646484375 -0.068359375 2.388671875 -0.404296875 2.701171875 -0.068359375 2.388671875 -0.314453125 3.818359375 -0.068359375 2.388671875 0.375 2.86328125 0.375 2.86328125 -0.00390625 4.150390625 -0.00390625 4.150390625 -0.314453125 3.818359375 -0.314453125 3.818359375 -0.435546875 3.96875 -0.4140625 4.06640625 -0.88671875 3.75390625 -0.8125 3.71875 0.4140625 3.314453125 -0.00390625 4.150390625 -0.00390625 4.150390625 0.4140625 3.314453125 -0.404296875 2.701171875 -0.443359375 2.646484375 -0.068359375 2.388671875 -0.068359375 2.388671875 0.375 2.86328125 0.375 2.86328125 0.4140625 3.314453125 0.4140625 3.314453125 -0.314453125 3.818359375 -0.013671875 4.04296875 -0.00390625 4.150390625 -0.318359375 3.779296875 -0.2734375 3.765625 0.357421875 3.298828125 -0.00390625 4.150390625 -0.013671875 4.04296875 -0.076171875 2.474609375 -0.115234375 3.330078125 -0.4140625 4.06640625 -0.435546875 3.96875 -0.1171875 3.1875 -0.2734375 3.765625 -0.115234375 3.302734375 -0.064453125 3.298828125 -0.318359375 3.779296875 -0.1171875 3.1875 -1.01953125 3.73046875 -1.45703125 3.443359375 -1.45703125 3.443359375 0.4140625 3.314453125 0.32421875 2.904296875 0.375 2.86328125 -0.076171875 2.474609375 -0.068359375 2.388671875 -1.412109375 3.388671875 -1.65234375 2.630859375 -1.65234375 2.630859375 -1.19140625 2.466796875 -1.583984375 2.681640625 -1.19140625 2.466796875 -1.01953125 3.73046875 -1.443359375 2.064453125 -1.443359375 2.064453125 -1.341796875 2.11328125 -1.09375 2.5078125 -1.01953125 3.73046875 -1.45703125 3.443359375 -1.412109375 3.388671875 -0.833984375 1.91015625 -0.833984375 1.91015625 -1.583984375 2.681640625 -1.65234375 2.630859375 -1.09375 2.5078125 -1.19140625 2.466796875 -1.341796875 2.11328125 -0.833984375 1.91015625 -0.85546875 1.98828125 -1.443359375 2.064453125 -1.1171875 2.970703125 -1.029296875 3.05078125 -1.025390625 3.0625 -1.01171875 3.654296875 -0.833984375 1.91015625 -0.833984375 1.91015625 -0.4609375 2.451171875 -0.4609375 2.451171875 -0.611328125 3.599609375 -0.611328125 3.599609375 -1.01953125 3.73046875 -1.01953125 3.73046875 -1.05859375 3.140625 -0.515625 2.48046875 -0.4609375 2.451171875 -0.498046875 3.0859375 -0.771484375 3.068359375 -0.771484375 3.068359375 -0.611328125 3.599609375 -0.611328125 3.599609375 -0.498046875 3.0859375 -0.498046875 3.0859375 -0.771484375 3.068359375 -0.771484375 3.068359375 -0.85546875 1.98828125 -0.833984375 1.91015625 -0.611328125 3.599609375 -1.01953125 3.73046875 -1.01171875 3.654296875 -0.818359375 3.109375 -1.05859375 3.140625 -1.025390625 3.0625 -0.96484375 3.0546875 -0.791015625 3.048828125 -0.546875 3.009765625 -0.4609375 2.451171875 -0.4609375 2.451171875 -0.498046875 3.0859375 -0.498046875 3.0859375 -0.685546875 3.548828125 -0.546875 3.009765625 -0.498046875 3.0859375 -1.1171875 2.970703125 -1.029296875 3.05078125 -0.685546875 3.548828125 -0.791015625 3.048828125 -0.771484375 3.068359375 -0.818359375 3.109375 -0.611328125 3.599609375</float_array>
                    <technique_common>
                        <accessor count="755" source="#uvarrayMesh1_1" stride="2">
                            <param name="S" type="float"/>
                            <param name="T" type="float"/>
                        </accessor>
                    </technique_common>
                </source>
                <source id="colorsMesh1_1">
                    <float_array id="colorarrayMesh1_1" count="3020">0.2901960784313726 0.2901960784313726 0.2901960784313726 1 0.2901960784313726 0.2901960784313726 0.2901960784313726 1 0.2901960784313726 0.2901960784313726 0.2901960784313726 1 0.2901960784313726 0.2901960784313726 0.2901960784313726 1 0.2901960784313726 0.2901960784313726 0.2901960784313726 1 0.2901960784313726 0.2901960784313726 0.2901960784313726 1 0.2901960784313726 0.2901960784313726 0.2901960784313726 1 0.2901960784313726 0.2901960784313726 0.2901960784313726 1 0.2901960784313726 0.2901960784313726 0.2901960784313726 1 0.2901960784313726 0.2901960784313726 0.2901960784313726 1 0.2901960784313726 0.2901960784313726 0.2901960784313726 1 0.8196078431372549 0.8196078431372549 0.8196078431372549 1 0.8196078431372549 0.8196078431372549 0.8196078431372549 1 0.8196078431372549 0.8196078431372549 0.8196078431372549 1 0.8196078431372549 0.8196078431372549 0.8196078431372549 1 1 1 0.996078431372549 1 1 1 0.996078431372549 1 1 1 0.996078431372549 1 1 1 0.996078431372549 1 1 1 0.996078431372549 1 1 1 0.996078431372549 1 0.6901960784313725 0.6901960784313725 0.6901960784313725 1 0.6901960784313725 0.6901960784313725 0.6901960784313725 1 0.6901960784313725 0.6901960784313725 0.6901960784313725 1 0.6901960784313725 0.6901960784313725 0.6901960784313725 1 0.3686274509803922 0.3686274509803922 0.3686274509803922 1 0.3686274509803922 0.3686274509803922 0.3686274509803922 1 0.3686274509803922 0.3686274509803922 0.3686274509803922 1 0.3686274509803922 0.3686274509803922 0.3686274509803922 1 0.2901960784313726 0.2901960784313726 0.2901960784313726 1 0.2901960784313726 0.2901960784313726 0.2901960784313726 1 0.2901960784313726 0.2901960784313726 0.2901960784313726 1 0.7333333333333333 0.7333333333333333 0.7333333333333333 1 0.7333333333333333 0.7333333333333333 0.7333333333333333 1 0.7333333333333333 0.7333333333333333 0.7333333333333333 1 0.7333333333333333 0.7333333333333333 0.7333333333333333 1 0.2901960784313726 0.2901960784313726 0.2901960784313726 1 0.2901960784313726 0.2901960784313726 0.2901960784313726 1 0.2901960784313726 0.2901960784313726 0.2901960784313726 1 0.2901960784313726 0.2901960784313726 0.2901960784313726 1 0.2901960784313726 0.2901960784313726 0.2901960784313726 1 0.2901960784313726 0.2901960784313726 0.2901960784313726 1 0.6039215686274509 0.6039215686274509 0.6039215686274509 1 0.6039215686274509 0.6039215686274509 0.6039215686274509 1 0.6039215686274509 0.6039215686274509 0.6039215686274509 1 0.2901960784313726 0.2901960784313726 0.2901960784313726 1 0.3764705882352941 0.3764705882352941 0.3764705882352941 1 0.3764705882352941 0.3764705882352941 0.3764705882352941 1 0.3764705882352941 0.3764705882352941 0.3764705882352941 1 0.3764705882352941 0.3764705882352941 0.3764705882352941 1 0.6039215686274509 0.6039215686274509 0.6039215686274509 1 0.6039215686274509 0.6039215686274509 0.6039215686274509 1 0.6039215686274509 0.6039215686274509 0.6039215686274509 1 0.6039215686274509 0.6039215686274509 0.6039215686274509 1 0.6039215686274509 0.6039215686274509 0.6039215686274509 1 0.2901960784313726 0.2901960784313726 0.2901960784313726 1 0.8196078431372549 0.8196078431372549 0.8196078431372549 1 0.8196078431372549 0.8196078431372549 0.8196078431372549 1 0.8196078431372549 0.8196078431372549 0.8196078431372549 1 0.8196078431372549 0.8196078431372549 0.8196078431372549 1 0.9411764705882353 0.9411764705882353 0.9411764705882353 1 0.9411764705882353 0.9411764705882353 0.9411764705882353 1 0.9411764705882353 0.9411764705882353 0.9411764705882353 1 0.9411764705882353 0.9411764705882353 0.9411764705882353 1 1 1 0.996078431372549 1 1 1 0.996078431372549 1 1 1 0.996078431372549 1 1 1 0.996078431372549 1 0.2901960784313726 0.2901960784313726 0.2901960784313726 1 0.2901960784313726 0.2901960784313726 0.2901960784313726 1 0.2901960784313726 0.2901960784313726 0.2901960784313726 1 0.2901960784313726 0.2901960784313726 0.2901960784313726 1 0.5529411764705883 0.5529411764705883 0.5529411764705883 1 0.5529411764705883 0.5529411764705883 0.5529411764705883 1 0.5529411764705883 0.5529411764705883 0.5529411764705883 1 0.5529411764705883 0.5529411764705883 0.5529411764705883 1 0.45098039215686275 0.45098039215686275 0.45098039215686275 1 0.45098039215686275 0.45098039215686275 0.45098039215686275 1 0.45098039215686275 0.45098039215686275 0.45098039215686275 1 0.45098039215686275 0.45098039215686275 0.45098039215686275 1 0.2901960784313726 0.2901960784313726 0.2901960784313726 1 0.9411764705882353 0.9411764705882353 0.9411764705882353 1 0.9411764705882353 0.9411764705882353 0.9411764705882353 1 0.9411764705882353 0.9411764705882353 0.9411764705882353 1 0.2901960784313726 0.2901960784313726 0.2901960784313726 1 0.2901960784313726 0.2901960784313726 0.2901960784313726 1 0.2901960784313726 0.2901960784313726 0.2901960784313726 1 0.2901960784313726 0.2901960784313726 0.2901960784313726 1 0.5843137254901961 0.5843137254901961 0.5843137254901961 1 0.5843137254901961 0.5843137254901961 0.5843137254901961 1 0.5843137254901961 0.5843137254901961 0.5843137254901961 1 0.5843137254901961 0.5843137254901961 0.5843137254901961 1 0.45098039215686275 0.45098039215686275 0.45098039215686275 1 0.45098039215686275 0.45098039215686275 0.45098039215686275 1 0.45098039215686275 0.45098039215686275 0.45098039215686275 1 0.9411764705882353 0.9411764705882353 0.9411764705882353 1 0.7529411764705882 0.7529411764705882 0.7529411764705882 1 0.7529411764705882 0.7529411764705882 0.7529411764705882 1 0.7529411764705882 0.7529411764705882 0.7529411764705882 1 0.7529411764705882 0.7529411764705882 0.7529411764705882 1 1 1 0.996078431372549 1 1 1 0.996078431372549 1 1 1 0.996078431372549 1 1 1 0.996078431372549 1 0.45098039215686275 0.45098039215686275 0.45098039215686275 1 0.2901960784313726 0.2901960784313726 0.2901960784313726 1 0.2901960784313726 0.2901960784313726 0.2901960784313726 1 0.2901960784313726 0.2901960784313726 0.2901960784313726 1 0.8196078431372549 0.8196078431372549 0.8196078431372549 1 0.8196078431372549 0.8196078431372549 0.8196078431372549 1 0.8196078431372549 0.8196078431372549 0.8196078431372549 1 0.8196078431372549 0.8196078431372549 0.8196078431372549 1 1 1 0.996078431372549 1 1 1 0.996078431372549 1 1 1 0.996078431372549 1 1 1 0.996078431372549 1 0.3686274509803922 0.3686274509803922 0.3686274509803922 1 0.3686274509803922 0.3686274509803922 0.3686274509803922 1 0.3686274509803922 0.3686274509803922 0.3686274509803922 1 0.3686274509803922 0.3686274509803922 0.3686274509803922 1 0.8 0.8 0.8 1 0.8 0.8 0.8 1 0.8 0.8 0.8 1 0.2901960784313726 0.2901960784313726 0.2901960784313726 1 0.7333333333333333 0.7333333333333333 0.7333333333333333 1 0.7333333333333333 0.7333333333333333 0.7333333333333333 1 0.7333333333333333 0.7333333333333333 0.7333333333333333 1 0.7333333333333333 0.7333333333333333 0.7333333333333333 1 0.8 0.8 0.8 1 0.8 0.8 0.8 1 0.8 0.8 0.8 1 0.8 0.8 0.8 1 0.8 0.8 0.8 1 1 1 0.996078431372549 1 1 1 0.996078431372549 1 1 1 0.996078431372549 1 0.6549019607843137 0.5686274509803921 0.4823529411764706 1 0.6549019607843137 0.5686274509803921 0.4823529411764706 1 0.6549019607843137 0.5686274509803921 0.4823529411764706 1 0.6549019607843137 0.5686274509803921 0.4823529411764706 1 0.6039215686274509 0.6039215686274509 0.6039215686274509 1 0.6039215686274509 0.6039215686274509 0.6039215686274509 1 0.6039215686274509 0.6039215686274509 0.6039215686274509 1 0.6039215686274509 0.6039215686274509 0.6039215686274509 1 0.7607843137254902 0.7607843137254902 0.7607843137254902 1 0.7607843137254902 0.7607843137254902 0.7607843137254902 1 0.8 0.8 0.8 1 0.7607843137254902 0.7607843137254902 0.7607843137254902 1 0.9411764705882353 0.9411764705882353 0.9411764705882353 1 0.9411764705882353 0.9411764705882353 0.9411764705882353 1 0.9411764705882353 0.9411764705882353 0.9411764705882353 1 1 1 0.996078431372549 1 1 1 0.996078431372549 1 1 1 0.996078431372549 1 1 1 0.996078431372549 1 1 1 0.996078431372549 1 1 1 0.996078431372549 1 1 1 0.996078431372549 1 0.9411764705882353 0.9411764705882353 0.9411764705882353 1 0.2901960784313726 0.2901960784313726 0.2901960784313726 1 0.2901960784313726 0.2901960784313726 0.2901960784313726 1 0.2901960784313726 0.2901960784313726 0.2901960784313726 1 0.2901960784313726 0.2901960784313726 0.2901960784313726 1 0.2901960784313726 0.2901960784313726 0.2901960784313726 1 0.2901960784313726 0.2901960784313726 0.2901960784313726 1 0.2901960784313726 0.2901960784313726 0.2901960784313726 1 0.2901960784313726 0.2901960784313726 0.2901960784313726 1 0.2901960784313726 0.2901960784313726 0.2901960784313726 1 0.2901960784313726 0.2901960784313726 0.2901960784313726 1 0.2901960784313726 0.2901960784313726 0.2901960784313726 1 0.2901960784313726 0.2901960784313726 0.2901960784313726 1 0.2901960784313726 0.2901960784313726 0.2901960784313726 1 0.6039215686274509 0.6039215686274509 0.6039215686274509 1 0.6039215686274509 0.6039215686274509 0.6039215686274509 1 0.6039215686274509 0.6039215686274509 0.6039215686274509 1 0.2901960784313726 0.2901960784313726 0.2901960784313726 1 0.8 0.8 0.8 1 0.8 0.8 0.8 1 0.8 0.8 0.8 1 0.8 0.8 0.8 1 0.6549019607843137 0.6549019607843137 0.6549019607843137 1 0.6549019607843137 0.6549019607843137 0.6549019607843137 1 0.6549019607843137 0.6549019607843137 0.6549019607843137 1 0.6549019607843137 0.6549019607843137 0.6549019607843137 1 0.6039215686274509 0.6039215686274509 0.6039215686274509 1 1 1 0.996078431372549 1 1 1 0.996078431372549 1 1 1 0.996078431372549 1 1 1 0.996078431372549 1 0.2901960784313726 0.2901960784313726 0.2901960784313726 1 0.2901960784313726 0.2901960784313726 0.2901960784313726 1 0.2901960784313726 0.2901960784313726 0.2901960784313726 1 0.2901960784313726 0.2901960784313726 0.2901960784313726 1 0.45098039215686275 0.45098039215686275 0.45098039215686275 1 0.45098039215686275 0.45098039215686275 0.45098039215686275 1 0.45098039215686275 0.45098039215686275 0.45098039215686275 1 0.45098039215686275 0.45098039215686275 0.45098039215686275 1 0.2901960784313726 0.2901960784313726 0.2901960784313726 1 0.2901960784313726 0.2901960784313726 0.2901960784313726 1 0.2901960784313726 0.2901960784313726 0.2901960784313726 1 0.5843137254901961 0.5843137254901961 0.5843137254901961 1 0.5843137254901961 0.5843137254901961 0.5843137254901961 1 0.5843137254901961 0.5843137254901961 0.5843137254901961 1 0.5843137254901961 0.5843137254901961 0.5843137254901961 1 0.9411764705882353 0.9411764705882353 0.9411764705882353 1 0.9411764705882353 0.9411764705882353 0.9411764705882353 1 0.9411764705882353 0.9411764705882353 0.9411764705882353 1 0.9411764705882353 0.9411764705882353 0.9411764705882353 1 0.2901960784313726 0.2901960784313726 0.2901960784313726 1 0.2901960784313726 0.2901960784313726 0.2901960784313726 1 0.40784313725490196 0.40784313725490196 0.40784313725490196 1 0.40784313725490196 0.40784313725490196 0.40784313725490196 1 0.40784313725490196 0.40784313725490196 0.40784313725490196 1 0.2901960784313726 0.2901960784313726 0.2901960784313726 1 0.4 0.4 0.4 1 0.4 0.4 0.4 1 0.4 0.4 0.4 1 0.4 0.4 0.4 1 0.8196078431372549 0.8196078431372549 0.8196078431372549 1 0.8196078431372549 0.8196078431372549 0.8196078431372549 1 0.8196078431372549 0.8196078431372549 0.8196078431372549 1 0.8196078431372549 0.8196078431372549 0.8196078431372549 1 0.40784313725490196 0.40784313725490196 0.40784313725490196 1 0.6431372549019608 0.6431372549019608 0.6431372549019608 1 0.6431372549019608 0.6431372549019608 0.6431372549019608 1 0.6431372549019608 0.6431372549019608 0.6431372549019608 1 0.8 0.8 0.8 1 0.8 0.8 0.8 1 0.8 0.8 0.8 1 0.8 0.8 0.8 1 1 1 0.996078431372549 1 1 1 0.996078431372549 1 1 1 0.996078431372549 1 1 1 0.996078431372549 1 0.8 0.8 0.8 1 0.8 0.8 0.8 1 0.8 0.8 0.8 1 0.8 0.8 0.8 1 0.2901960784313726 0.2901960784313726 0.2901960784313726 1 0.2901960784313726 0.2901960784313726 0.2901960784313726 1 0.2901960784313726 0.2901960784313726 0.2901960784313726 1 0.6431372549019608 0.6431372549019608 0.6431372549019608 1 1 1 0.996078431372549 1 1 1 0.996078431372549 1 1 1 0.996078431372549 1 1 1 0.996078431372549 1 0.2901960784313726 0.2901960784313726 0.2901960784313726 1 0.2901960784313726 0.2901960784313726 0.2901960784313726 1 0.2901960784313726 0.2901960784313726 0.2901960784313726 1 0.6 0.6 0.6 1 0.6 0.6 0.6 1 0.6 0.6 0.6 1 0.2901960784313726 0.2901960784313726 0.2901960784313726 1 0.2901960784313726 0.2901960784313726 0.2901960784313726 1 0.2901960784313726 0.2901960784313726 0.2901960784313726 1 0.2901960784313726 0.2901960784313726 0.2901960784313726 1 0.2901960784313726 0.2901960784313726 0.2901960784313726 1 0.2901960784313726 0.2901960784313726 0.2901960784313726 1 0.2901960784313726 0.2901960784313726 0.2901960784313726 1 0.2901960784313726 0.2901960784313726 0.2901960784313726 1 0.8666666666666667 0.8666666666666667 0.8666666666666667 1 0.8666666666666667 0.8666666666666667 0.8666666666666667 1 0.8666666666666667 0.8666666666666667 0.8666666666666667 1 0.8666666666666667 0.8666666666666667 0.8666666666666667 1 0.5450980392156862 0.5450980392156862 0.5450980392156862 1 0.5450980392156862 0.5450980392156862 0.5450980392156862 1 0.5450980392156862 0.5450980392156862 0.5450980392156862 1 0.6 0.6 0.6 1 0.3137254901960784 0.3137254901960784 0.3137254901960784 1 0.3137254901960784 0.3137254901960784 0.3137254901960784 1 0.3137254901960784 0.3137254901960784 0.3137254901960784 1 0.3137254901960784 0.3137254901960784 0.3137254901960784 1 1 1 0.996078431372549 1 1 1 0.996078431372549 1 1 1 0.996078431372549 1 1 1 0.996078431372549 1 0.5450980392156862 0.5450980392156862 0.5450980392156862 1 1 1 0.996078431372549 1 1 1 0.996078431372549 1 1 1 0.996078431372549 1 0.7529411764705882 0.7529411764705882 0.7529411764705882 1 0.7529411764705882 0.7529411764705882 0.7529411764705882 1 0.7529411764705882 0.7529411764705882 0.7529411764705882 1 0.7529411764705882 0.7529411764705882 0.7529411764705882 1 0.2901960784313726 0.2901960784313726 0.2901960784313726 1 0.2901960784313726 0.2901960784313726 0.2901960784313726 1 0.2901960784313726 0.2901960784313726 0.2901960784313726 1 0.2901960784313726 0.2901960784313726 0.2901960784313726 1 0.2901960784313726 0.2901960784313726 0.2901960784313726 1 0.2901960784313726 0.2901960784313726 0.2901960784313726 1 0.2901960784313726 0.2901960784313726 0.2901960784313726 1 0.2901960784313726 0.2901960784313726 0.2901960784313726 1 0.2901960784313726 0.2901960784313726 0.2901960784313726 1 0.2901960784313726 0.2901960784313726 0.2901960784313726 1 0.2901960784313726 0.2901960784313726 0.2901960784313726 1 1 1 0.996078431372549 1 1 1 0.996078431372549 1 1 1 0.996078431372549 1 0.5019607843137255 0.5019607843137255 0.5019607843137255 1 0.5019607843137255 0.5019607843137255 0.5019607843137255 1 0.5019607843137255 0.5019607843137255 0.5019607843137255 1 0.5019607843137255 0.5019607843137255 0.5019607843137255 1 0.2901960784313726 0.2901960784313726 0.2901960784313726 1 0.2901960784313726 0.2901960784313726 0.2901960784313726 1 0.2901960784313726 0.2901960784313726 0.2901960784313726 1 0.5843137254901961 0.5843137254901961 0.5843137254901961 1 0.5843137254901961 0.5843137254901961 0.5843137254901961 1 0.5843137254901961 0.5843137254901961 0.5843137254901961 1 0.2901960784313726 0.2901960784313726 0.2901960784313726 1 0.6549019607843137 0.6549019607843137 0.6549019607843137 1 0.6549019607843137 0.6549019607843137 0.6549019607843137 1 0.6549019607843137 0.6549019607843137 0.6549019607843137 1 0.6549019607843137 0.6549019607843137 0.6549019607843137 1 0.6549019607843137 0.5686274509803921 0.4823529411764706 1 0.6549019607843137 0.5686274509803921 0.4823529411764706 1 0.6549019607843137 0.5686274509803921 0.4823529411764706 1 0.6549019607843137 0.5686274509803921 0.4823529411764706 1 0.5843137254901961 0.5843137254901961 0.5843137254901961 1 0.7529411764705882 0.7529411764705882 0.7529411764705882 1 0.7529411764705882 0.7529411764705882 0.7529411764705882 1 0.7529411764705882 0.7529411764705882 0.7529411764705882 1 0.9411764705882353 0.9411764705882353 0.9411764705882353 1 0.9411764705882353 0.9411764705882353 0.9411764705882353 1 0.9411764705882353 0.9411764705882353 0.9411764705882353 1 0.9411764705882353 0.9411764705882353 0.9411764705882353 1 0.2901960784313726 0.2901960784313726 0.2901960784313726 1 0.2901960784313726 0.2901960784313726 0.2901960784313726 1 0.2901960784313726 0.2901960784313726 0.2901960784313726 1 0.2901960784313726 0.2901960784313726 0.2901960784313726 1 0.2901960784313726 0.2901960784313726 0.2901960784313726 1 0.2901960784313726 0.2901960784313726 0.2901960784313726 1 0.2901960784313726 0.2901960784313726 0.2901960784313726 1 0.2901960784313726 0.2901960784313726 0.2901960784313726 1 0.8666666666666667 0.8666666666666667 0.8666666666666667 1 0.8666666666666667 0.8666666666666667 0.8666666666666667 1 0.8666666666666667 0.8666666666666667 0.8666666666666667 1 0.7529411764705882 0.7529411764705882 0.7529411764705882 1 1 1 0.996078431372549 1 1 1 0.996078431372549 1 1 1 0.996078431372549 1 1 1 0.996078431372549 1 0.2901960784313726 0.2901960784313726 0.2901960784313726 1 0.2901960784313726 0.2901960784313726 0.2901960784313726 1 0.2901960784313726 0.2901960784313726 0.2901960784313726 1 0.2901960784313726 0.2901960784313726 0.2901960784313726 1 0.8666666666666667 0.8666666666666667 0.8666666666666667 1 0.6666666666666666 0.6666666666666666 0.6666666666666666 1 0.6666666666666666 0.6666666666666666 0.6666666666666666 1 0.6666666666666666 0.6666666666666666 0.6666666666666666 1 0.5333333333333333 0.5333333333333333 0.5333333333333333 1 0.5333333333333333 0.5333333333333333 0.5333333333333333 1 0.5333333333333333 0.5333333333333333 0.5333333333333333 1 0.5333333333333333 0.5333333333333333 0.5333333333333333 1 1 1 0.996078431372549 1 1 1 0.996078431372549 1 1 1 0.996078431372549 1 1 1 0.996078431372549 1 0.45098039215686275 0.45098039215686275 0.45098039215686275 1 0.45098039215686275 0.45098039215686275 0.45098039215686275 1 0.45098039215686275 0.45098039215686275 0.45098039215686275 1 0.45098039215686275 0.45098039215686275 0.45098039215686275 1 0.6666666666666666 0.6666666666666666 0.6666666666666666 1 0.2901960784313726 0.2901960784313726 0.2901960784313726 1 1 1 0.996078431372549 1 1 1 0.996078431372549 1 1 1 0.996078431372549 1 1 1 0.996078431372549 1 0.2901960784313726 0.2901960784313726 0.2901960784313726 1 0.2901960784313726 0.2901960784313726 0.2901960784313726 1 0.2901960784313726 0.2901960784313726 0.2901960784313726 1 0.2901960784313726 0.2901960784313726 0.2901960784313726 1 0.2901960784313726 0.2901960784313726 0.2901960784313726 1 0.2901960784313726 0.2901960784313726 0.2901960784313726 1 0.2901960784313726 0.2901960784313726 0.2901960784313726 1 0.2901960784313726 0.2901960784313726 0.2901960784313726 1 1 1 0.996078431372549 1 1 1 0.996078431372549 1 1 1 0.996078431372549 1 1 1 0.996078431372549 1 0.34901960784313724 0.34901960784313724 0.34901960784313724 1 0.34901960784313724 0.34901960784313724 0.34901960784313724 1 0.34901960784313724 0.34901960784313724 0.34901960784313724 1 0.34901960784313724 0.34901960784313724 0.34901960784313724 1 0.3764705882352941 0.3764705882352941 0.3764705882352941 1 0.3764705882352941 0.3764705882352941 0.3764705882352941 1 0.3764705882352941 0.3764705882352941 0.3764705882352941 1 0.7529411764705882 0.7529411764705882 0.7529411764705882 1 0.7529411764705882 0.7529411764705882 0.7529411764705882 1 0.7529411764705882 0.7529411764705882 0.7529411764705882 1 0.7529411764705882 0.7529411764705882 0.7529411764705882 1 0.7529411764705882 0.7529411764705882 0.7529411764705882 1 0.7529411764705882 0.7529411764705882 0.7529411764705882 1 0.8196078431372549 0.8196078431372549 0.8196078431372549 1 0.8196078431372549 0.8196078431372549 0.8196078431372549 1 0.8196078431372549 0.8196078431372549 0.8196078431372549 1 0.8196078431372549 0.8196078431372549 0.8196078431372549 1 0.3764705882352941 0.3764705882352941 0.3764705882352941 1 0.7529411764705882 0.7529411764705882 0.7529411764705882 1 0.7333333333333333 0.7333333333333333 0.7333333333333333 1 0.7333333333333333 0.7333333333333333 0.7333333333333333 1 0.7333333333333333 0.7333333333333333 0.7333333333333333 1 0.7333333333333333 0.7333333333333333 0.7333333333333333 1 1 1 0.996078431372549 1 1 1 0.996078431372549 1 1 1 0.996078431372549 1 1 1 0.996078431372549 1 1 1 0.996078431372549 1 1 1 0.996078431372549 1 0.7529411764705882 0.7529411764705882 0.7529411764705882 1 0.7529411764705882 0.7529411764705882 0.7529411764705882 1 0.7529411764705882 0.7529411764705882 0.7529411764705882 1 0.7607843137254902 0.7607843137254902 0.7607843137254902 1 0.8 0.8 0.8 1 0.7607843137254902 0.7607843137254902 0.7607843137254902 1 0.7607843137254902 0.7607843137254902 0.7607843137254902 1 0.2901960784313726 0.2901960784313726 0.2901960784313726 1 0.2901960784313726 0.2901960784313726 0.2901960784313726 1 0.2901960784313726 0.2901960784313726 0.2901960784313726 1 0.2901960784313726 0.2901960784313726 0.2901960784313726 1 0.2901960784313726 0.2901960784313726 0.2901960784313726 1 0.2901960784313726 0.2901960784313726 0.2901960784313726 1 0.2901960784313726 0.2901960784313726 0.2901960784313726 1 0.2901960784313726 0.2901960784313726 0.2901960784313726 1 0.4392156862745098 0.4392156862745098 0.4392156862745098 1 0.4392156862745098 0.4392156862745098 0.4392156862745098 1 0.4392156862745098 0.4392156862745098 0.4392156862745098 1 0.7529411764705882 0.7529411764705882 0.7529411764705882 1 0.6039215686274509 0.6039215686274509 0.6039215686274509 1 0.6039215686274509 0.6039215686274509 0.6039215686274509 1 0.6039215686274509 0.6039215686274509 0.6039215686274509 1 0.6039215686274509 0.6039215686274509 0.6039215686274509 1 1 1 0.996078431372549 1 1 1 0.996078431372549 1 1 1 0.996078431372549 1 1 1 0.996078431372549 1 0.4392156862745098 0.4392156862745098 0.4392156862745098 1 0.2901960784313726 0.2901960784313726 0.2901960784313726 1 0.2901960784313726 0.2901960784313726 0.2901960784313726 1 0.2901960784313726 0.2901960784313726 0.2901960784313726 1 0.5843137254901961 0.5843137254901961 0.5843137254901961 1 0.5843137254901961 0.5843137254901961 0.5843137254901961 1 0.6 0.6 0.6 1 0.6 0.6 0.6 1 0.9411764705882353 0.9411764705882353 0.9411764705882353 1 0.9411764705882353 0.9411764705882353 0.9411764705882353 1 0.9411764705882353 0.9411764705882353 0.9411764705882353 1 0.9411764705882353 0.9411764705882353 0.9411764705882353 1 0.5568627450980392 0.5568627450980392 0.40784313725490196 1 0.5568627450980392 0.5568627450980392 0.40784313725490196 1 0.5568627450980392 0.5568627450980392 0.40784313725490196 1 0.5568627450980392 0.5568627450980392 0.40784313725490196 1 0.2901960784313726 0.2901960784313726 0.2901960784313726 1 0.2901960784313726 0.2901960784313726 0.2901960784313726 1 0.2901960784313726 0.2901960784313726 0.2901960784313726 1 0.2901960784313726 0.2901960784313726 0.2901960784313726 1 1 1 0.996078431372549 1 1 1 0.996078431372549 1 1 1 0.996078431372549 1 1 1 0.996078431372549 1 0.8156862745098039 0.8156862745098039 0.8156862745098039 1 0.8156862745098039 0.8156862745098039 0.8156862745098039 1 0.8156862745098039 0.8156862745098039 0.8156862745098039 1 0.8156862745098039 0.8156862745098039 0.8156862745098039 1 0.2901960784313726 0.2901960784313726 0.2901960784313726 1 0.8196078431372549 0.8196078431372549 0.8196078431372549 1 0.8196078431372549 0.8196078431372549 0.8196078431372549 1 0.8196078431372549 0.8196078431372549 0.8196078431372549 1 0.2901960784313726 0.2901960784313726 0.2901960784313726 1 0.3137254901960784 0.3137254901960784 0.3137254901960784 1 0.3137254901960784 0.3137254901960784 0.3137254901960784 1 0.3137254901960784 0.3137254901960784 0.3137254901960784 1 0.3137254901960784 0.3137254901960784 0.3137254901960784 1 0.5843137254901961 0.5843137254901961 0.5843137254901961 1 0.5843137254901961 0.5843137254901961 0.5843137254901961 1 0.5843137254901961 0.5843137254901961 0.5843137254901961 1 0.5843137254901961 0.5843137254901961 0.5843137254901961 1 0.8196078431372549 0.8196078431372549 0.8196078431372549 1 0.8 0.8 0.8 1 0.8 0.8 0.8 1 0.8 0.8 0.8 1 0.2901960784313726 0.2901960784313726 0.2901960784313726 1 0.2901960784313726 0.2901960784313726 0.2901960784313726 1 0.2901960784313726 0.2901960784313726 0.2901960784313726 1 0.2901960784313726 0.2901960784313726 0.2901960784313726 1 0.2901960784313726 0.2901960784313726 0.2901960784313726 1 0.2901960784313726 0.2901960784313726 0.2901960784313726 1 0.2901960784313726 0.2901960784313726 0.2901960784313726 1 0.2901960784313726 0.2901960784313726 0.2901960784313726 1 0.9333333333333333 0.9333333333333333 0.9333333333333333 1 0.9333333333333333 0.9333333333333333 0.9333333333333333 1 0.9333333333333333 0.9333333333333333 0.9333333333333333 1 0.9333333333333333 0.9333333333333333 0.9333333333333333 1 1 1 0.996078431372549 1 1 1 0.996078431372549 1 1 1 0.996078431372549 1 0.8 0.8 0.8 1 1 1 0.996078431372549 1 1 1 0.996078431372549 1 1 1 0.996078431372549 1 1 1 0.996078431372549 1 1 1 0.996078431372549 1 0.6666666666666666 0.6666666666666666 0.6666666666666666 1 0.6666666666666666 0.6666666666666666 0.6666666666666666 1 0.6666666666666666 0.6666666666666666 0.6666666666666666 1 0.6666666666666666 0.6666666666666666 0.6666666666666666 1 1 1 0.996078431372549 1 1 1 0.996078431372549 1 1 1 0.996078431372549 1 1 1 0.996078431372549 1 1 1 0.996078431372549 1 0.3254901960784314 0.3254901960784314 0.3254901960784314 1 0.3254901960784314 0.3254901960784314 0.3254901960784314 1 0.3254901960784314 0.3254901960784314 0.3254901960784314 1 0.3254901960784314 0.3254901960784314 0.3254901960784314 1 0.9411764705882353 0.9411764705882353 0.9411764705882353 1 0.9411764705882353 0.9411764705882353 0.9411764705882353 1 0.9411764705882353 0.9411764705882353 0.9411764705882353 1 1 1 0.996078431372549 1 1 1 0.996078431372549 1 0.9411764705882353 0.9411764705882353 0.9411764705882353 1 0.41568627450980394 0.41568627450980394 0.41568627450980394 1 0.41568627450980394 0.41568627450980394 0.41568627450980394 1 0.41568627450980394 0.41568627450980394 0.41568627450980394 1 0.41568627450980394 0.41568627450980394 0.41568627450980394 1 1 1 0.996078431372549 1 1 1 0.996078431372549 1 1 1 0.996078431372549 1 1 1 0.996078431372549 1 0.4 0.4 0.4 1 0.4 0.4 0.4 1 0.4 0.4 0.4 1 0.4 0.4 0.4 1 1 1 0.996078431372549 1 1 1 0.996078431372549 1 1 1 0.996078431372549 1 0.5843137254901961 0.5843137254901961 0.5843137254901961 1 0.5843137254901961 0.5843137254901961 0.5843137254901961 1 0.5843137254901961 0.5843137254901961 0.5843137254901961 1 0.5843137254901961 0.5843137254901961 0.5843137254901961 1 0.2901960784313726 0.2901960784313726 0.2901960784313726 1 0.2901960784313726 0.2901960784313726 0.2901960784313726 1 0.2901960784313726 0.2901960784313726 0.2901960784313726 1 0.2901960784313726 0.2901960784313726 0.2901960784313726 1 0.2901960784313726 0.2901960784313726 0.2901960784313726 1 0.2901960784313726 0.2901960784313726 0.2901960784313726 1 0.2901960784313726 0.2901960784313726 0.2901960784313726 1 0.2901960784313726 0.2901960784313726 0.2901960784313726 1 0.2901960784313726 0.2901960784313726 0.2901960784313726 1 0.9411764705882353 0.9411764705882353 0.9411764705882353 1 0.9411764705882353 0.9411764705882353 0.9411764705882353 1 0.9411764705882353 0.9411764705882353 0.9411764705882353 1 0.9411764705882353 0.9411764705882353 0.9411764705882353 1 0.2901960784313726 0.2901960784313726 0.2901960784313726 1 1 1 0.996078431372549 1 1 1 0.996078431372549 1 1 1 0.996078431372549 1 0.7529411764705882 0.7529411764705882 0.7529411764705882 1 0.7529411764705882 0.7529411764705882 0.7529411764705882 1 0.7529411764705882 0.7529411764705882 0.7529411764705882 1 0.7529411764705882 0.7529411764705882 0.7529411764705882 1 0.8666666666666667 0.8666666666666667 0.8666666666666667 1 0.8666666666666667 0.8666666666666667 0.8666666666666667 1 0.8666666666666667 0.8666666666666667 0.8666666666666667 1 0.8666666666666667 0.8666666666666667 0.8666666666666667 1 0.6666666666666666 0.6666666666666666 0.6666666666666666 1 0.6666666666666666 0.6666666666666666 0.6666666666666666 1 0.6666666666666666 0.6666666666666666 0.6666666666666666 1 0.6666666666666666 0.6666666666666666 0.6666666666666666 1 0.49019607843137253 0.49019607843137253 0.49019607843137253 1 0.49019607843137253 0.49019607843137253 0.49019607843137253 1 0.49019607843137253 0.49019607843137253 0.49019607843137253 1 1 1 0.996078431372549 1 1 1 0.996078431372549 1 1 1 0.996078431372549 1 0.5843137254901961 0.5843137254901961 0.5843137254901961 1 0.5843137254901961 0.5843137254901961 0.5843137254901961 1 0.5843137254901961 0.5843137254901961 0.5843137254901961 1 0.5843137254901961 0.5843137254901961 0.5843137254901961 1 0.49019607843137253 0.49019607843137253 0.49019607843137253 1 0.7529411764705882 0.7529411764705882 0.7529411764705882 1 0.7529411764705882 0.7529411764705882 0.7529411764705882 1 0.7529411764705882 0.7529411764705882 0.7529411764705882 1 0.2901960784313726 0.2901960784313726 0.2901960784313726 1 0.2901960784313726 0.2901960784313726 0.2901960784313726 1 0.2901960784313726 0.2901960784313726 0.2901960784313726 1 0.2901960784313726 0.2901960784313726 0.2901960784313726 1 0.2901960784313726 0.2901960784313726 0.2901960784313726 1 0.2901960784313726 0.2901960784313726 0.2901960784313726 1 0.2901960784313726 0.2901960784313726 0.2901960784313726 1 0.2901960784313726 0.2901960784313726 0.2901960784313726 1 0.8 0.8 0.8 1 0.8 0.8 0.8 1 0.8 0.8 0.8 1 0.8 0.8 0.8 1 0.9411764705882353 0.9411764705882353 0.9411764705882353 1 0.9411764705882353 0.9411764705882353 0.9411764705882353 1 0.9411764705882353 0.9411764705882353 0.9411764705882353 1 0.7529411764705882 0.7529411764705882 0.7529411764705882 1 0.45098039215686275 0.45098039215686275 0.45098039215686275 1 0.45098039215686275 0.45098039215686275 0.45098039215686275 1 0.45098039215686275 0.45098039215686275 0.45098039215686275 1 0.45098039215686275 0.45098039215686275 0.45098039215686275 1 0.8666666666666667 0.8666666666666667 0.8666666666666667 1 0.8666666666666667 0.8666666666666667 0.8666666666666667 1 0.8666666666666667 0.8666666666666667 0.8666666666666667 1 0.8666666666666667 0.8666666666666667 0.8666666666666667 1 0.9411764705882353 0.9411764705882353 0.9411764705882353 1 0.2901960784313726 0.2901960784313726 0.2901960784313726 1 0.2901960784313726 0.2901960784313726 0.2901960784313726 1 0.2901960784313726 0.2901960784313726 0.2901960784313726 1 1 1 0.996078431372549 1 1 1 0.996078431372549 1 1 1 0.996078431372549 1 1 1 0.996078431372549 1 0.3764705882352941 0.3764705882352941 0.3764705882352941 1 0.3764705882352941 0.3764705882352941 0.3764705882352941 1 0.3764705882352941 0.3764705882352941 0.3764705882352941 1 0.3764705882352941 0.3764705882352941 0.3764705882352941 1 1 1 0.996078431372549 1 1 1 0.996078431372549 1 1 1 0.996078431372549 1 1 1 0.996078431372549 1 0.7607843137254902 0.7607843137254902 0.7607843137254902 1 0.7607843137254902 0.7607843137254902 0.7607843137254902 1 0.7607843137254902 0.7607843137254902 0.7607843137254902 1 0.2901960784313726 0.2901960784313726 0.2901960784313726 1 0.2901960784313726 0.2901960784313726 0.2901960784313726 1 0.2901960784313726 0.2901960784313726 0.2901960784313726 1 0.2901960784313726 0.2901960784313726 0.2901960784313726 1 0.2901960784313726 0.2901960784313726 0.2901960784313726 1 0.2901960784313726 0.2901960784313726 0.2901960784313726 1 0.2901960784313726 0.2901960784313726 0.2901960784313726 1 0.7607843137254902 0.7607843137254902 0.7607843137254902 1 0.6901960784313725 0.6901960784313725 0.6901960784313725 1 0.6901960784313725 0.6901960784313725 0.6901960784313725 1 0.6901960784313725 0.6901960784313725 0.6901960784313725 1 0.2901960784313726 0.2901960784313726 0.2901960784313726 1 0.2901960784313726 0.2901960784313726 0.2901960784313726 1 0.2901960784313726 0.2901960784313726 0.2901960784313726 1 0.2901960784313726 0.2901960784313726 0.2901960784313726 1 0.45098039215686275 0.45098039215686275 0.45098039215686275 1 0.45098039215686275 0.45098039215686275 0.45098039215686275 1 0.45098039215686275 0.45098039215686275 0.45098039215686275 1 0.45098039215686275 0.45098039215686275 0.45098039215686275 1 0.7333333333333333 0.7333333333333333 0.7333333333333333 1 0.7333333333333333 0.7333333333333333 0.7333333333333333 1 0.7333333333333333 0.7333333333333333 0.7333333333333333 1 0.7333333333333333 0.7333333333333333 0.7333333333333333 1 0.49019607843137253 0.49019607843137253 0.49019607843137253 1 0.49019607843137253 0.49019607843137253 0.49019607843137253 1 0.49019607843137253 0.49019607843137253 0.49019607843137253 1 0.6901960784313725 0.6901960784313725 0.6901960784313725 1 0.8666666666666667 0.8666666666666667 0.8666666666666667 1 0.8666666666666667 0.8666666666666667 0.8666666666666667 1 0.8666666666666667 0.8666666666666667 0.8666666666666667 1 0.8666666666666667 0.8666666666666667 0.8666666666666667 1 0.3686274509803922 0.3686274509803922 0.3686274509803922 1 0.3686274509803922 0.3686274509803922 0.3686274509803922 1 0.3686274509803922 0.3686274509803922 0.3686274509803922 1 0.3686274509803922 0.3686274509803922 0.3686274509803922 1 0.3686274509803922 0.3686274509803922 0.3686274509803922 1 1 1 0.996078431372549 1 1 1 0.996078431372549 1 1 1 0.996078431372549 1 0.49019607843137253 0.49019607843137253 0.49019607843137253 1 1 1 0.996078431372549 1 1 1 0.996078431372549 1 1 1 0.996078431372549 1 1 1 0.996078431372549 1 0.2901960784313726 0.2901960784313726 0.2901960784313726 1 0.2901960784313726 0.2901960784313726 0.2901960784313726 1 0.2901960784313726 0.2901960784313726 0.2901960784313726 1 0.2901960784313726 0.2901960784313726 0.2901960784313726 1 0.2901960784313726 0.2901960784313726 0.2901960784313726 1 0.2901960784313726 0.2901960784313726 0.2901960784313726 1 0.2901960784313726 0.2901960784313726 0.2901960784313726 1 0.2901960784313726 0.2901960784313726 0.2901960784313726 1 1 1 0.996078431372549 1 1 1 0.996078431372549 1 1 1 0.996078431372549 1 1 1 0.996078431372549 1 1 1 0.996078431372549 1 0.2901960784313726 0.2901960784313726 0.2901960784313726 1 0.2901960784313726 0.2901960784313726 0.2901960784313726 1 0.2901960784313726 0.2901960784313726 0.2901960784313726 1 0.2901960784313726 0.2901960784313726 0.2901960784313726 1 0.2901960784313726 0.2901960784313726 0.2901960784313726 1 0.2901960784313726 0.2901960784313726 0.2901960784313726 1 0.2901960784313726 0.2901960784313726 0.2901960784313726 1 0.2901960784313726 0.2901960784313726 0.2901960784313726 1 0.2901960784313726 0.2901960784313726 0.2901960784313726 1 0.2901960784313726 0.2901960784313726 0.2901960784313726 1 0.2901960784313726 0.2901960784313726 0.2901960784313726 1 0.45098039215686275 0.45098039215686275 0.45098039215686275 1 0.45098039215686275 0.45098039215686275 0.45098039215686275 1 0.45098039215686275 0.45098039215686275 0.45098039215686275 1 0.2901960784313726 0.2901960784313726 0.2901960784313726 1 0.2901960784313726 0.2901960784313726 0.2901960784313726 1 0.5843137254901961 0.5843137254901961 0.5843137254901961 1 0.5843137254901961 0.5843137254901961 0.5843137254901961 1 0.5843137254901961 0.5843137254901961 0.5843137254901961 1 0.5843137254901961 0.5843137254901961 0.5843137254901961 1 0.6274509803921569 0.6274509803921569 0.6274509803921569 1 0.6274509803921569 0.6274509803921569 0.6274509803921569 1 0.6274509803921569 0.6274509803921569 0.6274509803921569 1 0.6274509803921569 0.6274509803921569 0.6274509803921569 1 1 1 0.996078431372549 1 1 1 0.996078431372549 1 1 1 0.996078431372549 1 0.45098039215686275 0.45098039215686275 0.45098039215686275 1 0.7333333333333333 0.7333333333333333 0.7333333333333333 1 0.7333333333333333 0.7333333333333333 0.7333333333333333 1 0.7333333333333333 0.7333333333333333 0.7333333333333333 1 0.7333333333333333 0.7333333333333333 0.7333333333333333 1 0.4 0.4 0.4 1 0.4 0.4 0.4 1 0.4 0.4 0.4 1 0.4 0.4 0.4 1 1 1 0.996078431372549 1 1 1 0.996078431372549 1 1 1 0.996078431372549 1 1 1 0.996078431372549 1 0.8196078431372549 0.8196078431372549 0.8196078431372549 1 0.8196078431372549 0.8196078431372549 0.8196078431372549 1 0.8196078431372549 0.8196078431372549 0.8196078431372549 1 0.8196078431372549 0.8196078431372549 0.8196078431372549 1 0.2901960784313726 0.2901960784313726 0.2901960784313726 1 0.2901960784313726 0.2901960784313726 0.2901960784313726 1 0.2901960784313726 0.2901960784313726 0.2901960784313726 1 0.2901960784313726 0.2901960784313726 0.2901960784313726 1 1 1 0.996078431372549 1 1 1 0.996078431372549 1 0.8 0.8 0.8 1 0.8 0.8 0.8 1 0.8 0.8 0.8 1 0.6666666666666666 0.6666666666666666 0.6666666666666666 1 0.6666666666666666 0.6666666666666666 0.6666666666666666 1 0.6666666666666666 0.6666666666666666 0.6666666666666666 1 0.6666666666666666 0.6666666666666666 0.6666666666666666 1 0.6666666666666666 0.6666666666666666 0.6666666666666666 1 1 1 0.996078431372549 1 0.8666666666666667 0.8666666666666667 0.8666666666666667 1 0.8666666666666667 0.8666666666666667 0.8666666666666667 1 0.8666666666666667 0.8666666666666667 0.8666666666666667 1 0.8666666666666667 0.8666666666666667 0.8666666666666667 1 0.8 0.8 0.8 1 0.6274509803921569 0.6274509803921569 0.6274509803921569 1 0.6274509803921569 0.6274509803921569 0.6274509803921569 1 0.6274509803921569 0.6274509803921569 0.6274509803921569 1 0.6274509803921569 0.6274509803921569 0.6274509803921569 1 1 1 0.996078431372549 1 1 1 0.996078431372549 1 1 1 0.996078431372549 1 1 1 0.996078431372549 1 1 1 0.996078431372549 1</float_array>
                    <technique_common>
                        <accessor count="755" source="#colorarrayMesh1_1" stride="4">
                            <param name="R" type="float"/>
                            <param name="G" type="float"/>
                            <param name="B" type="float"/>
                            <param name="A" type="float"/>
                        </accessor>
                    </technique_common>
                </source>
                <vertices id="verticesMesh1_1">
                    <input semantic="POSITION" source="#pointsMesh1_1"/>
                </vertices>
                <polylist count="435" material="Material1">
                    <input offset="0" semantic="VERTEX" source="#verticesMesh1_1"/>
                    <input offset="1" semantic="TEXCOORD" source="#uvsMesh1_1" set="0"/>
                    <input offset="2" semantic="COLOR" source="#colorsMesh1_1" set="0"/>
                    <vcount>3 3 3 3 3 3 3 3 3 3 3 3 3 3 3 3 3 3 3 3 3 3 3 3 3 3 3 3 3 3 3 3 3 3 3 3 3 3 3 3 3 3 3 3 3 3 3 3 3 3 3 3 3 3 3 3 3 3 3 3 3 3 3 3 3 3 3 3 3 3 3 3 3 3 3 3 3 3 3 3 3 3 3 3 3 3 3 3 3 3 3 3 3 3 3 3 3 3 3 3 3 3 3 3 3 3 3 3 3 3 3 3 3 3 3 3 3 3 3 3 3 3 3 3 3 3 3 3 3 3 3 3 3 3 3 3 3 3 3 3 3 3 3 3 3 3 3 3 3 3 3 3 3 3 3 3 3 3 3 3 3 3 3 3 3 3 3 3 3 3 3 3 3 3 3 3 3 3 3 3 3 3 3 3 3 3 3 3 3 3 3 3 3 3 3 3 3 3 3 3 3 3 3 3 3 3 3 3 3 3 3 3 3 3 3 3 3 3 3 3 3 3 3 3 3 3 3 3 3 3 3 3 3 3 3 3 3 3 3 3 3 3 3 3 3 3 3 3 3 3 3 3 3 3 3 3 3 3 3 3 3 3 3 3 3 3 3 3 3 3 3 3 3 3 3 3 3 3 3 3 3 3 3 3 3 3 3 3 3 3 3 3 3 3 3 3 3 3 3 3 3 3 3 3 3 3 3 3 3 3 3 3 3 3 3 3 3 3 3 3 3 3 3 3 3 3 3 3 3 3 3 3 3 3 3 3 3 3 3 3 3 3 3 3 3 3 3 3 3 3 3 3 3 3 3 3 3 3 3 3 3 3 3 3 3 3 3 3 3 3 3 3 3 3 3 3 3 3 3 3 3 3 3 3 3 3 3 3 3 3 3 3 3 3 3 3 3 3 3 3 3 3 3 3 3 3 3 3 3 3 3 3 3 3 3 3 3 3 3 3 3 3 3 3 3 3 3 3 3 3 3 3 3 3 3</vcount>
                    <p>0 0 0 1 1 1 2 2 2 2 2 2 3 3 3 4 4 4 2 2 2 4 4 4 0 0 0 5 5 5 3 3 3 2 2 2 6 6 6 5 5 5 2 2 2 2 2 2 1 1 1 7 7 7 2 2 2 7 7 7 6 6 6 0 0 0 8 8 8 1 1 1 7 7 7 9 9 9 10 10 10 6 6 6 7 7 7 10 10 10 11 11 11 12 12 12 13 13 13 11 11 11 14 14 14 12 12 12 15 15 15 16 16 16 17 17 17 15 15 15 17 17 17 18 18 18 17 17 17 19 19 19 20 20 20 18 18 18 17 17 17 20 20 20 21 21 21 22 22 22 23 23 23 21 21 21 24 24 24 22 22 22 25 25 25 26 26 26 27 27 27 25 25 25 28 28 28 26 26 26 29 29 29 30 30 30 31 31 31 32 32 32 33 33 33 34 34 34 32 32 32 35 35 35 33 33 33 36 36 36 37 37 37 29 29 29 36 36 36 38 38 38 37 37 37 39 39 39 40 40 40 36 36 36 41 41 41 38 38 38 36 36 36 29 29 29 39 39 39 36 36 36 29 29 29 37 37 37 30 30 30 42 42 42 43 43 43 44 44 44 41 41 41 45 45 45 38 38 38 46 46 46 47 47 47 48 48 48 47 47 47 49 49 49 48 48 48 50 50 50 51 51 51 52 52 52 50 50 50 52 52 52 53 53 53 42 42 42 54 54 54 43 43 43 55 55 55 8 8 8 0 0 0 56 56 56 57 57 57 58 58 58 56 56 56 58 58 58 59 59 59 60 60 60 61 61 61 62 62 62 60 60 60 63 63 63 61 61 61 64 64 64 65 65 65 66 66 66 65 65 65 67 67 67 66 66 66 68 68 68 69 69 69 70 70 70 55 55 55 71 71 71 8 8 8 72 72 72 73 73 73 74 74 74 72 72 72 74 74 74 75 75 75 76 76 76 77 77 77 78 78 78 79 79 79 76 76 76 78 78 78 68 68 68 80 80 80 69 69 69 81 81 81 82 82 82 83 83 83 69 69 69 84 84 84 70 70 70 84 84 84 85 85 85 70 70 70 85 85 85 86 86 86 70 70 70 85 85 85 87 87 87 86 86 86 88 88 88 89 89 89 90 90 90 88 88 88 91 91 91 89 89 89 92 92 92 93 93 93 94 94 94 82 82 82 95 95 95 83 83 83 96 96 96 97 97 97 98 98 98 96 96 96 99 99 99 97 97 97 100 100 100 101 101 101 102 102 102 100 100 100 102 102 102 103 103 103 92 92 92 104 104 104 93 93 93 105 105 105 106 106 106 107 107 107 108 108 108 109 109 109 110 110 110 108 108 108 110 110 110 111 111 111 112 112 112 113 113 113 114 114 114 112 112 112 115 115 115 113 113 113 116 116 116 117 117 117 118 118 118 116 116 116 119 119 119 117 117 117 120 120 120 121 121 121 122 122 122 105 105 105 123 123 123 106 106 106 124 124 124 125 125 125 126 126 126 124 124 124 126 126 126 127 127 127 128 128 128 129 129 129 130 130 130 128 128 128 131 131 131 129 129 129 120 120 120 132 132 132 121 121 121 133 133 133 134 134 134 135 135 135 136 136 136 137 137 137 138 138 138 137 137 137 139 139 139 138 138 138 140 140 140 141 141 141 142 142 142 140 140 140 142 142 142 143 143 143 144 144 144 145 145 145 146 146 146 144 144 144 146 146 146 147 147 147 148 148 148 149 149 149 150 150 150 133 133 133 151 151 151 134 134 134 134 134 134 152 152 152 153 153 153 135 135 135 134 134 134 153 153 153 154 154 154 155 155 155 156 156 156 155 155 155 157 157 157 156 156 156 148 148 148 150 150 150 158 158 158 159 159 159 160 160 160 161 161 161 162 162 162 163 163 163 164 164 164 162 162 162 164 164 164 165 165 165 165 165 165 164 164 164 166 166 166 165 165 165 166 166 166 167 167 167 168 168 168 161 161 161 169 169 169 168 168 168 169 169 169 170 170 170 170 170 170 171 171 171 168 168 168 159 159 159 161 161 161 168 168 168 172 172 172 173 173 173 174 174 174 170 170 170 175 175 175 171 171 171 176 176 176 177 177 177 178 178 178 179 179 179 176 176 176 178 178 178 180 180 180 181 181 181 182 182 182 180 180 180 183 183 183 181 181 181 172 172 172 174 174 174 184 184 184 185 185 185 186 186 186 187 187 187 186 186 186 188 188 188 187 187 187 167 167 167 166 166 166 189 189 189 167 167 167 189 189 189 190 190 190 190 190 190 191 191 191 167 167 167 190 190 190 192 192 192 191 191 191 193 193 193 194 194 194 195 195 195 193 193 193 196 196 196 194 194 194 197 197 197 198 198 198 199 199 199 200 200 200 201 201 201 202 202 202 200 200 200 203 203 203 201 201 201 204 204 204 205 205 205 206 206 206 204 204 204 206 206 206 207 207 207 199 199 199 208 208 208 197 197 197 197 197 197 209 209 209 198 198 198 210 210 210 211 211 211 212 212 212 199 199 199 213 213 213 208 208 208 214 214 214 215 215 215 216 216 216 214 214 214 217 217 217 215 215 215 218 218 218 219 219 219 220 220 220 218 218 218 220 220 220 221 221 221 210 210 210 222 222 222 211 211 211 223 223 223 224 224 224 225 225 225 226 226 226 227 227 227 228 228 228 227 227 227 229 229 229 228 228 228 230 230 230 231 231 231 232 232 232 233 233 233 230 230 230 232 232 232 234 234 234 235 235 235 236 236 236 234 234 234 237 237 237 235 235 235 238 238 238 239 239 239 240 240 240 223 223 223 225 225 225 241 241 241 242 242 242 243 243 243 244 244 244 242 242 242 245 245 245 243 243 243 246 246 246 240 240 240 247 247 247 238 238 238 240 240 240 246 246 246 246 246 246 247 247 247 248 248 248 249 249 249 250 250 250 251 251 251 252 252 252 253 253 253 254 254 254 255 255 255 256 256 256 254 254 254 254 254 254 253 253 253 257 257 257 254 254 254 257 257 257 255 255 255 252 252 252 258 258 258 253 253 253 255 255 255 259 259 259 256 256 256 260 260 260 261 261 261 262 262 262 260 260 260 263 263 263 261 261 261 264 264 264 265 265 265 266 266 266 267 267 267 249 249 249 251 251 251 268 268 268 269 269 269 270 270 270 268 268 268 271 271 271 269 269 269 272 272 272 273 273 273 274 274 274 272 272 272 275 275 275 273 273 273 276 276 276 264 264 264 266 266 266 277 277 277 278 278 278 279 279 279 280 280 280 281 281 281 282 282 282 280 280 280 282 282 282 283 283 283 284 284 284 285 285 285 286 286 286 284 284 284 286 286 286 287 287 287 284 284 284 287 287 287 288 288 288 289 289 289 284 284 284 288 288 288 290 290 290 285 285 285 284 284 284 290 290 290 291 291 291 285 285 285 292 292 292 293 293 293 294 294 294 278 278 278 295 295 295 279 279 279 279 279 279 296 296 296 297 297 297 279 279 279 295 295 295 296 296 296 298 298 298 299 299 299 300 300 300 299 299 299 301 301 301 300 300 300 302 302 302 293 293 293 292 292 292 303 303 303 292 292 292 304 304 304 292 292 292 294 294 294 304 304 304 305 305 305 306 306 306 307 307 307 302 302 302 308 308 308 293 293 293 309 309 309 310 310 310 311 311 311 309 309 309 312 312 312 310 310 310 313 313 313 314 314 314 315 315 315 313 313 313 315 315 315 316 316 316 305 305 305 307 307 307 317 317 317 318 318 318 319 319 319 320 320 320 321 321 321 322 322 322 323 323 323 322 322 322 324 324 324 323 323 323 325 325 325 326 326 326 327 327 327 325 325 325 328 328 328 326 326 326 329 329 329 328 328 328 325 325 325 325 325 325 327 327 327 330 330 330 331 331 331 325 325 325 330 330 330 329 329 329 332 332 332 328 328 328 333 333 333 334 334 334 335 335 335 318 318 318 336 336 336 319 319 319 337 337 337 338 338 338 339 339 339 337 337 337 340 340 340 338 338 338 341 341 341 342 342 342 343 343 343 341 341 341 343 343 343 344 344 344 333 333 333 335 335 335 345 345 345 346 346 346 347 347 347 348 348 348 349 349 349 350 350 350 351 351 351 349 349 349 352 352 352 350 350 350 353 353 353 354 354 354 355 355 355 353 353 353 356 356 356 354 354 354 357 357 357 358 358 358 359 359 359 357 357 357 360 360 360 358 358 358 346 346 346 361 361 361 347 347 347 303 303 303 304 304 304 362 362 362 363 363 363 364 364 364 365 365 365 363 363 363 366 366 366 364 364 364 367 367 367 368 368 368 369 369 369 367 367 367 369 369 369 370 370 370 371 371 371 367 367 367 372 372 372 373 373 373 374 374 374 368 368 368 373 373 373 368 368 368 367 367 367 367 367 367 370 370 370 372 372 372 375 375 375 376 376 376 377 377 377 376 376 376 378 378 378 377 377 377 379 379 379 380 380 380 381 381 381 379 379 379 381 381 381 382 382 382 383 383 383 384 384 384 385 385 385 386 386 386 387 387 387 388 388 388 386 386 386 389 389 389 387 387 387 390 390 390 388 388 388 391 391 391 392 392 392 393 393 393 394 394 394 392 392 392 394 394 394 395 395 395 383 383 383 396 396 396 384 384 384 390 390 390 391 391 391 397 397 397 398 398 398 399 399 399 400 400 400 399 399 399 401 401 401 400 400 400 402 402 402 403 403 403 404 404 404 402 402 402 405 405 405 403 403 403 403 403 403 406 406 406 407 407 407 404 404 404 403 403 403 407 407 407 408 408 408 409 409 409 410 410 410 411 411 411 412 412 412 413 413 413 411 411 411 414 414 414 412 412 412 415 415 415 416 416 416 417 417 417 416 416 416 418 418 418 417 417 417 418 418 418 419 419 419 420 420 420 417 417 417 418 418 418 420 420 420 417 417 417 420 420 420 421 421 421 422 422 422 417 417 417 421 421 421 423 423 423 424 424 424 425 425 425 409 409 409 426 426 426 410 410 410 427 427 427 428 428 428 429 429 429 427 427 427 429 429 429 430 430 430 431 431 431 432 432 432 433 433 433 431 431 431 434 434 434 432 432 432 423 423 423 435 435 435 424 424 424 436 436 436 437 437 437 438 438 438 439 439 439 440 440 440 441 441 441 439 439 439 441 441 441 442 442 442 443 443 443 444 444 444 445 445 445 446 446 446 443 443 443 445 445 445 447 447 447 448 448 448 449 449 449 447 447 447 449 449 449 450 450 450 451 451 451 452 452 452 453 453 453 436 436 436 438 438 438 454 454 454 455 455 455 456 456 456 457 457 457 456 456 456 458 458 458 457 457 457 459 459 459 460 460 460 461 461 461 459 459 459 462 462 462 460 460 460 463 463 463 452 452 452 451 451 451 464 464 464 465 465 465 466 466 466 463 463 463 467 467 467 452 452 452 468 468 468 469 469 469 470 470 470 468 468 468 471 471 471 469 469 469 472 472 472 473 473 473 474 474 474 472 472 472 474 474 474 475 475 475 464 464 464 476 476 476 465 465 465 477 477 477 478 478 478 479 479 479 480 480 480 481 481 481 482 482 482 480 480 480 483 483 483 481 481 481 484 484 484 485 485 485 486 486 486 484 484 484 486 486 486 487 487 487 488 488 488 489 489 489 490 490 490 488 488 488 491 491 491 489 489 489 492 492 492 493 493 493 494 494 494 477 477 477 479 479 479 495 495 495 496 496 496 497 497 497 498 498 498 496 496 496 499 499 499 497 497 497 496 496 496 500 500 500 499 499 499 501 501 501 502 502 502 503 503 503 501 501 501 503 503 503 504 504 504 492 492 492 494 494 494 505 505 505 492 492 492 505 505 505 506 506 506 494 494 494 507 507 507 505 505 505 494 494 494 508 508 508 507 507 507 494 494 494 509 509 509 508 508 508 510 510 510 511 511 511 512 512 512 510 510 510 513 513 513 511 511 511 514 514 514 515 515 515 516 516 516 509 509 509 517 517 517 518 518 518 515 515 515 519 519 519 516 516 516 520 520 520 521 521 521 522 522 522 520 520 520 523 523 523 521 521 521 524 524 524 525 525 525 526 526 526 524 524 524 527 527 527 525 525 525 509 509 509 518 518 518 508 508 508 528 528 528 529 529 529 530 530 530 528 528 528 531 531 531 529 529 529 532 532 532 533 533 533 534 534 534 535 535 535 536 536 536 537 537 537 535 535 535 538 538 538 536 536 536 539 539 539 540 540 540 541 541 541 542 542 542 543 543 543 539 539 539 544 544 544 541 541 541 545 545 545 541 541 541 546 546 546 545 545 545 541 541 541 540 540 540 546 546 546 544 544 544 545 545 545 547 547 547 539 539 539 543 543 543 540 540 540 548 548 548 549 549 549 550 550 550 549 549 549 551 551 551 550 550 550 542 542 542 552 552 552 543 543 543 553 553 553 554 554 554 555 555 555 556 556 556 557 557 557 558 558 558 556 556 556 558 558 558 559 559 559 560 560 560 561 561 561 562 562 562 560 560 560 562 562 562 563 563 563 564 564 564 565 565 565 566 566 566 564 564 564 567 567 567 565 565 565 568 568 568 569 569 569 570 570 570 571 571 571 554 554 554 553 553 553 571 571 571 572 572 572 554 554 554 553 553 553 555 555 555 573 573 573 574 574 574 575 575 575 576 576 576 574 574 574 577 577 577 575 575 575 568 568 568 570 570 570 578 578 578 579 579 579 580 580 580 581 581 581 582 582 582 583 583 583 584 584 584 583 583 583 585 585 585 586 586 586 583 583 583 586 586 586 584 584 584 584 584 584 586 586 586 587 587 587 582 582 582 584 584 584 588 588 588 584 584 584 587 587 587 589 589 589 590 590 590 591 591 591 592 592 592 590 590 590 593 593 593 591 591 591 594 594 594 595 595 595 596 596 596 579 579 579 581 581 581 597 597 597 598 598 598 599 599 599 600 600 600 598 598 598 601 601 601 599 599 599 602 602 602 603 603 603 604 604 604 602 602 602 605 605 605 603 603 603 594 594 594 596 596 596 606 606 606 607 607 607 608 608 608 609 609 609 610 610 610 611 611 611 612 612 612 610 610 610 612 612 612 613 613 613 614 614 614 615 615 615 616 616 616 615 615 615 617 617 617 616 616 616 618 618 618 619 619 619 620 620 620 618 618 618 621 621 621 619 619 619 622 622 622 623 623 623 624 624 624 607 607 607 625 625 625 608 608 608 609 609 609 608 608 608 626 626 626 627 627 627 609 609 609 628 628 628 609 609 609 626 626 626 628 628 628 628 628 628 626 626 626 629 629 629 627 627 627 628 628 628 630 630 630 628 628 628 629 629 629 631 631 631 622 622 622 632 632 632 623 623 623 633 633 633 634 634 634 635 635 635 636 636 636 637 637 637 638 638 638 636 636 636 638 638 638 639 639 639 640 640 640 641 641 641 642 642 642 640 640 640 642 642 642 643 643 643 644 644 644 645 645 645 646 646 646 644 644 644 647 647 647 645 645 645 648 648 648 649 649 649 650 650 650 633 633 633 651 651 651 634 634 634 652 652 652 653 653 653 654 654 654 652 652 652 654 654 654 655 655 655 656 656 656 657 657 657 658 658 658 656 656 656 659 659 659 660 660 660 656 656 656 660 660 660 657 657 657 661 661 661 662 662 662 663 663 663 648 648 648 650 650 650 664 664 664 665 665 665 666 666 666 667 667 667 668 668 668 665 665 665 667 667 667 669 669 669 670 670 670 671 671 671 669 669 669 672 672 672 670 670 670 671 671 671 670 670 670 673 673 673 674 674 674 675 675 675 676 676 676 661 661 661 677 677 677 662 662 662 678 678 678 679 679 679 677 677 677 678 678 678 677 677 677 661 661 661 680 680 680 681 681 681 679 679 679 680 680 680 679 679 679 678 678 678 682 682 682 676 676 676 683 683 683 676 676 676 684 684 684 683 683 683 676 676 676 675 675 675 684 684 684 683 683 683 684 684 684 685 685 685 682 682 682 683 683 683 686 686 686 683 683 683 685 685 685 687 687 687 674 674 674 688 688 688 675 675 675 687 687 687 685 685 685 689 689 689 687 687 687 689 689 689 690 690 690 687 687 687 690 690 690 691 691 691 692 692 692 687 687 687 691 691 691 693 693 693 694 694 694 695 695 695 690 690 690 689 689 689 696 696 696 690 690 690 696 696 696 697 697 697 698 698 698 699 699 699 700 700 700 699 699 699 701 701 701 700 700 700 702 702 702 703 703 703 704 704 704 702 702 702 705 705 705 703 703 703 706 706 706 707 707 707 708 708 708 709 709 709 693 693 693 695 695 695 710 710 710 711 711 711 712 712 712 710 710 710 712 712 712 713 713 713 714 714 714 715 715 715 716 716 716 714 714 714 716 716 716 717 717 717 706 706 706 708 708 708 718 718 718 719 719 719 720 720 720 721 721 721 722 722 722 723 723 723 724 724 724 722 722 722 724 724 724 725 725 725 726 726 726 727 727 727 728 728 728 726 726 726 728 728 728 729 729 729 730 730 730 731 731 731 720 720 720 730 730 730 720 720 720 719 719 719 732 732 732 733 733 733 734 734 734 735 735 735 736 736 736 737 737 737 735 735 735 737 737 737 738 738 738 735 735 735 738 738 738 739 739 739 719 719 719 721 721 721 740 740 740 741 741 741 742 742 742 743 743 743 741 741 741 743 743 743 744 744 744 745 745 745 732 732 732 734 734 734 746 746 746 747 747 747 748 748 748 747 747 747 749 749 749 748 748 748 750 750 750 751 751 751 752 752 752 750 750 750 753 753 753 751 751 751 750 750 750 752 752 752 754 754 754</p>
                </polylist>
            </mesh>
        </geometry>
        <geometry id="meshMesh2_1">
            <mesh>
                <source id="pointsMesh2_1">
                    <float_array id="pointarrayMesh2_1" count="744">2484 2075 -818 -2423 -1994 -818 2484 -1994 -818 -2423 2075 -818 -123 259 -409 -123 366 -224 -229 648 -634 1401 395 -178 1401 443 -206 1334 445 -207 1334 395 -178 1449 395 -178 1449 443 -206 1334 316 -132 1401 316 -132 1401 681 -343 1202 445 -207 1334 592 -292 1339 681 -343 1133 453 -212 1025 350 -152 981 396 -178 947 372 -165 1133 395 -178 985 436 -202 1062 434 -201 1048 490 -233 972 474 -224 1055 387 -173 1018 524 -252 888 682 -344 904 625 -311 957 691 -349 973 322 -136 943 489 -232 974 541 -263 957 634 -316 999 633 -316 999 690 -348 815 652 -327 909 365 -161 915 309 -129 923 547 -266 899 492 -234 872 543 -263 872 367 -162 844 316 -133 863 608 -301 765 601 -297 829 580 -285 856 484 -230 807 517 -248 812 455 -213 841 382 -170 795 337 -145 820 411 -187 759 376 -167 733 462 -217 742 414 -189 742 554 -270 733 512 -246 230 73 1 209 94 12 105 33 48 1414 299 -137 1401 316 -132 1334 316 -132 1414 447 -223 1401 443 -206 1449 443 -206 1462 447 -223 1462 447 -223 1449 395 -178 1462 378 -183 1401 395 -178 1414 378 -183 1449 443 -206 1320 299 -137 1334 316 -132 1334 395 -178 1320 299 -137 1414 685 -360 1401 681 -343 1401 443 -206 1414 447 -223 1333 685 -360 1401 681 -343 1414 685 -360 1339 681 -343 1320 378 -183 1120 451 -225 1133 453 -212 1333 685 -360 1334 592 -292 1320 450 -224 1334 445 -207 1320 553 -284 1202 445 -207 1229 450 -224 1334 592 -292 1320 553 -284 1334 445 -207 1229 450 -224 1202 445 -207 1320 450 -224 1123 378 -183 1133 453 -212 1120 451 -225 1339 681 -343 1320 378 -183 1334 395 -178 1133 395 -178 1123 378 -183 1123 378 -183 1133 395 -178 1133 453 -212 1013 694 -366 999 690 -348 999 633 -316 1060 488 -247 1062 434 -201 1075 426 -211 1068 376 -182 1055 387 -173 1048 490 -233 1025 350 -152 1035 335 -158 1026 526 -269 1018 524 -252 973 322 -136 979 306 -141 956 696 -367 957 691 -349 999 690 -348 1012 616 -321 957 634 -316 959 616 -321 915 309 -129 916 292 -133 1013 694 -366 960 462 -231 972 429 -212 985 436 -202 978 546 -280 974 541 -263 1026 526 -269 1018 524 -252 904 625 -311 909 608 -316 985 436 -202 968 394 -192 981 396 -178 972 429 -212 943 489 -232 960 462 -231 972 474 -224 972 474 -224 981 396 -178 968 394 -192 947 372 -165 968 394 -192 939 375 -182 947 372 -165 936 473 -238 872 593 -307 844 316 -133 840 299 -138 923 552 -283 974 541 -263 978 546 -280 923 547 -266 884 687 -361 888 682 -344 957 691 -349 956 696 -367 868 547 -281 872 543 -263 923 547 -266 947 372 -165 939 375 -182 909 365 -161 939 375 -182 908 370 -179 909 365 -161 863 468 -235 900 475 -239 899 492 -234 943 489 -232 936 473 -238 856 484 -230 812 455 -213 923 552 -283 863 608 -301 841 569 -293 909 365 -161 908 370 -179 872 367 -162 878 371 -179 829 580 -285 841 382 -170 852 382 -185 833 407 -200 806 655 -343 815 652 -327 888 682 -344 884 687 -361 872 367 -162 852 382 -185 841 382 -170 878 371 -179 807 517 -248 825 530 -271 840 299 -138 844 316 -133 786 322 -151 820 411 -187 826 444 -221 807 517 -248 872 543 -263 868 547 -281 825 530 -271 786 322 -151 759 376 -167 747 364 -175 795 337 -145 753 600 -311 765 601 -297 806 655 -343 815 652 -327 729 550 -283 742 554 -270 795 337 -145 720 455 -228 733 512 -246 720 506 -257 747 364 -175 759 376 -167 742 414 -189 729 405 -199 729 405 -199 733 462 -217 720 455 -228 742 414 -189 720 506 -257 733 512 -246 742 554 -270 729 550 -283 733 462 -217</float_array>
                    <technique_common>
                        <accessor count="248" source="#pointarrayMesh2_1" stride="3">
                            <param name="X" type="float"/>
                            <param name="Y" type="float"/>
                            <param name="Z" type="float"/>
                        </accessor>
                    </technique_common>
                </source>
                <source id="uvsMesh2_1">
                    <float_array id="uvarrayMesh2_1" count="496">0 1 0 1 0 1 0 1 0 1 0 1 0 1 0 1 0 1 0 1 0 1 0 1 0 1 0 1 0 1 0 1 0 1 0 1 0 1 0 1 0 1 0 1 0 1 0 1 0 1 0 1 0 1 0 1 0 1 0 1 0 1 0 1 0 1 0 1 0 1 0 1 0 1 0 1 0 1 0 1 0 1 0 1 0 1 0 1 0 1 0 1 0 1 0 1 0 1 0 1 0 1 0 1 0 1 0 1 0 1 0 1 0 1 0 1 0 1 0 1 0 1 0 1 0 1 0 1 0 1 0 1 0 1 0 1 0 1 0 1 0 1 0 1 0 1 0 1 0 1 0 1 0 1 0 1 0 1 0 1 0 1 0 1 0 1 0 1 0 1 0 1 0 1 0 1 0 1 0 1 0 1 0 1 0 1 0 1 0 1 0 1 0 1 0 1 0 1 0 1 0 1 0 1 0 1 0 1 0 1 0 1 0 1 0 1 0 1 0 1 0 1 0 1 0 1 0 1 0 1 0 1 0 1 0 1 0 1 0 1 0 1 0 1 0 1 0 1 0 1 0 1 0 1 0 1 0 1 0 1 0 1 0 1 0 1 0 1 0 1 0 1 0 1 0 1 0 1 0 1 0 1 0 1 0 1 0 1 0 1 0 1 0 1 0 1 0 1 0 1 0 1 0 1 0 1 0 1 0 1 0 1 0 1 0 1 0 1 0 1 0 1 0 1 0 1 0 1 0 1 0 1 0 1 0 1 0 1 0 1 0 1 0 1 0 1 0 1 0 1 0 1 0 1 0 1 0 1 0 1 0 1 0 1 0 1 0 1 0 1 0 1 0 1 0 1 0 1 0 1 0 1 0 1 0 1 0 1 0 1 0 1 0 1 0 1 0 1 0 1 0 1 0 1 0 1 0 1 0 1 0 1 0 1 0 1 0 1 0 1 0 1 0 1 0 1 0 1 0 1 0 1 0 1 0 1 0 1 0 1 0 1 0 1 0 1 0 1 0 1 0 1 0 1 0 1 0 1 0 1 0 1 0 1 0 1 0 1 0 1 0 1 0 1 0 1 0 1 0 1 0 1 0 1 0 1 0 1 0 1 0 1 0 1 0 1</float_array>
                    <technique_common>
                        <accessor count="248" source="#uvarrayMesh2_1" stride="2">
                            <param name="S" type="float"/>
                            <param name="T" type="float"/>
                        </accessor>
                    </technique_common>
                </source>
                <source id="colorsMesh2_1">
                    <float_array id="colorarrayMesh2_1" count="992">0 0 0 1 0 0 0 1 0 0 0 1 0 0 0 1 0.2901960784313726 0.2901960784313726 0.2901960784313726 1 0.2901960784313726 0.2901960784313726 0.2901960784313726 1 0.2901960784313726 0.2901960784313726 0.2901960784313726 1 1 0.1843137254901961 0.1843137254901961 1 1 0.1843137254901961 0.1843137254901961 1 1 0.1843137254901961 0.1843137254901961 1 1 0.1843137254901961 0.1843137254901961 1 1 0.1843137254901961 0.1843137254901961 1 1 0.1843137254901961 0.1843137254901961 1 1 0.1843137254901961 0.1843137254901961 1 1 0.1843137254901961 0.1843137254901961 1 1 0.1843137254901961 0.1843137254901961 1 1 0.1843137254901961 0.1843137254901961 1 1 0.1843137254901961 0.1843137254901961 1 1 0.1843137254901961 0.1843137254901961 1 1 0.1843137254901961 0.1843137254901961 1 1 0.1843137254901961 0.1843137254901961 1 1 0.1843137254901961 0.1843137254901961 1 1 0.1843137254901961 0.1843137254901961 1 1 0.1843137254901961 0.1843137254901961 1 1 0.1843137254901961 0.1843137254901961 1 1 0.1843137254901961 0.1843137254901961 1 1 0.1843137254901961 0.1843137254901961 1 1 0.1843137254901961 0.1843137254901961 1 1 0.1843137254901961 0.1843137254901961 1 1 0.1843137254901961 0.1843137254901961 1 1 0.1843137254901961 0.1843137254901961 1 1 0.1843137254901961 0.1843137254901961 1 1 0.1843137254901961 0.1843137254901961 1 1 0.1843137254901961 0.1843137254901961 1 1 0.1843137254901961 0.1843137254901961 1 1 0.1843137254901961 0.1843137254901961 1 1 0.1843137254901961 0.1843137254901961 1 1 0.1843137254901961 0.1843137254901961 1 1 0.1843137254901961 0.1843137254901961 1 1 0.1843137254901961 0.1843137254901961 1 1 0.1843137254901961 0.1843137254901961 1 1 0.1843137254901961 0.1843137254901961 1 1 0.1843137254901961 0.1843137254901961 1 1 0.1843137254901961 0.1843137254901961 1 1 0.1843137254901961 0.1843137254901961 1 1 0.1843137254901961 0.1843137254901961 1 1 0.1843137254901961 0.1843137254901961 1 1 0.1843137254901961 0.1843137254901961 1 1 0.1843137254901961 0.1843137254901961 1 1 0.1843137254901961 0.1843137254901961 1 1 0.1843137254901961 0.1843137254901961 1 1 0.1843137254901961 0.1843137254901961 1 1 0.1843137254901961 0.1843137254901961 1 1 0.1843137254901961 0.1843137254901961 1 1 0.1843137254901961 0.1843137254901961 1 1 0.1843137254901961 0.1843137254901961 1 1 0.1843137254901961 0.1843137254901961 1 1 0.1843137254901961 0.1843137254901961 1 1 0.1843137254901961 0.1843137254901961 1 1 0.1843137254901961 0.1843137254901961 1 1 0.1843137254901961 0.1843137254901961 1 0.7294117647058823 0.7294117647058823 0 1 0.7294117647058823 0.7294117647058823 0 1 0.7294117647058823 0.7294117647058823 0 1 1 1 0.2235294117647059 1 1 1 0.2235294117647059 1 1 1 0.2235294117647059 1 0.7058823529411765 0.6274509803921569 0.23137254901960785 1 0.7058823529411765 0.6274509803921569 0.23137254901960785 1 0.7058823529411765 0.6274509803921569 0.23137254901960785 1 0.7058823529411765 0.6274509803921569 0.23137254901960785 1 1 1 0.2235294117647059 1 1 1 0.2235294117647059 1 1 1 0.2235294117647059 1 1 1 0.2235294117647059 1 1 1 0.2235294117647059 1 1 1 0.2235294117647059 1 0.6588235294117647 0.5843137254901961 0.21568627450980393 1 0.6588235294117647 0.5843137254901961 0.21568627450980393 1 0.6588235294117647 0.5843137254901961 0.21568627450980393 1 1 1 0.2235294117647059 1 1 1 0.2235294117647059 1 1 1 0.2235294117647059 1 1 1 0.2235294117647059 1 1 1 0.2235294117647059 1 0.7058823529411765 0.6274509803921569 0.23137254901960785 1 0.7058823529411765 0.6274509803921569 0.23137254901960785 1 0.7058823529411765 0.6274509803921569 0.23137254901960785 1 0.7058823529411765 0.6274509803921569 0.23137254901960785 1 0.6588235294117647 0.5843137254901961 0.21568627450980393 1 0.5176470588235295 0.5176470588235295 0.16862745098039217 1 0.5176470588235295 0.5176470588235295 0.16862745098039217 1 0.5176470588235295 0.5176470588235295 0.16862745098039217 1 0.6588235294117647 0.5843137254901961 0.21568627450980393 1 0.6588235294117647 0.5843137254901961 0.21568627450980393 1 0.6588235294117647 0.5843137254901961 0.21568627450980393 1 0.6588235294117647 0.5843137254901961 0.21568627450980393 1 1 1 0.2235294117647059 1 1 1 0.2235294117647059 1 1 1 0.2235294117647059 1 1 1 0.2235294117647059 1 0.7058823529411765 0.6274509803921569 0.23137254901960785 1 0.7058823529411765 0.6274509803921569 0.23137254901960785 1 0.7058823529411765 0.6274509803921569 0.23137254901960785 1 0.7058823529411765 0.6274509803921569 0.23137254901960785 1 0.6588235294117647 0.5843137254901961 0.21568627450980393 1 0.6588235294117647 0.5843137254901961 0.21568627450980393 1 0.6588235294117647 0.5843137254901961 0.21568627450980393 1 0.5176470588235295 0.5176470588235295 0.16862745098039217 1 1 1 0.2235294117647059 1 1 1 0.2235294117647059 1 1 1 0.2235294117647059 1 1 1 0.2235294117647059 1 0.4392156862745098 0.4392156862745098 0.09803921568627451 1 0.4392156862745098 0.4392156862745098 0.09803921568627451 1 0.4392156862745098 0.4392156862745098 0.09803921568627451 1 1 1 0.2235294117647059 1 1 1 0.2235294117647059 1 1 1 0.2235294117647059 1 1 1 0.2235294117647059 1 1 1 0.2235294117647059 1 1 1 0.2235294117647059 1 1 1 0.2235294117647059 1 1 1 0.2235294117647059 1 1 1 0.2235294117647059 1 1 1 0.2235294117647059 1 1 1 0.2235294117647059 1 1 1 0.2235294117647059 1 1 1 0.2235294117647059 1 1 1 0.2235294117647059 1 1 1 0.2235294117647059 1 0.7058823529411765 0.7058823529411765 0.23137254901960785 1 0.7058823529411765 0.7058823529411765 0.23137254901960785 1 0.7058823529411765 0.7058823529411765 0.23137254901960785 1 1 1 0.2235294117647059 1 1 1 0.2235294117647059 1 1 1 0.2235294117647059 1 1 1 0.2235294117647059 1 1 1 0.2235294117647059 1 0.7058823529411765 0.7058823529411765 0.23137254901960785 1 0.6588235294117647 0.6588235294117647 0.21568627450980393 1 0.6588235294117647 0.6588235294117647 0.21568627450980393 1 0.6588235294117647 0.6588235294117647 0.21568627450980393 1 0.8745098039215686 0.8745098039215686 0.12156862745098039 1 0.8745098039215686 0.8745098039215686 0.12156862745098039 1 0.8745098039215686 0.8745098039215686 0.12156862745098039 1 0.8745098039215686 0.8745098039215686 0.12156862745098039 1 1 1 0.2235294117647059 1 1 1 0.2235294117647059 1 0.5647058823529412 0.5647058823529412 0.2235294117647059 1 0.5647058823529412 0.5647058823529412 0.2235294117647059 1 0.5647058823529412 0.5647058823529412 0.2235294117647059 1 0.5647058823529412 0.5647058823529412 0.2235294117647059 1 0.8745098039215686 0.8745098039215686 0.12156862745098039 1 0.8745098039215686 0.8745098039215686 0.12156862745098039 1 0.8745098039215686 0.8745098039215686 0.12156862745098039 1 0.6588235294117647 0.6588235294117647 0.21568627450980393 1 0.49411764705882355 0.49411764705882355 0.06666666666666667 1 0.49411764705882355 0.49411764705882355 0.06666666666666667 1 0.49411764705882355 0.49411764705882355 0.06666666666666667 1 0.5490196078431373 0.5490196078431373 0.07450980392156863 1 0.5490196078431373 0.5490196078431373 0.07450980392156863 1 0.5490196078431373 0.5490196078431373 0.07450980392156863 1 0.8745098039215686 0.8745098039215686 0.12156862745098039 1 1 1 0.2235294117647059 1 1 1 0.2235294117647059 1 1 1 0.2235294117647059 1 0.7529411764705882 0.7529411764705882 0.16862745098039217 1 0.7529411764705882 0.7529411764705882 0.16862745098039217 1 0.7529411764705882 0.7529411764705882 0.16862745098039217 1 0.7529411764705882 0.7529411764705882 0.16862745098039217 1 0.6588235294117647 0.6588235294117647 0.21568627450980393 1 0.6588235294117647 0.6588235294117647 0.21568627450980393 1 0.6588235294117647 0.6588235294117647 0.21568627450980393 1 0.6588235294117647 0.6588235294117647 0.21568627450980393 1 0.6588235294117647 0.6588235294117647 0.21568627450980393 1 0.6588235294117647 0.6588235294117647 0.21568627450980393 1 0.6588235294117647 0.6588235294117647 0.21568627450980393 1 0.6039215686274509 0.6039215686274509 0.08235294117647059 1 0.6039215686274509 0.6039215686274509 0.08235294117647059 1 0.6039215686274509 0.6039215686274509 0.08235294117647059 1 0.6274509803921569 0.6274509803921569 0.13725490196078433 1 0.6274509803921569 0.6274509803921569 0.13725490196078433 1 0.6274509803921569 0.6274509803921569 0.13725490196078433 1 1 1 0.2235294117647059 1 1 1 0.2235294117647059 1 1 1 0.2235294117647059 1 1 1 0.2235294117647059 1 1 1 0.2235294117647059 1 1 1 0.2235294117647059 1 1 1 0.2235294117647059 1 0.6588235294117647 0.6588235294117647 0.21568627450980393 1 1 1 0.2235294117647059 1 1 1 0.2235294117647059 1 0.7058823529411765 0.7058823529411765 0.23137254901960785 1 0.7058823529411765 0.7058823529411765 0.23137254901960785 1 0.7058823529411765 0.7058823529411765 0.23137254901960785 1 0.7058823529411765 0.7058823529411765 0.23137254901960785 1 1 1 0.2235294117647059 1 1 1 0.2235294117647059 1 1 1 0.2235294117647059 1 1 1 0.2235294117647059 1 0.5647058823529412 0.5647058823529412 0.12549019607843137 1 0.5647058823529412 0.5647058823529412 0.12549019607843137 1 0.5647058823529412 0.5647058823529412 0.2235294117647059 1 0.5647058823529412 0.5647058823529412 0.2235294117647059 1 0.8745098039215686 0.8745098039215686 0.12156862745098039 1 0.8745098039215686 0.8745098039215686 0.12156862745098039 1 0.8745098039215686 0.8745098039215686 0.12156862745098039 1 0.8745098039215686 0.8745098039215686 0.12156862745098039 1 1 1 0.2235294117647059 1 1 1 0.2235294117647059 1 0.9411764705882353 0.9411764705882353 0 1 0.9411764705882353 0.9411764705882353 0 1 0.9411764705882353 0.9411764705882353 0 1 1 1 0.2235294117647059 1 1 1 0.2235294117647059 1 0.5647058823529412 0.5647058823529412 0.2235294117647059 1 0.5647058823529412 0.5647058823529412 0.2235294117647059 1 0.5647058823529412 0.5647058823529412 0.2235294117647059 1 0.5647058823529412 0.5647058823529412 0.2235294117647059 1 0.7529411764705882 0.7529411764705882 0.16862745098039217 1 0.7529411764705882 0.7529411764705882 0.16862745098039217 1 0.7529411764705882 0.7529411764705882 0.16862745098039217 1 0.9411764705882353 0.9411764705882353 0 1 0.5176470588235295 0.5176470588235295 0.16862745098039217 1 0.5176470588235295 0.5176470588235295 0.16862745098039217 1 0.5176470588235295 0.5176470588235295 0.16862745098039217 1 0.5176470588235295 0.5176470588235295 0.16862745098039217 1 0.5176470588235295 0.5176470588235295 0.16862745098039217 1 0.5176470588235295 0.5176470588235295 0.16862745098039217 1 0.7529411764705882 0.7529411764705882 0.16862745098039217 1 0.6588235294117647 0.5843137254901961 0.21568627450980393 1 0.6588235294117647 0.5843137254901961 0.21568627450980393 1 0.6588235294117647 0.5843137254901961 0.21568627450980393 1 0.6588235294117647 0.6588235294117647 0.09019607843137255 1 0.6588235294117647 0.6588235294117647 0.09019607843137255 1 0.6588235294117647 0.6588235294117647 0.09019607843137255 1 0.6588235294117647 0.6588235294117647 0.09019607843137255 1 0.6039215686274509 0.6039215686274509 0.08235294117647059 1 0.6039215686274509 0.6039215686274509 0.08235294117647059 1 0.6039215686274509 0.6039215686274509 0.08235294117647059 1 0.6039215686274509 0.6039215686274509 0.08235294117647059 1 0.5450980392156862 0.5450980392156862 0 1 0.5450980392156862 0.5450980392156862 0 1 0.5450980392156862 0.5450980392156862 0 1 0.5450980392156862 0.5450980392156862 0 1 0.6588235294117647 0.5843137254901961 0.21568627450980393 1</float_array>
                    <technique_common>
                        <accessor count="248" source="#colorarrayMesh2_1" stride="4">
                            <param name="R" type="float"/>
                            <param name="G" type="float"/>
                            <param name="B" type="float"/>
                            <param name="A" type="float"/>
                        </accessor>
                    </technique_common>
                </source>
                <vertices id="verticesMesh2_1">
                    <input semantic="POSITION" source="#pointsMesh2_1"/>
                </vertices>
                <polylist count="166" material="Material1">
                    <input offset="0" semantic="VERTEX" source="#verticesMesh2_1"/>
                    <input offset="1" semantic="TEXCOORD" source="#uvsMesh2_1" set="0"/>
                    <input offset="2" semantic="COLOR" source="#colorsMesh2_1" set="0"/>
                    <vcount>3 3 3 3 3 3 3 3 3 3 3 3 3 3 3 3 3 3 3 3 3 3 3 3 3 3 3 3 3 3 3 3 3 3 3 3 3 3 3 3 3 3 3 3 3 3 3 3 3 3 3 3 3 3 3 3 3 3 3 3 3 3 3 3 3 3 3 3 3 3 3 3 3 3 3 3 3 3 3 3 3 3 3 3 3 3 3 3 3 3 3 3 3 3 3 3 3 3 3 3 3 3 3 3 3 3 3 3 3 3 3 3 3 3 3 3 3 3 3 3 3 3 3 3 3 3 3 3 3 3 3 3 3 3 3 3 3 3 3 3 3 3 3 3 3 3 3 3 3 3 3 3 3 3 3 3 3 3 3 3 3 3 3 3 3 3</vcount>
                    <p>0 0 0 1 1 1 2 2 2 0 0 0 3 3 3 1 1 1 4 4 4 5 5 5 6 6 6 7 7 7 8 8 8 9 9 9 10 10 10 7 7 7 9 9 9 7 7 7 11 11 11 12 12 12 7 7 7 12 12 12 8 8 8 13 13 13 14 14 14 7 7 7 13 13 13 7 7 7 10 10 10 9 9 9 8 8 8 15 15 15 16 16 16 17 17 17 18 18 18 9 9 9 15 15 15 17 17 17 17 17 17 15 15 15 18 18 18 19 19 19 16 16 16 18 18 18 10 10 10 9 9 9 16 16 16 20 20 20 21 21 21 22 22 22 10 10 10 16 16 16 23 23 23 23 23 23 16 16 16 19 19 19 24 24 24 25 25 25 26 26 26 24 24 24 26 26 26 27 27 27 24 24 24 21 21 21 25 25 25 21 21 21 28 28 28 25 25 25 26 26 26 29 29 29 27 27 27 20 20 20 28 28 28 21 21 21 30 30 30 31 31 31 32 32 32 20 20 20 22 22 22 33 33 33 34 34 34 27 27 27 29 29 29 34 34 34 29 29 29 35 35 35 36 36 36 37 37 37 32 32 32 37 37 37 38 38 38 32 32 32 31 31 31 36 36 36 32 32 32 39 39 39 31 31 31 30 30 30 33 33 33 22 22 22 40 40 40 33 33 33 40 40 40 41 41 41 34 34 34 35 35 35 42 42 42 43 43 43 34 34 34 42 42 42 43 43 43 42 42 42 44 44 44 45 45 45 41 41 41 40 40 40 45 45 45 46 46 46 41 41 41 39 39 39 47 47 47 31 31 31 48 48 48 49 49 49 47 47 47 50 50 50 43 43 43 44 44 44 51 51 51 52 52 52 44 44 44 52 52 52 50 50 50 44 44 44 45 45 45 53 53 53 46 46 46 53 53 53 54 54 54 46 46 46 48 48 48 47 47 47 39 39 39 53 53 53 55 55 55 56 56 56 53 53 53 56 56 56 54 54 54 57 57 57 52 52 52 51 51 51 58 58 58 52 52 52 57 57 57 58 58 58 55 55 55 52 52 52 59 59 59 60 60 60 51 51 51 57 57 57 51 51 51 60 60 60 59 59 59 51 51 51 49 49 49 49 49 49 48 48 48 59 59 59 58 58 58 56 56 56 55 55 55 61 61 61 62 62 62 63 63 63 64 64 64 65 65 65 66 66 66 67 67 67 68 68 68 69 69 69 67 67 67 69 69 69 70 70 70 71 71 71 72 72 72 73 73 73 73 73 73 72 72 72 74 74 74 73 73 73 74 74 74 75 75 75 75 75 75 74 74 74 65 65 65 75 75 75 65 65 65 64 64 64 71 71 71 76 76 76 72 72 72 77 77 77 78 78 78 79 79 79 64 64 64 66 66 66 80 80 80 81 81 81 82 82 82 83 83 83 81 81 81 83 83 83 84 84 84 85 85 85 86 86 86 87 87 87 85 85 85 88 88 88 86 86 86 77 77 77 79 79 79 89 89 89 90 90 90 91 91 91 92 92 92 93 93 93 94 94 94 95 95 95 93 93 93 96 96 96 94 94 94 97 97 97 98 98 98 99 99 99 98 98 98 100 100 100 99 99 99 101 101 101 102 102 102 103 103 103 101 101 101 104 104 104 102 102 102 105 105 105 106 106 106 107 107 107 91 91 91 108 108 108 92 92 92 109 109 109 110 110 110 111 111 111 109 109 109 111 111 111 112 112 112 113 113 113 114 114 114 115 115 115 116 116 116 117 117 117 118 118 118 119 119 119 120 120 120 121 121 121 121 121 121 120 120 120 122 122 122 120 120 120 123 123 123 122 122 122 119 119 119 124 124 124 120 120 120 122 122 122 123 123 123 125 125 125 122 122 122 125 125 125 126 126 126 127 127 127 124 124 124 119 119 119 127 127 127 128 128 128 124 124 124 126 126 126 125 125 125 129 129 129 126 126 126 129 129 129 130 130 130 131 131 131 132 132 132 133 133 133 116 116 116 118 118 118 134 134 134 134 134 134 118 118 118 135 135 135 134 134 134 135 135 135 136 136 136 130 130 130 129 129 129 137 137 137 130 130 130 137 137 137 138 138 138 131 131 131 133 133 133 139 139 139 140 140 140 141 141 141 142 142 142 143 143 143 144 144 144 145 145 145 144 144 144 146 146 146 145 145 145 136 136 136 135 135 135 147 147 147 136 136 136 147 147 147 148 148 148 149 149 149 150 150 150 151 151 151 149 149 149 152 152 152 150 150 150 153 153 153 154 154 154 155 155 155 156 156 156 140 140 140 142 142 142 157 157 157 158 158 158 159 159 159 160 160 160 161 161 161 162 162 162 153 153 153 163 163 163 154 154 154 148 148 148 147 147 147 164 164 164 137 137 137 165 165 165 166 166 166 138 138 138 137 137 137 166 166 166 167 167 167 168 168 168 169 169 169 167 167 167 170 170 170 168 168 168 171 171 171 172 172 172 173 173 173 171 171 171 173 173 173 174 174 174 175 175 175 176 176 176 177 177 177 178 178 178 179 179 179 180 180 180 181 181 181 182 182 182 183 183 183 184 184 184 185 185 185 186 186 186 186 186 186 185 185 185 187 187 187 185 185 185 188 188 188 187 187 187 189 189 189 184 184 184 186 186 186 190 190 190 184 184 184 189 189 189 175 175 175 177 177 177 191 191 191 164 164 164 192 192 192 193 193 193 147 147 147 192 192 192 164 164 164 194 194 194 195 195 195 196 196 196 195 195 195 197 197 197 196 196 196 192 192 192 198 198 198 193 193 193 199 199 199 200 200 200 201 201 201 202 202 202 203 203 203 204 204 204 202 202 202 204 204 204 205 205 205 206 206 206 207 207 207 208 208 208 206 206 206 209 209 209 207 207 207 193 193 193 198 198 198 210 210 210 193 193 193 210 210 210 211 211 211 212 212 212 213 213 213 214 214 214 215 215 215 201 201 201 216 216 216 199 199 199 201 201 201 215 215 215 217 217 217 218 218 218 219 219 219 220 220 220 217 217 217 219 219 219 215 215 215 216 216 216 190 190 190 190 190 190 216 216 216 184 184 184 221 221 221 222 222 222 223 223 223 213 213 213 224 224 224 214 214 214 225 225 225 226 226 226 227 227 227 226 226 226 228 228 228 227 227 227 229 229 229 226 226 226 225 225 225 229 229 229 230 230 230 226 226 226 221 221 221 231 231 231 222 222 222 232 232 232 233 233 233 234 234 234 235 235 235 236 236 236 237 237 237 235 235 235 237 237 237 238 238 238 239 239 239 240 240 240 241 241 241 239 239 239 242 242 242 240 240 240 243 243 243 244 244 244 245 245 245 243 243 243 245 245 245 246 246 246 232 232 232 247 247 247 233 233 233</p>
                </polylist>
            </mesh>
        </geometry>
        <geometry id="meshMesh3_1">
            <mesh>
                <source id="pointsMesh3_1">
                    <float_array id="pointarrayMesh3_1" count="12">96 42 -1 224 42 -1 224 58 -1 96 58 -1</float_array>
                    <technique_common>
                        <accessor count="4" source="#pointarrayMesh3_1" stride="3">
                            <param name="X" type="float"/>
                            <param name="Y" type="float"/>
                            <param name="Z" type="float"/>
                        </accessor>
                    </technique_common>
                </source>
                <source id="uvsMesh3_1">
                    <float_array id="uvarrayMesh3_1" count="8">0 0 1 0 1 1 0 1</float_array>
                    <technique_common>
                        <accessor count="4" source="#uvarrayMesh3_1" stride="2">
                            <param name="S" type="float"/>
                            <param name="T" type="float"/>
                        </accessor>
                    </technique_common>
                </source>
                <vertices id="verticesMesh3_1">
                    <input semantic="POSITION" source="#pointsMesh3_1"/>
                </vertices>
                <polylist count="2" material="Material1">
                    <input offset="0" semantic="VERTEX" source="#verticesMesh3_1"/>
                    <input offset="1" semantic="TEXCOORD" source="#uvsMesh3_1" set="0"/>
                    <vcount>3 3</vcount>
                    <p>0 0 1 1 2 2 0 0 2 2 3 3</p>
                </polylist>
            </mesh>
        </geometry>
        <geometry id="meshMesh4_1">
            <mesh>
                <source id="pointsMesh4_1">
                    <float_array id="pointarrayMesh4_1" count="12">268 180 -1 284 180 -1 284 196 -1 268 196 -1</float_array>
                    <technique_common>
                        <accessor count="4" source="#pointarrayMesh4_1" stride="3">
                            <param name="X" type="float"/>
                            <param name="Y" type="float"/>
                            <param name="Z" type="float"/>
                        </accessor>
                    </technique_common>
                </source>
                <source id="uvsMesh4_1">
                    <float_array id="uvarrayMesh4_1" count="8">0 0 1.0625 0 1.0625 1 0 1</float_array>
                    <technique_common>
                        <accessor count="4" source="#uvarrayMesh4_1" stride="2">
                            <param name="S" type="float"/>
                            <param name="T" type="float"/>
                        </accessor>
                    </technique_common>
                </source>
                <vertices id="verticesMesh4_1">
                    <input semantic="POSITION" source="#pointsMesh4_1"/>
                </vertices>
                <polylist count="2" material="Material1">
                    <input offset="0" semantic="VERTEX" source="#verticesMesh4_1"/>
                    <input offset="1" semantic="TEXCOORD" source="#uvsMesh4_1" set="0"/>
                    <vcount>3 3</vcount>
                    <p>0 0 1 1 2 2 0 0 2 2 3 3</p>
                </polylist>
            </mesh>
        </geometry>
    </library_geometries>
    <library_visual_scenes>
        <visual_scene id="VisualSceneNode">
            <node id="node_Mesh0_1" name="Mesh0">
                <instance_geometry url="#meshMesh0_1">
                    <bind_material>
                        <technique_common>
                            <instance_material symbol="Material1" target="#mat0">
                                <bind_vertex_input semantic="UVSET0" input_semantic="TEXCOORD" input_set="0"/>
                            </instance_material>
                        </technique_common>
                    </bind_material>
                </instance_geometry>
            </node>
            <node id="node_Mesh1_1" name="Mesh1">
                <instance_geometry url="#meshMesh1_1">
                    <bind_material>
                        <technique_common>
                            <instance_material symbol="Material1" target="#mat1">
                                <bind_vertex_input semantic="UVSET0" input_semantic="TEXCOORD" input_set="0"/>
                            </instance_material>
                        </technique_common>
                    </bind_material>
                </instance_geometry>
            </node>
            <node id="node_Mesh2_1" name="Mesh2">
                <instance_geometry url="#meshMesh2_1">
                    <bind_material>
                        <technique_common>
                            <instance_material symbol="Material1" target="#mat2">
                                <bind_vertex_input semantic="UVSET0" input_semantic="TEXCOORD" input_set="0"/>
                            </instance_material>
                        </technique_common>
                    </bind_material>
                </instance_geometry>
            </node>
            <node id="node_Mesh3_1" name="Mesh3">
                <instance_geometry url="#meshMesh3_1">
                    <bind_material>
                        <technique_common>
                            <instance_material symbol="Material1" target="#mat3">
                                <bind_vertex_input semantic="UVSET0" input_semantic="TEXCOORD" input_set="0"/>
                            </instance_material>
                        </technique_common>
                    </bind_material>
                </instance_geometry>
            </node>
            <node id="node_Mesh4_1" name="Mesh4">
                <instance_geometry url="#meshMesh4_1">
                    <bind_material>
                        <technique_common>
                            <instance_material symbol="Material1" target="#mat4">
                                <bind_vertex_input semantic="UVSET0" input_semantic="TEXCOORD" input_set="0"/>
                            </instance_material>
                        </technique_common>
                    </bind_material>
                </instance_geometry>
            </node>
        </visual_scene>
    </library_visual_scenes>
    <scene>
        <instance_visual_scene url="#VisualSceneNode"/>
    </scene>
</COLLADA>
