# WaveFront *.obj file (generated by CINEMA 4D)
mtllib Logo.mtl

g Mesh4
usemtl Mat4
v 284 196 -1
v 284 180 -1
v 268 180 -1
v 268 196 -1

vt 1.0625 1 0
vt 1.0625 0 0
vt 0 0 0
vt 0 1 0

f 3/3 2/2 1/1 
f 3/3 1/1 4/4 

g Mesh3
usemtl Mat3
v 224 58 -1
v 224 42 -1
v 96 42 -1
v 96 58 -1

vt 1 1 0
vt 1 0 0
vt 0 0 0
vt 0 1 0

f 7/7 6/6 5/5 
f 7/7 5/5 8/8 

g Mesh2_VC
usemtl vertexColors
v 2484 -1994 -818
v -2423 -1994 -818
v 2484 2075 -818
v -2423 2075 -818
v -229 648 -634
v -123 366 -224
v -123 259 -409
v 1334 445 -207
v 1401 443 -206
v 1401 395 -178
v 1334 395 -178
v 1449 443 -206
v 1449 395 -178
v 1401 316 -132
v 1334 316 -132
v 1401 681 -343
v 1339 681 -343
v 1334 592 -292
v 1202 445 -207
v 1133 453 -212
v 947 372 -165
v 981 396 -178
v 1025 350 -152
v 1133 395 -178
v 1048 490 -233
v 1062 434 -201
v 985 436 -202
v 972 474 -224
v 1055 387 -173
v 1018 524 -252
v 957 691 -349
v 904 625 -311
v 888 682 -344
v 973 322 -136
v 943 489 -232
v 974 541 -263
v 999 633 -316
v 957 634 -316
v 999 690 -348
v 815 652 -327
v 909 365 -161
v 915 309 -129
v 923 547 -266
v 899 492 -234
v 872 543 -263
v 872 367 -162
v 844 316 -133
v 863 608 -301
v 829 580 -285
v 765 601 -297
v 856 484 -230
v 812 455 -213
v 807 517 -248
v 841 382 -170
v 795 337 -145
v 759 376 -167
v 820 411 -187
v 733 462 -217
v 742 414 -189
v 733 512 -246
v 742 554 -270
v 105 33 48
v 209 94 12
v 230 73 1
v 1334 316 -132
v 1401 316 -132
v 1414 299 -137
v 1449 443 -206
v 1401 443 -206
v 1414 447 -223
v 1462 447 -223
v 1462 378 -183
v 1449 395 -178
v 1462 447 -223
v 1401 395 -178
v 1414 378 -183
v 1449 443 -206
v 1334 395 -178
v 1334 316 -132
v 1320 299 -137
v 1320 299 -137
v 1401 443 -206
v 1401 681 -343
v 1414 685 -360
v 1414 447 -223
v 1414 685 -360
v 1401 681 -343
v 1333 685 -360
v 1339 681 -343
v 1320 378 -183
v 1333 685 -360
v 1133 453 -212
v 1120 451 -225
v 1334 445 -207
v 1320 450 -224
v 1334 592 -292
v 1320 553 -284
v 1334 592 -292
v 1229 450 -224
v 1202 445 -207
v 1320 553 -284
v 1202 445 -207
v 1229 450 -224
v 1334 445 -207
v 1320 450 -224
v 1120 451 -225
v 1133 453 -212
v 1123 378 -183
v 1339 681 -343
v 1133 395 -178
v 1334 395 -178
v 1320 378 -183
v 1123 378 -183
v 1133 453 -212
v 1133 395 -178
v 1123 378 -183
v 999 633 -316
v 999 690 -348
v 1013 694 -366
v 1075 426 -211
v 1062 434 -201
v 1060 488 -247
v 1068 376 -182
v 1055 387 -173
v 1048 490 -233
v 1025 350 -152
v 1035 335 -158
v 1026 526 -269
v 1018 524 -252
v 973 322 -136
v 979 306 -141
v 999 690 -348
v 957 691 -349
v 956 696 -367
v 1012 616 -321
v 957 634 -316
v 959 616 -321
v 915 309 -129
v 916 292 -133
v 1013 694 -366
v 985 436 -202
v 972 429 -212
v 960 462 -231
v 1026 526 -269
v 974 541 -263
v 978 546 -280
v 1018 524 -252
v 904 625 -311
v 909 608 -316
v 981 396 -178
v 968 394 -192
v 985 436 -202
v 972 429 -212
v 972 474 -224
v 960 462 -231
v 943 489 -232
v 972 474 -224
v 947 372 -165
v 968 394 -192
v 981 396 -178
v 947 372 -165
v 939 375 -182
v 968 394 -192
v 936 473 -238
v 872 593 -307
v 840 299 -138
v 844 316 -133
v 978 546 -280
v 974 541 -263
v 923 552 -283
v 923 547 -266
v 957 691 -349
v 888 682 -344
v 884 687 -361
v 956 696 -367
v 923 547 -266
v 872 543 -263
v 868 547 -281
v 909 365 -161
v 939 375 -182
v 947 372 -165
v 909 365 -161
v 908 370 -179
v 939 375 -182
v 899 492 -234
v 900 475 -239
v 863 468 -235
v 943 489 -232
v 936 473 -238
v 856 484 -230
v 812 455 -213
v 923 552 -283
v 841 569 -293
v 863 608 -301
v 872 367 -162
v 908 370 -179
v 909 365 -161
v 878 371 -179
v 829 580 -285
v 833 407 -200
v 852 382 -185
v 841 382 -170
v 888 682 -344
v 815 652 -327
v 806 655 -343
v 884 687 -361
v 841 382 -170
v 852 382 -185
v 872 367 -162
v 878 371 -179
v 807 517 -248
v 825 530 -271
v 786 322 -151
v 844 316 -133
v 840 299 -138
v 826 444 -221
v 820 411 -187
v 868 547 -281
v 872 543 -263
v 807 517 -248
v 825 530 -271
v 747 364 -175
v 759 376 -167
v 786 322 -151
v 795 337 -145
v 806 655 -343
v 765 601 -297
v 753 600 -311
v 815 652 -327
v 729 550 -283
v 742 554 -270
v 795 337 -145
v 720 506 -257
v 733 512 -246
v 720 455 -228
v 742 414 -189
v 759 376 -167
v 747 364 -175
v 729 405 -199
v 720 455 -228
v 733 462 -217
v 729 405 -199
v 742 414 -189
v 742 554 -270
v 733 512 -246
v 720 506 -257
v 729 550 -283
v 733 462 -217

vt 0.863281 0.921875 0
vt 0.863281 0.921875 0
vt 0.863281 0.921875 0
vt 0.863281 0.921875 0
vt 0.378906 0.921875 0
vt 0.378906 0.921875 0
vt 0.378906 0.921875 0
vt 0.816406 0.984375 0
vt 0.816406 0.984375 0
vt 0.816406 0.984375 0
vt 0.816406 0.984375 0
vt 0.816406 0.984375 0
vt 0.816406 0.984375 0
vt 0.816406 0.984375 0
vt 0.816406 0.984375 0
vt 0.816406 0.984375 0
vt 0.816406 0.984375 0
vt 0.816406 0.984375 0
vt 0.816406 0.984375 0
vt 0.816406 0.984375 0
vt 0.816406 0.984375 0
vt 0.816406 0.984375 0
vt 0.816406 0.984375 0
vt 0.816406 0.984375 0
vt 0.816406 0.984375 0
vt 0.816406 0.984375 0
vt 0.816406 0.984375 0
vt 0.816406 0.984375 0
vt 0.816406 0.984375 0
vt 0.816406 0.984375 0
vt 0.816406 0.984375 0
vt 0.816406 0.984375 0
vt 0.816406 0.984375 0
vt 0.816406 0.984375 0
vt 0.816406 0.984375 0
vt 0.816406 0.984375 0
vt 0.816406 0.984375 0
vt 0.816406 0.984375 0
vt 0.816406 0.984375 0
vt 0.816406 0.984375 0
vt 0.816406 0.984375 0
vt 0.816406 0.984375 0
vt 0.816406 0.984375 0
vt 0.816406 0.984375 0
vt 0.816406 0.984375 0
vt 0.816406 0.984375 0
vt 0.816406 0.984375 0
vt 0.816406 0.984375 0
vt 0.816406 0.984375 0
vt 0.816406 0.984375 0
vt 0.816406 0.984375 0
vt 0.816406 0.984375 0
vt 0.816406 0.984375 0
vt 0.816406 0.984375 0
vt 0.816406 0.984375 0
vt 0.816406 0.984375 0
vt 0.816406 0.984375 0
vt 0.816406 0.984375 0
vt 0.816406 0.984375 0
vt 0.816406 0.984375 0
vt 0.816406 0.984375 0
vt 0.832031 0.984375 0
vt 0.832031 0.984375 0
vt 0.832031 0.984375 0
vt 0.113281 0.921875 0
vt 0.113281 0.921875 0
vt 0.113281 0.921875 0
vt 0.878906 0.921875 0
vt 0.878906 0.921875 0
vt 0.878906 0.921875 0
vt 0.878906 0.921875 0
vt 0.113281 0.921875 0
vt 0.113281 0.921875 0
vt 0.113281 0.921875 0
vt 0.113281 0.921875 0
vt 0.113281 0.921875 0
vt 0.113281 0.921875 0
vt 0.894531 0.921875 0
vt 0.894531 0.921875 0
vt 0.894531 0.921875 0
vt 0.113281 0.921875 0
vt 0.113281 0.921875 0
vt 0.113281 0.921875 0
vt 0.113281 0.921875 0
vt 0.113281 0.921875 0
vt 0.878906 0.921875 0
vt 0.878906 0.921875 0
vt 0.878906 0.921875 0
vt 0.878906 0.921875 0
vt 0.894531 0.921875 0
vt 0.910156 0.921875 0
vt 0.910156 0.921875 0
vt 0.910156 0.921875 0
vt 0.894531 0.921875 0
vt 0.894531 0.921875 0
vt 0.894531 0.921875 0
vt 0.894531 0.921875 0
vt 0.113281 0.921875 0
vt 0.113281 0.921875 0
vt 0.113281 0.921875 0
vt 0.113281 0.921875 0
vt 0.878906 0.921875 0
vt 0.878906 0.921875 0
vt 0.878906 0.921875 0
vt 0.878906 0.921875 0
vt 0.894531 0.921875 0
vt 0.894531 0.921875 0
vt 0.894531 0.921875 0
vt 0.910156 0.921875 0
vt 0.113281 0.921875 0
vt 0.113281 0.921875 0
vt 0.113281 0.921875 0
vt 0.113281 0.921875 0
vt 0.925781 0.921875 0
vt 0.925781 0.921875 0
vt 0.925781 0.921875 0
vt 0.113281 0.921875 0
vt 0.113281 0.921875 0
vt 0.113281 0.921875 0
vt 0.113281 0.921875 0
vt 0.113281 0.921875 0
vt 0.113281 0.921875 0
vt 0.113281 0.921875 0
vt 0.113281 0.921875 0
vt 0.113281 0.921875 0
vt 0.113281 0.921875 0
vt 0.113281 0.921875 0
vt 0.113281 0.921875 0
vt 0.113281 0.921875 0
vt 0.113281 0.921875 0
vt 0.113281 0.921875 0
vt 0.941406 0.921875 0
vt 0.941406 0.921875 0
vt 0.941406 0.921875 0
vt 0.113281 0.921875 0
vt 0.113281 0.921875 0
vt 0.113281 0.921875 0
vt 0.113281 0.921875 0
vt 0.113281 0.921875 0
vt 0.941406 0.921875 0
vt 0.957031 0.921875 0
vt 0.957031 0.921875 0
vt 0.957031 0.921875 0
vt 0.972656 0.921875 0
vt 0.972656 0.921875 0
vt 0.972656 0.921875 0
vt 0.972656 0.921875 0
vt 0.113281 0.921875 0
vt 0.113281 0.921875 0
vt 0.035156 0.515625 0
vt 0.035156 0.515625 0
vt 0.035156 0.515625 0
vt 0.035156 0.515625 0
vt 0.972656 0.921875 0
vt 0.972656 0.921875 0
vt 0.972656 0.921875 0
vt 0.957031 0.921875 0
vt 0.988281 0.921875 0
vt 0.988281 0.921875 0
vt 0.988281 0.921875 0
vt 0.066406 0.859375 0
vt 0.066406 0.859375 0
vt 0.066406 0.859375 0
vt 0.972656 0.921875 0
vt 0.113281 0.921875 0
vt 0.113281 0.921875 0
vt 0.113281 0.921875 0
vt 0.082031 0.859375 0
vt 0.082031 0.859375 0
vt 0.082031 0.859375 0
vt 0.082031 0.859375 0
vt 0.957031 0.921875 0
vt 0.957031 0.921875 0
vt 0.957031 0.921875 0
vt 0.957031 0.921875 0
vt 0.957031 0.921875 0
vt 0.957031 0.921875 0
vt 0.957031 0.921875 0
vt 0.097656 0.859375 0
vt 0.097656 0.859375 0
vt 0.097656 0.859375 0
vt 0.113281 0.859375 0
vt 0.113281 0.859375 0
vt 0.113281 0.859375 0
vt 0.113281 0.921875 0
vt 0.113281 0.921875 0
vt 0.113281 0.921875 0
vt 0.113281 0.921875 0
vt 0.113281 0.921875 0
vt 0.113281 0.921875 0
vt 0.113281 0.921875 0
vt 0.957031 0.921875 0
vt 0.113281 0.921875 0
vt 0.113281 0.921875 0
vt 0.941406 0.921875 0
vt 0.941406 0.921875 0
vt 0.941406 0.921875 0
vt 0.941406 0.921875 0
vt 0.113281 0.921875 0
vt 0.113281 0.921875 0
vt 0.113281 0.921875 0
vt 0.113281 0.921875 0
vt 0.035156 0.515625 0
vt 0.035156 0.984375 0
vt 0.035156 0.984375 0
vt 0.035156 0.515625 0
vt 0.972656 0.921875 0
vt 0.972656 0.921875 0
vt 0.972656 0.921875 0
vt 0.972656 0.921875 0
vt 0.113281 0.921875 0
vt 0.113281 0.921875 0
vt 0.128906 0.859375 0
vt 0.128906 0.859375 0
vt 0.128906 0.859375 0
vt 0.113281 0.921875 0
vt 0.113281 0.921875 0
vt 0.035156 0.515625 0
vt 0.035156 0.515625 0
vt 0.035156 0.515625 0
vt 0.035156 0.515625 0
vt 0.082031 0.859375 0
vt 0.082031 0.859375 0
vt 0.082031 0.859375 0
vt 0.128906 0.859375 0
vt 0.910156 0.921875 0
vt 0.910156 0.921875 0
vt 0.910156 0.921875 0
vt 0.910156 0.921875 0
vt 0.910156 0.921875 0
vt 0.910156 0.921875 0
vt 0.082031 0.859375 0
vt 0.894531 0.921875 0
vt 0.894531 0.921875 0
vt 0.894531 0.921875 0
vt 0.144531 0.859375 0
vt 0.144531 0.859375 0
vt 0.144531 0.859375 0
vt 0.144531 0.859375 0
vt 0.097656 0.859375 0
vt 0.097656 0.859375 0
vt 0.097656 0.859375 0
vt 0.097656 0.859375 0
vt 0.847656 0.984375 0
vt 0.847656 0.984375 0
vt 0.847656 0.984375 0
vt 0.847656 0.984375 0
vt 0.894531 0.921875 0

f 11/11 10/10 9/9 
f 11/11 12/12 10/10 
f 15/15 14/14 13/13 
f 18/18 17/17 16/16 
f 19/19 18/18 16/16 
f 18/18 21/21 20/20 
f 18/18 20/20 17/17 
f 23/23 22/22 18/18 
f 23/23 18/18 19/19 
f 16/16 17/17 24/24 
f 27/27 26/26 25/25 
f 16/16 24/24 26/26 
f 26/26 24/24 25/25 
f 28/28 27/27 25/25 
f 19/19 16/16 27/27 
f 31/31 30/30 29/29 
f 19/19 27/27 32/32 
f 32/32 27/27 28/28 
f 35/35 34/34 33/33 
f 35/35 33/33 36/36 
f 35/35 30/30 34/34 
f 30/30 37/37 34/34 
f 33/33 38/38 36/36 
f 31/31 37/37 30/30 
f 41/41 40/40 39/39 
f 31/31 29/29 42/42 
f 43/43 36/36 38/38 
f 43/43 38/38 44/44 
f 46/46 45/45 39/39 
f 45/45 47/47 39/39 
f 40/40 46/46 39/39 
f 48/48 40/40 41/41 
f 42/42 29/29 49/49 
f 42/42 49/49 50/50 
f 43/43 44/44 51/51 
f 52/52 43/43 51/51 
f 52/52 51/51 53/53 
f 54/54 50/50 49/49 
f 54/54 55/55 50/50 
f 48/48 56/56 40/40 
f 58/58 57/57 56/56 
f 59/59 52/52 53/53 
f 61/61 60/60 53/53 
f 60/60 59/59 53/53 
f 54/54 62/62 55/55 
f 62/62 63/63 55/55 
f 58/58 56/56 48/48 
f 62/62 65/65 64/64 
f 62/62 64/64 63/63 
f 66/66 60/60 61/61 
f 67/67 60/60 66/66 
f 67/67 65/65 60/60 
f 69/69 68/68 61/61 
f 66/66 61/61 68/68 
f 69/69 61/61 57/57 
f 57/57 58/58 69/69 
f 67/67 64/64 65/65 
f 72/72 71/71 70/70 
f 75/75 74/74 73/73 
f 78/78 77/77 76/76 
f 78/78 76/76 79/79 
f 82/82 81/81 80/80 
f 80/80 81/81 83/83 
f 80/80 83/83 84/84 
f 84/84 83/83 74/74 
f 84/84 74/74 75/75 
f 82/82 85/85 81/81 
f 88/88 87/87 86/86 
f 75/75 73/73 89/89 
f 92/92 91/91 90/90 
f 92/92 90/90 93/93 
f 96/96 95/95 94/94 
f 96/96 97/97 95/95 
f 88/88 86/86 98/98 
f 101/101 100/100 99/99 
f 104/104 103/103 102/102 
f 104/104 105/105 103/103 
f 108/108 107/107 106/106 
f 107/107 109/109 106/106 
f 112/112 111/111 110/110 
f 112/112 113/113 111/111 
f 116/116 115/115 114/114 
f 100/100 117/117 99/99 
f 120/120 119/119 118/118 
f 120/120 118/118 121/121 
f 124/124 123/123 122/122 
f 127/127 126/126 125/125 
f 130/130 129/129 128/128 
f 128/128 129/129 131/131 
f 129/129 132/132 131/131 
f 130/130 133/133 129/129 
f 131/131 132/132 134/134 
f 131/131 134/134 135/135 
f 136/136 133/133 130/130 
f 136/136 137/137 133/133 
f 135/135 134/134 138/138 
f 135/135 138/138 139/139 
f 142/142 141/141 140/140 
f 127/127 125/125 143/143 
f 143/143 125/125 144/144 
f 143/143 144/144 145/145 
f 139/139 138/138 146/146 
f 139/139 146/146 147/147 
f 142/142 140/140 148/148 
f 151/151 150/150 149/149 
f 154/154 153/153 152/152 
f 153/153 155/155 152/152 
f 145/145 144/144 156/156 
f 145/145 156/156 157/157 
f 160/160 159/159 158/158 
f 160/160 161/161 159/159 
f 164/164 163/163 162/162 
f 165/165 151/151 149/149 
f 168/168 167/167 166/166 
f 171/171 170/170 169/169 
f 164/164 172/172 163/163 
f 157/157 156/156 173/173 
f 146/146 175/175 174/174 
f 147/147 146/146 174/174 
f 178/178 177/177 176/176 
f 178/178 179/179 177/177 
f 182/182 181/181 180/180 
f 182/182 180/180 183/183 
f 186/186 185/185 184/184 
f 189/189 188/188 187/187 
f 192/192 191/191 190/190 
f 195/195 194/194 193/193 
f 193/193 194/194 196/196 
f 194/194 197/197 196/196 
f 198/198 195/195 193/193 
f 199/199 195/195 198/198 
f 186/186 184/184 200/200 
f 173/173 202/202 201/201 
f 156/156 202/202 173/173 
f 205/205 204/204 203/203 
f 204/204 206/206 203/203 
f 202/202 207/207 201/201 
f 210/210 209/209 208/208 
f 213/213 212/212 211/211 
f 213/213 211/211 214/214 
f 217/217 216/216 215/215 
f 217/217 218/218 216/216 
f 201/201 207/207 219/219 
f 201/201 219/219 220/220 
f 223/223 222/222 221/221 
f 225/225 208/208 224/224 
f 210/210 208/208 225/225 
f 228/228 227/227 226/226 
f 229/229 228/228 226/226 
f 225/225 224/224 199/199 
f 199/199 224/224 195/195 
f 232/232 231/231 230/230 
f 222/222 233/233 221/221 
f 236/236 235/235 234/234 
f 235/235 237/237 234/234 
f 238/238 235/235 236/236 
f 238/238 239/239 235/235 
f 232/232 240/240 231/231 
f 243/243 242/242 241/241 
f 246/246 245/245 244/244 
f 246/246 244/244 247/247 
f 250/250 249/249 248/248 
f 250/250 251/251 249/249 
f 254/254 253/253 252/252 
f 254/254 252/252 255/255 
f 243/243 256/256 242/242 

g Mesh1_VC
usemtl vertexColors
v 453 130 -98
v 453 27 -276
v 605 208 -143
v 610 209 -97
v 474 139 -56
v 478 -93 77
v 458 -121 46
v 458 -224 -130
v 605 105 -321
v 604 -257 124
v 604 -359 -52
v 1016 69 -63
v 1016 -32 -241
v 952 -190 86
v 952 -293 -90
v 935 -153 112
v 992 81 -23
v 1016 69 -63
v 952 -190 86
v 604 -257 124
v 610 -215 148
v 952 -190 86
v 952 -293 -90
v 604 -257 124
v 604 -359 -52
v 802 208 -144
v 802 106 -321
v 1016 69 -63
v 1016 -32 -241
v 683 -49 4
v 683 -152 -172
v 740 -40 0
v 1016 69 -63
v 992 81 -23
v 802 208 -144
v 796 209 -97
v 740 -142 -177
v 756 -16 -13
v 756 -119 -191
v 783 8 18
v 752 -37 45
v 701 22 -36
v 662 -9 -18
v 662 -111 -195
v 683 -49 4
v 701 -80 -214
v 740 -40 0
v 671 -50 52
v 683 -49 4
v 752 -37 45
v 700 67 -15
v 783 8 18
v 756 -16 -13
v 701 22 -36
v 683 -152 -172
v 802 208 -144
v 701 -80 -214
v 662 -111 -195
v 662 -9 -18
v 701 22 -36
v 683 -49 4
v 671 -50 52
v 662 -9 -18
v 636 16 14
v 662 -9 -18
v 700 67 -15
v 701 22 -36
v 636 16 14
v 243 335 -204
v 243 232 -382
v 458 335 -204
v 802 106 -321
v 478 -93 77
v 610 -215 148
v 604 -257 124
v 458 -121 46
v 802 208 -144
v 796 209 -97
v 610 209 -97
v 605 208 -143
v 458 232 -382
v 517 -238 126
v 256 -197 150
v 496 -198 151
v 236 -340 -51
v 236 -237 126
v 263 335 -157
v 256 -197 150
v 236 -340 -51
v 236 -237 126
v 517 -341 -51
v 517 -238 126
v 263 335 -157
v 243 335 -204
v 437 336 -157
v 236 -237 126
v 458 335 -204
v 458 232 -382
v 517 -238 126
v 517 -341 -51
v 458 335 -204
v 517 -238 126
v 496 -198 151
v 437 336 -157
v 458 335 -204
v 119 -247 139
v 119 -353 -44
v 0 -143 79
v 331 -204 -130
v 119 -353 -44
v 119 -247 139
v 331 -98 53
v 119 -247 139
v 120 -201 160
v 331 -98 53
v 295 -78 89
v 180 0 -4
v 180 -105 -187
v 331 -98 53
v 331 -204 -130
v 0 -143 79
v 0 -249 -104
v -2 -208 116
v 0 -249 -104
v 295 -78 89
v 142 22 30
v 180 0 -4
v 331 -98 53
v 250 41 -27
v 250 -64 -211
v 180 0 -4
v 180 -105 -187
v -2 -314 -66
v 250 41 -27
v 230 73 1
v 246 263 -155
v 0 -143 79
v 120 -201 160
v 119 -247 139
v -19 -79 89
v -2 -314 -66
v -241 -322 -62
v -241 -216 121
v -2 -208 116
v 246 157 -339
v 250 -64 -211
v 250 41 -27
v 246 263 -155
v -220 -176 145
v -22 -169 141
v -2 -208 116
v 226 271 -113
v 180 0 -4
v 142 22 30
v -2 -208 116
v -19 -79 89
v 0 -143 79
v -22 -169 141
v -241 -216 121
v 36 26 -263
v -3 56 -281
v -3 162 -97
v 17 255 -396
v 246 157 -339
v 246 263 -155
v 17 361 -212
v -238 255 -395
v -238 361 -212
v -3 -7 -244
v 36 132 -80
v -3 98 -60
v 68 154 -45
v -23 222 -84
v 68 154 -45
v 36 132 -80
v -24 75 0
v -3 162 -97
v -3 56 -281
v -3 -7 -244
v -3 98 -60
v 246 263 -155
v 226 271 -113
v 17 361 -212
v 12 362 -165
v -3 162 -97
v -3 98 -60
v -23 222 -84
v -3 162 -97
v -24 75 0
v -241 -322 -62
v -241 -216 121
v -218 362 -165
v -220 -176 145
v 17 361 -212
v 12 362 -165
v -238 361 -212
v -218 362 -165
v -407 -223 154
v -407 -341 -50
v -416 -142 108
v -104 -223 155
v -104 -342 -50
v -407 -223 154
v -407 -341 -50
v -388 -183 179
v -134 -183 179
v -104 -223 155
v -407 -223 154
v -397 -107 135
v -416 -261 -97
v -416 -142 108
v -416 -261 -97
v -568 -94 80
v -388 -183 179
v -646 -167 122
v -646 -285 -83
v -894 -81 72
v -894 -200 -132
v -568 -213 -124
v -646 -285 -83
v -646 -167 122
v -568 -94 80
v -568 -213 -124
v -324 196 -361
v -104 -342 -50
v -104 -223 155
v -894 -81 72
v -651 -124 144
v -646 -167 122
v -861 -51 103
v -646 -167 122
v -651 -124 144
v -573 -52 103
v -568 -94 80
v -568 -94 80
v -573 -52 103
v -416 -142 108
v -397 -107 135
v -449 -59 -214
v -466 9 -253
v -466 127 -47
v -324 315 -156
v -104 -223 155
v -134 -183 179
v -324 315 -156
v -339 318 -110
v -505 -41 -224
v -449 59 -8
v -505 77 -18
v -449 59 -8
v -420 50 43
v -537 87 22
v -544 357 -180
v -544 238 -386
v -324 315 -156
v -536 356 -132
v -894 -81 72
v -894 -200 -132
v -324 196 -361
v -861 -51 103
v -466 127 -47
v -466 9 -253
v -505 77 -18
v -505 -41 -224
v -324 315 -156
v -339 318 -110
v -536 356 -132
v -505 77 -18
v -466 127 -47
v -457 194 -38
v -449 59 -8
v -420 50 43
v -505 77 -18
v -537 87 22
v -466 127 -47
v -457 194 -38
v -544 357 -180
v -540 -80 149
v -776 -214 179
v -757 -165 198
v -514 -243 -107
v -776 -346 -48
v -776 -214 179
v -514 -112 120
v -776 -346 -48
v -782 -161 -154
v -782 -30 73
v -776 -214 179
v -757 -165 198
v -762 -2 104
v -844 40 32
v -844 -91 -195
v -938 184 -355
v -900 261 -399
v -900 393 -171
v -514 -112 120
v -701 343 -95
v -685 339 -140
v -762 -2 104
v -844 40 32
v -849 95 47
v -782 -30 73
v -685 339 -140
v -938 316 -127
v -888 390 -122
v -992 -344 -49
v -1284 -345 -48
v -1284 -214 179
v -685 207 -368
v -685 339 -140
v -685 207 -368
v -514 -112 120
v -514 -243 -107
v -900 393 -171
v -685 339 -140
v -701 343 -95
v -888 390 -122
v -992 -213 178
v -1007 -30 72
v -1007 -161 -155
v -992 -213 178
v -1015 -173 202
v -1284 -214 179
v -1259 -174 203
v -992 -213 178
v -1284 -214 179
v -1284 -345 -48
v -1161 385 -167
v -1161 254 -395
v -963 386 -167
v -1259 -174 203
v -1144 386 -120
v -963 254 -395
v -844 -91 -195
v -933 -258 -98
v -933 -127 128
v -992 -344 -49
v -1033 57 69
v -1007 -30 72
v -1015 -173 202
v -992 -213 178
v -933 -258 -98
v -1007 -161 -155
v -1007 -30 72
v -933 -127 128
v -844 40 32
v -963 386 -167
v -963 254 -395
v -938 316 -127
v -936 -69 142
v -933 -127 128
v -1033 57 69
v -1007 -30 72
v -849 95 47
v -844 40 32
v -936 -69 142
v -933 -127 128
v -1144 386 -120
v -1161 385 -167
v -977 387 -120
v -963 386 -167
v -938 184 -355
v -941 285 -61
v -977 387 -120
v -963 386 -167
v -941 285 -61
v -938 316 -127
v 173 243 -424
v 130 693 -684
v 130 803 -494
v 173 352 -234
v 192 393 -210
v 152 804 -447
v 447 696 -685
v 447 806 -496
v 334 706 -391
v 361 616 -386
v 344 596 -327
v 358 644 -403
v 532 419 -525
v 640 350 -486
v 640 460 -296
v 532 528 -336
v 447 806 -496
v 447 696 -685
v 549 734 -454
v 549 734 -454
v 549 625 -644
v 562 551 -349
v 562 442 -539
v 447 806 -496
v 529 744 -413
v 562 442 -539
v 532 419 -525
v 532 528 -336
v 562 551 -349
v 549 625 -644
v 440 807 -449
v 497 547 -299
v 640 460 -296
v 604 480 -260
v 532 528 -336
v 541 581 -318
v 562 551 -349
v 497 547 -299
v 532 528 -336
v 529 744 -413
v 549 734 -454
v 358 644 -403
v 361 506 -576
v 361 616 -386
v 379 408 -266
v 379 298 -456
v 381 356 -236
v 381 246 -426
v 379 630 -394
v 358 535 -592
v 358 644 -403
v 379 520 -584
v 361 616 -386
v 361 506 -576
v 344 596 -327
v 411 652 -360
v 152 804 -447
v 130 803 -494
v 440 807 -449
v 358 535 -592
v 379 630 -394
v 358 644 -403
v 334 706 -391
v 411 652 -360
v 357 475 -258
v 379 408 -266
v 360 395 -211
v 381 356 -236
v 447 806 -496
v 459 226 -414
v 379 298 -456
v 379 408 -266
v 381 246 -426
v 173 243 -424
v 173 352 -234
v 381 356 -236
v 360 395 -211
v 381 356 -236
v 173 352 -234
v 192 393 -210
v 459 336 -224
v 379 408 -266
v 357 475 -258
v 461 382 -203
v -123 366 -224
v -229 648 -634
v -229 755 -449
v 459 336 -224
v 604 480 -260
v 459 336 -224
v 461 382 -203
v 640 460 -296
v 640 460 -296
v 640 350 -486
v 459 336 -224
v 459 226 -414
v 165 798 -473
v 165 798 -473
v 165 691 -659
v 115 645 -385
v 165 691 -659
v -229 755 -449
v -203 759 -404
v -123 366 -224
v -107 408 -201
v 167 449 -519
v 248 314 -441
v 248 421 -256
v 167 556 -334
v 115 538 -571
v 129 539 -571
v 130 438 -513
v 130 545 -328
v 130 545 -328
v 130 438 -513
v 167 556 -334
v 167 449 -519
v 115 538 -571
v 129 539 -571
v 129 646 -386
v 115 645 -385
v 248 421 -256
v 215 457 -229
v 167 556 -334
v 157 554 -285
v 109 566 -292
v 108 645 -338
v 129 646 -386
v 129 646 -386
v 165 798 -473
v 115 645 -385
v 137 795 -425
v 108 645 -374
v 97 675 -355
v 248 314 -441
v -123 259 -409
v -123 366 -224
v 248 421 -256
v 121 543 -307
v 130 545 -328
v 53 523 -315
v 32 522 -314
v 4 560 -289
v 167 556 -334
v 157 554 -285
v 34 517 -311
v 21 514 -262
v 21 639 -378
v 97 675 -355
v 108 645 -374
v 34 517 -311
v 21 514 -262
v 5 676 -356
v 23 639 -382
v 129 646 -386
v 0 638 -334
v 108 645 -338
v -123 366 -224
v -107 408 -201
v 248 421 -256
v 215 457 -229
v 165 798 -473
v 137 795 -425
v -229 755 -449
v -203 759 -404
v 0 638 -334
v 5 676 -356
v 21 639 -378
v -262 354 -196
v -262 242 -388
v -440 354 -196
v -440 243 -388
v -441 820 -465
v -441 708 -657
v -228 818 -464
v -228 707 -656
v -106 760 -430
v -440 354 -196
v -421 820 -418
v -440 243 -388
v -419 394 -172
v -283 394 -171
v -440 354 -196
v -419 394 -172
v -262 354 -196
v -106 649 -623
v -106 760 -430
v -90 557 -313
v -111 583 -281
v -106 649 -623
v -90 445 -505
v -90 557 -313
v -106 760 -430
v -90 445 -505
v -185 323 -434
v -185 434 -242
v -90 557 -313
v -233 819 -417
v -228 818 -464
v -126 768 -388
v -106 760 -430
v -241 531 -555
v -267 535 -557
v -267 646 -365
v -196 474 -218
v -185 434 -242
v -126 768 -388
v -185 434 -242
v -185 323 -434
v -262 433 -242
v -262 322 -434
v -241 642 -362
v -267 535 -557
v -265 497 -535
v -265 608 -343
v -251 610 -344
v -241 642 -362
v -215 678 -336
v -251 499 -536
v -241 531 -555
v -265 497 -535
v -235 614 -299
v -265 608 -343
v -262 433 -242
v -262 322 -434
v -262 354 -196
v -262 242 -388
v -185 434 -242
v -262 433 -242
v -283 473 -218
v -267 646 -365
v -421 820 -418
v -441 820 -465
v -233 819 -417
v -228 818 -464
v -215 678 -336
v -241 642 -362
v -289 690 -343
v -267 646 -365
v -196 474 -218
v -804 824 -456
v -804 708 -657
v -599 824 -456
v -262 433 -242
v -262 354 -196
v -283 394 -171
v -283 473 -218
v -284 606 -294
v -251 610 -344
v -235 614 -299
v -265 608 -343
v -289 690 -343
v -267 646 -365
v -284 606 -294
v -265 608 -343
v -599 824 -456
v -599 708 -657
v -597 750 -413
v -599 708 -657
v -799 380 -467
v -799 496 -266
v -783 825 -409
v -704 261 -399
v -779 523 -234
v -704 378 -198
v -597 634 -614
v -486 419 -222
v -486 303 -423
v -704 378 -198
v -597 634 -614
v -445 664 -631
v -445 780 -430
v -597 750 -413
v -804 824 -456
v -599 824 -456
v -619 825 -409
v -783 825 -409
v -445 780 -430
v -445 664 -631
v -412 519 -279
v -412 403 -481
v -704 378 -198
v -799 496 -266
v -779 523 -234
v -704 261 -399
v -412 403 -481
v -486 303 -423
v -486 419 -222
v -412 519 -279
v -445 780 -430
v -462 777 -381
v -597 750 -413
v -590 752 -367
v -604 749 -396
v -462 777 -381
v -445 780 -430
v -433 545 -247
v -695 420 -175
v -619 825 -409
v -599 824 -456
v -594 605 -329
v -613 593 -275
v -580 611 -285
v -597 603 -319
v -590 752 -367
v -604 749 -396
v -613 593 -275
v -1044 840 -465
v -1044 724 -666
v -854 840 -464
v -412 519 -279
v -486 419 -222
v -498 458 -197
v -704 378 -198
v -695 420 -175
v -1220 680 -372
v -1036 841 -418
v -1220 564 -574
v -1082 454 -510
v -1190 702 -337
v -1082 570 -309
v -854 723 -666
v -1224 399 -479
v -1224 515 -277
v -1182 531 -239
v -1043 585 -270
v -1036 841 -418
v -1044 840 -465
v -854 840 -464
v -1034 268 -403
v -1034 384 -201
v -1043 585 -270
v -1220 680 -372
v -1190 702 -337
v -1082 570 -309
v -1030 426 -179
v -1034 384 -201
v -1182 531 -239
v -1224 515 -277
v -945 684 -374
v -948 682 -373
v -989 697 -335
v -861 841 -418
v -831 337 -443
v -1034 268 -403
v -1034 384 -201
v -831 453 -241
v -854 723 -666
v -730 629 -611
v -730 745 -410
v -854 840 -464
v -946 728 -353
v -759 608 -330
v -831 453 -241
v -846 489 -215
v -730 629 -611
v -856 529 -554
v -856 646 -352
v -730 745 -410
v -856 529 -554
v -759 491 -532
v -759 608 -330
v -856 646 -352
v -1034 384 -201
v -1030 426 -179
v -861 841 -418
v -854 840 -464
v -730 745 -410
v -945 684 -374
v -946 728 -353
v -867 683 -327
v -925 673 -368
v -865 649 -343
v -786 618 -289
v -759 491 -532
v -831 337 -443
v -831 453 -241
v -759 608 -330
v -762 766 -374
v -989 697 -335
v -759 608 -330
v -786 618 -289
v -948 682 -373
v -856 646 -352
v -865 649 -343
v -762 766 -374
v -867 683 -327
v -730 745 -410

vt 0.378906 0.921875 0
vt 0.378906 0.921875 0
vt 0.378906 0.921875 0
vt 0.378906 0.921875 0
vt 0.378906 0.921875 0
vt 0.378906 0.921875 0
vt 0.378906 0.921875 0
vt 0.378906 0.921875 0
vt 0.378906 0.921875 0
vt 0.378906 0.921875 0
vt 0.378906 0.921875 0
vt 0.394531 0.921875 0
vt 0.394531 0.921875 0
vt 0.394531 0.921875 0
vt 0.394531 0.921875 0
vt 0.410156 0.921875 0
vt 0.410156 0.921875 0
vt 0.410156 0.921875 0
vt 0.410156 0.921875 0
vt 0.410156 0.921875 0
vt 0.410156 0.921875 0
vt 0.425781 0.921875 0
vt 0.425781 0.921875 0
vt 0.425781 0.921875 0
vt 0.425781 0.921875 0
vt 0.441406 0.921875 0
vt 0.441406 0.921875 0
vt 0.441406 0.921875 0
vt 0.441406 0.921875 0
vt 0.378906 0.921875 0
vt 0.378906 0.921875 0
vt 0.378906 0.921875 0
vt 0.457031 0.921875 0
vt 0.457031 0.921875 0
vt 0.457031 0.921875 0
vt 0.457031 0.921875 0
vt 0.378906 0.921875 0
vt 0.378906 0.921875 0
vt 0.378906 0.921875 0
vt 0.378906 0.921875 0
vt 0.378906 0.921875 0
vt 0.378906 0.921875 0
vt 0.472656 0.921875 0
vt 0.472656 0.921875 0
vt 0.472656 0.921875 0
vt 0.378906 0.921875 0
vt 0.488281 0.921875 0
vt 0.488281 0.921875 0
vt 0.488281 0.921875 0
vt 0.488281 0.921875 0
vt 0.472656 0.921875 0
vt 0.472656 0.921875 0
vt 0.472656 0.921875 0
vt 0.472656 0.921875 0
vt 0.472656 0.921875 0
vt 0.378906 0.921875 0
vt 0.394531 0.921875 0
vt 0.394531 0.921875 0
vt 0.394531 0.921875 0
vt 0.394531 0.921875 0
vt 0.503906 0.921875 0
vt 0.503906 0.921875 0
vt 0.503906 0.921875 0
vt 0.503906 0.921875 0
vt 0.410156 0.921875 0
vt 0.410156 0.921875 0
vt 0.410156 0.921875 0
vt 0.410156 0.921875 0
vt 0.378906 0.921875 0
vt 0.378906 0.921875 0
vt 0.378906 0.921875 0
vt 0.378906 0.921875 0
vt 0.519531 0.921875 0
vt 0.519531 0.921875 0
vt 0.519531 0.921875 0
vt 0.519531 0.921875 0
vt 0.535156 0.921875 0
vt 0.535156 0.921875 0
vt 0.535156 0.921875 0
vt 0.535156 0.921875 0
vt 0.378906 0.921875 0
vt 0.503906 0.921875 0
vt 0.503906 0.921875 0
vt 0.503906 0.921875 0
vt 0.378906 0.921875 0
vt 0.378906 0.921875 0
vt 0.378906 0.921875 0
vt 0.378906 0.921875 0
vt 0.019531 0.984375 0
vt 0.019531 0.984375 0
vt 0.019531 0.984375 0
vt 0.019531 0.984375 0
vt 0.535156 0.921875 0
vt 0.535156 0.921875 0
vt 0.535156 0.921875 0
vt 0.503906 0.921875 0
vt 0.550781 0.921875 0
vt 0.550781 0.921875 0
vt 0.550781 0.921875 0
vt 0.550781 0.921875 0
vt 0.410156 0.921875 0
vt 0.410156 0.921875 0
vt 0.410156 0.921875 0
vt 0.410156 0.921875 0
vt 0.535156 0.921875 0
vt 0.378906 0.921875 0
vt 0.378906 0.921875 0
vt 0.378906 0.921875 0
vt 0.394531 0.921875 0
vt 0.394531 0.921875 0
vt 0.394531 0.921875 0
vt 0.394531 0.921875 0
vt 0.410156 0.921875 0
vt 0.410156 0.921875 0
vt 0.410156 0.921875 0
vt 0.410156 0.921875 0
vt 0.441406 0.921875 0
vt 0.441406 0.921875 0
vt 0.441406 0.921875 0
vt 0.441406 0.921875 0
vt 0.050781 0.765625 0
vt 0.050781 0.765625 0
vt 0.050781 0.765625 0
vt 0.378906 0.921875 0
vt 0.457031 0.921875 0
vt 0.457031 0.921875 0
vt 0.457031 0.921875 0
vt 0.457031 0.921875 0
vt 0.050781 0.765625 0
vt 0.050781 0.765625 0
vt 0.050781 0.765625 0
vt 0.050781 0.765625 0
vt 0.050781 0.765625 0
vt 0.410156 0.921875 0
vt 0.410156 0.921875 0
vt 0.410156 0.921875 0
vt 0.566406 0.921875 0
vt 0.566406 0.921875 0
vt 0.566406 0.921875 0
vt 0.566406 0.921875 0
vt 0.472656 0.921875 0
vt 0.472656 0.921875 0
vt 0.472656 0.921875 0
vt 0.472656 0.921875 0
vt 0.050781 0.765625 0
vt 0.050781 0.984375 0
vt 0.050781 0.984375 0
vt 0.050781 0.984375 0
vt 0.503906 0.921875 0
vt 0.503906 0.921875 0
vt 0.503906 0.921875 0
vt 0.410156 0.921875 0
vt 0.410156 0.921875 0
vt 0.410156 0.921875 0
vt 0.410156 0.921875 0
vt 0.410156 0.921875 0
vt 0.410156 0.921875 0
vt 0.410156 0.921875 0
vt 0.503906 0.921875 0
vt 0.378906 0.921875 0
vt 0.378906 0.921875 0
vt 0.378906 0.921875 0
vt 0.378906 0.921875 0
vt 0.378906 0.921875 0
vt 0.378906 0.921875 0
vt 0.378906 0.921875 0
vt 0.378906 0.921875 0
vt 0.378906 0.921875 0
vt 0.378906 0.921875 0
vt 0.378906 0.921875 0
vt 0.378906 0.921875 0
vt 0.378906 0.921875 0
vt 0.472656 0.921875 0
vt 0.472656 0.921875 0
vt 0.472656 0.921875 0
vt 0.378906 0.921875 0
vt 0.050781 0.765625 0
vt 0.050781 0.765625 0
vt 0.050781 0.765625 0
vt 0.050781 0.765625 0
vt 0.582031 0.921875 0
vt 0.582031 0.921875 0
vt 0.582031 0.921875 0
vt 0.582031 0.921875 0
vt 0.472656 0.921875 0
vt 0.410156 0.921875 0
vt 0.410156 0.921875 0
vt 0.410156 0.921875 0
vt 0.410156 0.921875 0
vt 0.378906 0.921875 0
vt 0.378906 0.921875 0
vt 0.378906 0.921875 0
vt 0.378906 0.921875 0
vt 0.535156 0.921875 0
vt 0.535156 0.921875 0
vt 0.535156 0.921875 0
vt 0.535156 0.921875 0
vt 0.378906 0.921875 0
vt 0.378906 0.921875 0
vt 0.378906 0.921875 0
vt 0.019531 0.984375 0
vt 0.019531 0.984375 0
vt 0.019531 0.984375 0
vt 0.019531 0.984375 0
vt 0.503906 0.921875 0
vt 0.503906 0.921875 0
vt 0.503906 0.921875 0
vt 0.503906 0.921875 0
vt 0.378906 0.921875 0
vt 0.378906 0.921875 0
vt 0.597656 0.921875 0
vt 0.597656 0.921875 0
vt 0.597656 0.921875 0
vt 0.378906 0.921875 0
vt 0.613281 0.921875 0
vt 0.613281 0.921875 0
vt 0.613281 0.921875 0
vt 0.613281 0.921875 0
vt 0.394531 0.921875 0
vt 0.394531 0.921875 0
vt 0.394531 0.921875 0
vt 0.394531 0.921875 0
vt 0.597656 0.921875 0
vt 0.628906 0.921875 0
vt 0.628906 0.921875 0
vt 0.628906 0.921875 0
vt 0.050781 0.765625 0
vt 0.050781 0.765625 0
vt 0.050781 0.765625 0
vt 0.050781 0.765625 0
vt 0.410156 0.921875 0
vt 0.410156 0.921875 0
vt 0.410156 0.921875 0
vt 0.410156 0.921875 0
vt 0.050781 0.765625 0
vt 0.050781 0.765625 0
vt 0.050781 0.765625 0
vt 0.050781 0.765625 0
vt 0.378906 0.921875 0
vt 0.378906 0.921875 0
vt 0.378906 0.921875 0
vt 0.628906 0.921875 0
vt 0.410156 0.921875 0
vt 0.410156 0.921875 0
vt 0.410156 0.921875 0
vt 0.410156 0.921875 0
vt 0.378906 0.921875 0
vt 0.378906 0.921875 0
vt 0.378906 0.921875 0
vt 0.019531 0.015625 0
vt 0.019531 0.015625 0
vt 0.019531 0.015625 0
vt 0.378906 0.921875 0
vt 0.378906 0.921875 0
vt 0.378906 0.921875 0
vt 0.378906 0.921875 0
vt 0.378906 0.921875 0
vt 0.378906 0.921875 0
vt 0.378906 0.921875 0
vt 0.378906 0.921875 0
vt 0.644531 0.921875 0
vt 0.644531 0.921875 0
vt 0.644531 0.921875 0
vt 0.644531 0.921875 0
vt 0.660156 0.921875 0
vt 0.660156 0.921875 0
vt 0.660156 0.921875 0
vt 0.019531 0.015625 0
vt 0.675781 0.921875 0
vt 0.675781 0.921875 0
vt 0.675781 0.921875 0
vt 0.675781 0.921875 0
vt 0.410156 0.921875 0
vt 0.410156 0.921875 0
vt 0.410156 0.921875 0
vt 0.410156 0.921875 0
vt 0.660156 0.921875 0
vt 0.410156 0.921875 0
vt 0.410156 0.921875 0
vt 0.410156 0.921875 0
vt 0.550781 0.921875 0
vt 0.550781 0.921875 0
vt 0.550781 0.921875 0
vt 0.550781 0.921875 0
vt 0.378906 0.921875 0
vt 0.378906 0.921875 0
vt 0.378906 0.921875 0
vt 0.378906 0.921875 0
vt 0.378906 0.921875 0
vt 0.378906 0.921875 0
vt 0.378906 0.921875 0
vt 0.378906 0.921875 0
vt 0.378906 0.921875 0
vt 0.378906 0.921875 0
vt 0.378906 0.921875 0
vt 0.410156 0.921875 0
vt 0.410156 0.921875 0
vt 0.410156 0.921875 0
vt 0.691406 0.921875 0
vt 0.691406 0.921875 0
vt 0.691406 0.921875 0
vt 0.691406 0.921875 0
vt 0.378906 0.921875 0
vt 0.378906 0.921875 0
vt 0.378906 0.921875 0
vt 0.019531 0.984375 0
vt 0.019531 0.984375 0
vt 0.019531 0.984375 0
vt 0.378906 0.921875 0
vt 0.582031 0.921875 0
vt 0.582031 0.921875 0
vt 0.582031 0.921875 0
vt 0.582031 0.921875 0
vt 0.566406 0.921875 0
vt 0.566406 0.921875 0
vt 0.566406 0.921875 0
vt 0.566406 0.921875 0
vt 0.019531 0.984375 0
vt 0.550781 0.921875 0
vt 0.550781 0.921875 0
vt 0.550781 0.921875 0
vt 0.503906 0.921875 0
vt 0.503906 0.921875 0
vt 0.503906 0.921875 0
vt 0.503906 0.921875 0
vt 0.378906 0.921875 0
vt 0.378906 0.921875 0
vt 0.378906 0.921875 0
vt 0.378906 0.921875 0
vt 0.378906 0.921875 0
vt 0.378906 0.921875 0
vt 0.378906 0.921875 0
vt 0.378906 0.921875 0
vt 0.644531 0.921875 0
vt 0.644531 0.921875 0
vt 0.644531 0.921875 0
vt 0.550781 0.921875 0
vt 0.410156 0.921875 0
vt 0.410156 0.921875 0
vt 0.410156 0.921875 0
vt 0.410156 0.921875 0
vt 0.378906 0.921875 0
vt 0.378906 0.921875 0
vt 0.378906 0.921875 0
vt 0.378906 0.921875 0
vt 0.644531 0.921875 0
vt 0.707031 0.921875 0
vt 0.707031 0.921875 0
vt 0.707031 0.921875 0
vt 0.722656 0.921875 0
vt 0.722656 0.921875 0
vt 0.722656 0.921875 0
vt 0.722656 0.921875 0
vt 0.410156 0.921875 0
vt 0.410156 0.921875 0
vt 0.410156 0.921875 0
vt 0.410156 0.921875 0
vt 0.535156 0.921875 0
vt 0.535156 0.921875 0
vt 0.535156 0.921875 0
vt 0.535156 0.921875 0
vt 0.707031 0.921875 0
vt 0.378906 0.921875 0
vt 0.410156 0.921875 0
vt 0.410156 0.921875 0
vt 0.410156 0.921875 0
vt 0.410156 0.921875 0
vt 0.378906 0.921875 0
vt 0.378906 0.921875 0
vt 0.378906 0.921875 0
vt 0.378906 0.921875 0
vt 0.378906 0.921875 0
vt 0.378906 0.921875 0
vt 0.378906 0.921875 0
vt 0.378906 0.921875 0
vt 0.410156 0.921875 0
vt 0.410156 0.921875 0
vt 0.410156 0.921875 0
vt 0.410156 0.921875 0
vt 0.738281 0.921875 0
vt 0.738281 0.921875 0
vt 0.738281 0.921875 0
vt 0.738281 0.921875 0
vt 0.488281 0.921875 0
vt 0.488281 0.921875 0
vt 0.488281 0.921875 0
vt 0.550781 0.921875 0
vt 0.550781 0.921875 0
vt 0.550781 0.921875 0
vt 0.550781 0.921875 0
vt 0.550781 0.921875 0
vt 0.550781 0.921875 0
vt 0.394531 0.921875 0
vt 0.394531 0.921875 0
vt 0.394531 0.921875 0
vt 0.394531 0.921875 0
vt 0.488281 0.921875 0
vt 0.550781 0.921875 0
vt 0.457031 0.921875 0
vt 0.457031 0.921875 0
vt 0.457031 0.921875 0
vt 0.457031 0.921875 0
vt 0.410156 0.921875 0
vt 0.410156 0.921875 0
vt 0.410156 0.921875 0
vt 0.410156 0.921875 0
vt 0.410156 0.921875 0
vt 0.410156 0.921875 0
vt 0.550781 0.921875 0
vt 0.550781 0.921875 0
vt 0.550781 0.921875 0
vt 0.050781 0.984375 0
vt 0.050781 0.765625 0
vt 0.050781 0.984375 0
vt 0.050781 0.984375 0
vt 0.378906 0.921875 0
vt 0.378906 0.921875 0
vt 0.378906 0.921875 0
vt 0.378906 0.921875 0
vt 0.378906 0.921875 0
vt 0.378906 0.921875 0
vt 0.378906 0.921875 0
vt 0.378906 0.921875 0
vt 0.753906 0.921875 0
vt 0.753906 0.921875 0
vt 0.753906 0.921875 0
vt 0.550781 0.921875 0
vt 0.472656 0.921875 0
vt 0.472656 0.921875 0
vt 0.472656 0.921875 0
vt 0.472656 0.921875 0
vt 0.410156 0.921875 0
vt 0.410156 0.921875 0
vt 0.410156 0.921875 0
vt 0.410156 0.921875 0
vt 0.753906 0.921875 0
vt 0.378906 0.921875 0
vt 0.378906 0.921875 0
vt 0.378906 0.921875 0
vt 0.019531 0.015625 0
vt 0.019531 0.984375 0
vt 0.019531 0.984375 0
vt 0.019531 0.015625 0
vt 0.503906 0.921875 0
vt 0.503906 0.921875 0
vt 0.503906 0.921875 0
vt 0.503906 0.921875 0
vt 0.363281 0.921875 0
vt 0.363281 0.921875 0
vt 0.363281 0.921875 0
vt 0.363281 0.921875 0
vt 0.378906 0.921875 0
vt 0.378906 0.921875 0
vt 0.378906 0.921875 0
vt 0.378906 0.921875 0
vt 0.410156 0.921875 0
vt 0.410156 0.921875 0
vt 0.410156 0.921875 0
vt 0.410156 0.921875 0
vt 0.769531 0.921875 0
vt 0.769531 0.921875 0
vt 0.769531 0.921875 0
vt 0.769531 0.921875 0
vt 0.378906 0.921875 0
vt 0.394531 0.921875 0
vt 0.394531 0.921875 0
vt 0.394531 0.921875 0
vt 0.378906 0.921875 0
vt 0.675781 0.921875 0
vt 0.675781 0.921875 0
vt 0.675781 0.921875 0
vt 0.675781 0.921875 0
vt 0.019531 0.984375 0
vt 0.019531 0.984375 0
vt 0.019531 0.984375 0
vt 0.019531 0.984375 0
vt 0.394531 0.921875 0
vt 0.050781 0.765625 0
vt 0.050781 0.765625 0
vt 0.050781 0.765625 0
vt 0.378906 0.921875 0
vt 0.378906 0.921875 0
vt 0.378906 0.921875 0
vt 0.378906 0.921875 0
vt 0.378906 0.921875 0
vt 0.378906 0.921875 0
vt 0.378906 0.921875 0
vt 0.378906 0.921875 0
vt 0.785156 0.921875 0
vt 0.785156 0.921875 0
vt 0.785156 0.921875 0
vt 0.785156 0.921875 0
vt 0.410156 0.921875 0
vt 0.410156 0.921875 0
vt 0.410156 0.921875 0
vt 0.050781 0.765625 0
vt 0.410156 0.921875 0
vt 0.410156 0.921875 0
vt 0.410156 0.921875 0
vt 0.410156 0.921875 0
vt 0.410156 0.921875 0
vt 0.707031 0.921875 0
vt 0.707031 0.921875 0
vt 0.707031 0.921875 0
vt 0.707031 0.921875 0
vt 0.410156 0.921875 0
vt 0.410156 0.921875 0
vt 0.410156 0.921875 0
vt 0.410156 0.921875 0
vt 0.410156 0.921875 0
vt 0.800781 0.921875 0
vt 0.800781 0.921875 0
vt 0.800781 0.921875 0
vt 0.800781 0.921875 0
vt 0.503906 0.921875 0
vt 0.503906 0.921875 0
vt 0.503906 0.921875 0
vt 0.410156 0.921875 0
vt 0.410156 0.921875 0
vt 0.503906 0.921875 0
vt 0.816406 0.921875 0
vt 0.816406 0.921875 0
vt 0.816406 0.921875 0
vt 0.816406 0.921875 0
vt 0.410156 0.921875 0
vt 0.410156 0.921875 0
vt 0.410156 0.921875 0
vt 0.410156 0.921875 0
vt 0.613281 0.921875 0
vt 0.613281 0.921875 0
vt 0.613281 0.921875 0
vt 0.613281 0.921875 0
vt 0.410156 0.921875 0
vt 0.410156 0.921875 0
vt 0.410156 0.921875 0
vt 0.019531 0.984375 0
vt 0.019531 0.984375 0
vt 0.019531 0.984375 0
vt 0.019531 0.984375 0
vt 0.378906 0.921875 0
vt 0.378906 0.921875 0
vt 0.378906 0.921875 0
vt 0.378906 0.921875 0
vt 0.378906 0.921875 0
vt 0.378906 0.921875 0
vt 0.378906 0.921875 0
vt 0.378906 0.921875 0
vt 0.378906 0.921875 0
vt 0.503906 0.921875 0
vt 0.503906 0.921875 0
vt 0.503906 0.921875 0
vt 0.503906 0.921875 0
vt 0.378906 0.921875 0
vt 0.410156 0.921875 0
vt 0.410156 0.921875 0
vt 0.410156 0.921875 0
vt 0.550781 0.921875 0
vt 0.550781 0.921875 0
vt 0.550781 0.921875 0
vt 0.550781 0.921875 0
vt 0.644531 0.921875 0
vt 0.644531 0.921875 0
vt 0.644531 0.921875 0
vt 0.644531 0.921875 0
vt 0.707031 0.921875 0
vt 0.707031 0.921875 0
vt 0.707031 0.921875 0
vt 0.707031 0.921875 0
vt 0.832031 0.921875 0
vt 0.832031 0.921875 0
vt 0.832031 0.921875 0
vt 0.410156 0.921875 0
vt 0.410156 0.921875 0
vt 0.410156 0.921875 0
vt 0.019531 0.984375 0
vt 0.019531 0.984375 0
vt 0.019531 0.984375 0
vt 0.019531 0.984375 0
vt 0.832031 0.921875 0
vt 0.550781 0.921875 0
vt 0.550781 0.921875 0
vt 0.550781 0.921875 0
vt 0.378906 0.921875 0
vt 0.378906 0.921875 0
vt 0.378906 0.921875 0
vt 0.378906 0.921875 0
vt 0.378906 0.921875 0
vt 0.378906 0.921875 0
vt 0.378906 0.921875 0
vt 0.378906 0.921875 0
vt 0.050781 0.765625 0
vt 0.050781 0.765625 0
vt 0.050781 0.765625 0
vt 0.050781 0.765625 0
vt 0.503906 0.921875 0
vt 0.503906 0.921875 0
vt 0.503906 0.921875 0
vt 0.550781 0.921875 0
vt 0.535156 0.921875 0
vt 0.535156 0.921875 0
vt 0.535156 0.921875 0
vt 0.535156 0.921875 0
vt 0.644531 0.921875 0
vt 0.644531 0.921875 0
vt 0.644531 0.921875 0
vt 0.644531 0.921875 0
vt 0.503906 0.921875 0
vt 0.378906 0.921875 0
vt 0.378906 0.921875 0
vt 0.378906 0.921875 0
vt 0.410156 0.921875 0
vt 0.410156 0.921875 0
vt 0.410156 0.921875 0
vt 0.410156 0.921875 0
vt 0.488281 0.921875 0
vt 0.488281 0.921875 0
vt 0.488281 0.921875 0
vt 0.488281 0.921875 0
vt 0.410156 0.921875 0
vt 0.410156 0.921875 0
vt 0.410156 0.921875 0
vt 0.410156 0.921875 0
vt 0.050781 0.984375 0
vt 0.050781 0.984375 0
vt 0.050781 0.984375 0
vt 0.378906 0.921875 0
vt 0.378906 0.921875 0
vt 0.378906 0.921875 0
vt 0.378906 0.921875 0
vt 0.378906 0.921875 0
vt 0.378906 0.921875 0
vt 0.378906 0.921875 0
vt 0.050781 0.984375 0
vt 0.425781 0.921875 0
vt 0.425781 0.921875 0
vt 0.425781 0.921875 0
vt 0.378906 0.921875 0
vt 0.378906 0.921875 0
vt 0.378906 0.921875 0
vt 0.378906 0.921875 0
vt 0.535156 0.921875 0
vt 0.535156 0.921875 0
vt 0.535156 0.921875 0
vt 0.535156 0.921875 0
vt 0.457031 0.921875 0
vt 0.457031 0.921875 0
vt 0.457031 0.921875 0
vt 0.457031 0.921875 0
vt 0.832031 0.921875 0
vt 0.832031 0.921875 0
vt 0.832031 0.921875 0
vt 0.425781 0.921875 0
vt 0.644531 0.921875 0
vt 0.644531 0.921875 0
vt 0.644531 0.921875 0
vt 0.644531 0.921875 0
vt 0.441406 0.921875 0
vt 0.441406 0.921875 0
vt 0.441406 0.921875 0
vt 0.441406 0.921875 0
vt 0.441406 0.921875 0
vt 0.410156 0.921875 0
vt 0.410156 0.921875 0
vt 0.410156 0.921875 0
vt 0.832031 0.921875 0
vt 0.410156 0.921875 0
vt 0.410156 0.921875 0
vt 0.410156 0.921875 0
vt 0.410156 0.921875 0
vt 0.378906 0.921875 0
vt 0.378906 0.921875 0
vt 0.378906 0.921875 0
vt 0.378906 0.921875 0
vt 0.378906 0.921875 0
vt 0.378906 0.921875 0
vt 0.378906 0.921875 0
vt 0.378906 0.921875 0
vt 0.410156 0.921875 0
vt 0.410156 0.921875 0
vt 0.410156 0.921875 0
vt 0.410156 0.921875 0
vt 0.410156 0.921875 0
vt 0.378906 0.921875 0
vt 0.378906 0.921875 0
vt 0.378906 0.921875 0
vt 0.378906 0.921875 0
vt 0.378906 0.921875 0
vt 0.378906 0.921875 0
vt 0.378906 0.921875 0
vt 0.378906 0.921875 0
vt 0.378906 0.921875 0
vt 0.378906 0.921875 0
vt 0.378906 0.921875 0
vt 0.535156 0.921875 0
vt 0.535156 0.921875 0
vt 0.535156 0.921875 0
vt 0.378906 0.921875 0
vt 0.378906 0.921875 0
vt 0.019531 0.984375 0
vt 0.019531 0.984375 0
vt 0.019531 0.984375 0
vt 0.019531 0.984375 0
vt 0.847656 0.921875 0
vt 0.847656 0.921875 0
vt 0.847656 0.921875 0
vt 0.847656 0.921875 0
vt 0.410156 0.921875 0
vt 0.410156 0.921875 0
vt 0.410156 0.921875 0
vt 0.535156 0.921875 0
vt 0.457031 0.921875 0
vt 0.457031 0.921875 0
vt 0.457031 0.921875 0
vt 0.457031 0.921875 0
vt 0.613281 0.921875 0
vt 0.613281 0.921875 0
vt 0.613281 0.921875 0
vt 0.613281 0.921875 0
vt 0.410156 0.921875 0
vt 0.410156 0.921875 0
vt 0.410156 0.921875 0
vt 0.410156 0.921875 0
vt 0.394531 0.921875 0
vt 0.394531 0.921875 0
vt 0.394531 0.921875 0
vt 0.394531 0.921875 0
vt 0.378906 0.921875 0
vt 0.378906 0.921875 0
vt 0.378906 0.921875 0
vt 0.378906 0.921875 0
vt 0.410156 0.921875 0
vt 0.410156 0.921875 0
vt 0.050781 0.765625 0
vt 0.050781 0.765625 0
vt 0.050781 0.765625 0
vt 0.707031 0.921875 0
vt 0.707031 0.921875 0
vt 0.707031 0.921875 0
vt 0.707031 0.921875 0
vt 0.707031 0.921875 0
vt 0.410156 0.921875 0
vt 0.644531 0.921875 0
vt 0.644531 0.921875 0
vt 0.644531 0.921875 0
vt 0.644531 0.921875 0
vt 0.050781 0.765625 0
vt 0.847656 0.921875 0
vt 0.847656 0.921875 0
vt 0.847656 0.921875 0
vt 0.847656 0.921875 0
vt 0.410156 0.921875 0
vt 0.410156 0.921875 0
vt 0.410156 0.921875 0
vt 0.410156 0.921875 0
vt 0.410156 0.921875 0

f 259/259 258/258 257/257 
f 257/257 261/261 260/260 
f 257/257 260/260 259/259 
f 262/262 261/261 257/257 
f 263/263 262/262 257/257 
f 257/257 258/258 264/264 
f 257/257 264/264 263/263 
f 259/259 265/265 258/258 
f 264/264 267/267 266/266 
f 263/263 264/264 266/266 
f 270/270 269/269 268/268 
f 270/270 271/271 269/269 
f 274/274 273/273 272/272 
f 274/274 272/272 275/275 
f 272/272 277/277 276/276 
f 275/275 272/272 276/276 
f 280/280 279/279 278/278 
f 280/280 281/281 279/279 
f 284/284 283/283 282/282 
f 284/284 285/285 283/283 
f 288/288 287/287 286/286 
f 291/291 290/290 289/289 
f 291/291 292/292 290/290 
f 294/294 293/293 288/288 
f 294/294 295/295 293/293 
f 297/297 296/296 294/294 
f 298/298 295/295 294/294 
f 288/288 297/297 294/294 
f 288/288 293/293 287/287 
f 301/301 300/300 299/299 
f 298/298 302/302 295/295 
f 305/305 304/304 303/303 
f 304/304 306/306 303/303 
f 309/309 308/308 307/307 
f 309/309 307/307 310/310 
f 301/301 311/311 300/300 
f 312/312 265/265 259/259 
f 315/315 314/314 313/313 
f 315/315 313/313 316/316 
f 319/319 318/318 317/317 
f 319/319 320/320 318/318 
f 323/323 322/322 321/321 
f 322/322 324/324 321/321 
f 327/327 326/326 325/325 
f 312/312 328/328 265/265 
f 331/331 330/330 329/329 
f 331/331 329/329 332/332 
f 335/335 334/334 333/333 
f 336/336 335/335 333/333 
f 327/327 337/337 326/326 
f 340/340 339/339 338/338 
f 326/326 341/341 325/325 
f 341/341 342/342 325/325 
f 342/342 343/343 325/325 
f 342/342 344/344 343/343 
f 347/347 346/346 345/345 
f 347/347 348/348 346/346 
f 351/351 350/350 349/349 
f 339/339 352/352 338/338 
f 355/355 354/354 353/353 
f 355/355 356/356 354/354 
f 359/359 358/358 357/357 
f 359/359 357/357 360/360 
f 351/351 361/361 350/350 
f 364/364 363/363 362/362 
f 367/367 366/366 365/365 
f 367/367 365/365 368/368 
f 371/371 370/370 369/369 
f 371/371 372/372 370/370 
f 375/375 374/374 373/373 
f 375/375 376/376 374/374 
f 379/379 378/378 377/377 
f 364/364 380/380 363/363 
f 383/383 382/382 381/381 
f 383/383 381/381 384/384 
f 387/387 386/386 385/385 
f 387/387 388/388 386/386 
f 379/379 389/389 378/378 
f 392/392 391/391 390/390 
f 395/395 394/394 393/393 
f 394/394 396/396 393/393 
f 399/399 398/398 397/397 
f 399/399 397/397 400/400 
f 403/403 402/402 401/401 
f 403/403 401/401 404/404 
f 407/407 406/406 405/405 
f 392/392 408/408 391/391 
f 391/391 410/410 409/409 
f 390/390 391/391 409/409 
f 413/413 412/412 411/411 
f 412/412 414/414 411/411 
f 407/407 405/405 415/415 
f 418/418 417/417 416/416 
f 421/421 420/420 419/419 
f 421/421 419/419 422/422 
f 422/422 419/419 423/423 
f 422/422 423/423 424/424 
f 426/426 416/416 425/425 
f 426/426 425/425 427/427 
f 427/427 428/428 426/426 
f 418/418 416/416 426/426 
f 431/431 430/430 429/429 
f 427/427 432/432 428/428 
f 435/435 434/434 433/433 
f 436/436 435/435 433/433 
f 439/439 438/438 437/437 
f 439/439 440/440 438/438 
f 431/431 429/429 441/441 
f 444/444 443/443 442/442 
f 443/443 445/445 442/442 
f 424/424 423/423 446/446 
f 424/424 446/446 447/447 
f 447/447 448/448 424/424 
f 447/447 449/449 448/448 
f 452/452 451/451 450/450 
f 452/452 453/453 451/451 
f 456/456 455/455 454/454 
f 459/459 458/458 457/457 
f 459/459 460/460 458/458 
f 463/463 462/462 461/461 
f 463/463 461/461 464/464 
f 454/454 465/465 456/456 
f 456/456 466/466 455/455 
f 469/469 468/468 467/467 
f 454/454 470/470 465/465 
f 473/473 472/472 471/471 
f 473/473 474/474 472/472 
f 477/477 476/476 475/475 
f 477/477 475/475 478/478 
f 469/469 479/479 468/468 
f 482/482 481/481 480/480 
f 485/485 484/484 483/483 
f 484/484 486/486 483/483 
f 489/489 488/488 487/487 
f 490/490 489/489 487/487 
f 493/493 492/492 491/491 
f 493/493 494/494 492/492 
f 497/497 496/496 495/495 
f 482/482 480/480 498/498 
f 501/501 500/500 499/499 
f 501/501 502/502 500/500 
f 504/504 495/495 503/503 
f 497/497 495/495 504/504 
f 504/504 503/503 505/505 
f 508/508 507/507 506/506 
f 511/511 510/510 509/509 
f 513/513 512/512 509/509 
f 509/509 510/510 514/514 
f 509/509 514/514 513/513 
f 511/511 515/515 510/510 
f 513/513 516/516 512/512 
f 519/519 518/518 517/517 
f 519/519 520/520 518/518 
f 523/523 522/522 521/521 
f 524/524 508/508 506/506 
f 527/527 526/526 525/525 
f 527/527 528/528 526/526 
f 531/531 530/530 529/529 
f 531/531 532/532 530/530 
f 533/533 523/523 521/521 
f 536/536 535/535 534/534 
f 539/539 538/538 537/537 
f 539/539 537/537 540/540 
f 543/543 542/542 541/541 
f 543/543 541/541 544/544 
f 543/543 544/544 545/545 
f 546/546 543/543 545/545 
f 547/547 542/542 543/543 
f 547/547 548/548 542/542 
f 551/551 550/550 549/549 
f 535/535 552/552 534/534 
f 534/534 554/554 553/553 
f 534/534 552/552 554/554 
f 557/557 556/556 555/555 
f 556/556 558/558 555/555 
f 559/559 550/550 551/551 
f 561/561 551/551 560/560 
f 551/551 549/549 560/560 
f 564/564 563/563 562/562 
f 559/559 565/565 550/550 
f 568/568 567/567 566/566 
f 568/568 569/569 567/567 
f 572/572 571/571 570/570 
f 572/572 570/570 573/573 
f 564/564 562/562 574/574 
f 577/577 576/576 575/575 
f 580/580 579/579 578/578 
f 579/579 581/581 578/578 
f 584/584 583/583 582/582 
f 584/584 585/585 583/583 
f 586/586 585/585 584/584 
f 584/584 582/582 587/587 
f 588/588 584/584 587/587 
f 586/586 589/589 585/585 
f 592/592 591/591 590/590 
f 577/577 593/593 576/576 
f 596/596 595/595 594/594 
f 596/596 597/597 595/595 
f 600/600 599/599 598/598 
f 600/600 598/598 601/601 
f 592/592 590/590 602/602 
f 605/605 604/604 603/603 
f 608/608 607/607 606/606 
f 608/608 609/609 607/607 
f 612/612 611/611 610/610 
f 612/612 613/613 611/611 
f 616/616 615/615 614/614 
f 616/616 617/617 615/615 
f 605/605 618/618 604/604 
f 561/561 560/560 619/619 
f 622/622 621/621 620/620 
f 622/622 623/623 621/621 
f 626/626 625/625 624/624 
f 626/626 624/624 627/627 
f 629/629 626/626 628/628 
f 631/631 630/630 625/625 
f 631/631 625/625 626/626 
f 626/626 627/627 628/628 
f 634/634 633/633 632/632 
f 633/633 635/635 632/632 
f 638/638 637/637 636/636 
f 638/638 636/636 639/639 
f 642/642 641/641 640/640 
f 645/645 644/644 643/643 
f 645/645 646/646 644/644 
f 648/648 643/643 647/647 
f 651/651 650/650 649/649 
f 651/651 649/649 652/652 
f 642/642 653/653 641/641 
f 648/648 647/647 654/654 
f 657/657 656/656 655/655 
f 656/656 658/658 655/655 
f 661/661 660/660 659/659 
f 661/661 662/662 660/660 
f 660/660 664/664 663/663 
f 659/659 660/660 663/663 
f 667/667 666/666 665/665 
f 670/670 669/669 668/668 
f 670/670 671/671 669/669 
f 674/674 673/673 672/672 
f 673/673 675/675 672/672 
f 675/675 677/677 676/676 
f 672/672 675/675 676/676 
f 672/672 676/676 678/678 
f 679/679 672/672 678/678 
f 682/682 681/681 680/680 
f 666/666 683/683 665/665 
f 686/686 685/685 684/684 
f 686/686 684/684 687/687 
f 690/690 689/689 688/688 
f 690/690 691/691 689/689 
f 682/682 692/692 681/681 
f 695/695 694/694 693/693 
f 698/698 697/697 696/696 
f 698/698 696/696 699/699 
f 702/702 701/701 700/700 
f 703/703 702/702 700/700 
f 706/706 705/705 704/704 
f 706/706 704/704 707/707 
f 710/710 709/709 708/708 
f 695/695 693/693 711/711 
f 714/714 713/713 712/712 
f 713/713 715/715 712/712 
f 718/718 717/717 716/716 
f 718/718 719/719 717/717 
f 720/720 709/709 710/710 
f 723/723 722/722 721/721 
f 720/720 724/724 709/709 
f 727/727 726/726 725/725 
f 727/727 728/728 726/726 
f 731/731 730/730 729/729 
f 731/731 729/729 732/732 
f 723/723 733/733 722/722 
f 736/736 735/735 734/734 
f 739/739 738/738 737/737 
f 739/739 740/740 738/738 
f 743/743 742/742 741/741 
f 743/743 741/741 744/744 
f 747/747 746/746 745/745 
f 747/747 748/748 746/746 
f 751/751 750/750 749/749 
f 736/736 734/734 752/752 
f 755/755 754/754 753/753 
f 755/755 756/756 754/754 
f 755/755 757/757 756/756 
f 760/760 759/759 758/758 
f 760/760 758/758 761/761 
f 751/751 749/749 762/762 
f 751/751 762/762 763/763 
f 749/749 764/764 762/762 
f 749/749 765/765 764/764 
f 749/749 766/766 765/765 
f 769/769 768/768 767/767 
f 769/769 770/770 768/768 
f 773/773 772/772 771/771 
f 766/766 775/775 774/774 
f 772/772 776/776 771/771 
f 779/779 778/778 777/777 
f 779/779 780/780 778/778 
f 783/783 782/782 781/781 
f 783/783 784/784 782/782 
f 766/766 774/774 765/765 
f 787/787 786/786 785/785 
f 787/787 788/788 786/786 
f 791/791 790/790 789/789 
f 794/794 793/793 792/792 
f 794/794 795/795 793/793 
f 798/798 797/797 796/796 
f 800/800 799/799 798/798 
f 802/802 796/796 801/801 
f 796/796 803/803 801/801 
f 796/796 797/797 803/803 
f 802/802 801/801 804/804 
f 798/798 799/799 797/797 
f 807/807 806/806 805/805 
f 806/806 808/808 805/805 
f 800/800 809/809 799/799 
f 812/812 811/811 810/810 
f 815/815 814/814 813/813 
f 815/815 813/813 816/816 
f 819/819 818/818 817/817 
f 819/819 817/817 820/820 
f 823/823 822/822 821/821 
f 823/823 824/824 822/822 
f 827/827 826/826 825/825 
f 828/828 811/811 812/812 
f 828/828 829/829 811/811 
f 812/812 810/810 830/830 
f 833/833 832/832 831/831 
f 833/833 834/834 832/832 
f 827/827 825/825 835/835 
f 838/838 837/837 836/836 
f 841/841 840/840 839/839 
f 840/840 843/843 842/842 
f 840/840 842/842 839/839 
f 839/839 842/842 844/844 
f 841/841 839/839 845/845 
f 839/839 844/844 846/846 
f 849/849 848/848 847/847 
f 849/849 850/850 848/848 
f 853/853 852/852 851/851 
f 838/838 836/836 854/854 
f 857/857 856/856 855/855 
f 857/857 858/858 856/856 
f 861/861 860/860 859/859 
f 861/861 862/862 860/860 
f 853/853 851/851 863/863 
f 866/866 865/865 864/864 
f 869/869 868/868 867/867 
f 869/869 867/867 870/870 
f 873/873 872/872 871/871 
f 872/872 874/874 871/871 
f 877/877 876/876 875/875 
f 877/877 878/878 876/876 
f 881/881 880/880 879/879 
f 866/866 882/882 865/865 
f 864/864 865/865 883/883 
f 885/885 864/864 884/884 
f 864/864 883/883 884/884 
f 884/884 883/883 886/886 
f 885/885 884/884 887/887 
f 884/884 886/886 888/888 
f 881/881 889/889 880/880 
f 892/892 891/891 890/890 
f 895/895 894/894 893/893 
f 895/895 893/893 896/896 
f 899/899 898/898 897/897 
f 899/899 897/897 900/900 
f 903/903 902/902 901/901 
f 903/903 904/904 902/902 
f 907/907 906/906 905/905 
f 892/892 908/908 891/891 
f 911/911 910/910 909/909 
f 911/911 909/909 912/912 
f 915/915 914/914 913/913 
f 915/915 917/917 916/916 
f 915/915 916/916 914/914 
f 920/920 919/919 918/918 
f 907/907 905/905 921/921 
f 924/924 923/923 922/922 
f 925/925 924/924 922/922 
f 928/928 927/927 926/926 
f 928/928 929/929 927/927 
f 926/926 927/927 930/930 
f 933/933 932/932 931/931 
f 920/920 934/934 919/919 
f 936/936 935/935 934/934 
f 936/936 934/934 920/920 
f 938/938 937/937 935/935 
f 938/938 935/935 936/936 
f 940/940 931/931 939/939 
f 931/931 941/941 939/939 
f 931/931 932/932 941/941 
f 939/939 941/941 942/942 
f 940/940 939/939 943/943 
f 939/939 942/942 944/944 
f 933/933 945/945 932/932 
f 944/944 942/942 946/946 
f 944/944 946/946 947/947 
f 944/944 947/947 948/948 
f 949/949 944/944 948/948 
f 952/952 951/951 950/950 
f 947/947 946/946 953/953 
f 947/947 953/953 954/954 
f 957/957 956/956 955/955 
f 956/956 958/958 955/955 
f 961/961 960/960 959/959 
f 961/961 962/962 960/960 
f 965/965 964/964 963/963 
f 966/966 952/952 950/950 
f 969/969 968/968 967/967 
f 969/969 967/967 970/970 
f 973/973 972/972 971/971 
f 973/973 971/971 974/974 
f 965/965 963/963 975/975 
f 978/978 977/977 976/976 
f 981/981 980/980 979/979 
f 981/981 979/979 982/982 
f 985/985 984/984 983/983 
f 985/985 983/983 986/986 
f 988/988 987/987 977/977 
f 988/988 977/977 978/978 
f 991/991 990/990 989/989 
f 994/994 993/993 992/992 
f 994/994 992/992 995/995 
f 994/994 995/995 996/996 
f 978/978 976/976 997/997 
f 1000/1000 999/999 998/998 
f 1000/1000 998/998 1001/1001 
f 1002/1002 991/991 989/989 
f 1005/1005 1004/1004 1003/1003 
f 1004/1004 1006/1006 1003/1003 
f 1009/1009 1008/1008 1007/1007 
f 1009/1009 1010/1010 1008/1008 
f 1009/1009 1007/1007 1011/1011 

g Mesh1
usemtl Mat1
v 453 130 -98
v 453 27 -276
v 605 208 -143
v 610 209 -97
v 474 139 -56
v 478 -93 77
v 458 -121 46
v 458 -224 -130
v 605 105 -321
v 604 -257 124
v 604 -359 -52
v 1016 69 -63
v 1016 -32 -241
v 952 -190 86
v 952 -293 -90
v 935 -153 112
v 992 81 -23
v 1016 69 -63
v 952 -190 86
v 604 -257 124
v 610 -215 148
v 952 -190 86
v 952 -293 -90
v 604 -257 124
v 604 -359 -52
v 802 208 -144
v 802 106 -321
v 1016 69 -63
v 1016 -32 -241
v 683 -49 4
v 683 -152 -172
v 740 -40 0
v 1016 69 -63
v 992 81 -23
v 802 208 -144
v 796 209 -97
v 740 -142 -177
v 756 -16 -13
v 756 -119 -191
v 783 8 18
v 752 -37 45
v 701 22 -36
v 662 -9 -18
v 662 -111 -195
v 683 -49 4
v 701 -80 -214
v 740 -40 0
v 671 -50 52
v 683 -49 4
v 752 -37 45
v 700 67 -15
v 783 8 18
v 756 -16 -13
v 701 22 -36
v 683 -152 -172
v 802 208 -144
v 701 -80 -214
v 662 -111 -195
v 662 -9 -18
v 701 22 -36
v 683 -49 4
v 671 -50 52
v 662 -9 -18
v 636 16 14
v 662 -9 -18
v 700 67 -15
v 701 22 -36
v 636 16 14
v 243 335 -204
v 243 232 -382
v 458 335 -204
v 802 106 -321
v 478 -93 77
v 610 -215 148
v 604 -257 124
v 458 -121 46
v 802 208 -144
v 796 209 -97
v 610 209 -97
v 605 208 -143
v 458 232 -382
v 517 -238 126
v 256 -197 150
v 496 -198 151
v 236 -340 -51
v 236 -237 126
v 263 335 -157
v 256 -197 150
v 236 -340 -51
v 236 -237 126
v 517 -341 -51
v 517 -238 126
v 263 335 -157
v 243 335 -204
v 437 336 -157
v 236 -237 126
v 458 335 -204
v 458 232 -382
v 517 -238 126
v 517 -341 -51
v 458 335 -204
v 517 -238 126
v 496 -198 151
v 437 336 -157
v 458 335 -204
v 119 -247 139
v 119 -353 -44
v 0 -143 79
v 331 -204 -130
v 119 -353 -44
v 119 -247 139
v 331 -98 53
v 119 -247 139
v 120 -201 160
v 331 -98 53
v 295 -78 89
v 180 0 -4
v 180 -105 -187
v 331 -98 53
v 331 -204 -130
v 0 -143 79
v 0 -249 -104
v -2 -208 116
v 0 -249 -104
v 295 -78 89
v 142 22 30
v 180 0 -4
v 331 -98 53
v 250 41 -27
v 250 -64 -211
v 180 0 -4
v 180 -105 -187
v -2 -314 -66
v 250 41 -27
v 230 73 1
v 246 263 -155
v 0 -143 79
v 120 -201 160
v 119 -247 139
v -19 -79 89
v -2 -314 -66
v -241 -322 -62
v -241 -216 121
v -2 -208 116
v 246 157 -339
v 250 -64 -211
v 250 41 -27
v 246 263 -155
v -220 -176 145
v -22 -169 141
v -2 -208 116
v 226 271 -113
v 180 0 -4
v 142 22 30
v -2 -208 116
v -19 -79 89
v 0 -143 79
v -22 -169 141
v -241 -216 121
v 36 26 -263
v -3 56 -281
v -3 162 -97
v 17 255 -396
v 246 157 -339
v 246 263 -155
v 17 361 -212
v -238 255 -395
v -238 361 -212
v -3 -7 -244
v 36 132 -80
v -3 98 -60
v 68 154 -45
v -23 222 -84
v 68 154 -45
v 36 132 -80
v -24 75 0
v -3 162 -97
v -3 56 -281
v -3 -7 -244
v -3 98 -60
v 246 263 -155
v 226 271 -113
v 17 361 -212
v 12 362 -165
v -3 162 -97
v -3 98 -60
v -23 222 -84
v -3 162 -97
v -24 75 0
v -241 -322 -62
v -241 -216 121
v -218 362 -165
v -220 -176 145
v 17 361 -212
v 12 362 -165
v -238 361 -212
v -218 362 -165
v -407 -223 154
v -407 -341 -50
v -416 -142 108
v -104 -223 155
v -104 -342 -50
v -407 -223 154
v -407 -341 -50
v -388 -183 179
v -134 -183 179
v -104 -223 155
v -407 -223 154
v -397 -107 135
v -416 -261 -97
v -416 -142 108
v -416 -261 -97
v -568 -94 80
v -388 -183 179
v -646 -167 122
v -646 -285 -83
v -894 -81 72
v -894 -200 -132
v -568 -213 -124
v -646 -285 -83
v -646 -167 122
v -568 -94 80
v -568 -213 -124
v -324 196 -361
v -104 -342 -50
v -104 -223 155
v -894 -81 72
v -651 -124 144
v -646 -167 122
v -861 -51 103
v -646 -167 122
v -651 -124 144
v -573 -52 103
v -568 -94 80
v -568 -94 80
v -573 -52 103
v -416 -142 108
v -397 -107 135
v -449 -59 -214
v -466 9 -253
v -466 127 -47
v -324 315 -156
v -104 -223 155
v -134 -183 179
v -324 315 -156
v -339 318 -110
v -505 -41 -224
v -449 59 -8
v -505 77 -18
v -449 59 -8
v -420 50 43
v -537 87 22
v -544 357 -180
v -544 238 -386
v -324 315 -156
v -536 356 -132
v -894 -81 72
v -894 -200 -132
v -324 196 -361
v -861 -51 103
v -466 127 -47
v -466 9 -253
v -505 77 -18
v -505 -41 -224
v -324 315 -156
v -339 318 -110
v -536 356 -132
v -505 77 -18
v -466 127 -47
v -457 194 -38
v -449 59 -8
v -420 50 43
v -505 77 -18
v -537 87 22
v -466 127 -47
v -457 194 -38
v -544 357 -180
v -540 -80 149
v -776 -214 179
v -757 -165 198
v -514 -243 -107
v -776 -346 -48
v -776 -214 179
v -514 -112 120
v -776 -346 -48
v -782 -161 -154
v -782 -30 73
v -776 -214 179
v -757 -165 198
v -762 -2 104
v -844 40 32
v -844 -91 -195
v -938 184 -355
v -900 261 -399
v -900 393 -171
v -514 -112 120
v -701 343 -95
v -685 339 -140
v -762 -2 104
v -844 40 32
v -849 95 47
v -782 -30 73
v -685 339 -140
v -938 316 -127
v -888 390 -122
v -992 -344 -49
v -1284 -345 -48
v -1284 -214 179
v -685 207 -368
v -685 339 -140
v -685 207 -368
v -514 -112 120
v -514 -243 -107
v -900 393 -171
v -685 339 -140
v -701 343 -95
v -888 390 -122
v -992 -213 178
v -1007 -30 72
v -1007 -161 -155
v -992 -213 178
v -1015 -173 202
v -1284 -214 179
v -1259 -174 203
v -992 -213 178
v -1284 -214 179
v -1284 -345 -48
v -1161 385 -167
v -1161 254 -395
v -963 386 -167
v -1259 -174 203
v -1144 386 -120
v -963 254 -395
v -844 -91 -195
v -933 -258 -98
v -933 -127 128
v -992 -344 -49
v -1033 57 69
v -1007 -30 72
v -1015 -173 202
v -992 -213 178
v -933 -258 -98
v -1007 -161 -155
v -1007 -30 72
v -933 -127 128
v -844 40 32
v -963 386 -167
v -963 254 -395
v -938 316 -127
v -936 -69 142
v -933 -127 128
v -1033 57 69
v -1007 -30 72
v -849 95 47
v -844 40 32
v -936 -69 142
v -933 -127 128
v -1144 386 -120
v -1161 385 -167
v -977 387 -120
v -963 386 -167
v -938 184 -355
v -941 285 -61
v -977 387 -120
v -963 386 -167
v -941 285 -61
v -938 316 -127
v 173 243 -424
v 130 693 -684
v 130 803 -494
v 173 352 -234
v 192 393 -210
v 152 804 -447
v 447 696 -685
v 447 806 -496
v 334 706 -391
v 361 616 -386
v 344 596 -327
v 358 644 -403
v 532 419 -525
v 640 350 -486
v 640 460 -296
v 532 528 -336
v 447 806 -496
v 447 696 -685
v 549 734 -454
v 549 734 -454
v 549 625 -644
v 562 551 -349
v 562 442 -539
v 447 806 -496
v 529 744 -413
v 562 442 -539
v 532 419 -525
v 532 528 -336
v 562 551 -349
v 549 625 -644
v 440 807 -449
v 497 547 -299
v 640 460 -296
v 604 480 -260
v 532 528 -336
v 541 581 -318
v 562 551 -349
v 497 547 -299
v 532 528 -336
v 529 744 -413
v 549 734 -454
v 358 644 -403
v 361 506 -576
v 361 616 -386
v 379 408 -266
v 379 298 -456
v 381 356 -236
v 381 246 -426
v 379 630 -394
v 358 535 -592
v 358 644 -403
v 379 520 -584
v 361 616 -386
v 361 506 -576
v 344 596 -327
v 411 652 -360
v 152 804 -447
v 130 803 -494
v 440 807 -449
v 358 535 -592
v 379 630 -394
v 358 644 -403
v 334 706 -391
v 411 652 -360
v 357 475 -258
v 379 408 -266
v 360 395 -211
v 381 356 -236
v 447 806 -496
v 459 226 -414
v 379 298 -456
v 379 408 -266
v 381 246 -426
v 173 243 -424
v 173 352 -234
v 381 356 -236
v 360 395 -211
v 381 356 -236
v 173 352 -234
v 192 393 -210
v 459 336 -224
v 379 408 -266
v 357 475 -258
v 461 382 -203
v -123 366 -224
v -229 648 -634
v -229 755 -449
v 459 336 -224
v 604 480 -260
v 459 336 -224
v 461 382 -203
v 640 460 -296
v 640 460 -296
v 640 350 -486
v 459 336 -224
v 459 226 -414
v 165 798 -473
v 165 798 -473
v 165 691 -659
v 115 645 -385
v 165 691 -659
v -229 755 -449
v -203 759 -404
v -123 366 -224
v -107 408 -201
v 167 449 -519
v 248 314 -441
v 248 421 -256
v 167 556 -334
v 115 538 -571
v 129 539 -571
v 130 438 -513
v 130 545 -328
v 130 545 -328
v 130 438 -513
v 167 556 -334
v 167 449 -519
v 115 538 -571
v 129 539 -571
v 129 646 -386
v 115 645 -385
v 248 421 -256
v 215 457 -229
v 167 556 -334
v 157 554 -285
v 109 566 -292
v 108 645 -338
v 129 646 -386
v 129 646 -386
v 165 798 -473
v 115 645 -385
v 137 795 -425
v 108 645 -374
v 97 675 -355
v 248 314 -441
v -123 259 -409
v -123 366 -224
v 248 421 -256
v 121 543 -307
v 130 545 -328
v 53 523 -315
v 32 522 -314
v 4 560 -289
v 167 556 -334
v 157 554 -285
v 34 517 -311
v 21 514 -262
v 21 639 -378
v 97 675 -355
v 108 645 -374
v 34 517 -311
v 21 514 -262
v 5 676 -356
v 23 639 -382
v 129 646 -386
v 0 638 -334
v 108 645 -338
v -123 366 -224
v -107 408 -201
v 248 421 -256
v 215 457 -229
v 165 798 -473
v 137 795 -425
v -229 755 -449
v -203 759 -404
v 0 638 -334
v 5 676 -356
v 21 639 -378
v -262 354 -196
v -262 242 -388
v -440 354 -196
v -440 243 -388
v -441 820 -465
v -441 708 -657
v -228 818 -464
v -228 707 -656
v -106 760 -430
v -440 354 -196
v -421 820 -418
v -440 243 -388
v -419 394 -172
v -283 394 -171
v -440 354 -196
v -419 394 -172
v -262 354 -196
v -106 649 -623
v -106 760 -430
v -90 557 -313
v -111 583 -281
v -106 649 -623
v -90 445 -505
v -90 557 -313
v -106 760 -430
v -90 445 -505
v -185 323 -434
v -185 434 -242
v -90 557 -313
v -233 819 -417
v -228 818 -464
v -126 768 -388
v -106 760 -430
v -241 531 -555
v -267 535 -557
v -267 646 -365
v -196 474 -218
v -185 434 -242
v -126 768 -388
v -185 434 -242
v -185 323 -434
v -262 433 -242
v -262 322 -434
v -241 642 -362
v -267 535 -557
v -265 497 -535
v -265 608 -343
v -251 610 -344
v -241 642 -362
v -215 678 -336
v -251 499 -536
v -241 531 -555
v -265 497 -535
v -235 614 -299
v -265 608 -343
v -262 433 -242
v -262 322 -434
v -262 354 -196
v -262 242 -388
v -185 434 -242
v -262 433 -242
v -283 473 -218
v -267 646 -365
v -421 820 -418
v -441 820 -465
v -233 819 -417
v -228 818 -464
v -215 678 -336
v -241 642 -362
v -289 690 -343
v -267 646 -365
v -196 474 -218
v -804 824 -456
v -804 708 -657
v -599 824 -456
v -262 433 -242
v -262 354 -196
v -283 394 -171
v -283 473 -218
v -284 606 -294
v -251 610 -344
v -235 614 -299
v -265 608 -343
v -289 690 -343
v -267 646 -365
v -284 606 -294
v -265 608 -343
v -599 824 -456
v -599 708 -657
v -597 750 -413
v -599 708 -657
v -799 380 -467
v -799 496 -266
v -783 825 -409
v -704 261 -399
v -779 523 -234
v -704 378 -198
v -597 634 -614
v -486 419 -222
v -486 303 -423
v -704 378 -198
v -597 634 -614
v -445 664 -631
v -445 780 -430
v -597 750 -413
v -804 824 -456
v -599 824 -456
v -619 825 -409
v -783 825 -409
v -445 780 -430
v -445 664 -631
v -412 519 -279
v -412 403 -481
v -704 378 -198
v -799 496 -266
v -779 523 -234
v -704 261 -399
v -412 403 -481
v -486 303 -423
v -486 419 -222
v -412 519 -279
v -445 780 -430
v -462 777 -381
v -597 750 -413
v -590 752 -367
v -604 749 -396
v -462 777 -381
v -445 780 -430
v -433 545 -247
v -695 420 -175
v -619 825 -409
v -599 824 -456
v -594 605 -329
v -613 593 -275
v -580 611 -285
v -597 603 -319
v -590 752 -367
v -604 749 -396
v -613 593 -275
v -1044 840 -465
v -1044 724 -666
v -854 840 -464
v -412 519 -279
v -486 419 -222
v -498 458 -197
v -704 378 -198
v -695 420 -175
v -1220 680 -372
v -1036 841 -418
v -1220 564 -574
v -1082 454 -510
v -1190 702 -337
v -1082 570 -309
v -854 723 -666
v -1224 399 -479
v -1224 515 -277
v -1182 531 -239
v -1043 585 -270
v -1036 841 -418
v -1044 840 -465
v -854 840 -464
v -1034 268 -403
v -1034 384 -201
v -1043 585 -270
v -1220 680 -372
v -1190 702 -337
v -1082 570 -309
v -1030 426 -179
v -1034 384 -201
v -1182 531 -239
v -1224 515 -277
v -945 684 -374
v -948 682 -373
v -989 697 -335
v -861 841 -418
v -831 337 -443
v -1034 268 -403
v -1034 384 -201
v -831 453 -241
v -854 723 -666
v -730 629 -611
v -730 745 -410
v -854 840 -464
v -946 728 -353
v -759 608 -330
v -831 453 -241
v -846 489 -215
v -730 629 -611
v -856 529 -554
v -856 646 -352
v -730 745 -410
v -856 529 -554
v -759 491 -532
v -759 608 -330
v -856 646 -352
v -1034 384 -201
v -1030 426 -179
v -861 841 -418
v -854 840 -464
v -730 745 -410
v -945 684 -374
v -946 728 -353
v -867 683 -327
v -925 673 -368
v -865 649 -343
v -786 618 -289
v -759 491 -532
v -831 337 -443
v -831 453 -241
v -759 608 -330
v -762 766 -374
v -989 697 -335
v -759 608 -330
v -786 618 -289
v -948 682 -373
v -856 646 -352
v -865 649 -343
v -762 766 -374
v -867 683 -327
v -730 745 -410

vt 2.835938 3.347656 0
vt 2.835938 3.347656 0
vt 3.082031 3.841797 0
vt 3.119141 3.783203 0
vt 2.898438 3.339844 0
vt 3.212891 2.556641 0
vt 3.177734 2.498047 0
vt 3.177734 2.498047 0
vt 3.082031 3.841797 0
vt 3.691406 2.259766 0
vt 3.691406 2.259766 0
vt 4.207031 3.996094 0
vt 4.207031 3.996094 0
vt 4.404297 3.015625 0
vt 4.404297 3.015625 0
vt 4.34375 3.046875 0
vt 4.166016 3.931641 0
vt 4.207031 3.996094 0
vt 4.404297 3.015625 0
vt 3.691406 2.259766 0
vt 3.677734 2.341797 0
vt 4.404297 3.015625 0
vt 4.404297 3.015625 0
vt 3.691406 2.259766 0
vt 3.691406 2.259766 0
vt 3.533203 4.146484 0
vt 3.533203 4.146484 0
vt 4.207031 3.996094 0
vt 4.207031 3.996094 0
vt 3.599609 3.085938 0
vt 3.599609 3.085938 0
vt 3.71875 3.205078 0
vt 4.207031 3.996094 0
vt 4.166016 3.931641 0
vt 3.533203 4.146484 0
vt 3.544922 4.070313 0
vt 3.71875 3.205078 0
vt 3.724609 3.308594 0
vt 3.724609 3.308594 0
vt 3.78125 3.367188 0
vt 3.769531 3.164063 0
vt 3.544922 3.357422 0
vt 3.498047 3.191406 0
vt 3.498047 3.191406 0
vt 3.599609 3.085938 0
vt 3.544922 3.357422 0
vt 3.71875 3.205078 0
vt 3.601563 2.994141 0
vt 3.599609 3.085938 0
vt 3.769531 3.164063 0
vt 3.511719 3.441406 0
vt 3.78125 3.367188 0
vt 3.724609 3.308594 0
vt 3.544922 3.357422 0
vt 3.599609 3.085938 0
vt 3.533203 4.146484 0
vt 3.544922 3.357422 0
vt 3.498047 3.191406 0
vt 3.498047 3.191406 0
vt 3.544922 3.357422 0
vt 3.599609 3.085938 0
vt 3.601563 2.994141 0
vt 3.498047 3.191406 0
vt 3.433594 3.169922 0
vt 3.498047 3.191406 0
vt 3.511719 3.441406 0
vt 3.544922 3.357422 0
vt 3.433594 3.169922 0
vt 2.144531 3.730469 0
vt 2.144531 3.730469 0
vt 2.636719 4.056641 0
vt 3.533203 4.146484 0
vt 3.212891 2.556641 0
vt 3.677734 2.341797 0
vt 3.691406 2.259766 0
vt 3.177734 2.498047 0
vt 3.533203 4.146484 0
vt 3.544922 4.070313 0
vt 3.119141 3.783203 0
vt 3.082031 3.841797 0
vt 2.636719 4.056641 0
vt 3.525391 2.199219 0
vt 2.902344 1.871094 0
vt 3.453125 2.234375 0
vt 2.878906 1.773438 0
vt 2.878906 1.773438 0
vt 2.216797 3.693359 0
vt 2.902344 1.871094 0
vt 2.878906 1.773438 0
vt 2.878906 1.773438 0
vt 3.525391 2.199219 0
vt 3.525391 2.199219 0
vt 2.216797 3.693359 0
vt 2.144531 3.728516 0
vt 2.615234 3.960938 0
vt 2.878906 1.773438 0
vt 2.636719 4.056641 0
vt 2.636719 4.056641 0
vt 3.525391 2.199219 0
vt 3.525391 2.199219 0
vt 2.636719 4.056641 0
vt 3.525391 2.199219 0
vt 3.453125 2.234375 0
vt 2.615234 3.960938 0
vt 2.636719 4.056641 0
vt 2.628906 1.552734 0
vt 2.628906 1.552734 0
vt 2.21875 1.724609 0
vt 2.919922 2.378906 0
vt 2.628906 1.552734 0
vt 2.628906 1.552734 0
vt 2.919922 2.378906 0
vt 2.628906 1.552734 0
vt 2.597656 1.640625 0
vt 2.919922 2.378906 0
vt 2.839844 2.324219 0
vt 2.443359 2.488281 0
vt 2.443359 2.488281 0
vt 2.919922 2.378906 0
vt 2.919922 2.378906 0
vt 2.21875 1.724609 0
vt 2.21875 1.724609 0
vt 2.298828 1.498047 0
vt 2.21875 1.724609 0
vt 2.839844 2.324219 0
vt 2.355469 2.433594 0
vt 2.443359 2.488281 0
vt 2.919922 2.378906 0
vt 2.550781 2.736328 0
vt 2.550781 2.736328 0
vt 2.443359 2.488281 0
vt 2.443359 2.488281 0
vt 2.298828 1.498047 0
vt 2.550781 2.736328 0
vt 2.488281 2.740234 0
vt 2.25 3.482422 0
vt 2.21875 1.724609 0
vt 2.597656 1.640625 0
vt 2.628906 1.552734 0
vt 2.117188 1.841797 0
vt 2.298828 1.498047 0
vt 1.761719 1.107422 0
vt 1.761719 1.107422 0
vt 2.298828 1.498047 0
vt 2.25 3.482422 0
vt 2.550781 2.736328 0
vt 2.550781 2.736328 0
vt 2.25 3.482422 0
vt 1.78125 1.207031 0
vt 2.228516 1.53125 0
vt 2.298828 1.498047 0
vt 2.21875 3.408203 0
vt 2.443359 2.488281 0
vt 2.355469 2.433594 0
vt 2.298828 1.498047 0
vt 2.117188 1.841797 0
vt 2.21875 1.724609 0
vt 2.228516 1.53125 0
vt 1.761719 1.107422 0
vt 1.939453 2.71875 0
vt 1.808594 2.757813 0
vt 1.808594 2.757813 0
vt 1.59375 3.466797 0
vt 2.25 3.482422 0
vt 2.25 3.482422 0
vt 1.59375 3.466797 0
vt 1.007813 3.074219 0
vt 1.007813 3.074219 0
vt 1.890625 2.541016 0
vt 1.939453 2.71875 0
vt 1.890625 2.541016 0
vt 2.011719 2.771484 0
vt 1.710938 2.863281 0
vt 2.011719 2.771484 0
vt 1.939453 2.71875 0
vt 1.900391 2.361328 0
vt 1.808594 2.757813 0
vt 1.808594 2.757813 0
vt 1.890625 2.541016 0
vt 1.890625 2.541016 0
vt 2.25 3.482422 0
vt 2.21875 3.408203 0
vt 1.59375 3.466797 0
vt 1.609375 3.394531 0
vt 1.808594 2.757813 0
vt 1.890625 2.541016 0
vt 1.710938 2.863281 0
vt 1.808594 2.757813 0
vt 1.900391 2.361328 0
vt 1.761719 1.107422 0
vt 1.761719 1.107422 0
vt 1.080078 3.039063 0
vt 1.78125 1.207031 0
vt 1.59375 3.466797 0
vt 1.609375 3.394531 0
vt 1.007813 3.074219 0
vt 1.080078 3.039063 0
vt 1.404297 0.789063 0
vt 1.404297 0.789063 0
vt 1.277344 1.048828 0
vt 2.099609 1.248047 0
vt 2.099609 1.248047 0
vt 1.404297 0.789063 0
vt 1.404297 0.789063 0
vt 1.421875 0.882813 0
vt 2.005859 1.267578 0
vt 2.099609 1.248047 0
vt 1.404297 0.789063 0
vt 1.300781 1.126953 0
vt 1.277344 1.048828 0
vt 1.277344 1.048828 0
vt 1.277344 1.048828 0
vt 0.867188 0.980469 0
vt 1.421875 0.882813 0
vt 0.78125 0.617188 0
vt 0.78125 0.617188 0
vt 0.099609 0.529297 0
vt 0.099609 0.529297 0
vt 0.867188 0.980469 0
vt 0.78125 0.617188 0
vt 0.78125 0.617188 0
vt 0.867188 0.980469 0
vt 0.867188 0.980469 0
vt 0.886719 2.746094 0
vt 2.099609 1.248047 0
vt 2.099609 1.248047 0
vt 0.099609 0.529297 0
vt 0.740234 0.685547 0
vt 0.78125 0.617188 0
vt 0.162109 0.611328 0
vt 0.78125 0.617188 0
vt 0.740234 0.685547 0
vt 0.824219 1.046875 0
vt 0.867188 0.980469 0
vt 0.867188 0.980469 0
vt 0.824219 1.046875 0
vt 1.277344 1.048828 0
vt 1.300781 1.126953 0
vt 0.9375 1.6875 0
vt 0.806641 1.890625 0
vt 0.806641 1.890625 0
vt 0.886719 2.746094 0
vt 2.099609 1.248047 0
vt 2.005859 1.267578 0
vt 0.886719 2.746094 0
vt 0.875 2.664063 0
vt 0.785156 1.662109 0
vt 0.9375 1.6875 0
vt 0.785156 1.660156 0
vt 0.9375 1.6875 0
vt 1.041016 1.630859 0
vt 0.722656 1.576172 0
vt 0.326172 2.552734 0
vt 0.326172 2.552734 0
vt 0.886719 2.746094 0
vt 0.375 2.492188 0
vt 0.099609 0.529297 0
vt 0.099609 0.529297 0
vt 0.886719 2.746094 0
vt 0.162109 0.611328 0
vt 0.806641 1.890625 0
vt 0.806641 1.890625 0
vt 0.785156 1.660156 0
vt 0.785156 1.662109 0
vt 0.886719 2.746094 0
vt 0.875 2.664063 0
vt 0.375 2.492188 0
vt 0.785156 1.660156 0
vt 0.806641 1.890625 0
vt 0.767578 2.060547 0
vt 0.9375 1.6875 0
vt 1.041016 1.630859 0
vt 0.785156 1.660156 0
vt 0.722656 1.576172 0
vt 0.806641 1.890625 0
vt 0.767578 2.060547 0
vt 0.326172 2.552734 0
vt 0.957031 0.958984 0
vt 0.5625 0.212891 0
vt 0.570313 0.339844 0
vt 1.029297 0.960938 0
vt 0.5625 0.212891 0
vt 0.5625 0.212891 0
vt 1.029297 0.960938 0
vt 0.5625 0.212891 0
vt 0.306641 0.830078 0
vt 0.306641 0.830078 0
vt 0.5625 0.212891 0
vt 0.570313 0.339844 0
vt 0.341797 0.886719 0
vt 0.070313 0.974609 0
vt 0.070313 0.974609 0
vt -0.505859 1.771484 0
vt -0.517578 2.091797 0
vt -0.517578 2.091797 0
vt 1.029297 0.960938 0
vt 0.027344 2.154297 0
vt 0.042969 2.234375 0
vt 0.341797 0.886719 0
vt 0.070313 0.974609 0
vt 0.015625 1.087891 0
vt 0.306641 0.830078 0
vt 0.042969 2.234375 0
vt -0.505859 1.771484 0
vt -0.462891 2.03125 0
vt 0.064453 -0.109375 0
vt -0.601563 -0.554688 0
vt -0.601563 -0.554688 0
vt 0.042969 2.234375 0
vt 0.042969 2.234375 0
vt 0.042969 2.234375 0
vt 1.029297 0.960938 0
vt 1.029297 0.960938 0
vt -0.517578 2.091797 0
vt 0.042969 2.234375 0
vt 0.027344 2.154297 0
vt -0.462891 2.03125 0
vt 0.064453 -0.109375 0
vt -0.208984 0.488281 0
vt -0.208984 0.488281 0
vt 0.064453 -0.109375 0
vt -0.013672 -0.076172 0
vt -0.601563 -0.554688 0
vt -0.570313 -0.451172 0
vt 0.064453 -0.109375 0
vt -0.601563 -0.554688 0
vt -0.601563 -0.554688 0
vt -1.107422 1.667969 0
vt -1.107422 1.667969 0
vt -0.654297 1.972656 0
vt -0.570313 -0.451172 0
vt -1.042969 1.626953 0
vt -0.654297 1.972656 0
vt 0.070313 0.974609 0
vt 0.087891 0.271484 0
vt 0.087891 0.271484 0
vt 0.064453 -0.109375 0
vt -0.357422 0.675781 0
vt -0.208984 0.488281 0
vt -0.013672 -0.076172 0
vt 0.064453 -0.109375 0
vt 0.087891 0.271484 0
vt -0.208984 0.488281 0
vt -0.208984 0.488281 0
vt 0.087891 0.271484 0
vt 0.070313 0.974609 0
vt -0.654297 1.972656 0
vt -0.654297 1.972656 0
vt -0.505859 1.771484 0
vt 0.03125 0.392578 0
vt 0.087891 0.271484 0
vt -0.357422 0.675781 0
vt -0.208984 0.488281 0
vt 0.015625 1.087891 0
vt 0.070313 0.974609 0
vt 0.03125 0.392578 0
vt 0.087891 0.271484 0
vt -1.042969 1.626953 0
vt -1.107422 1.667969 0
vt -0.662109 1.882813 0
vt -0.654297 1.972656 0
vt -0.505859 1.771484 0
vt -0.445313 1.589844 0
vt -0.662109 1.882813 0
vt -0.654297 1.972656 0
vt -0.445313 1.589844 0
vt -0.505859 1.771484 0
vt 1.949219 3.714844 0
vt 1.257813 5.179688 0
vt 1.257813 5.179688 0
vt 1.949219 3.714844 0
vt 1.966797 3.810547 0
vt 1.335938 5.146484 0
vt 1.982422 5.669922 0
vt 1.982422 5.669922 0
vt 1.880859 5.091797 0
vt 2.035156 4.894531 0
vt 2.048828 4.730469 0
vt 1.990234 4.988281 0
vt 2.541016 4.857422 0
vt 2.880859 4.789063 0
vt 2.880859 4.789063 0
vt 2.541016 4.857422 0
vt 1.982422 5.669922 0
vt 1.982422 5.669922 0
vt 2.310547 5.582031 0
vt 2.310547 5.582031 0
vt 2.310547 5.582031 0
vt 2.580078 4.980469 0
vt 2.580078 4.980469 0
vt 1.982422 5.669922 0
vt 2.277344 5.517578 0
vt 2.580078 4.980469 0
vt 2.541016 4.857422 0
vt 2.541016 4.857422 0
vt 2.580078 4.980469 0
vt 2.310547 5.582031 0
vt 1.994141 5.59375 0
vt 2.462891 4.798828 0
vt 2.880859 4.789063 0
vt 2.798828 4.732422 0
vt 2.541016 4.857422 0
vt 2.519531 4.978516 0
vt 2.580078 4.980469 0
vt 2.462891 4.798828 0
vt 2.541016 4.857422 0
vt 2.277344 5.517578 0
vt 2.310547 5.582031 0
vt 1.990234 4.988281 0
vt 2.035156 4.894531 0
vt 2.035156 4.894531 0
vt 2.349609 4.216797 0
vt 2.349609 4.216797 0
vt 2.421875 4.041016 0
vt 2.421875 4.041016 0
vt 2.056641 4.970703 0
vt 1.990234 4.988281 0
vt 1.990234 4.988281 0
vt 2.056641 4.970703 0
vt 2.035156 4.894531 0
vt 2.035156 4.894531 0
vt 2.048828 4.730469 0
vt 2.128906 5.023438 0
vt 1.335938 5.146484 0
vt 1.257813 5.179688 0
vt 1.994141 5.59375 0
vt 1.990234 4.988281 0
vt 2.056641 4.970703 0
vt 1.990234 4.988281 0
vt 1.880859 5.091797 0
vt 2.128906 5.023438 0
vt 2.238281 4.341797 0
vt 2.349609 4.216797 0
vt 2.347656 4.074219 0
vt 2.421875 4.041016 0
vt 1.982422 5.669922 0
vt 2.626953 4.091797 0
vt 2.349609 4.216797 0
vt 2.349609 4.216797 0
vt 2.421875 4.041016 0
vt 1.949219 3.714844 0
vt 1.949219 3.714844 0
vt 2.421875 4.041016 0
vt 2.347656 4.074219 0
vt 2.421875 4.041016 0
vt 1.949219 3.714844 0
vt 1.966797 3.810547 0
vt 2.626953 4.091797 0
vt 2.349609 4.216797 0
vt 2.238281 4.341797 0
vt 2.597656 4.181641 0
vt 1.259766 3.28125 0
vt 0.505859 4.443359 0
vt 0.505859 4.443359 0
vt 2.626953 4.091797 0
vt 2.798828 4.732422 0
vt 2.626953 4.091797 0
vt 2.597656 4.181641 0
vt 2.880859 4.789063 0
vt 2.880859 4.789063 0
vt 2.880859 4.789063 0
vt 2.626953 4.091797 0
vt 2.626953 4.091797 0
vt 1.357422 5.189453 0
vt 1.357422 5.189453 0
vt 1.357422 5.189453 0
vt 1.441406 4.59375 0
vt 1.357422 5.189453 0
vt 0.505859 4.443359 0
vt 0.585938 4.425781 0
vt 1.259766 3.28125 0
vt 1.265625 3.378906 0
vt 1.675781 4.371094 0
vt 2.041016 4.035156 0
vt 2.041016 4.035156 0
vt 1.675781 4.371094 0
vt 1.441406 4.59375 0
vt 1.472656 4.617188 0
vt 1.605469 4.277344 0
vt 1.605469 4.277344 0
vt 1.605469 4.277344 0
vt 1.605469 4.277344 0
vt 1.675781 4.371094 0
vt 1.675781 4.371094 0
vt 1.441406 4.59375 0
vt 1.472656 4.617188 0
vt 1.472656 4.617188 0
vt 1.441406 4.59375 0
vt 2.041016 4.035156 0
vt 1.945313 4.037109 0
vt 1.675781 4.371094 0
vt 1.685547 4.277344 0
vt 1.558594 4.246094 0
vt 1.453125 4.515625 0
vt 1.472656 4.617188 0
vt 1.472656 4.617188 0
vt 1.357422 5.189453 0
vt 1.441406 4.59375 0
vt 1.320313 5.068359 0
vt 1.433594 4.564453 0
vt 1.386719 4.597656 0
vt 2.041016 4.035156 0
vt 1.259766 3.28125 0
vt 1.259766 3.28125 0
vt 2.041016 4.035156 0
vt 1.601563 4.228516 0
vt 1.605469 4.277344 0
vt 1.458984 4.083984 0
vt 1.414063 4.048828 0
vt 1.324219 4.066406 0
vt 1.675781 4.371094 0
vt 1.685547 4.277344 0
vt 1.423828 4.037109 0
vt 1.425781 3.935547 0
vt 1.236328 4.423828 0
vt 1.386719 4.597656 0
vt 1.433594 4.564453 0
vt 1.423828 4.037109 0
vt 1.425781 3.935547 0
vt 1.173828 4.460938 0
vt 1.238281 4.431641 0
vt 1.472656 4.617188 0
vt 1.210938 4.324219 0
vt 1.453125 4.515625 0
vt 1.259766 3.28125 0
vt 1.265625 3.378906 0
vt 2.041016 4.035156 0
vt 1.945313 4.037109 0
vt 1.357422 5.189453 0
vt 1.320313 5.068359 0
vt 0.505859 4.443359 0
vt 0.585938 4.425781 0
vt 1.210938 4.324219 0
vt 1.173828 4.460938 0
vt 1.236328 4.423828 0
vt 0.966797 2.996094 0
vt 0.966797 2.996094 0
vt 0.560547 2.728516 0
vt 0.560547 2.728516 0
vt -0.052734 4.306641 0
vt -0.052734 4.306641 0
vt 0.435547 4.625 0
vt 0.435547 4.625 0
vt 0.792969 4.615234 0
vt 0.560547 2.728516 0
vt 0.017578 4.271484 0
vt 0.560547 2.728516 0
vt 0.580078 2.826172 0
vt 0.894531 3.03125 0
vt 0.560547 2.728516 0
vt 0.580078 2.826172 0
vt 0.966797 2.996094 0
vt 0.792969 4.615234 0
vt 0.792969 4.615234 0
vt 1.095703 3.947266 0
vt 1.041016 3.935547 0
vt 0.792969 4.615234 0
vt 1.095703 3.947266 0
vt 1.095703 3.947266 0
vt 0.792969 4.615234 0
vt 1.095703 3.947266 0
vt 1.039063 3.386719 0
vt 1.039063 3.386719 0
vt 1.095703 3.947266 0
vt 0.451172 4.552734 0
vt 0.435547 4.625 0
vt 0.763672 4.542969 0
vt 0.792969 4.615234 0
vt 0.636719 4.009766 0
vt 0.572266 3.984375 0
vt 0.572266 3.984375 0
vt 0.990234 3.4375 0
vt 1.039063 3.386719 0
vt 0.763672 4.542969 0
vt 1.039063 3.386719 0
vt 1.039063 3.386719 0
vt 0.863281 3.267578 0
vt 0.863281 3.267578 0
vt 0.636719 4.009766 0
vt 0.572266 3.984375 0
vt 0.626953 3.857422 0
vt 0.626953 3.857422 0
vt 0.65625 3.886719 0
vt 0.636719 4.009766 0
vt 0.675781 4.101563 0
vt 0.65625 3.886719 0
vt 0.636719 4.009766 0
vt 0.626953 3.857422 0
vt 0.714844 3.851563 0
vt 0.626953 3.857422 0
vt 0.863281 3.267578 0
vt 0.863281 3.267578 0
vt 0.966797 2.996094 0
vt 0.966797 2.996094 0
vt 1.039063 3.386719 0
vt 0.863281 3.267578 0
vt 0.789063 3.302734 0
vt 0.572266 3.984375 0
vt 0.017578 4.271484 0
vt -0.052734 4.306641 0
vt 0.451172 4.552734 0
vt 0.435547 4.625 0
vt 0.675781 4.101563 0
vt 0.636719 4.009766 0
vt 0.492188 4.03125 0
vt 0.572266 3.984375 0
vt 0.990234 3.4375 0
vt -0.886719 3.753906 0
vt -0.886719 3.753906 0
vt -0.414063 4.066406 0
vt 0.863281 3.267578 0
vt 0.966797 2.996094 0
vt 0.894531 3.03125 0
vt 0.789063 3.302734 0
vt 0.613281 3.75 0
vt 0.65625 3.886719 0
vt 0.714844 3.851563 0
vt 0.626953 3.857422 0
vt 0.492188 4.03125 0
vt 0.572266 3.984375 0
vt 0.613281 3.75 0
vt 0.626953 3.857422 0
vt -0.414063 4.066406 0
vt -0.414063 4.066406 0
vt -0.314453 3.818359 0
vt -0.414063 4.066406 0
vt -0.443359 2.646484 0
vt -0.443359 2.646484 0
vt -0.8125 3.71875 0
vt -0.068359 2.388672 0
vt -0.404297 2.701172 0
vt -0.068359 2.388672 0
vt -0.314453 3.818359 0
vt 0.375 2.863281 0
vt 0.375 2.863281 0
vt -0.068359 2.388672 0
vt -0.314453 3.818359 0
vt -0.003906 4.150391 0
vt -0.003906 4.150391 0
vt -0.314453 3.818359 0
vt -0.886719 3.753906 0
vt -0.414063 4.066406 0
vt -0.435547 3.96875 0
vt -0.8125 3.71875 0
vt -0.003906 4.150391 0
vt -0.003906 4.150391 0
vt 0.414063 3.314453 0
vt 0.414063 3.314453 0
vt -0.068359 2.388672 0
vt -0.443359 2.646484 0
vt -0.404297 2.701172 0
vt -0.068359 2.388672 0
vt 0.414063 3.314453 0
vt 0.375 2.863281 0
vt 0.375 2.863281 0
vt 0.414063 3.314453 0
vt -0.003906 4.150391 0
vt -0.013672 4.042969 0
vt -0.314453 3.818359 0
vt -0.273438 3.765625 0
vt -0.318359 3.779297 0
vt -0.013672 4.042969 0
vt -0.003906 4.150391 0
vt 0.357422 3.298828 0
vt -0.076172 2.474609 0
vt -0.435547 3.96875 0
vt -0.414063 4.066406 0
vt -0.115234 3.330078 0
vt -0.117188 3.1875 0
vt -0.064453 3.298828 0
vt -0.115234 3.302734 0
vt -0.273438 3.765625 0
vt -0.318359 3.779297 0
vt -0.117188 3.1875 0
vt -1.457031 3.443359 0
vt -1.457031 3.443359 0
vt -1.019531 3.730469 0
vt 0.414063 3.314453 0
vt 0.375 2.863281 0
vt 0.324219 2.904297 0
vt -0.068359 2.388672 0
vt -0.076172 2.474609 0
vt -1.652344 2.630859 0
vt -1.412109 3.388672 0
vt -1.652344 2.630859 0
vt -1.191406 2.466797 0
vt -1.583984 2.681641 0
vt -1.191406 2.466797 0
vt -1.019531 3.730469 0
vt -1.443359 2.064453 0
vt -1.443359 2.064453 0
vt -1.341797 2.113281 0
vt -1.09375 2.507813 0
vt -1.412109 3.388672 0
vt -1.457031 3.443359 0
vt -1.019531 3.730469 0
vt -0.833984 1.910156 0
vt -0.833984 1.910156 0
vt -1.09375 2.507813 0
vt -1.652344 2.630859 0
vt -1.583984 2.681641 0
vt -1.191406 2.466797 0
vt -0.855469 1.988281 0
vt -0.833984 1.910156 0
vt -1.341797 2.113281 0
vt -1.443359 2.064453 0
vt -1.025391 3.0625 0
vt -1.029297 3.050781 0
vt -1.117188 2.970703 0
vt -1.011719 3.654297 0
vt -0.460938 2.451172 0
vt -0.833984 1.910156 0
vt -0.833984 1.910156 0
vt -0.460938 2.451172 0
vt -1.019531 3.730469 0
vt -0.611328 3.599609 0
vt -0.611328 3.599609 0
vt -1.019531 3.730469 0
vt -1.058594 3.140625 0
vt -0.498047 3.085938 0
vt -0.460938 2.451172 0
vt -0.515625 2.480469 0
vt -0.611328 3.599609 0
vt -0.771484 3.068359 0
vt -0.771484 3.068359 0
vt -0.611328 3.599609 0
vt -0.771484 3.068359 0
vt -0.498047 3.085938 0
vt -0.498047 3.085938 0
vt -0.771484 3.068359 0
vt -0.833984 1.910156 0
vt -0.855469 1.988281 0
vt -1.011719 3.654297 0
vt -1.019531 3.730469 0
vt -0.611328 3.599609 0
vt -1.025391 3.0625 0
vt -1.058594 3.140625 0
vt -0.818359 3.109375 0
vt -0.964844 3.054688 0
vt -0.791016 3.048828 0
vt -0.546875 3.009766 0
vt -0.498047 3.085938 0
vt -0.460938 2.451172 0
vt -0.460938 2.451172 0
vt -0.498047 3.085938 0
vt -0.685547 3.548828 0
vt -1.117188 2.970703 0
vt -0.498047 3.085938 0
vt -0.546875 3.009766 0
vt -1.029297 3.050781 0
vt -0.771484 3.068359 0
vt -0.791016 3.048828 0
vt -0.685547 3.548828 0
vt -0.818359 3.109375 0
vt -0.611328 3.599609 0

f 1014/1014 1013/1013 1012/1012 
f 1012/1012 1016/1016 1015/1015 
f 1012/1012 1015/1015 1014/1014 
f 1017/1017 1016/1016 1012/1012 
f 1018/1018 1017/1017 1012/1012 
f 1012/1012 1013/1013 1019/1019 
f 1012/1012 1019/1019 1018/1018 
f 1014/1014 1020/1020 1013/1013 
f 1019/1019 1022/1022 1021/1021 
f 1018/1018 1019/1019 1021/1021 
f 1025/1025 1024/1024 1023/1023 
f 1025/1025 1026/1026 1024/1024 
f 1029/1029 1028/1028 1027/1027 
f 1029/1029 1027/1027 1030/1030 
f 1027/1027 1032/1032 1031/1031 
f 1030/1030 1027/1027 1031/1031 
f 1035/1035 1034/1034 1033/1033 
f 1035/1035 1036/1036 1034/1034 
f 1039/1039 1038/1038 1037/1037 
f 1039/1039 1040/1040 1038/1038 
f 1043/1043 1042/1042 1041/1041 
f 1046/1046 1045/1045 1044/1044 
f 1046/1046 1047/1047 1045/1045 
f 1049/1049 1048/1048 1043/1043 
f 1049/1049 1050/1050 1048/1048 
f 1052/1052 1051/1051 1049/1049 
f 1053/1053 1050/1050 1049/1049 
f 1043/1043 1052/1052 1049/1049 
f 1043/1043 1048/1048 1042/1042 
f 1056/1056 1055/1055 1054/1054 
f 1053/1053 1057/1057 1050/1050 
f 1060/1060 1059/1059 1058/1058 
f 1059/1059 1061/1061 1058/1058 
f 1064/1064 1063/1063 1062/1062 
f 1064/1064 1062/1062 1065/1065 
f 1056/1056 1066/1066 1055/1055 
f 1067/1067 1020/1020 1014/1014 
f 1070/1070 1069/1069 1068/1068 
f 1070/1070 1068/1068 1071/1071 
f 1074/1074 1073/1073 1072/1072 
f 1074/1074 1075/1075 1073/1073 
f 1078/1078 1077/1077 1076/1076 
f 1077/1077 1079/1079 1076/1076 
f 1082/1082 1081/1081 1080/1080 
f 1067/1067 1083/1083 1020/1020 
f 1086/1086 1085/1085 1084/1084 
f 1086/1086 1084/1084 1087/1087 
f 1090/1090 1089/1089 1088/1088 
f 1091/1091 1090/1090 1088/1088 
f 1082/1082 1092/1092 1081/1081 
f 1095/1095 1094/1094 1093/1093 
f 1081/1081 1096/1096 1080/1080 
f 1096/1096 1097/1097 1080/1080 
f 1097/1097 1098/1098 1080/1080 
f 1097/1097 1099/1099 1098/1098 
f 1102/1102 1101/1101 1100/1100 
f 1102/1102 1103/1103 1101/1101 
f 1106/1106 1105/1105 1104/1104 
f 1094/1094 1107/1107 1093/1093 
f 1110/1110 1109/1109 1108/1108 
f 1110/1110 1111/1111 1109/1109 
f 1114/1114 1113/1113 1112/1112 
f 1114/1114 1112/1112 1115/1115 
f 1106/1106 1116/1116 1105/1105 
f 1119/1119 1118/1118 1117/1117 
f 1122/1122 1121/1121 1120/1120 
f 1122/1122 1120/1120 1123/1123 
f 1126/1126 1125/1125 1124/1124 
f 1126/1126 1127/1127 1125/1125 
f 1130/1130 1129/1129 1128/1128 
f 1130/1130 1131/1131 1129/1129 
f 1134/1134 1133/1133 1132/1132 
f 1119/1119 1135/1135 1118/1118 
f 1138/1138 1137/1137 1136/1136 
f 1138/1138 1136/1136 1139/1139 
f 1142/1142 1141/1141 1140/1140 
f 1142/1142 1143/1143 1141/1141 
f 1134/1134 1144/1144 1133/1133 
f 1147/1147 1146/1146 1145/1145 
f 1150/1150 1149/1149 1148/1148 
f 1149/1149 1151/1151 1148/1148 
f 1154/1154 1153/1153 1152/1152 
f 1154/1154 1152/1152 1155/1155 
f 1158/1158 1157/1157 1156/1156 
f 1158/1158 1156/1156 1159/1159 
f 1162/1162 1161/1161 1160/1160 
f 1147/1147 1163/1163 1146/1146 
f 1146/1146 1165/1165 1164/1164 
f 1145/1145 1146/1146 1164/1164 
f 1168/1168 1167/1167 1166/1166 
f 1167/1167 1169/1169 1166/1166 
f 1162/1162 1160/1160 1170/1170 
f 1173/1173 1172/1172 1171/1171 
f 1176/1176 1175/1175 1174/1174 
f 1176/1176 1174/1174 1177/1177 
f 1177/1177 1174/1174 1178/1178 
f 1177/1177 1178/1178 1179/1179 
f 1181/1181 1171/1171 1180/1180 
f 1181/1181 1180/1180 1182/1182 
f 1182/1182 1183/1183 1181/1181 
f 1173/1173 1171/1171 1181/1181 
f 1186/1186 1185/1185 1184/1184 
f 1182/1182 1187/1187 1183/1183 
f 1190/1190 1189/1189 1188/1188 
f 1191/1191 1190/1190 1188/1188 
f 1194/1194 1193/1193 1192/1192 
f 1194/1194 1195/1195 1193/1193 
f 1186/1186 1184/1184 1196/1196 
f 1199/1199 1198/1198 1197/1197 
f 1198/1198 1200/1200 1197/1197 
f 1179/1179 1178/1178 1201/1201 
f 1179/1179 1201/1201 1202/1202 
f 1202/1202 1203/1203 1179/1179 
f 1202/1202 1204/1204 1203/1203 
f 1207/1207 1206/1206 1205/1205 
f 1207/1207 1208/1208 1206/1206 
f 1211/1211 1210/1210 1209/1209 
f 1214/1214 1213/1213 1212/1212 
f 1214/1214 1215/1215 1213/1213 
f 1218/1218 1217/1217 1216/1216 
f 1218/1218 1216/1216 1219/1219 
f 1209/1209 1220/1220 1211/1211 
f 1211/1211 1221/1221 1210/1210 
f 1224/1224 1223/1223 1222/1222 
f 1209/1209 1225/1225 1220/1220 
f 1228/1228 1227/1227 1226/1226 
f 1228/1228 1229/1229 1227/1227 
f 1232/1232 1231/1231 1230/1230 
f 1232/1232 1230/1230 1233/1233 
f 1224/1224 1234/1234 1223/1223 
f 1237/1237 1236/1236 1235/1235 
f 1240/1240 1239/1239 1238/1238 
f 1239/1239 1241/1241 1238/1238 
f 1244/1244 1243/1243 1242/1242 
f 1245/1245 1244/1244 1242/1242 
f 1248/1248 1247/1247 1246/1246 
f 1248/1248 1249/1249 1247/1247 
f 1252/1252 1251/1251 1250/1250 
f 1237/1237 1235/1235 1253/1253 
f 1256/1256 1255/1255 1254/1254 
f 1256/1256 1257/1257 1255/1255 
f 1259/1259 1250/1250 1258/1258 
f 1252/1252 1250/1250 1259/1259 
f 1259/1259 1258/1258 1260/1260 
f 1263/1263 1262/1262 1261/1261 
f 1266/1266 1265/1265 1264/1264 
f 1268/1268 1267/1267 1264/1264 
f 1264/1264 1265/1265 1269/1269 
f 1264/1264 1269/1269 1268/1268 
f 1266/1266 1270/1270 1265/1265 
f 1268/1268 1271/1271 1267/1267 
f 1274/1274 1273/1273 1272/1272 
f 1274/1274 1275/1275 1273/1273 
f 1278/1278 1277/1277 1276/1276 
f 1279/1279 1263/1263 1261/1261 
f 1282/1282 1281/1281 1280/1280 
f 1282/1282 1283/1283 1281/1281 
f 1286/1286 1285/1285 1284/1284 
f 1286/1286 1287/1287 1285/1285 
f 1288/1288 1278/1278 1276/1276 
f 1291/1291 1290/1290 1289/1289 
f 1294/1294 1293/1293 1292/1292 
f 1294/1294 1292/1292 1295/1295 
f 1298/1298 1297/1297 1296/1296 
f 1298/1298 1296/1296 1299/1299 
f 1298/1298 1299/1299 1300/1300 
f 1301/1301 1298/1298 1300/1300 
f 1302/1302 1297/1297 1298/1298 
f 1302/1302 1303/1303 1297/1297 
f 1306/1306 1305/1305 1304/1304 
f 1290/1290 1307/1307 1289/1289 
f 1289/1289 1309/1309 1308/1308 
f 1289/1289 1307/1307 1309/1309 
f 1312/1312 1311/1311 1310/1310 
f 1311/1311 1313/1313 1310/1310 
f 1314/1314 1305/1305 1306/1306 
f 1316/1316 1306/1306 1315/1315 
f 1306/1306 1304/1304 1315/1315 
f 1319/1319 1318/1318 1317/1317 
f 1314/1314 1320/1320 1305/1305 
f 1323/1323 1322/1322 1321/1321 
f 1323/1323 1324/1324 1322/1322 
f 1327/1327 1326/1326 1325/1325 
f 1327/1327 1325/1325 1328/1328 
f 1319/1319 1317/1317 1329/1329 
f 1332/1332 1331/1331 1330/1330 
f 1335/1335 1334/1334 1333/1333 
f 1334/1334 1336/1336 1333/1333 
f 1339/1339 1338/1338 1337/1337 
f 1339/1339 1340/1340 1338/1338 
f 1341/1341 1340/1340 1339/1339 
f 1339/1339 1337/1337 1342/1342 
f 1343/1343 1339/1339 1342/1342 
f 1341/1341 1344/1344 1340/1340 
f 1347/1347 1346/1346 1345/1345 
f 1332/1332 1348/1348 1331/1331 
f 1351/1351 1350/1350 1349/1349 
f 1351/1351 1352/1352 1350/1350 
f 1355/1355 1354/1354 1353/1353 
f 1355/1355 1353/1353 1356/1356 
f 1347/1347 1345/1345 1357/1357 
f 1360/1360 1359/1359 1358/1358 
f 1363/1363 1362/1362 1361/1361 
f 1363/1363 1364/1364 1362/1362 
f 1367/1367 1366/1366 1365/1365 
f 1367/1367 1368/1368 1366/1366 
f 1371/1371 1370/1370 1369/1369 
f 1371/1371 1372/1372 1370/1370 
f 1360/1360 1373/1373 1359/1359 
f 1316/1316 1315/1315 1374/1374 
f 1377/1377 1376/1376 1375/1375 
f 1377/1377 1378/1378 1376/1376 
f 1381/1381 1380/1380 1379/1379 
f 1381/1381 1379/1379 1382/1382 
f 1384/1384 1381/1381 1383/1383 
f 1386/1386 1385/1385 1380/1380 
f 1386/1386 1380/1380 1381/1381 
f 1381/1381 1382/1382 1383/1383 
f 1389/1389 1388/1388 1387/1387 
f 1388/1388 1390/1390 1387/1387 
f 1393/1393 1392/1392 1391/1391 
f 1393/1393 1391/1391 1394/1394 
f 1397/1397 1396/1396 1395/1395 
f 1400/1400 1399/1399 1398/1398 
f 1400/1400 1401/1401 1399/1399 
f 1403/1403 1398/1398 1402/1402 
f 1406/1406 1405/1405 1404/1404 
f 1406/1406 1404/1404 1407/1407 
f 1397/1397 1408/1408 1396/1396 
f 1403/1403 1402/1402 1409/1409 
f 1412/1412 1411/1411 1410/1410 
f 1411/1411 1413/1413 1410/1410 
f 1416/1416 1415/1415 1414/1414 
f 1416/1416 1417/1417 1415/1415 
f 1415/1415 1419/1419 1418/1418 
f 1414/1414 1415/1415 1418/1418 
f 1422/1422 1421/1421 1420/1420 
f 1425/1425 1424/1424 1423/1423 
f 1425/1425 1426/1426 1424/1424 
f 1429/1429 1428/1428 1427/1427 
f 1428/1428 1430/1430 1427/1427 
f 1430/1430 1432/1432 1431/1431 
f 1427/1427 1430/1430 1431/1431 
f 1427/1427 1431/1431 1433/1433 
f 1434/1434 1427/1427 1433/1433 
f 1437/1437 1436/1436 1435/1435 
f 1421/1421 1438/1438 1420/1420 
f 1441/1441 1440/1440 1439/1439 
f 1441/1441 1439/1439 1442/1442 
f 1445/1445 1444/1444 1443/1443 
f 1445/1445 1446/1446 1444/1444 
f 1437/1437 1447/1447 1436/1436 
f 1450/1450 1449/1449 1448/1448 
f 1453/1453 1452/1452 1451/1451 
f 1453/1453 1451/1451 1454/1454 
f 1457/1457 1456/1456 1455/1455 
f 1458/1458 1457/1457 1455/1455 
f 1461/1461 1460/1460 1459/1459 
f 1461/1461 1459/1459 1462/1462 
f 1465/1465 1464/1464 1463/1463 
f 1450/1450 1448/1448 1466/1466 
f 1469/1469 1468/1468 1467/1467 
f 1468/1468 1470/1470 1467/1467 
f 1473/1473 1472/1472 1471/1471 
f 1473/1473 1474/1474 1472/1472 
f 1475/1475 1464/1464 1465/1465 
f 1478/1478 1477/1477 1476/1476 
f 1475/1475 1479/1479 1464/1464 
f 1482/1482 1481/1481 1480/1480 
f 1482/1482 1483/1483 1481/1481 
f 1486/1486 1485/1485 1484/1484 
f 1486/1486 1484/1484 1487/1487 
f 1478/1478 1488/1488 1477/1477 
f 1491/1491 1490/1490 1489/1489 
f 1494/1494 1493/1493 1492/1492 
f 1494/1494 1495/1495 1493/1493 
f 1498/1498 1497/1497 1496/1496 
f 1498/1498 1496/1496 1499/1499 
f 1502/1502 1501/1501 1500/1500 
f 1502/1502 1503/1503 1501/1501 
f 1506/1506 1505/1505 1504/1504 
f 1491/1491 1489/1489 1507/1507 
f 1510/1510 1509/1509 1508/1508 
f 1510/1510 1511/1511 1509/1509 
f 1510/1510 1512/1512 1511/1511 
f 1515/1515 1514/1514 1513/1513 
f 1515/1515 1513/1513 1516/1516 
f 1506/1506 1504/1504 1517/1517 
f 1506/1506 1517/1517 1518/1518 
f 1504/1504 1519/1519 1517/1517 
f 1504/1504 1520/1520 1519/1519 
f 1504/1504 1521/1521 1520/1520 
f 1524/1524 1523/1523 1522/1522 
f 1524/1524 1525/1525 1523/1523 
f 1528/1528 1527/1527 1526/1526 
f 1521/1521 1530/1530 1529/1529 
f 1527/1527 1531/1531 1526/1526 
f 1534/1534 1533/1533 1532/1532 
f 1534/1534 1535/1535 1533/1533 
f 1538/1538 1537/1537 1536/1536 
f 1538/1538 1539/1539 1537/1537 
f 1521/1521 1529/1529 1520/1520 
f 1542/1542 1541/1541 1540/1540 
f 1542/1542 1543/1543 1541/1541 
f 1546/1546 1545/1545 1544/1544 
f 1549/1549 1548/1548 1547/1547 
f 1549/1549 1550/1550 1548/1548 
f 1553/1553 1552/1552 1551/1551 
f 1555/1555 1554/1554 1553/1553 
f 1557/1557 1551/1551 1556/1556 
f 1551/1551 1558/1558 1556/1556 
f 1551/1551 1552/1552 1558/1558 
f 1557/1557 1556/1556 1559/1559 
f 1553/1553 1554/1554 1552/1552 
f 1562/1562 1561/1561 1560/1560 
f 1561/1561 1563/1563 1560/1560 
f 1555/1555 1564/1564 1554/1554 
f 1567/1567 1566/1566 1565/1565 
f 1570/1570 1569/1569 1568/1568 
f 1570/1570 1568/1568 1571/1571 
f 1574/1574 1573/1573 1572/1572 
f 1574/1574 1572/1572 1575/1575 
f 1578/1578 1577/1577 1576/1576 
f 1578/1578 1579/1579 1577/1577 
f 1582/1582 1581/1581 1580/1580 
f 1583/1583 1566/1566 1567/1567 
f 1583/1583 1584/1584 1566/1566 
f 1567/1567 1565/1565 1585/1585 
f 1588/1588 1587/1587 1586/1586 
f 1588/1588 1589/1589 1587/1587 
f 1582/1582 1580/1580 1590/1590 
f 1593/1593 1592/1592 1591/1591 
f 1596/1596 1595/1595 1594/1594 
f 1595/1595 1598/1598 1597/1597 
f 1595/1595 1597/1597 1594/1594 
f 1594/1594 1597/1597 1599/1599 
f 1596/1596 1594/1594 1600/1600 
f 1594/1594 1599/1599 1601/1601 
f 1604/1604 1603/1603 1602/1602 
f 1604/1604 1605/1605 1603/1603 
f 1608/1608 1607/1607 1606/1606 
f 1593/1593 1591/1591 1609/1609 
f 1612/1612 1611/1611 1610/1610 
f 1612/1612 1613/1613 1611/1611 
f 1616/1616 1615/1615 1614/1614 
f 1616/1616 1617/1617 1615/1615 
f 1608/1608 1606/1606 1618/1618 
f 1621/1621 1620/1620 1619/1619 
f 1624/1624 1623/1623 1622/1622 
f 1624/1624 1622/1622 1625/1625 
f 1628/1628 1627/1627 1626/1626 
f 1627/1627 1629/1629 1626/1626 
f 1632/1632 1631/1631 1630/1630 
f 1632/1632 1633/1633 1631/1631 
f 1636/1636 1635/1635 1634/1634 
f 1621/1621 1637/1637 1620/1620 
f 1619/1619 1620/1620 1638/1638 
f 1640/1640 1619/1619 1639/1639 
f 1619/1619 1638/1638 1639/1639 
f 1639/1639 1638/1638 1641/1641 
f 1640/1640 1639/1639 1642/1642 
f 1639/1639 1641/1641 1643/1643 
f 1636/1636 1644/1644 1635/1635 
f 1647/1647 1646/1646 1645/1645 
f 1650/1650 1649/1649 1648/1648 
f 1650/1650 1648/1648 1651/1651 
f 1654/1654 1653/1653 1652/1652 
f 1654/1654 1652/1652 1655/1655 
f 1658/1658 1657/1657 1656/1656 
f 1658/1658 1659/1659 1657/1657 
f 1662/1662 1661/1661 1660/1660 
f 1647/1647 1663/1663 1646/1646 
f 1666/1666 1665/1665 1664/1664 
f 1666/1666 1664/1664 1667/1667 
f 1670/1670 1669/1669 1668/1668 
f 1670/1670 1672/1672 1671/1671 
f 1670/1670 1671/1671 1669/1669 
f 1675/1675 1674/1674 1673/1673 
f 1662/1662 1660/1660 1676/1676 
f 1679/1679 1678/1678 1677/1677 
f 1680/1680 1679/1679 1677/1677 
f 1683/1683 1682/1682 1681/1681 
f 1683/1683 1684/1684 1682/1682 
f 1681/1681 1682/1682 1685/1685 
f 1688/1688 1687/1687 1686/1686 
f 1675/1675 1689/1689 1674/1674 
f 1691/1691 1690/1690 1689/1689 
f 1691/1691 1689/1689 1675/1675 
f 1693/1693 1692/1692 1690/1690 
f 1693/1693 1690/1690 1691/1691 
f 1695/1695 1686/1686 1694/1694 
f 1686/1686 1696/1696 1694/1694 
f 1686/1686 1687/1687 1696/1696 
f 1694/1694 1696/1696 1697/1697 
f 1695/1695 1694/1694 1698/1698 
f 1694/1694 1697/1697 1699/1699 
f 1688/1688 1700/1700 1687/1687 
f 1699/1699 1697/1697 1701/1701 
f 1699/1699 1701/1701 1702/1702 
f 1699/1699 1702/1702 1703/1703 
f 1704/1704 1699/1699 1703/1703 
f 1707/1707 1706/1706 1705/1705 
f 1702/1702 1701/1701 1708/1708 
f 1702/1702 1708/1708 1709/1709 
f 1712/1712 1711/1711 1710/1710 
f 1711/1711 1713/1713 1710/1710 
f 1716/1716 1715/1715 1714/1714 
f 1716/1716 1717/1717 1715/1715 
f 1720/1720 1719/1719 1718/1718 
f 1721/1721 1707/1707 1705/1705 
f 1724/1724 1723/1723 1722/1722 
f 1724/1724 1722/1722 1725/1725 
f 1728/1728 1727/1727 1726/1726 
f 1728/1728 1726/1726 1729/1729 
f 1720/1720 1718/1718 1730/1730 
f 1733/1733 1732/1732 1731/1731 
f 1736/1736 1735/1735 1734/1734 
f 1736/1736 1734/1734 1737/1737 
f 1740/1740 1739/1739 1738/1738 
f 1740/1740 1738/1738 1741/1741 
f 1743/1743 1742/1742 1732/1732 
f 1743/1743 1732/1732 1733/1733 
f 1746/1746 1745/1745 1744/1744 
f 1749/1749 1748/1748 1747/1747 
f 1749/1749 1747/1747 1750/1750 
f 1749/1749 1750/1750 1751/1751 
f 1733/1733 1731/1731 1752/1752 
f 1755/1755 1754/1754 1753/1753 
f 1755/1755 1753/1753 1756/1756 
f 1757/1757 1746/1746 1744/1744 
f 1760/1760 1759/1759 1758/1758 
f 1759/1759 1761/1761 1758/1758 
f 1764/1764 1763/1763 1762/1762 
f 1764/1764 1765/1765 1763/1763 
f 1764/1764 1762/1762 1766/1766 

g Mesh0_VC
usemtl vertexColors
v 660 -62 83
v 617 -184 153
v 498 -74 90
v 765 -44 73
v 811 23 33
v 918 -126 120
v 790 200 -68
v 969 83 0
v 699 102 -12
v 811 23 33
v 811 2 -1
v 765 -44 73
v 765 -65 37
v 495 137 -32
v 615 199 -68
v 611 31 29
v 699 103 -12
v -354 312 -83
v -164 -154 185
v -378 -82 144
v -391 31 78
v -579 -19 108
v -570 87 46
v -370 -153 185
v -527 344 -102
v -828 -32 115
v -656 -91 149
v -448 249 -47
v -1127 377 -91
v -992 378 -91
v -944 243 -14
v -877 378 -91
v -717 337 -68
v -742 15 117
v -853 141 44
v -565 -59 160
v -737 -126 199
v -939 -22 139
v -1060 134 48
v -1037 -143 209
v -1234 -144 209
v -687 451 -169
v -639 816 -380
v -633 570 -238
v -177 752 -376
v 108 783 -394
v -12 706 -349
v -24 627 -304
v -92 441 -196
v 82 705 -349
v -23 588 -282
v 8 500 -230
v 147 541 -254
v 183 482 -220
v 88 635 -308
v 88 595 -285
v -559 610 -261
v -568 747 -340
v -455 560 -232
v -758 540 -221
v -763 816 -380
v -510 485 -189
v -480 764 -350
v -540 -80 149
v -565 -59 160
v -717 337 -68
v -701 343 -95
v -737 -126 199
v -757 -165 198
v -762 -2 104
v -737 -126 199
v -757 -165 198
v -742 15 117
v -853 141 44
v -742 15 117
v -762 -2 104
v -849 95 47
v -701 343 -95
v -717 337 -68
v -888 390 -122
v -877 378 -91
v -1037 -143 209
v -1060 134 48
v -1033 57 69
v -1259 -174 203
v -1015 -173 202
v -1234 -144 209
v -1144 386 -120
v -1127 377 -91
v -1259 -174 203
v -1234 -144 209
v -941 285 -61
v -992 378 -91
v -977 387 -120
v -1060 134 48
v -939 -22 139
v -936 -69 142
v -1033 57 69
v -936 -69 142
v -853 141 44
v -849 95 47
v -939 -22 139
v -992 378 -91
v -1127 377 -91
v -1144 386 -120
v -977 387 -120
v -92 441 -196
v -107 408 -201
v -203 759 -404
v -944 243 -14
v -877 378 -91
v -944 243 -14
v -941 285 -61
v -888 390 -122
v -177 752 -376
v 137 795 -425
v 108 783 -394
v 88 635 -308
v 108 645 -338
v 109 566 -292
v 147 541 -254
v 157 554 -285
v 183 482 -220
v 215 457 -229
v -92 441 -196
v -107 408 -201
v 108 783 -394
v 137 795 -425
v 82 705 -349
v 97 675 -355
v -12 706 -349
v 5 676 -356
v 0 638 -334
v 108 645 -338
v 88 635 -308
v 88 595 -285
v -23 588 -282
v 8 500 -230
v 157 554 -285
v 147 541 -254
v 21 514 -262
v -24 627 -304
v 0 638 -334
v -779 523 -234
v -783 825 -409
v -763 816 -380
v -24 627 -304
v 4 560 -289
v 8 500 -230
v 21 514 -262
v -763 816 -380
v -783 825 -409
v -619 825 -409
v -639 816 -380
v -639 816 -380
v -619 825 -409
v -633 570 -238
v -758 540 -221
v -590 752 -367
v -462 777 -381
v -480 764 -350
v -568 747 -340
v -695 420 -175
v -779 523 -234
v -758 540 -221
v -687 451 -169
v -613 593 -275
v -559 610 -261
v -580 611 -285
v -590 752 -367
v -568 747 -340
v -613 593 -275
v -633 570 -238
v -455 560 -232
v -433 545 -247
v -498 458 -197
v -510 485 -189
v -480 764 -350
v -462 777 -381
v -695 420 -175
v -687 451 -169
v 796 209 -97
v 992 81 -23
v 969 83 0
v 498 -74 90
v 474 139 -56
v 495 137 -32
v 478 -93 77
v 969 83 0
v 992 81 -23
v 935 -153 112
v 918 -126 120
v 935 -153 112
v 610 -215 148
v 617 -184 153
v 918 -126 120
v 811 23 33
v 700 67 -15
v 699 103 -12
v 790 200 -68
v 752 -37 45
v 783 8 18
v 811 23 33
v 765 -44 73
v 671 -50 52
v 752 -37 45
v 765 -44 73
v 660 -62 83
v 783 8 18
v 610 209 -97
v 796 209 -97
v 790 200 -68
v 611 31 29
v 671 -50 52
v 660 -62 83
v 636 16 14
v 610 -215 148
v 478 -93 77
v 498 -74 90
v 617 -184 153
v 699 103 -12
v 700 67 -15
v 611 31 29
v 636 16 14
v -370 -153 185
v -388 -183 179
v -397 -107 135
v 615 199 -68
v 495 137 -32
v 610 209 -97
v 615 199 -68
v 474 139 -56
v -164 -154 185
v -388 -183 179
v -370 -153 185
v -134 -183 179
v -378 -82 144
v -354 312 -83
v -134 -183 179
v -164 -154 185
v -651 -124 144
v -861 -51 103
v -828 -32 115
v -656 -91 149
v -579 -19 108
v -573 -52 103
v -656 -91 149
v -651 -124 144
v -397 -107 135
v -573 -52 103
v -579 -19 108
v -378 -82 144
v -391 31 78
v -420 50 43
v -448 249 -47
v -339 318 -110
v -570 87 46
v -537 87 22
v -391 31 78
v -420 50 43
v -861 -51 103
v -536 356 -132
v -527 344 -102
v -828 -32 115
v -457 194 -38
v 344 596 -327
v 310 758 -397
v 334 706 -391
v -448 249 -47
v -457 194 -38
v -570 87 46
v -537 87 22
v -527 344 -102
v -536 356 -132
v -354 312 -83
v -339 318 -110
v 152 804 -447
v 175 795 -419
v 210 423 -204
v 192 393 -210
v 324 598 -305
v 342 578 -294
v 324 598 -305
v 344 596 -327
v 568 489 -242
v 462 556 -281
v 497 547 -299
v 604 480 -260
v 519 600 -306
v 509 744 -389
v 529 744 -413
v 541 581 -318
v 336 532 -267
v 462 417 -200
v 461 382 -203
v 461 382 -203
v 462 417 -200
v 604 480 -260
v 568 489 -242
v 497 547 -299
v 519 600 -306
v 541 581 -318
v 462 556 -281
v 529 744 -413
v 509 744 -389
v 440 807 -449
v 434 797 -420
v 360 395 -211
v 339 425 -205
v 336 532 -267
v 357 475 -258
v 411 652 -360
v 444 663 -343
v 344 596 -327
v 342 578 -294
v 334 706 -391
v 310 758 -397
v 411 652 -360
v 444 663 -343
v 357 475 -258
v 440 807 -449
v 434 797 -420
v 152 804 -447
v 175 795 -419
v 210 423 -204
v 339 425 -205
v 360 395 -211
v 192 393 -210
v 336 532 -267
v 339 425 -205
v 324 598 -305
v 342 578 -294
v 210 423 -204
v 310 758 -397
v 175 795 -419
v 434 797 -420
v 519 600 -306
v 444 663 -343
v 509 744 -389
v 568 489 -242
v 462 417 -200
v 462 556 -281
v 284 326 -128
v 277 -168 157
v 256 -197 150
v 263 335 -157
v 256 -197 150
v 277 -168 157
v 496 -198 151
v 476 -168 157
v 496 -198 151
v 476 -168 157
v 437 336 -157
v 476 -168 157
v 417 326 -128
v 437 336 -157
v -1140 536 -218
v -1182 531 -239
v -1043 585 -270
v 437 336 -157
v 284 326 -128
v 263 335 -157
v 417 326 -128
v -1159 713 -320
v -1036 841 -418
v -1027 832 -389
v -1190 702 -337
v -1004 589 -249
v -1043 585 -270
v -1159 713 -320
v -1190 702 -337
v -948 761 -348
v -946 728 -353
v -1030 702 -314
v -1004 589 -249
v -1027 459 -173
v -1182 531 -239
v -1140 536 -218
v -1030 426 -179
v -1036 841 -418
v -861 841 -418
v -868 831 -389
v -1027 832 -389
v -989 697 -335
v -1030 702 -314
v -786 618 -289
v -814 618 -265
v -869 717 -323
v -946 728 -353
v -948 761 -348
v -867 683 -327
v -846 489 -215
v -1030 426 -179
v -1027 459 -173
v -862 515 -206
v -861 841 -418
v -762 766 -374
v -795 776 -356
v -868 831 -389
v -814 618 -265
v -786 618 -289
v -862 515 -206
v -989 697 -335
v -795 776 -356
v -762 766 -374
v -869 717 -323
v -867 683 -327
v -846 489 -215
v -862 515 -206
v -1027 459 -173
v -1004 589 -249
v 284 326 -128
v 417 326 -128
v 476 -168 157
v 277 -168 157
v -795 776 -356
v -869 717 -323
v -948 761 -348
v -1159 713 -320
v -1027 832 -389
v -1030 702 -314
v -868 831 -389
v -814 618 -265
v -1140 536 -218
v 230 73 1
v 142 22 30
v 105 33 48
v 260 -69 107
v 120 -201 160
v 122 -166 163
v 295 -78 89
v 142 22 30
v 295 -78 89
v 260 -69 107
v 105 33 48
v 120 -201 160
v -19 -79 89
v -38 -26 82
v 122 -166 163
v -22 62 31
v -24 75 0
v 101 165 -28
v -19 -79 89
v -22 -169 141
v -42 -140 148
v -38 -26 82
v -22 -169 141
v -220 -176 145
v -199 -145 151
v -42 -140 148
v 206 268 -87
v 230 73 1
v 209 94 12
v 226 271 -113
v 68 154 -45
v -45 80 20
v -24 75 0
v -22 62 31
v 12 362 -165
v 226 271 -113
v 206 268 -87
v 8 353 -136
v 68 154 -45
v -23 222 -84
v -43 272 -89
v 101 165 -28
v -283 394 -171
v -419 394 -172
v -399 424 -165
v -43 272 -89
v -23 222 -84
v -24 75 0
v -45 80 20
v -220 -176 145
v -218 362 -165
v -198 352 -136
v -199 -145 151
v -218 362 -165
v 12 362 -165
v 8 353 -136
v -198 352 -136
v -126 768 -388
v -111 583 -281
v -132 599 -266
v -303 423 -165
v -399 424 -165
v -419 394 -172
v -400 811 -389
v -421 820 -418
v -238 810 -388
v -126 768 -388
v -145 766 -363
v -233 819 -417
v -145 766 -363
v -215 678 -336
v -289 690 -343
v -310 724 -338
v -132 599 -266
v -196 474 -218
v -206 503 -211
v -111 583 -281
v -400 811 -389
v -233 819 -417
v -238 810 -388
v -421 820 -418
v -235 614 -299
v -215 678 -336
v -189 704 -327
v -219 607 -271
v -289 690 -343
v -284 606 -294
v -304 593 -263
v -189 704 -327
v -206 503 -211
v -196 474 -218
v -283 473 -218
v -303 503 -211
v -304 593 -263
v -235 614 -299
v -219 607 -271
v -284 606 -294
v -310 724 -338
v -283 473 -218
v -283 394 -171
v -303 423 -165
v -303 503 -211
v 8 353 -136
v -43 272 -89
v -198 352 -136
v -38 -26 82
v 105 33 48
v 122 -166 163
v 260 -69 107
v 209 94 12
v 101 165 -28
v -45 80 20
v -22 62 31
v -42 -140 148
v 206 268 -87
v -199 -145 151
v -189 704 -327
v -145 766 -363
v -219 607 -271
v -132 599 -266
v -206 503 -211
v -303 503 -211
v -304 593 -263
v -400 811 -389
v -310 724 -338
v -238 810 -388
v -303 423 -165
v -399 424 -165
v 1414 255 -396
v 1414 176 -350
v 1414 378 -183
v 1462 255 -396
v 1462 378 -183
v 1462 447 -223
v 1462 325 -436
v 1462 255 -396
v 1414 255 -396
v 1462 378 -183
v 1414 378 -183
v 1414 325 -436
v 1462 325 -436
v 1414 447 -223
v 1462 447 -223
v 1120 328 -438
v 1333 563 -573
v 1120 451 -225
v 1414 299 -137
v 1414 563 -573
v 1414 325 -436
v 1414 685 -360
v 1414 447 -223
v 1414 563 -573
v 1414 685 -360
v 1333 685 -360
v 1320 327 -437
v 1320 450 -224
v 1229 450 -224
v 1414 176 -350
v 1320 176 -350
v 1414 299 -137
v 1320 299 -137
v 1320 176 -350
v 1320 255 -396
v 1320 299 -137
v 1320 378 -183
v 1320 430 -497
v 1320 553 -284
v 1123 255 -396
v 1123 378 -183
v 1320 378 -183
v 1229 327 -437
v 1320 430 -497
v 1229 327 -437
v 1320 553 -284
v 1229 450 -224
v 1123 378 -183
v 1123 255 -396
v 1320 255 -396
v 1026 403 -481
v 1060 366 -459
v 1026 526 -269
v 1068 254 -395
v 1068 376 -182
v 1075 426 -211
v 1075 304 -423
v 1060 366 -459
v 1075 304 -423
v 1060 488 -247
v 1075 426 -211
v 1035 213 -371
v 1035 335 -158
v 1068 376 -182
v 1068 254 -395
v 1013 571 -578
v 1013 694 -366
v 956 696 -367
v 1060 488 -247
v 1013 571 -578
v 1012 494 -533
v 1013 694 -366
v 1012 616 -321
v 1035 213 -371
v 979 183 -354
v 1035 335 -158
v 979 306 -141
v 956 573 -579
v 884 564 -574
v 884 687 -361
v 978 423 -492
v 1026 403 -481
v 978 546 -280
v 1026 526 -269
v 923 552 -283
v 923 429 -496
v 959 494 -533
v 959 616 -321
v 1012 616 -321
v 1012 494 -533
v 968 271 -405
v 968 394 -192
v 939 375 -182
v 972 306 -425
v 972 429 -212
v 960 339 -444
v 939 253 -394
v 960 462 -231
v 908 370 -179
v 908 248 -391
v 916 169 -346
v 916 292 -133
v 979 306 -141
v 979 183 -354
v 909 486 -529
v 909 608 -316
v 959 616 -321
v 868 547 -281
v 868 424 -493
v 960 339 -444
v 936 350 -450
v 960 462 -231
v 936 473 -238
v 806 655 -343
v 806 532 -555
v 959 494 -533
v 878 371 -179
v 878 249 -392
v 900 352 -451
v 900 475 -239
v 936 473 -238
v 936 350 -450
v 825 530 -271
v 916 169 -346
v 840 177 -350
v 916 292 -133
v 825 407 -483
v 909 486 -529
v 872 471 -520
v 909 608 -316
v 872 593 -307
v 852 382 -185
v 852 259 -398
v 840 299 -138
v 900 352 -451
v 863 346 -448
v 900 475 -239
v 863 468 -235
v 753 600 -311
v 753 477 -524
v 841 446 -506
v 841 569 -293
v 872 593 -307
v 872 471 -520
v 825 407 -483
v 825 530 -271
v 840 177 -350
v 786 199 -363
v 840 299 -138
v 826 321 -434
v 826 444 -221
v 863 468 -235
v 863 346 -448
v 852 259 -398
v 852 382 -185
v 833 407 -200
v 833 284 -412
v 826 321 -434
v 833 284 -412
v 826 444 -221
v 833 407 -200
v 729 283 -411
v 729 405 -199
v 747 364 -175
v 786 322 -151
v 729 550 -283
v 729 428 -495
v 786 199 -363
v 747 242 -388
v 786 322 -151
v 720 506 -257
v 720 384 -470
v 720 333 -440
v 720 455 -228

vt 0.066406 0.984375 0
vt 0.066406 0.984375 0
vt 0.066406 0.984375 0
vt 0.066406 0.984375 0
vt 0.066406 0.984375 0
vt 0.066406 0.984375 0
vt 0.066406 0.984375 0
vt 0.066406 0.984375 0
vt 0.066406 0.984375 0
vt 0.082031 0.984375 0
vt 0.082031 0.984375 0
vt 0.082031 0.984375 0
vt 0.082031 0.984375 0
vt 0.066406 0.984375 0
vt 0.066406 0.984375 0
vt 0.066406 0.984375 0
vt 0.066406 0.984375 0
vt 0.066406 0.984375 0
vt 0.066406 0.984375 0
vt 0.066406 0.984375 0
vt 0.066406 0.984375 0
vt 0.066406 0.984375 0
vt 0.066406 0.984375 0
vt 0.066406 0.984375 0
vt 0.066406 0.984375 0
vt 0.066406 0.984375 0
vt 0.066406 0.984375 0
vt 0.066406 0.984375 0
vt 0.097656 0.984375 0
vt 0.097656 0.984375 0
vt 0.097656 0.984375 0
vt 0.097656 0.984375 0
vt 0.097656 0.984375 0
vt 0.097656 0.984375 0
vt 0.097656 0.984375 0
vt 0.097656 0.984375 0
vt 0.097656 0.984375 0
vt 0.097656 0.984375 0
vt 0.097656 0.984375 0
vt 0.097656 0.984375 0
vt 0.097656 0.984375 0
vt 0.097656 0.984375 0
vt 0.097656 0.984375 0
vt 0.097656 0.984375 0
vt 0.097656 0.984375 0
vt 0.097656 0.984375 0
vt 0.097656 0.984375 0
vt 0.097656 0.984375 0
vt 0.097656 0.984375 0
vt 0.097656 0.984375 0
vt 0.097656 0.984375 0
vt 0.097656 0.984375 0
vt 0.097656 0.984375 0
vt 0.097656 0.984375 0
vt 0.097656 0.984375 0
vt 0.097656 0.984375 0
vt 0.097656 0.984375 0
vt 0.097656 0.984375 0
vt 0.097656 0.984375 0
vt 0.097656 0.984375 0
vt 0.097656 0.984375 0
vt 0.097656 0.984375 0
vt 0.097656 0.984375 0
vt 0.113281 0.984375 0
vt 0.113281 0.984375 0
vt 0.113281 0.984375 0
vt 0.113281 0.984375 0
vt 0.113281 0.984375 0
vt 0.113281 0.984375 0
vt 0.128906 0.984375 0
vt 0.128906 0.984375 0
vt 0.128906 0.984375 0
vt 0.128906 0.984375 0
vt 0.144531 0.984375 0
vt 0.144531 0.984375 0
vt 0.144531 0.984375 0
vt 0.144531 0.984375 0
vt 0.160156 0.984375 0
vt 0.160156 0.984375 0
vt 0.160156 0.984375 0
vt 0.160156 0.984375 0
vt 0.113281 0.984375 0
vt 0.113281 0.984375 0
vt 0.113281 0.984375 0
vt 0.113281 0.984375 0
vt 0.113281 0.984375 0
vt 0.113281 0.984375 0
vt 0.175781 0.984375 0
vt 0.175781 0.984375 0
vt 0.175781 0.984375 0
vt 0.175781 0.984375 0
vt 0.113281 0.984375 0
vt 0.113281 0.984375 0
vt 0.113281 0.984375 0
vt 0.191406 0.984375 0
vt 0.191406 0.984375 0
vt 0.191406 0.984375 0
vt 0.191406 0.984375 0
vt 0.113281 0.984375 0
vt 0.113281 0.984375 0
vt 0.113281 0.984375 0
vt 0.113281 0.984375 0
vt 0.207031 0.984375 0
vt 0.207031 0.984375 0
vt 0.207031 0.984375 0
vt 0.207031 0.984375 0
vt 0.222656 0.984375 0
vt 0.222656 0.984375 0
vt 0.222656 0.984375 0
vt 0.113281 0.984375 0
vt 0.175781 0.984375 0
vt 0.175781 0.984375 0
vt 0.175781 0.984375 0
vt 0.175781 0.984375 0
vt 0.222656 0.984375 0
vt 0.222656 0.984375 0
vt 0.222656 0.984375 0
vt 0.113281 0.984375 0
vt 0.113281 0.984375 0
vt 0.113281 0.984375 0
vt 0.113281 0.984375 0
vt 0.113281 0.984375 0
vt 0.113281 0.984375 0
vt 0.113281 0.984375 0
vt 0.113281 0.984375 0
vt 0.113281 0.984375 0
vt 0.113281 0.984375 0
vt 0.113281 0.984375 0
vt 0.113281 0.984375 0
vt 0.113281 0.984375 0
vt 0.113281 0.984375 0
vt 0.113281 0.984375 0
vt 0.207031 0.984375 0
vt 0.207031 0.984375 0
vt 0.207031 0.984375 0
vt 0.113281 0.984375 0
vt 0.113281 0.984375 0
vt 0.222656 0.984375 0
vt 0.222656 0.984375 0
vt 0.222656 0.984375 0
vt 0.222656 0.984375 0
vt 0.113281 0.984375 0
vt 0.113281 0.984375 0
vt 0.128906 0.984375 0
vt 0.128906 0.984375 0
vt 0.128906 0.984375 0
vt 0.207031 0.984375 0
vt 0.113281 0.984375 0
vt 0.113281 0.984375 0
vt 0.113281 0.984375 0
vt 0.207031 0.984375 0
vt 0.207031 0.984375 0
vt 0.207031 0.984375 0
vt 0.207031 0.984375 0
vt 0.113281 0.984375 0
vt 0.113281 0.984375 0
vt 0.113281 0.984375 0
vt 0.128906 0.984375 0
vt 0.222656 0.984375 0
vt 0.222656 0.984375 0
vt 0.222656 0.984375 0
vt 0.222656 0.984375 0
vt 0.191406 0.984375 0
vt 0.191406 0.984375 0
vt 0.191406 0.984375 0
vt 0.191406 0.984375 0
vt 0.113281 0.984375 0
vt 0.128906 0.984375 0
vt 0.128906 0.984375 0
vt 0.128906 0.984375 0
vt 0.128906 0.984375 0
vt 0.128906 0.984375 0
vt 0.128906 0.984375 0
vt 0.113281 0.984375 0
vt 0.113281 0.984375 0
vt 0.113281 0.984375 0
vt 0.113281 0.984375 0
vt 0.113281 0.984375 0
vt 0.113281 0.984375 0
vt 0.113281 0.984375 0
vt 0.113281 0.984375 0
vt 0.238281 0.984375 0
vt 0.238281 0.984375 0
vt 0.238281 0.984375 0
vt 0.253906 0.984375 0
vt 0.253906 0.984375 0
vt 0.253906 0.984375 0
vt 0.253906 0.984375 0
vt 0.269531 0.984375 0
vt 0.269531 0.984375 0
vt 0.269531 0.984375 0
vt 0.269531 0.984375 0
vt 0.285156 0.984375 0
vt 0.285156 0.984375 0
vt 0.285156 0.984375 0
vt 0.285156 0.984375 0
vt 0.300781 0.984375 0
vt 0.300781 0.984375 0
vt 0.300781 0.984375 0
vt 0.238281 0.984375 0
vt 0.316406 0.984375 0
vt 0.316406 0.984375 0
vt 0.316406 0.984375 0
vt 0.316406 0.984375 0
vt 0.332031 0.984375 0
vt 0.332031 0.984375 0
vt 0.332031 0.984375 0
vt 0.332031 0.984375 0
vt 0.300781 0.984375 0
vt 0.347656 0.984375 0
vt 0.347656 0.984375 0
vt 0.347656 0.984375 0
vt 0.363281 0.984375 0
vt 0.363281 0.984375 0
vt 0.363281 0.984375 0
vt 0.363281 0.984375 0
vt 0.378906 0.984375 0
vt 0.378906 0.984375 0
vt 0.378906 0.984375 0
vt 0.378906 0.984375 0
vt 0.394531 0.984375 0
vt 0.394531 0.984375 0
vt 0.394531 0.984375 0
vt 0.394531 0.984375 0
vt 0.410156 0.984375 0
vt 0.410156 0.984375 0
vt 0.410156 0.984375 0
vt 0.347656 0.984375 0
vt 0.410156 0.984375 0
vt 0.410156 0.984375 0
vt 0.410156 0.984375 0
vt 0.410156 0.984375 0
vt 0.363281 0.984375 0
vt 0.363281 0.984375 0
vt 0.363281 0.984375 0
vt 0.363281 0.984375 0
vt 0.410156 0.984375 0
vt 0.425781 0.984375 0
vt 0.425781 0.984375 0
vt 0.425781 0.984375 0
vt 0.441406 0.984375 0
vt 0.441406 0.984375 0
vt 0.441406 0.984375 0
vt 0.441406 0.984375 0
vt 0.394531 0.984375 0
vt 0.394531 0.984375 0
vt 0.394531 0.984375 0
vt 0.394531 0.984375 0
vt 0.457031 0.984375 0
vt 0.457031 0.984375 0
vt 0.457031 0.984375 0
vt 0.457031 0.984375 0
vt 0.472656 0.984375 0
vt 0.472656 0.984375 0
vt 0.472656 0.984375 0
vt 0.425781 0.984375 0
vt 0.300781 0.984375 0
vt 0.300781 0.984375 0
vt 0.300781 0.984375 0
vt 0.300781 0.984375 0
vt 0.316406 0.984375 0
vt 0.316406 0.984375 0
vt 0.316406 0.984375 0
vt 0.316406 0.984375 0
vt 0.472656 0.984375 0
vt 0.488281 0.984375 0
vt 0.488281 0.984375 0
vt 0.488281 0.984375 0
vt 0.503906 0.984375 0
vt 0.503906 0.984375 0
vt 0.503906 0.984375 0
vt 0.503906 0.984375 0
vt 0.378906 0.984375 0
vt 0.378906 0.984375 0
vt 0.378906 0.984375 0
vt 0.378906 0.984375 0
vt 0.410156 0.984375 0
vt 0.410156 0.984375 0
vt 0.410156 0.984375 0
vt 0.410156 0.984375 0
vt 0.488281 0.984375 0
vt 0.519531 0.984375 0
vt 0.519531 0.984375 0
vt 0.519531 0.984375 0
vt 0.535156 0.984375 0
vt 0.535156 0.984375 0
vt 0.535156 0.984375 0
vt 0.535156 0.984375 0
vt 0.488281 0.984375 0
vt 0.488281 0.984375 0
vt 0.488281 0.984375 0
vt 0.488281 0.984375 0
vt 0.550781 0.984375 0
vt 0.550781 0.984375 0
vt 0.550781 0.984375 0
vt 0.269531 0.984375 0
vt 0.269531 0.984375 0
vt 0.269531 0.984375 0
vt 0.269531 0.984375 0
vt 0.269531 0.984375 0
vt 0.269531 0.984375 0
vt 0.269531 0.984375 0
vt 0.269531 0.984375 0
vt 0.566406 0.984375 0
vt 0.566406 0.984375 0
vt 0.566406 0.984375 0
vt 0.566406 0.984375 0
vt 0.488281 0.984375 0
vt 0.488281 0.984375 0
vt 0.488281 0.984375 0
vt 0.550781 0.984375 0
vt 0.582031 0.984375 0
vt 0.582031 0.984375 0
vt 0.582031 0.984375 0
vt 0.582031 0.984375 0
vt 0.300781 0.984375 0
vt 0.300781 0.984375 0
vt 0.300781 0.984375 0
vt 0.300781 0.984375 0
vt 0.488281 0.984375 0
vt 0.347656 0.984375 0
vt 0.347656 0.984375 0
vt 0.347656 0.984375 0
vt 0.347656 0.984375 0
vt 0.363281 0.984375 0
vt 0.363281 0.984375 0
vt 0.363281 0.984375 0
vt 0.363281 0.984375 0
vt 0.597656 0.984375 0
vt 0.597656 0.984375 0
vt 0.597656 0.984375 0
vt 0.597656 0.984375 0
vt 0.597656 0.984375 0
vt 0.597656 0.984375 0
vt 0.597656 0.984375 0
vt 0.597656 0.984375 0
vt 0.597656 0.984375 0
vt 0.597656 0.984375 0
vt 0.597656 0.984375 0
vt 0.597656 0.984375 0
vt 0.597656 0.984375 0
vt 0.597656 0.984375 0
vt 0.613281 0.984375 0
vt 0.613281 0.984375 0
vt 0.613281 0.984375 0
vt 0.613281 0.984375 0
vt 0.628906 0.984375 0
vt 0.628906 0.984375 0
vt 0.628906 0.984375 0
vt 0.628906 0.984375 0
vt 0.644531 0.984375 0
vt 0.644531 0.984375 0
vt 0.644531 0.984375 0
vt 0.660156 0.984375 0
vt 0.660156 0.984375 0
vt 0.660156 0.984375 0
vt 0.675781 0.984375 0
vt 0.675781 0.984375 0
vt 0.675781 0.984375 0
vt 0.691406 0.984375 0
vt 0.691406 0.984375 0
vt 0.691406 0.984375 0
vt 0.691406 0.984375 0
vt 0.707031 0.984375 0
vt 0.707031 0.984375 0
vt 0.707031 0.984375 0
vt 0.707031 0.984375 0
vt 0.722656 0.984375 0
vt 0.722656 0.984375 0
vt 0.722656 0.984375 0
vt 0.722656 0.984375 0
vt 0.738281 0.984375 0
vt 0.738281 0.984375 0
vt 0.738281 0.984375 0
vt 0.675781 0.984375 0
vt 0.753906 0.984375 0
vt 0.753906 0.984375 0
vt 0.753906 0.984375 0
vt 0.753906 0.984375 0
vt 0.691406 0.984375 0
vt 0.691406 0.984375 0
vt 0.691406 0.984375 0
vt 0.691406 0.984375 0
vt 0.738281 0.984375 0
vt 0.753906 0.984375 0
vt 0.753906 0.984375 0
vt 0.753906 0.984375 0
vt 0.769531 0.984375 0
vt 0.769531 0.984375 0
vt 0.769531 0.984375 0
vt 0.769531 0.984375 0
vt 0.660156 0.984375 0
vt 0.660156 0.984375 0
vt 0.660156 0.984375 0
vt 0.660156 0.984375 0
vt 0.785156 0.984375 0
vt 0.785156 0.984375 0
vt 0.785156 0.984375 0
vt 0.785156 0.984375 0
vt 0.800781 0.984375 0
vt 0.800781 0.984375 0
vt 0.800781 0.984375 0
vt 0.753906 0.984375 0
vt 0.800781 0.984375 0
vt 0.800781 0.984375 0
vt 0.800781 0.984375 0
vt 0.800781 0.984375 0
vt 0.800781 0.984375 0
vt 0.816406 0.984375 0
vt 0.816406 0.984375 0
vt 0.816406 0.984375 0
vt 0.816406 0.984375 0
vt 0.816406 0.984375 0
vt 0.816406 0.984375 0
vt 0.816406 0.984375 0
vt 0.816406 0.984375 0
vt 0.816406 0.984375 0
vt 0.816406 0.984375 0
vt 0.816406 0.984375 0
vt 0.816406 0.984375 0
vt 0.816406 0.984375 0
vt 0.816406 0.984375 0
vt 0.816406 0.984375 0
vt 0.816406 0.984375 0
vt 0.832031 0.984375 0
vt 0.832031 0.984375 0
vt 0.832031 0.984375 0
vt 0.832031 0.984375 0
vt 0.832031 0.984375 0
vt 0.832031 0.984375 0
vt 0.832031 0.984375 0
vt 0.847656 0.984375 0
vt 0.847656 0.984375 0
vt 0.847656 0.984375 0
vt 0.847656 0.984375 0
vt 0.863281 0.984375 0
vt 0.863281 0.984375 0
vt 0.863281 0.984375 0
vt 0.863281 0.984375 0
vt 0.878906 0.984375 0
vt 0.878906 0.984375 0
vt 0.878906 0.984375 0
vt 0.003906 0.984375 0
vt 0.003906 0.984375 0
vt 0.003906 0.984375 0
vt 0.003906 0.984375 0
vt 0.894531 0.984375 0
vt 0.894531 0.984375 0
vt 0.894531 0.984375 0
vt 0.894531 0.984375 0
vt 0.003906 0.015625 0
vt 0.003906 0.015625 0
vt 0.003906 0.015625 0
vt 0.003906 0.015625 0
vt 0.878906 0.984375 0
vt 0.847656 0.984375 0
vt 0.847656 0.984375 0
vt 0.847656 0.984375 0
vt 0.910156 0.984375 0
vt 0.910156 0.984375 0
vt 0.910156 0.984375 0
vt 0.910156 0.984375 0
vt 0.925781 0.984375 0
vt 0.925781 0.984375 0
vt 0.925781 0.984375 0
vt 0.925781 0.984375 0
vt 0.894531 0.984375 0
vt 0.894531 0.984375 0
vt 0.894531 0.984375 0
vt 0.003906 0.984375 0
vt 0.003906 0.984375 0
vt 0.003906 0.984375 0
vt 0.003906 0.984375 0
vt 0.941406 0.984375 0
vt 0.941406 0.984375 0
vt 0.941406 0.984375 0
vt 0.941406 0.984375 0
vt 0.957031 0.984375 0
vt 0.957031 0.984375 0
vt 0.957031 0.984375 0
vt 0.957031 0.984375 0
vt 0.003906 0.015625 0
vt 0.003906 0.015625 0
vt 0.003906 0.015625 0
vt 0.894531 0.984375 0
vt 0.941406 0.984375 0
vt 0.941406 0.984375 0
vt 0.941406 0.984375 0
vt 0.941406 0.984375 0
vt 0.972656 0.984375 0
vt 0.972656 0.984375 0
vt 0.972656 0.984375 0
vt 0.972656 0.984375 0
vt 0.003906 0.015625 0
vt 0.988281 0.984375 0
vt 0.988281 0.984375 0
vt 0.988281 0.984375 0
vt 0.066406 0.921875 0
vt 0.066406 0.921875 0
vt 0.066406 0.921875 0
vt 0.066406 0.921875 0
vt 0.957031 0.984375 0
vt 0.957031 0.984375 0
vt 0.957031 0.984375 0
vt 0.957031 0.984375 0
vt 0.082031 0.921875 0
vt 0.082031 0.921875 0
vt 0.082031 0.921875 0
vt 0.082031 0.921875 0
vt 0.003906 0.015625 0
vt 0.003906 0.015625 0
vt 0.003906 0.015625 0
vt 0.988281 0.984375 0
vt 0.894531 0.984375 0
vt 0.894531 0.984375 0
vt 0.894531 0.984375 0
vt 0.894531 0.984375 0
vt 0.097656 0.921875 0
vt 0.097656 0.921875 0
vt 0.097656 0.921875 0
vt 0.097656 0.921875 0
vt 0.003906 0.015625 0
vt 0.003906 0.984375 0
vt 0.003906 0.984375 0
vt 0.003906 0.984375 0
vt 0.003906 0.015625 0
vt 0.113281 0.921875 0
vt 0.113281 0.921875 0
vt 0.113281 0.921875 0
vt 0.113281 0.921875 0
vt 0.113281 0.921875 0
vt 0.113281 0.921875 0
vt 0.113281 0.921875 0
vt 0.113281 0.921875 0
vt 0.113281 0.921875 0
vt 0.113281 0.921875 0
vt 0.113281 0.921875 0
vt 0.113281 0.921875 0
vt 0.113281 0.921875 0
vt 0.113281 0.921875 0
vt 0.113281 0.921875 0
vt 0.113281 0.921875 0
vt 0.113281 0.921875 0
vt 0.113281 0.921875 0
vt 0.113281 0.921875 0
vt 0.113281 0.921875 0
vt 0.113281 0.921875 0
vt 0.113281 0.921875 0
vt 0.113281 0.921875 0
vt 0.113281 0.921875 0
vt 0.113281 0.921875 0
vt 0.113281 0.921875 0
vt 0.128906 0.921875 0
vt 0.128906 0.921875 0
vt 0.128906 0.921875 0
vt 0.128906 0.921875 0
vt 0.128906 0.921875 0
vt 0.128906 0.921875 0
vt 0.128906 0.921875 0
vt 0.144531 0.921875 0
vt 0.144531 0.921875 0
vt 0.144531 0.921875 0
vt 0.144531 0.921875 0
vt 0.160156 0.921875 0
vt 0.160156 0.921875 0
vt 0.160156 0.921875 0
vt 0.160156 0.921875 0
vt 0.160156 0.921875 0
vt 0.160156 0.921875 0
vt 0.160156 0.921875 0
vt 0.128906 0.921875 0
vt 0.128906 0.921875 0
vt 0.128906 0.921875 0
vt 0.128906 0.921875 0
vt 0.128906 0.921875 0
vt 0.160156 0.921875 0
vt 0.160156 0.921875 0
vt 0.160156 0.921875 0
vt 0.160156 0.921875 0
vt 0.160156 0.921875 0
vt 0.160156 0.921875 0
vt 0.144531 0.921875 0
vt 0.144531 0.921875 0
vt 0.144531 0.921875 0
vt 0.144531 0.921875 0
vt 0.160156 0.921875 0
vt 0.160156 0.921875 0
vt 0.160156 0.921875 0
vt 0.160156 0.921875 0
vt 0.160156 0.921875 0
vt 0.160156 0.921875 0
vt 0.144531 0.921875 0
vt 0.144531 0.921875 0
vt 0.144531 0.921875 0
vt 0.160156 0.921875 0
vt 0.175781 0.921875 0
vt 0.175781 0.921875 0
vt 0.175781 0.921875 0
vt 0.175781 0.921875 0
vt 0.160156 0.921875 0
vt 0.160156 0.921875 0
vt 0.144531 0.921875 0
vt 0.191406 0.921875 0
vt 0.191406 0.921875 0
vt 0.191406 0.921875 0
vt 0.207031 0.921875 0
vt 0.207031 0.921875 0
vt 0.207031 0.921875 0
vt 0.207031 0.921875 0
vt 0.222656 0.921875 0
vt 0.222656 0.921875 0
vt 0.222656 0.921875 0
vt 0.222656 0.921875 0
vt 0.175781 0.921875 0
vt 0.175781 0.921875 0
vt 0.175781 0.921875 0
vt 0.175781 0.921875 0
vt 0.160156 0.921875 0
vt 0.160156 0.921875 0
vt 0.160156 0.921875 0
vt 0.191406 0.921875 0
vt 0.128906 0.921875 0
vt 0.128906 0.921875 0
vt 0.128906 0.921875 0
vt 0.128906 0.921875 0
vt 0.238281 0.921875 0
vt 0.238281 0.921875 0
vt 0.238281 0.921875 0
vt 0.238281 0.921875 0
vt 0.160156 0.921875 0
vt 0.160156 0.921875 0
vt 0.160156 0.921875 0
vt 0.160156 0.921875 0
vt 0.160156 0.921875 0
vt 0.160156 0.921875 0
vt 0.160156 0.921875 0
vt 0.160156 0.921875 0
vt 0.160156 0.921875 0
vt 0.144531 0.921875 0
vt 0.144531 0.921875 0
vt 0.144531 0.921875 0
vt 0.144531 0.921875 0
vt 0.160156 0.921875 0
vt 0.160156 0.921875 0
vt 0.160156 0.921875 0
vt 0.160156 0.921875 0
vt 0.160156 0.921875 0
vt 0.160156 0.921875 0
vt 0.160156 0.921875 0
vt 0.160156 0.921875 0
vt 0.160156 0.921875 0
vt 0.160156 0.921875 0
vt 0.222656 0.921875 0
vt 0.222656 0.921875 0
vt 0.222656 0.921875 0
vt 0.222656 0.921875 0
vt 0.253906 0.921875 0
vt 0.253906 0.921875 0
vt 0.253906 0.921875 0
vt 0.160156 0.921875 0
vt 0.160156 0.921875 0
vt 0.269531 0.921875 0
vt 0.269531 0.921875 0
vt 0.269531 0.921875 0
vt 0.269531 0.921875 0
vt 0.160156 0.921875 0
vt 0.160156 0.921875 0
vt 0.253906 0.921875 0
vt 0.160156 0.921875 0
vt 0.160156 0.921875 0
vt 0.285156 0.921875 0
vt 0.285156 0.921875 0
vt 0.285156 0.921875 0
vt 0.285156 0.921875 0
vt 0.160156 0.921875 0
vt 0.300781 0.921875 0
vt 0.300781 0.921875 0
vt 0.300781 0.921875 0
vt 0.160156 0.921875 0
vt 0.316406 0.921875 0
vt 0.316406 0.921875 0
vt 0.316406 0.921875 0
vt 0.316406 0.921875 0
vt 0.160156 0.921875 0
vt 0.160156 0.921875 0
vt 0.300781 0.921875 0
vt 0.253906 0.921875 0
vt 0.253906 0.921875 0
vt 0.253906 0.921875 0
vt 0.253906 0.921875 0
vt 0.160156 0.921875 0
vt 0.160156 0.921875 0
vt 0.332031 0.921875 0
vt 0.332031 0.921875 0
vt 0.332031 0.921875 0
vt 0.332031 0.921875 0
vt 0.332031 0.921875 0
vt 0.332031 0.921875 0
vt 0.347656 0.921875 0
vt 0.347656 0.921875 0
vt 0.347656 0.921875 0
vt 0.207031 0.921875 0
vt 0.207031 0.921875 0
vt 0.207031 0.921875 0
vt 0.207031 0.921875 0
vt 0.300781 0.921875 0
vt 0.300781 0.921875 0
vt 0.300781 0.921875 0
vt 0.300781 0.921875 0
vt 0.363281 0.921875 0
vt 0.363281 0.921875 0
vt 0.363281 0.921875 0
vt 0.363281 0.921875 0
vt 0.160156 0.921875 0
vt 0.160156 0.921875 0
vt 0.160156 0.921875 0
vt 0.347656 0.921875 0
vt 0.160156 0.921875 0
vt 0.160156 0.921875 0
vt 0.160156 0.921875 0
vt 0.160156 0.921875 0
vt 0.160156 0.921875 0
vt 0.160156 0.921875 0
vt 0.160156 0.921875 0
vt 0.160156 0.921875 0
vt 0.160156 0.921875 0

f 1769/1769 1768/1768 1767/1767 
f 1772/1772 1771/1771 1770/1770 
f 1772/1772 1774/1774 1773/1773 
f 1770/1770 1767/1767 1772/1772 
f 1772/1772 1773/1773 1771/1771 
f 1767/1767 1768/1768 1772/1772 
f 1773/1773 1775/1775 1771/1771 
f 1778/1778 1777/1777 1776/1776 
f 1778/1778 1779/1779 1777/1777 
f 1781/1781 1780/1780 1769/1769 
f 1782/1782 1781/1781 1769/1769 
f 1769/1769 1767/1767 1782/1782 
f 1782/1782 1783/1783 1773/1773 
f 1782/1782 1773/1773 1781/1781 
f 1786/1786 1785/1785 1784/1784 
f 1787/1787 1786/1786 1784/1784 
f 1789/1789 1788/1788 1786/1786 
f 1786/1786 1790/1790 1785/1785 
f 1787/1787 1789/1789 1786/1786 
f 1792/1792 1789/1789 1791/1791 
f 1789/1789 1792/1792 1793/1793 
f 1789/1789 1793/1793 1788/1788 
f 1789/1789 1794/1794 1791/1791 
f 1784/1784 1794/1794 1787/1787 
f 1784/1784 1791/1791 1794/1794 
f 1797/1797 1796/1796 1795/1795 
f 1800/1800 1799/1799 1798/1798 
f 1801/1801 1800/1800 1798/1798 
f 1800/1800 1802/1802 1799/1799 
f 1800/1800 1803/1803 1802/1802 
f 1797/1797 1795/1795 1801/1801 
f 1795/1795 1804/1804 1801/1801 
f 1801/1801 1798/1798 1797/1797 
f 1795/1795 1806/1806 1805/1805 
f 1795/1795 1807/1807 1806/1806 
f 1795/1795 1805/1805 1804/1804 
f 1810/1810 1809/1809 1808/1808 
f 1813/1813 1812/1812 1811/1811 
f 1815/1815 1814/1814 1813/1813 
f 1813/1813 1811/1811 1815/1815 
f 1813/1813 1816/1816 1812/1812 
f 1815/1815 1818/1818 1817/1817 
f 1815/1815 1819/1819 1818/1818 
f 1815/1815 1817/1817 1814/1814 
f 1815/1815 1820/1820 1819/1819 
f 1817/1817 1822/1822 1821/1821 
f 1817/1817 1821/1821 1814/1814 
f 1825/1825 1824/1824 1823/1823 
f 1809/1809 1826/1826 1808/1808 
f 1809/1809 1827/1827 1826/1826 
f 1810/1810 1808/1808 1825/1825 
f 1808/1808 1828/1828 1825/1825 
f 1825/1825 1823/1823 1810/1810 
f 1825/1825 1829/1829 1824/1824 
f 1832/1832 1831/1831 1830/1830 
f 1833/1833 1832/1832 1830/1830 
f 1830/1830 1831/1831 1834/1834 
f 1830/1830 1834/1834 1835/1835 
f 1838/1838 1837/1837 1836/1836 
f 1837/1837 1839/1839 1836/1836 
f 1842/1842 1841/1841 1840/1840 
f 1842/1842 1840/1840 1843/1843 
f 1846/1846 1845/1845 1844/1844 
f 1846/1846 1847/1847 1845/1845 
f 1850/1850 1849/1849 1848/1848 
f 1852/1852 1848/1848 1851/1851 
f 1848/1848 1853/1853 1851/1851 
f 1850/1850 1848/1848 1852/1852 
f 1856/1856 1855/1855 1854/1854 
f 1856/1856 1857/1857 1855/1855 
f 1860/1860 1859/1859 1858/1858 
f 1863/1863 1862/1862 1861/1861 
f 1863/1863 1861/1861 1864/1864 
f 1867/1867 1866/1866 1865/1865 
f 1866/1866 1868/1868 1865/1865 
f 1871/1871 1870/1870 1869/1869 
f 1871/1871 1869/1869 1872/1872 
f 1875/1875 1874/1874 1873/1873 
f 1859/1859 1876/1876 1858/1858 
f 1879/1879 1878/1878 1877/1877 
f 1879/1879 1877/1877 1880/1880 
f 1881/1881 1875/1875 1873/1873 
f 1883/1883 1882/1882 1881/1881 
f 1882/1882 1875/1875 1881/1881 
f 1886/1886 1885/1885 1884/1884 
f 1889/1889 1888/1888 1887/1887 
f 1891/1891 1890/1890 1889/1889 
f 1889/1889 1890/1890 1888/1888 
f 1891/1891 1892/1892 1890/1890 
f 1895/1895 1894/1894 1893/1893 
f 1895/1895 1896/1896 1894/1894 
f 1897/1897 1896/1896 1895/1895 
f 1897/1897 1898/1898 1896/1896 
f 1901/1901 1900/1900 1899/1899 
f 1902/1902 1886/1886 1884/1884 
f 1903/1903 1886/1886 1902/1902 
f 1906/1906 1905/1905 1904/1904 
f 1905/1905 1907/1907 1904/1904 
f 1908/1908 1898/1898 1897/1897 
f 1908/1908 1909/1909 1898/1898 
f 1912/1912 1911/1911 1910/1910 
f 1901/1901 1899/1899 1913/1913 
f 1915/1915 1914/1914 1903/1903 
f 1903/1903 1914/1914 1886/1886 
f 1915/1915 1916/1916 1914/1914 
f 1919/1919 1918/1918 1917/1917 
f 1920/1920 1919/1919 1917/1917 
f 1923/1923 1922/1922 1921/1921 
f 1912/1912 1910/1910 1924/1924 
f 1927/1927 1926/1926 1925/1925 
f 1927/1927 1925/1925 1928/1928 
f 1931/1931 1930/1930 1929/1929 
f 1931/1931 1929/1929 1932/1932 
f 1923/1923 1933/1933 1922/1922 
f 1936/1936 1935/1935 1934/1934 
f 1937/1937 1936/1936 1934/1934 
f 1934/1934 1935/1935 1938/1938 
f 1934/1934 1938/1938 1939/1939 
f 1942/1942 1941/1941 1940/1940 
f 1943/1943 1942/1942 1940/1940 
f 1940/1940 1945/1945 1944/1944 
f 1940/1940 1941/1941 1945/1945 
f 1947/1947 1946/1946 1942/1942 
f 1947/1947 1942/1942 1943/1943 
f 1950/1950 1949/1949 1948/1948 
f 1953/1953 1952/1952 1951/1951 
f 1952/1952 1954/1954 1951/1951 
f 1957/1957 1956/1956 1955/1955 
f 1958/1958 1957/1957 1955/1955 
f 1961/1961 1960/1960 1959/1959 
f 1961/1961 1959/1959 1962/1962 
f 1965/1965 1964/1964 1963/1963 
f 1950/1950 1948/1948 1966/1966 
f 1969/1969 1968/1968 1967/1967 
f 1969/1969 1967/1967 1970/1970 
f 1973/1973 1972/1972 1971/1971 
f 1973/1973 1971/1971 1974/1974 
f 1964/1964 1975/1975 1963/1963 
f 1978/1978 1977/1977 1976/1976 
f 1981/1981 1980/1980 1979/1979 
f 1980/1980 1982/1982 1979/1979 
f 1985/1985 1984/1984 1983/1983 
f 1985/1985 1983/1983 1986/1986 
f 1989/1989 1988/1988 1987/1987 
f 1989/1989 1990/1990 1988/1988 
f 1993/1993 1992/1992 1991/1991 
f 1978/1978 1976/1976 1994/1994 
f 1997/1997 1996/1996 1995/1995 
f 1996/1996 1998/1998 1995/1995 
f 2001/2001 2000/2000 1999/1999 
f 2000/2000 2002/2002 1999/1999 
f 2003/2003 1993/1993 1991/1991 
f 2006/2006 2005/2005 2004/2004 
f 2009/2009 2008/2008 2007/2007 
f 2009/2009 2007/2007 2010/2010 
f 2013/2013 2012/2012 2011/2011 
f 2013/2013 2014/2014 2012/2012 
f 2017/2017 2016/2016 2015/2015 
f 2017/2017 2015/2015 2018/2018 
f 2021/2021 2020/2020 2019/2019 
f 2005/2005 2022/2022 2004/2004 
f 2025/2025 2024/2024 2023/2023 
f 2025/2025 2026/2026 2024/2024 
f 2029/2029 2028/2028 2027/2027 
f 2029/2029 2027/2027 2030/2030 
f 2021/2021 2031/2031 2020/2020 
f 2034/2034 2033/2033 2032/2032 
f 2037/2037 2036/2036 2035/2035 
f 2037/2037 2038/2038 2036/2036 
f 2041/2041 2040/2040 2039/2039 
f 2041/2041 2042/2042 2040/2040 
f 2045/2045 2044/2044 2043/2043 
f 2046/2046 2045/2045 2043/2043 
f 2033/2033 2047/2047 2032/2032 
f 2050/2050 2049/2049 2048/2048 
f 2053/2053 2052/2052 2051/2051 
f 2053/2053 2051/2051 2054/2054 
f 2057/2057 2056/2056 2055/2055 
f 2057/2057 2055/2055 2058/2058 
f 2061/2061 2060/2060 2059/2059 
f 2064/2064 2063/2063 2062/2062 
f 2064/2064 2065/2065 2063/2063 
f 2068/2068 2067/2067 2066/2066 
f 2067/2067 2069/2069 2066/2066 
f 2072/2072 2071/2071 2070/2070 
f 2072/2072 2073/2073 2071/2071 
f 2076/2076 2075/2075 2074/2074 
f 2061/2061 2059/2059 2077/2077 
f 2080/2080 2079/2079 2078/2078 
f 2080/2080 2081/2081 2079/2079 
f 2084/2084 2083/2083 2082/2082 
f 2084/2084 2085/2085 2083/2083 
f 2086/2086 2076/2076 2074/2074 
f 2089/2089 2088/2088 2087/2087 
f 2089/2089 2090/2090 2088/2088 
f 2093/2093 2092/2092 2091/2091 
f 2093/2093 2091/2091 2094/2094 
f 2097/2097 2096/2096 2095/2095 
f 2095/2095 2098/2098 2097/2097 
f 2100/2100 2099/2099 2096/2096 
f 2100/2100 2101/2101 2099/2099 
f 2102/2102 2101/2101 2100/2100 
f 2102/2102 2104/2104 2103/2103 
f 2102/2102 2100/2100 2104/2104 
f 2102/2102 2103/2103 2105/2105 
f 2098/2098 2103/2103 2104/2104 
f 2098/2098 2107/2107 2106/2106 
f 2098/2098 2106/2106 2108/2108 
f 2098/2098 2108/2108 2103/2103 
f 2098/2098 2095/2095 2107/2107 
f 2111/2111 2110/2110 2109/2109 
f 2111/2111 2109/2109 2112/2112 
f 2115/2115 2114/2114 2113/2113 
f 2115/2115 2116/2116 2114/2114 
f 2119/2119 2118/2118 2117/2117 
f 2122/2122 2121/2121 2120/2120 
f 2125/2125 2124/2124 2123/2123 
f 2128/2128 2127/2127 2126/2126 
f 2127/2127 2129/2129 2126/2126 
f 2132/2132 2131/2131 2130/2130 
f 2131/2131 2133/2133 2130/2130 
f 2136/2136 2135/2135 2134/2134 
f 2136/2136 2137/2137 2135/2135 
f 2140/2140 2139/2139 2138/2138 
f 2141/2141 2125/2125 2123/2123 
f 2144/2144 2143/2143 2142/2142 
f 2143/2143 2145/2145 2142/2142 
f 2148/2148 2147/2147 2146/2146 
f 2148/2148 2146/2146 2149/2149 
f 2140/2140 2150/2150 2139/2139 
f 2153/2153 2152/2152 2151/2151 
f 2156/2156 2155/2155 2154/2154 
f 2155/2155 2157/2157 2154/2154 
f 2160/2160 2159/2159 2158/2158 
f 2160/2160 2158/2158 2161/2161 
f 2164/2164 2163/2163 2162/2162 
f 2164/2164 2162/2162 2165/2165 
f 2168/2168 2167/2167 2166/2166 
f 2152/2152 2169/2169 2151/2151 
f 2172/2172 2171/2171 2170/2170 
f 2172/2172 2173/2173 2171/2171 
f 2168/2168 2174/2174 2167/2167 
f 2177/2177 2176/2176 2175/2175 
f 2180/2180 2179/2179 2178/2178 
f 2181/2181 2180/2180 2178/2178 
f 2184/2184 2183/2183 2182/2182 
f 2184/2184 2186/2186 2185/2185 
f 2185/2185 2187/2187 2184/2184 
f 2184/2184 2182/2182 2188/2188 
f 2184/2184 2188/2188 2186/2186 
f 2185/2185 2177/2177 2187/2187 
f 2177/2177 2189/2189 2187/2187 
f 2177/2177 2175/2175 2189/2189 
f 2177/2177 2190/2190 2176/2176 
f 2193/2193 2192/2192 2191/2191 
f 2196/2196 2195/2195 2194/2194 
f 2195/2195 2197/2197 2194/2194 
f 2200/2200 2199/2199 2198/2198 
f 2200/2200 2198/2198 2201/2201 
f 2204/2204 2203/2203 2202/2202 
f 2204/2204 2202/2202 2205/2205 
f 2208/2208 2207/2207 2206/2206 
f 2211/2211 2210/2210 2209/2209 
f 2211/2211 2209/2209 2212/2212 
f 2215/2215 2214/2214 2213/2213 
f 2215/2215 2213/2213 2216/2216 
f 2219/2219 2218/2218 2217/2217 
f 2218/2218 2220/2220 2217/2217 
f 2208/2208 2221/2221 2207/2207 
f 2224/2224 2223/2223 2222/2222 
f 2227/2227 2226/2226 2225/2225 
f 2227/2227 2225/2225 2228/2228 
f 2231/2231 2230/2230 2229/2229 
f 2231/2231 2229/2229 2232/2232 
f 2235/2235 2234/2234 2233/2233 
f 2238/2238 2237/2237 2236/2236 
f 2238/2238 2236/2236 2239/2239 
f 2242/2242 2241/2241 2240/2240 
f 2242/2242 2240/2240 2243/2243 
f 2246/2246 2245/2245 2244/2244 
f 2246/2246 2244/2244 2247/2247 
f 2250/2250 2249/2249 2248/2248 
f 2235/2235 2233/2233 2251/2251 
f 2254/2254 2253/2253 2252/2252 
f 2254/2254 2255/2255 2253/2253 
f 2258/2258 2257/2257 2256/2256 
f 2257/2257 2259/2259 2256/2256 
f 2250/2250 2248/2248 2260/2260 
f 2263/2263 2262/2262 2261/2261 
f 2266/2266 2265/2265 2264/2264 
f 2265/2265 2267/2267 2264/2264 
f 2270/2270 2269/2269 2268/2268 
f 2269/2269 2271/2271 2268/2268 
f 2274/2274 2273/2273 2272/2272 
f 2274/2274 2272/2272 2275/2275 
f 2278/2278 2277/2277 2276/2276 
f 2263/2263 2261/2261 2279/2279 
f 2282/2282 2281/2281 2280/2280 
f 2283/2283 2282/2282 2280/2280 
f 2286/2286 2285/2285 2284/2284 
f 2285/2285 2287/2287 2284/2284 
f 2278/2278 2276/2276 2288/2288 
f 2291/2291 2290/2290 2289/2289 
f 2291/2291 2289/2289 2292/2292 
f 2295/2295 2294/2294 2293/2293 
f 2298/2298 2297/2297 2296/2296 
f 2298/2298 2299/2299 2297/2297 
f 2301/2301 2297/2297 2300/2300 
f 2301/2301 2296/2296 2297/2297 
f 2296/2296 2303/2303 2302/2302 
f 2301/2301 2303/2303 2296/2296 
f 2295/2295 2296/2296 2302/2302 
f 2295/2295 2304/2304 2296/2296 
f 2301/2301 2305/2305 2293/2293 
f 2293/2293 2294/2294 2301/2301 
f 2301/2301 2300/2300 2305/2305 
f 2295/2295 2302/2302 2294/2294 
f 2295/2295 2306/2306 2304/2304 
f 2309/2309 2308/2308 2307/2307 
f 2309/2309 2310/2310 2308/2308 
f 2309/2309 2311/2311 2310/2310 
f 2309/2309 2313/2313 2312/2312 
f 2309/2309 2312/2312 2311/2311 
f 2314/2314 2307/2307 2308/2308 
f 2314/2314 2315/2315 2307/2307 
f 2314/2314 2308/2308 2316/2316 
f 2314/2314 2313/2313 2315/2315 
f 2314/2314 2318/2318 2317/2317 
f 2314/2314 2312/2312 2313/2313 
f 2314/2314 2317/2317 2312/2312 
f 2321/2321 2320/2320 2319/2319 
f 2324/2324 2323/2323 2322/2322 
f 2324/2324 2322/2322 2325/2325 
f 2328/2328 2327/2327 2326/2326 
f 2328/2328 2329/2329 2327/2327 
f 2332/2332 2331/2331 2330/2330 
f 2332/2332 2333/2333 2331/2331 
f 2336/2336 2335/2335 2334/2334 
f 2321/2321 2337/2337 2320/2320 
f 2340/2340 2339/2339 2338/2338 
f 2340/2340 2341/2341 2339/2339 
f 2344/2344 2343/2343 2342/2342 
f 2344/2344 2342/2342 2335/2335 
f 2336/2336 2344/2344 2335/2335 
f 2347/2347 2346/2346 2345/2345 
f 2350/2350 2349/2349 2348/2348 
f 2350/2350 2351/2351 2349/2349 
f 2354/2354 2353/2353 2352/2352 
f 2354/2354 2355/2355 2353/2353 
f 2346/2346 2356/2356 2345/2345 
f 2346/2346 2357/2357 2356/2356 
f 2360/2360 2359/2359 2358/2358 
f 2347/2347 2345/2345 2361/2361 
f 2364/2364 2363/2363 2362/2362 
f 2364/2364 2365/2365 2363/2363 
f 2366/2366 2336/2336 2334/2334 
f 2366/2366 2334/2334 2367/2367 
f 2360/2360 2358/2358 2368/2368 
f 2371/2371 2370/2370 2369/2369 
f 2374/2374 2373/2373 2372/2372 
f 2374/2374 2372/2372 2375/2375 
f 2378/2378 2377/2377 2376/2376 
f 2377/2377 2378/2378 2379/2379 
f 2382/2382 2381/2381 2380/2380 
f 2382/2382 2380/2380 2383/2383 
f 2386/2386 2385/2385 2384/2384 
f 2371/2371 2387/2387 2370/2370 
f 2390/2390 2389/2389 2388/2388 
f 2390/2390 2391/2391 2389/2389 
f 2394/2394 2393/2393 2392/2392 
f 2394/2394 2395/2395 2393/2393 
f 2386/2386 2384/2384 2396/2396 
f 2398/2398 2396/2396 2397/2397 
f 2398/2398 2386/2386 2396/2396 
f 2401/2401 2400/2400 2399/2399 
f 2401/2401 2402/2402 2400/2400 
f 2403/2403 2401/2401 2399/2399 
f 2403/2403 2399/2399 2404/2404 
f 2407/2407 2406/2406 2405/2405 
f 2407/2407 2405/2405 2408/2408 
f 2411/2411 2410/2410 2409/2409 
f 2410/2410 2413/2413 2412/2412 
f 2410/2410 2412/2412 2409/2409 
f 2413/2413 2414/2414 2412/2412 
f 2411/2411 2409/2409 2415/2415 
f 2413/2413 2416/2416 2414/2414 
f 2417/2417 2411/2411 2415/2415 
f 2417/2417 2415/2415 2418/2418 
f 2421/2421 2420/2420 2419/2419 
f 2421/2421 2419/2419 2422/2422 
f 2425/2425 2424/2424 2423/2423 
f 2426/2426 2403/2403 2404/2404 
f 2426/2426 2404/2404 2427/2427 
f 2430/2430 2429/2429 2428/2428 
f 2430/2430 2431/2431 2429/2429 
f 2432/2432 2398/2398 2397/2397 
f 2432/2432 2397/2397 2433/2433 
f 2425/2425 2423/2423 2434/2434 
f 2435/2435 2417/2417 2418/2418 
f 2435/2435 2418/2418 2436/2436 
f 2439/2439 2438/2438 2437/2437 
f 2439/2439 2437/2437 2440/2440 
f 2441/2441 2426/2426 2427/2427 
f 2444/2444 2443/2443 2442/2442 
f 2441/2441 2427/2427 2445/2445 
f 2448/2448 2447/2447 2446/2446 
f 2448/2448 2449/2449 2447/2447 
f 2450/2450 2435/2435 2436/2436 
f 2450/2450 2436/2436 2451/2451 
f 2444/2444 2452/2452 2443/2443 
f 2455/2455 2454/2454 2453/2453 
f 2455/2455 2456/2456 2454/2454 
f 2457/2457 2432/2432 2433/2433 
f 2457/2457 2433/2433 2458/2458 
f 2461/2461 2460/2460 2459/2459 
f 2461/2461 2459/2459 2462/2462 
f 2460/2460 2463/2463 2459/2459 
f 2460/2460 2464/2464 2463/2463 
f 2467/2467 2466/2466 2465/2465 
f 2470/2470 2469/2469 2468/2468 
f 2470/2470 2468/2468 2471/2471 
f 2474/2474 2473/2473 2472/2472 
f 2474/2474 2472/2472 2475/2475 
f 2478/2478 2477/2477 2476/2476 
f 2478/2478 2479/2479 2477/2477 
f 2482/2482 2481/2481 2480/2480 
f 2467/2467 2483/2483 2466/2466 
f 2484/2484 2457/2457 2458/2458 
f 2484/2484 2458/2458 2485/2485 
f 2488/2488 2487/2487 2486/2486 
f 2488/2488 2482/2482 2487/2487 
f 2482/2482 2480/2480 2487/2487 
f 2489/2489 2484/2484 2485/2485 
f 2489/2489 2485/2485 2490/2490 
f 2481/2481 2492/2492 2491/2491 
f 2481/2481 2491/2491 2480/2480 
f 2492/2492 2489/2489 2490/2490 
f 2492/2492 2490/2490 2491/2491 

g Mesh0
usemtl Mat0
v 660 -62 83
v 617 -184 153
v 498 -74 90
v 765 -44 73
v 811 23 33
v 918 -126 120
v 790 200 -68
v 969 83 0
v 699 102 -12
v 811 23 33
v 811 2 -1
v 765 -44 73
v 765 -65 37
v 495 137 -32
v 615 199 -68
v 611 31 29
v 699 103 -12
v -354 312 -83
v -164 -154 185
v -378 -82 144
v -391 31 78
v -579 -19 108
v -570 87 46
v -370 -153 185
v -527 344 -102
v -828 -32 115
v -656 -91 149
v -448 249 -47
v -1127 377 -91
v -992 378 -91
v -944 243 -14
v -877 378 -91
v -717 337 -68
v -742 15 117
v -853 141 44
v -565 -59 160
v -737 -126 199
v -939 -22 139
v -1060 134 48
v -1037 -143 209
v -1234 -144 209
v -687 451 -169
v -639 816 -380
v -633 570 -238
v -177 752 -376
v 108 783 -394
v -12 706 -349
v -24 627 -304
v -92 441 -196
v 82 705 -349
v -23 588 -282
v 8 500 -230
v 147 541 -254
v 183 482 -220
v 88 635 -308
v 88 595 -285
v -559 610 -261
v -568 747 -340
v -455 560 -232
v -758 540 -221
v -763 816 -380
v -510 485 -189
v -480 764 -350
v -540 -80 149
v -565 -59 160
v -717 337 -68
v -701 343 -95
v -737 -126 199
v -757 -165 198
v -762 -2 104
v -737 -126 199
v -757 -165 198
v -742 15 117
v -853 141 44
v -742 15 117
v -762 -2 104
v -849 95 47
v -701 343 -95
v -717 337 -68
v -888 390 -122
v -877 378 -91
v -1037 -143 209
v -1060 134 48
v -1033 57 69
v -1259 -174 203
v -1015 -173 202
v -1234 -144 209
v -1144 386 -120
v -1127 377 -91
v -1259 -174 203
v -1234 -144 209
v -941 285 -61
v -992 378 -91
v -977 387 -120
v -1060 134 48
v -939 -22 139
v -936 -69 142
v -1033 57 69
v -936 -69 142
v -853 141 44
v -849 95 47
v -939 -22 139
v -992 378 -91
v -1127 377 -91
v -1144 386 -120
v -977 387 -120
v -92 441 -196
v -107 408 -201
v -203 759 -404
v -944 243 -14
v -877 378 -91
v -944 243 -14
v -941 285 -61
v -888 390 -122
v -177 752 -376
v 137 795 -425
v 108 783 -394
v 88 635 -308
v 108 645 -338
v 109 566 -292
v 147 541 -254
v 157 554 -285
v 183 482 -220
v 215 457 -229
v -92 441 -196
v -107 408 -201
v 108 783 -394
v 137 795 -425
v 82 705 -349
v 97 675 -355
v -12 706 -349
v 5 676 -356
v 0 638 -334
v 108 645 -338
v 88 635 -308
v 88 595 -285
v -23 588 -282
v 8 500 -230
v 157 554 -285
v 147 541 -254
v 21 514 -262
v -24 627 -304
v 0 638 -334
v -779 523 -234
v -783 825 -409
v -763 816 -380
v -24 627 -304
v 4 560 -289
v 8 500 -230
v 21 514 -262
v -763 816 -380
v -783 825 -409
v -619 825 -409
v -639 816 -380
v -639 816 -380
v -619 825 -409
v -633 570 -238
v -758 540 -221
v -590 752 -367
v -462 777 -381
v -480 764 -350
v -568 747 -340
v -695 420 -175
v -779 523 -234
v -758 540 -221
v -687 451 -169
v -613 593 -275
v -559 610 -261
v -580 611 -285
v -590 752 -367
v -568 747 -340
v -613 593 -275
v -633 570 -238
v -455 560 -232
v -433 545 -247
v -498 458 -197
v -510 485 -189
v -480 764 -350
v -462 777 -381
v -695 420 -175
v -687 451 -169
v 796 209 -97
v 992 81 -23
v 969 83 0
v 498 -74 90
v 474 139 -56
v 495 137 -32
v 478 -93 77
v 969 83 0
v 992 81 -23
v 935 -153 112
v 918 -126 120
v 935 -153 112
v 610 -215 148
v 617 -184 153
v 918 -126 120
v 811 23 33
v 700 67 -15
v 699 103 -12
v 790 200 -68
v 752 -37 45
v 783 8 18
v 811 23 33
v 765 -44 73
v 671 -50 52
v 752 -37 45
v 765 -44 73
v 660 -62 83
v 783 8 18
v 610 209 -97
v 796 209 -97
v 790 200 -68
v 611 31 29
v 671 -50 52
v 660 -62 83
v 636 16 14
v 610 -215 148
v 478 -93 77
v 498 -74 90
v 617 -184 153
v 699 103 -12
v 700 67 -15
v 611 31 29
v 636 16 14
v -370 -153 185
v -388 -183 179
v -397 -107 135
v 615 199 -68
v 495 137 -32
v 610 209 -97
v 615 199 -68
v 474 139 -56
v -164 -154 185
v -388 -183 179
v -370 -153 185
v -134 -183 179
v -378 -82 144
v -354 312 -83
v -134 -183 179
v -164 -154 185
v -651 -124 144
v -861 -51 103
v -828 -32 115
v -656 -91 149
v -579 -19 108
v -573 -52 103
v -656 -91 149
v -651 -124 144
v -397 -107 135
v -573 -52 103
v -579 -19 108
v -378 -82 144
v -391 31 78
v -420 50 43
v -448 249 -47
v -339 318 -110
v -570 87 46
v -537 87 22
v -391 31 78
v -420 50 43
v -861 -51 103
v -536 356 -132
v -527 344 -102
v -828 -32 115
v -457 194 -38
v 344 596 -327
v 310 758 -397
v 334 706 -391
v -448 249 -47
v -457 194 -38
v -570 87 46
v -537 87 22
v -527 344 -102
v -536 356 -132
v -354 312 -83
v -339 318 -110
v 152 804 -447
v 175 795 -419
v 210 423 -204
v 192 393 -210
v 324 598 -305
v 342 578 -294
v 324 598 -305
v 344 596 -327
v 568 489 -242
v 462 556 -281
v 497 547 -299
v 604 480 -260
v 519 600 -306
v 509 744 -389
v 529 744 -413
v 541 581 -318
v 336 532 -267
v 462 417 -200
v 461 382 -203
v 461 382 -203
v 462 417 -200
v 604 480 -260
v 568 489 -242
v 497 547 -299
v 519 600 -306
v 541 581 -318
v 462 556 -281
v 529 744 -413
v 509 744 -389
v 440 807 -449
v 434 797 -420
v 360 395 -211
v 339 425 -205
v 336 532 -267
v 357 475 -258
v 411 652 -360
v 444 663 -343
v 344 596 -327
v 342 578 -294
v 334 706 -391
v 310 758 -397
v 411 652 -360
v 444 663 -343
v 357 475 -258
v 440 807 -449
v 434 797 -420
v 152 804 -447
v 175 795 -419
v 210 423 -204
v 339 425 -205
v 360 395 -211
v 192 393 -210
v 336 532 -267
v 339 425 -205
v 324 598 -305
v 342 578 -294
v 210 423 -204
v 310 758 -397
v 175 795 -419
v 434 797 -420
v 519 600 -306
v 444 663 -343
v 509 744 -389
v 568 489 -242
v 462 417 -200
v 462 556 -281
v 284 326 -128
v 277 -168 157
v 256 -197 150
v 263 335 -157
v 256 -197 150
v 277 -168 157
v 496 -198 151
v 476 -168 157
v 496 -198 151
v 476 -168 157
v 437 336 -157
v 476 -168 157
v 417 326 -128
v 437 336 -157
v -1140 536 -218
v -1182 531 -239
v -1043 585 -270
v 437 336 -157
v 284 326 -128
v 263 335 -157
v 417 326 -128
v -1159 713 -320
v -1036 841 -418
v -1027 832 -389
v -1190 702 -337
v -1004 589 -249
v -1043 585 -270
v -1159 713 -320
v -1190 702 -337
v -948 761 -348
v -946 728 -353
v -1030 702 -314
v -1004 589 -249
v -1027 459 -173
v -1182 531 -239
v -1140 536 -218
v -1030 426 -179
v -1036 841 -418
v -861 841 -418
v -868 831 -389
v -1027 832 -389
v -989 697 -335
v -1030 702 -314
v -786 618 -289
v -814 618 -265
v -869 717 -323
v -946 728 -353
v -948 761 -348
v -867 683 -327
v -846 489 -215
v -1030 426 -179
v -1027 459 -173
v -862 515 -206
v -861 841 -418
v -762 766 -374
v -795 776 -356
v -868 831 -389
v -814 618 -265
v -786 618 -289
v -862 515 -206
v -989 697 -335
v -795 776 -356
v -762 766 -374
v -869 717 -323
v -867 683 -327
v -846 489 -215
v -862 515 -206
v -1027 459 -173
v -1004 589 -249
v 284 326 -128
v 417 326 -128
v 476 -168 157
v 277 -168 157
v -795 776 -356
v -869 717 -323
v -948 761 -348
v -1159 713 -320
v -1027 832 -389
v -1030 702 -314
v -868 831 -389
v -814 618 -265
v -1140 536 -218
v 230 73 1
v 142 22 30
v 105 33 48
v 260 -69 107
v 120 -201 160
v 122 -166 163
v 295 -78 89
v 142 22 30
v 295 -78 89
v 260 -69 107
v 105 33 48
v 120 -201 160
v -19 -79 89
v -38 -26 82
v 122 -166 163
v -22 62 31
v -24 75 0
v 101 165 -28
v -19 -79 89
v -22 -169 141
v -42 -140 148
v -38 -26 82
v -22 -169 141
v -220 -176 145
v -199 -145 151
v -42 -140 148
v 206 268 -87
v 230 73 1
v 209 94 12
v 226 271 -113
v 68 154 -45
v -45 80 20
v -24 75 0
v -22 62 31
v 12 362 -165
v 226 271 -113
v 206 268 -87
v 8 353 -136
v 68 154 -45
v -23 222 -84
v -43 272 -89
v 101 165 -28
v -283 394 -171
v -419 394 -172
v -399 424 -165
v -43 272 -89
v -23 222 -84
v -24 75 0
v -45 80 20
v -220 -176 145
v -218 362 -165
v -198 352 -136
v -199 -145 151
v -218 362 -165
v 12 362 -165
v 8 353 -136
v -198 352 -136
v -126 768 -388
v -111 583 -281
v -132 599 -266
v -303 423 -165
v -399 424 -165
v -419 394 -172
v -400 811 -389
v -421 820 -418
v -238 810 -388
v -126 768 -388
v -145 766 -363
v -233 819 -417
v -145 766 -363
v -215 678 -336
v -289 690 -343
v -310 724 -338
v -132 599 -266
v -196 474 -218
v -206 503 -211
v -111 583 -281
v -400 811 -389
v -233 819 -417
v -238 810 -388
v -421 820 -418
v -235 614 -299
v -215 678 -336
v -189 704 -327
v -219 607 -271
v -289 690 -343
v -284 606 -294
v -304 593 -263
v -189 704 -327
v -206 503 -211
v -196 474 -218
v -283 473 -218
v -303 503 -211
v -304 593 -263
v -235 614 -299
v -219 607 -271
v -284 606 -294
v -310 724 -338
v -283 473 -218
v -283 394 -171
v -303 423 -165
v -303 503 -211
v 8 353 -136
v -43 272 -89
v -198 352 -136
v -38 -26 82
v 105 33 48
v 122 -166 163
v 260 -69 107
v 209 94 12
v 101 165 -28
v -45 80 20
v -22 62 31
v -42 -140 148
v 206 268 -87
v -199 -145 151
v -189 704 -327
v -145 766 -363
v -219 607 -271
v -132 599 -266
v -206 503 -211
v -303 503 -211
v -304 593 -263
v -400 811 -389
v -310 724 -338
v -238 810 -388
v -303 423 -165
v -399 424 -165
v 1414 255 -396
v 1414 176 -350
v 1414 378 -183
v 1462 255 -396
v 1462 378 -183
v 1462 447 -223
v 1462 325 -436
v 1462 255 -396
v 1414 255 -396
v 1462 378 -183
v 1414 378 -183
v 1414 325 -436
v 1462 325 -436
v 1414 447 -223
v 1462 447 -223
v 1120 328 -438
v 1333 563 -573
v 1120 451 -225
v 1414 299 -137
v 1414 563 -573
v 1414 325 -436
v 1414 685 -360
v 1414 447 -223
v 1414 563 -573
v 1414 685 -360
v 1333 685 -360
v 1320 327 -437
v 1320 450 -224
v 1229 450 -224
v 1414 176 -350
v 1320 176 -350
v 1414 299 -137
v 1320 299 -137
v 1320 176 -350
v 1320 255 -396
v 1320 299 -137
v 1320 378 -183
v 1320 430 -497
v 1320 553 -284
v 1123 255 -396
v 1123 378 -183
v 1320 378 -183
v 1229 327 -437
v 1320 430 -497
v 1229 327 -437
v 1320 553 -284
v 1229 450 -224
v 1123 378 -183
v 1123 255 -396
v 1320 255 -396
v 1026 403 -481
v 1060 366 -459
v 1026 526 -269
v 1068 254 -395
v 1068 376 -182
v 1075 426 -211
v 1075 304 -423
v 1060 366 -459
v 1075 304 -423
v 1060 488 -247
v 1075 426 -211
v 1035 213 -371
v 1035 335 -158
v 1068 376 -182
v 1068 254 -395
v 1013 571 -578
v 1013 694 -366
v 956 696 -367
v 1060 488 -247
v 1013 571 -578
v 1012 494 -533
v 1013 694 -366
v 1012 616 -321
v 1035 213 -371
v 979 183 -354
v 1035 335 -158
v 979 306 -141
v 956 573 -579
v 884 564 -574
v 884 687 -361
v 978 423 -492
v 1026 403 -481
v 978 546 -280
v 1026 526 -269
v 923 552 -283
v 923 429 -496
v 959 494 -533
v 959 616 -321
v 1012 616 -321
v 1012 494 -533
v 968 271 -405
v 968 394 -192
v 939 375 -182
v 972 306 -425
v 972 429 -212
v 960 339 -444
v 939 253 -394
v 960 462 -231
v 908 370 -179
v 908 248 -391
v 916 169 -346
v 916 292 -133
v 979 306 -141
v 979 183 -354
v 909 486 -529
v 909 608 -316
v 959 616 -321
v 868 547 -281
v 868 424 -493
v 960 339 -444
v 936 350 -450
v 960 462 -231
v 936 473 -238
v 806 655 -343
v 806 532 -555
v 959 494 -533
v 878 371 -179
v 878 249 -392
v 900 352 -451
v 900 475 -239
v 936 473 -238
v 936 350 -450
v 825 530 -271
v 916 169 -346
v 840 177 -350
v 916 292 -133
v 825 407 -483
v 909 486 -529
v 872 471 -520
v 909 608 -316
v 872 593 -307
v 852 382 -185
v 852 259 -398
v 840 299 -138
v 900 352 -451
v 863 346 -448
v 900 475 -239
v 863 468 -235
v 753 600 -311
v 753 477 -524
v 841 446 -506
v 841 569 -293
v 872 593 -307
v 872 471 -520
v 825 407 -483
v 825 530 -271
v 840 177 -350
v 786 199 -363
v 840 299 -138
v 826 321 -434
v 826 444 -221
v 863 468 -235
v 863 346 -448
v 852 259 -398
v 852 382 -185
v 833 407 -200
v 833 284 -412
v 826 321 -434
v 833 284 -412
v 826 444 -221
v 833 407 -200
v 729 283 -411
v 729 405 -199
v 747 364 -175
v 786 322 -151
v 729 550 -283
v 729 428 -495
v 786 199 -363
v 747 242 -388
v 786 322 -151
v 720 506 -257
v 720 384 -470
v 720 333 -440
v 720 455 -228

vt 0.810547 0.240234 0
vt 0.796875 0.144531 0
vt 0.742188 0.222656 0
vt 0.855469 0.257813 0
vt 0.873047 0.310547 0
vt 0.923828 0.201172 0
vt 0.857422 0.443359 0
vt 0.939453 0.361328 0
vt 0.822266 0.365234 0
vt 0.873047 0.310547 0
vt 0.873047 0.310547 0
vt 0.855469 0.257813 0
vt 0.855469 0.257813 0
vt 0.732422 0.384766 0
vt 0.783203 0.435547 0
vt 0.787109 0.308594 0
vt 0.822266 0.365234 0
vt 0.371094 0.462891 0
vt 0.46875 0.119141 0
vt 0.375 0.164063 0
vt 0.365234 0.25 0
vt 0.285156 0.203125 0
vt 0.285156 0.283203 0
vt 0.380859 0.109375 0
vt 0.296875 0.480469 0
vt 0.179688 0.183594 0
vt 0.255859 0.144531 0
vt 0.333984 0.412109 0
vt 0.037109 0.470703 0
vt 0.095703 0.476563 0
vt 0.121094 0.376953 0
vt 0.144531 0.482422 0
vt 0.214844 0.457031 0
vt 0.214844 0.212891 0
vt 0.162109 0.302734 0
vt 0.292969 0.164063 0
vt 0.222656 0.105469 0
vt 0.130859 0.175781 0
vt 0.074219 0.289063 0
vt 0.09375 0.080078 0
vt 0.007813 0.072266 0
vt 0.224609 0.556641 0
vt 0.232422 0.835938 0
vt 0.242188 0.648438 0
vt 0.431641 0.816406 0
vt 0.554688 0.851563 0
vt 0.505859 0.789063 0
vt 0.501953 0.728516 0
vt 0.478516 0.583984 0
vt 0.546875 0.792969 0
vt 0.503906 0.699219 0
vt 0.521484 0.632813 0
vt 0.580078 0.669922 0
vt 0.597656 0.626953 0
vt 0.550781 0.738281 0
vt 0.552734 0.708984 0
vt 0.273438 0.681641 0
vt 0.265625 0.785156 0
vt 0.320313 0.648438 0
vt 0.189453 0.621094 0
vt 0.179688 0.830078 0
vt 0.298828 0.589844 0
vt 0.302734 0.802734 0
vt 0.304688 0.15625 0
vt 0.292969 0.164063 0
vt 0.214844 0.457031 0
vt 0.220703 0.470703 0
vt 0.222656 0.105469 0
vt 0.214844 0.082031 0
vt 0.207031 0.207031 0
vt 0.222656 0.105469 0
vt 0.214844 0.082031 0
vt 0.214844 0.212891 0
vt 0.162109 0.302734 0
vt 0.214844 0.212891 0
vt 0.207031 0.207031 0
vt 0.166016 0.277344 0
vt 0.220703 0.470703 0
vt 0.214844 0.457031 0
vt 0.138672 0.498047 0
vt 0.144531 0.482422 0
vt 0.09375 0.080078 0
vt 0.074219 0.289063 0
vt 0.087891 0.240234 0
vt -0.001953 0.054688 0
vt 0.103516 0.066406 0
vt 0.007813 0.072266 0
vt 0.029297 0.484375 0
vt 0.037109 0.470703 0
vt -0.001953 0.054688 0
vt 0.007813 0.072266 0
vt 0.119141 0.416016 0
vt 0.095703 0.476563 0
vt 0.101563 0.492188 0
vt 0.074219 0.289063 0
vt 0.130859 0.175781 0
vt 0.134766 0.148438 0
vt 0.087891 0.240234 0
vt 0.134766 0.148438 0
vt 0.162109 0.302734 0
vt 0.166016 0.277344 0
vt 0.130859 0.175781 0
vt 0.095703 0.476563 0
vt 0.037109 0.470703 0
vt 0.029297 0.484375 0
vt 0.101563 0.492188 0
vt 0.478516 0.583984 0
vt 0.472656 0.566406 0
vt 0.419922 0.828125 0
vt 0.121094 0.376953 0
vt 0.144531 0.482422 0
vt 0.121094 0.376953 0
vt 0.119141 0.416016 0
vt 0.138672 0.498047 0
vt 0.431641 0.816406 0
vt 0.566406 0.871094 0
vt 0.554688 0.851563 0
vt 0.550781 0.738281 0
vt 0.558594 0.755859 0
vt 0.5625 0.695313 0
vt 0.580078 0.669922 0
vt 0.583984 0.6875 0
vt 0.597656 0.626953 0
vt 0.611328 0.617188 0
vt 0.478516 0.583984 0
vt 0.472656 0.566406 0
vt 0.554688 0.851563 0
vt 0.566406 0.871094 0
vt 0.546875 0.792969 0
vt 0.552734 0.777344 0
vt 0.505859 0.789063 0
vt 0.513672 0.773438 0
vt 0.511719 0.746094 0
vt 0.558594 0.755859 0
vt 0.550781 0.738281 0
vt 0.552734 0.708984 0
vt 0.503906 0.699219 0
vt 0.521484 0.632813 0
vt 0.583984 0.6875 0
vt 0.580078 0.669922 0
vt 0.525391 0.652344 0
vt 0.501953 0.728516 0
vt 0.511719 0.746094 0
vt 0.181641 0.615234 0
vt 0.169922 0.84375 0
vt 0.179688 0.830078 0
vt 0.501953 0.728516 0
vt 0.517578 0.6875 0
vt 0.521484 0.632813 0
vt 0.525391 0.652344 0
vt 0.179688 0.830078 0
vt 0.169922 0.84375 0
vt 0.240234 0.851563 0
vt 0.232422 0.835938 0
vt 0.232422 0.835938 0
vt 0.240234 0.851563 0
vt 0.242188 0.648438 0
vt 0.189453 0.621094 0
vt 0.255859 0.796875 0
vt 0.308594 0.820313 0
vt 0.302734 0.802734 0
vt 0.265625 0.785156 0
vt 0.220703 0.541016 0
vt 0.181641 0.615234 0
vt 0.189453 0.621094 0
vt 0.224609 0.556641 0
vt 0.25 0.675781 0
vt 0.273438 0.681641 0
vt 0.263672 0.689453 0
vt 0.255859 0.796875 0
vt 0.265625 0.785156 0
vt 0.25 0.675781 0
vt 0.242188 0.648438 0
vt 0.320313 0.648438 0
vt 0.330078 0.646484 0
vt 0.304688 0.578125 0
vt 0.298828 0.589844 0
vt 0.302734 0.802734 0
vt 0.308594 0.820313 0
vt 0.220703 0.541016 0
vt 0.224609 0.556641 0
vt 0.859375 0.458984 0
vt 0.949219 0.369141 0
vt 0.939453 0.361328 0
vt 0.742188 0.222656 0
vt 0.722656 0.392578 0
vt 0.732422 0.384766 0
vt 0.732422 0.216797 0
vt 0.939453 0.361328 0
vt 0.949219 0.369141 0
vt 0.931641 0.189453 0
vt 0.923828 0.201172 0
vt 0.931641 0.189453 0
vt 0.794922 0.128906 0
vt 0.796875 0.144531 0
vt 0.923828 0.201172 0
vt 0.873047 0.310547 0
vt 0.822266 0.347656 0
vt 0.822266 0.365234 0
vt 0.857422 0.443359 0
vt 0.849609 0.269531 0
vt 0.861328 0.306641 0
vt 0.873047 0.310547 0
vt 0.855469 0.257813 0
vt 0.814453 0.255859 0
vt 0.849609 0.269531 0
vt 0.855469 0.257813 0
vt 0.810547 0.240234 0
vt 0.861328 0.306641 0
vt 0.779297 0.451172 0
vt 0.859375 0.458984 0
vt 0.857422 0.443359 0
vt 0.787109 0.308594 0
vt 0.814453 0.255859 0
vt 0.810547 0.240234 0
vt 0.796875 0.304688 0
vt 0.794922 0.128906 0
vt 0.732422 0.216797 0
vt 0.742188 0.222656 0
vt 0.796875 0.144531 0
vt 0.822266 0.365234 0
vt 0.822266 0.347656 0
vt 0.787109 0.308594 0
vt 0.796875 0.304688 0
vt 0.380859 0.109375 0
vt 0.373047 0.09375 0
vt 0.367188 0.152344 0
vt 0.783203 0.435547 0
vt 0.732422 0.384766 0
vt 0.779297 0.451172 0
vt 0.783203 0.435547 0
vt 0.722656 0.392578 0
vt 0.46875 0.119141 0
vt 0.373047 0.09375 0
vt 0.380859 0.109375 0
vt 0.482422 0.105469 0
vt 0.375 0.164063 0
vt 0.371094 0.462891 0
vt 0.482422 0.105469 0
vt 0.46875 0.119141 0
vt 0.257813 0.128906 0
vt 0.166016 0.173828 0
vt 0.179688 0.183594 0
vt 0.255859 0.144531 0
vt 0.285156 0.203125 0
vt 0.289063 0.185547 0
vt 0.255859 0.144531 0
vt 0.257813 0.128906 0
vt 0.367188 0.152344 0
vt 0.289063 0.185547 0
vt 0.285156 0.203125 0
vt 0.375 0.164063 0
vt 0.365234 0.25 0
vt 0.351563 0.269531 0
vt 0.333984 0.412109 0
vt 0.376953 0.476563 0
vt 0.285156 0.283203 0
vt 0.298828 0.292969 0
vt 0.365234 0.25 0
vt 0.351563 0.269531 0
vt 0.166016 0.173828 0
vt 0.291016 0.496094 0
vt 0.296875 0.480469 0
vt 0.179688 0.183594 0
vt 0.330078 0.376953 0
vt 0.662109 0.734375 0
vt 0.642578 0.847656 0
vt 0.654297 0.816406 0
vt 0.333984 0.412109 0
vt 0.330078 0.376953 0
vt 0.285156 0.283203 0
vt 0.298828 0.292969 0
vt 0.296875 0.480469 0
vt 0.291016 0.496094 0
vt 0.371094 0.462891 0
vt 0.376953 0.476563 0
vt 0.572266 0.882813 0
vt 0.582031 0.869141 0
vt 0.611328 0.589844 0
vt 0.603516 0.574219 0
vt 0.654297 0.726563 0
vt 0.662109 0.712891 0
vt 0.654297 0.726563 0
vt 0.662109 0.734375 0
vt 0.761719 0.654297 0
vt 0.714844 0.701172 0
vt 0.728516 0.703125 0
vt 0.777344 0.65625 0
vt 0.738281 0.736328 0
vt 0.728516 0.845703 0
vt 0.736328 0.853516 0
vt 0.746094 0.730469 0
vt 0.660156 0.677734 0
vt 0.71875 0.595703 0
vt 0.71875 0.576172 0
vt 0.71875 0.576172 0
vt 0.71875 0.595703 0
vt 0.777344 0.65625 0
vt 0.761719 0.654297 0
vt 0.728516 0.703125 0
vt 0.738281 0.736328 0
vt 0.746094 0.730469 0
vt 0.714844 0.701172 0
vt 0.736328 0.853516 0
vt 0.728516 0.845703 0
vt 0.697266 0.898438 0
vt 0.693359 0.882813 0
vt 0.675781 0.582031 0
vt 0.666016 0.595703 0
vt 0.660156 0.677734 0
vt 0.671875 0.642578 0
vt 0.689453 0.779297 0
vt 0.703125 0.78125 0
vt 0.662109 0.734375 0
vt 0.662109 0.712891 0
vt 0.654297 0.816406 0
vt 0.642578 0.847656 0
vt 0.689453 0.779297 0
vt 0.703125 0.78125 0
vt 0.671875 0.642578 0
vt 0.697266 0.898438 0
vt 0.693359 0.882813 0
vt 0.572266 0.882813 0
vt 0.582031 0.869141 0
vt 0.611328 0.589844 0
vt 0.666016 0.595703 0
vt 0.675781 0.582031 0
vt 0.603516 0.574219 0
vt 0.660156 0.677734 0
vt 0.666016 0.595703 0
vt 0.654297 0.726563 0
vt 0.662109 0.712891 0
vt 0.611328 0.589844 0
vt 0.642578 0.847656 0
vt 0.582031 0.869141 0
vt 0.693359 0.882813 0
vt 0.738281 0.736328 0
vt 0.703125 0.78125 0
vt 0.728516 0.845703 0
vt 0.761719 0.654297 0
vt 0.71875 0.595703 0
vt 0.714844 0.701172 0
vt 0.644531 0.513672 0
vt 0.658203 0.138672 0
vt 0.650391 0.123047 0
vt 0.636719 0.527344 0
vt 0.650391 0.123047 0
vt 0.658203 0.138672 0
vt 0.753906 0.132813 0
vt 0.744141 0.146484 0
vt 0.753906 0.132813 0
vt 0.744141 0.146484 0
vt 0.710938 0.535156 0
vt 0.744141 0.146484 0
vt 0.703125 0.519531 0
vt 0.710938 0.535156 0
vt 0.025391 0.601563 0
vt 0.007813 0.603516 0
vt 0.066406 0.650391 0
vt 0.710938 0.535156 0
vt 0.644531 0.513672 0
vt 0.636719 0.527344 0
vt 0.703125 0.519531 0
vt 0.011719 0.734375 0
vt 0.060547 0.845703 0
vt 0.064453 0.830078 0
vt -0.001953 0.732422 0
vt 0.082031 0.648438 0
vt 0.066406 0.650391 0
vt 0.011719 0.734375 0
vt -0.001953 0.732422 0
vt 0.101563 0.78125 0
vt 0.101563 0.763672 0
vt 0.068359 0.732422 0
vt 0.082031 0.648438 0
vt 0.076172 0.548828 0
vt 0.007813 0.603516 0
vt 0.025391 0.601563 0
vt 0.076172 0.53125 0
vt 0.060547 0.845703 0
vt 0.134766 0.851563 0
vt 0.132813 0.837891 0
vt 0.064453 0.830078 0
vt 0.085938 0.738281 0
vt 0.068359 0.732422 0
vt 0.175781 0.685547 0
vt 0.164063 0.677734 0
vt 0.136719 0.75 0
vt 0.101563 0.763672 0
vt 0.101563 0.78125 0
vt 0.138672 0.732422 0
vt 0.154297 0.585938 0
vt 0.076172 0.53125 0
vt 0.076172 0.548828 0
vt 0.146484 0.597656 0
vt 0.134766 0.851563 0
vt 0.179688 0.798828 0
vt 0.166016 0.796875 0
vt 0.132813 0.837891 0
vt 0.164063 0.677734 0
vt 0.175781 0.685547 0
vt 0.146484 0.597656 0
vt 0.085938 0.738281 0
vt 0.166016 0.796875 0
vt 0.179688 0.798828 0
vt 0.136719 0.75 0
vt 0.138672 0.732422 0
vt 0.154297 0.585938 0
vt 0.146484 0.597656 0
vt 0.076172 0.548828 0
vt 0.082031 0.648438 0
vt 0.644531 0.513672 0
vt 0.703125 0.519531 0
vt 0.744141 0.146484 0
vt 0.658203 0.138672 0
vt 0.166016 0.796875 0
vt 0.136719 0.75 0
vt 0.101563 0.78125 0
vt 0.011719 0.734375 0
vt 0.064453 0.830078 0
vt 0.068359 0.732422 0
vt 0.132813 0.837891 0
vt 0.164063 0.677734 0
vt 0.025391 0.601563 0
vt 0.630859 0.324219 0
vt 0.59375 0.28125 0
vt 0.578125 0.28125 0
vt 0.648438 0.210938 0
vt 0.591797 0.111328 0
vt 0.591797 0.130859 0
vt 0.664063 0.212891 0
vt 0.59375 0.28125 0
vt 0.664063 0.212891 0
vt 0.648438 0.210938 0
vt 0.578125 0.28125 0
vt 0.591797 0.111328 0
vt 0.527344 0.197266 0
vt 0.519531 0.230469 0
vt 0.591797 0.130859 0
vt 0.521484 0.296875 0
vt 0.521484 0.316406 0
vt 0.572266 0.380859 0
vt 0.527344 0.197266 0
vt 0.529297 0.130859 0
vt 0.521484 0.142578 0
vt 0.519531 0.230469 0
vt 0.529297 0.130859 0
vt 0.445313 0.117188 0
vt 0.453125 0.132813 0
vt 0.521484 0.142578 0
vt 0.613281 0.462891 0
vt 0.630859 0.324219 0
vt 0.621094 0.332031 0
vt 0.623047 0.474609 0
vt 0.558594 0.378906 0
vt 0.511719 0.310547 0
vt 0.521484 0.316406 0
vt 0.521484 0.296875 0
vt 0.527344 0.535156 0
vt 0.623047 0.474609 0
vt 0.613281 0.462891 0
vt 0.525391 0.519531 0
vt 0.558594 0.378906 0
vt 0.515625 0.425781 0
vt 0.505859 0.455078 0
vt 0.572266 0.380859 0
vt 0.398438 0.541016 0
vt 0.339844 0.537109 0
vt 0.347656 0.552734 0
vt 0.505859 0.455078 0
vt 0.515625 0.425781 0
vt 0.521484 0.316406 0
vt 0.511719 0.310547 0
vt 0.445313 0.117188 0
vt 0.427734 0.523438 0
vt 0.4375 0.509766 0
vt 0.453125 0.132813 0
vt 0.427734 0.523438 0
vt 0.527344 0.535156 0
vt 0.525391 0.519531 0
vt 0.4375 0.509766 0
vt 0.455078 0.832031 0
vt 0.466797 0.691406 0
vt 0.457031 0.695313 0
vt 0.388672 0.556641 0
vt 0.347656 0.552734 0
vt 0.339844 0.537109 0
vt 0.333984 0.845703 0
vt 0.326172 0.859375 0
vt 0.404297 0.851563 0
vt 0.455078 0.832031 0
vt 0.445313 0.822266 0
vt 0.40625 0.865234 0
vt 0.445313 0.822266 0
vt 0.417969 0.759766 0
vt 0.386719 0.765625 0
vt 0.376953 0.783203 0
vt 0.457031 0.695313 0
vt 0.433594 0.605469 0
vt 0.427734 0.621094 0
vt 0.466797 0.691406 0
vt 0.333984 0.845703 0
vt 0.40625 0.865234 0
vt 0.404297 0.851563 0
vt 0.326172 0.859375 0
vt 0.412109 0.710938 0
vt 0.417969 0.759766 0
vt 0.429688 0.773438 0
vt 0.419922 0.697266 0
vt 0.386719 0.765625 0
vt 0.390625 0.703125 0
vt 0.382813 0.683594 0
vt 0.429688 0.773438 0
vt 0.427734 0.621094 0
vt 0.433594 0.605469 0
vt 0.396484 0.601563 0
vt 0.386719 0.615234 0
vt 0.382813 0.683594 0
vt 0.412109 0.710938 0
vt 0.419922 0.697266 0
vt 0.390625 0.703125 0
vt 0.376953 0.783203 0
vt 0.396484 0.601563 0
vt 0.398438 0.541016 0
vt 0.388672 0.556641 0
vt 0.386719 0.615234 0
vt 0.525391 0.519531 0
vt 0.505859 0.455078 0
vt 0.4375 0.509766 0
vt 0.519531 0.230469 0
vt 0.578125 0.28125 0
vt 0.591797 0.130859 0
vt 0.648438 0.210938 0
vt 0.621094 0.332031 0
vt 0.572266 0.380859 0
vt 0.511719 0.310547 0
vt 0.521484 0.296875 0
vt 0.521484 0.142578 0
vt 0.613281 0.462891 0
vt 0.453125 0.132813 0
vt 0.429688 0.773438 0
vt 0.445313 0.822266 0
vt 0.419922 0.697266 0
vt 0.457031 0.695313 0
vt 0.427734 0.621094 0
vt 0.386719 0.615234 0
vt 0.382813 0.683594 0
vt 0.333984 0.845703 0
vt 0.376953 0.783203 0
vt 0.404297 0.851563 0
vt 0.388672 0.556641 0
vt 0.347656 0.552734 0
vt 5.240234 0.958984 0
vt 6.054688 0.162109 0
vt 5.240234 0.958984 0
vt 5.669922 0.966797 0
vt 5.669922 0.966797 0
vt 5.115234 1.496094 0
vt 5.115234 1.496094 0
vt 5.669922 0.966797 0
vt 5.240234 0.958984 0
vt 5.669922 0.966797 0
vt 5.240234 0.958984 0
vt 4.699219 1.490234 0
vt 5.115234 1.496094 0
vt 4.699219 1.490234 0
vt 5.115234 1.496094 0
vt 2.095703 1.472656 0
vt 1.90625 3.601563 0
vt 2.095703 1.472656 0
vt 6.054688 0.162109 0
vt 2.529297 3.613281 0
vt 4.699219 1.490234 0
vt 2.529297 3.613281 0
vt 4.699219 1.490234 0
vt 2.529297 3.613281 0
vt 2.529297 3.613281 0
vt 1.90625 3.601563 0
vt 3.857422 1.494141 0
vt 3.857422 1.494141 0
vt 2.791016 1.474609 0
vt 6.054688 0.162109 0
vt 5.232422 0.146484 0
vt 6.054688 0.162109 0
vt 5.232422 0.146484 0
vt 5.232422 0.146484 0
vt 4.419922 0.943359 0
vt 5.232422 0.146484 0
vt 4.419922 0.943359 0
vt 2.648438 2.677734 0
vt 2.648438 2.677734 0
vt 2.667969 0.910156 0
vt 2.667969 0.910156 0
vt 4.419922 0.943359 0
vt 2.791016 1.474609 0
vt 2.648438 2.677734 0
vt 2.791016 1.474609 0
vt 2.648438 2.677734 0
vt 2.791016 1.474609 0
vt 2.667969 0.910156 0
vt 2.667969 0.910156 0
vt 4.419922 0.943359 0
vt 0.589844 2.128906 0
vt 1.232422 1.798828 0
vt 0.589844 2.128906 0
vt 2.320313 0.800781 0
vt 2.320313 0.800781 0
vt 1.927734 1.248047 0
vt 1.927734 1.248047 0
vt 1.232422 1.798828 0
vt 1.927734 1.248047 0
vt 1.232422 1.798828 0
vt 1.927734 1.248047 0
vt 2.402344 0.427734 0
vt 2.402344 0.427734 0
vt 2.320313 0.800781 0
vt 2.320313 0.800781 0
vt -1.058594 3.626953 0
vt -1.058594 3.626953 0
vt -1.570313 3.632813 0
vt 1.232422 1.798828 0
vt -1.058594 3.626953 0
vt -0.519531 3.099609 0
vt -1.058594 3.626953 0
vt -0.519531 3.099609 0
vt 2.402344 0.427734 0
vt 2.181641 0.15625 0
vt 2.402344 0.427734 0
vt 2.181641 0.15625 0
vt -1.570313 3.632813 0
vt -2.0625 3.539063 0
vt -2.0625 3.539063 0
vt -0.011719 2.296875 0
vt 0.589844 2.128906 0
vt -0.011719 2.296875 0
vt 0.589844 2.128906 0
vt -0.541016 2.339844 0
vt -0.541016 2.339844 0
vt -0.994141 3.074219 0
vt -0.994141 3.074219 0
vt -0.519531 3.099609 0
vt -0.519531 3.099609 0
vt 1.316406 0.904297 0
vt 1.316406 0.904297 0
vt 1.318359 0.699219 0
vt 1 1.251953 0
vt 1 1.251953 0
vt 0.59375 1.544922 0
vt 1.318359 0.699219 0
vt 0.59375 1.544922 0
vt 1.091797 0.609375 0
vt 1.091797 0.609375 0
vt 1.755859 0.023438 0
vt 1.755859 0.023438 0
vt 2.181641 0.15625 0
vt 2.181641 0.15625 0
vt -1.353516 3 0
vt -1.353516 3 0
vt -0.994141 3.074219 0
vt -0.982422 2.289063 0
vt -0.982422 2.289063 0
vt 0.59375 1.544922 0
vt 0.195313 1.716797 0
vt 0.59375 1.544922 0
vt 0.195313 1.716797 0
vt -2.464844 3.232422 0
vt -2.464844 3.232422 0
vt -0.994141 3.074219 0
vt 0.744141 0.640625 0
vt 0.744141 0.640625 0
vt -0.173828 1.746094 0
vt -0.173828 1.746094 0
vt 0.195313 1.716797 0
vt 0.195313 1.716797 0
vt -1.201172 2.132813 0
vt 1.755859 0.023438 0
vt 1.023438 0.076172 0
vt 1.755859 0.023438 0
vt -1.201172 2.132813 0
vt -1.353516 3 0
vt -1.529297 2.8125 0
vt -1.353516 3 0
vt -1.529297 2.8125 0
vt 0.355469 0.785156 0
vt 0.355469 0.785156 0
vt 1.023438 0.076172 0
vt -0.173828 1.746094 0
vt -0.417969 1.65625 0
vt -0.173828 1.746094 0
vt -0.417969 1.65625 0
vt -2.46875 2.742188 0
vt -2.46875 2.742188 0
vt -1.494141 2.517578 0
vt -1.494141 2.517578 0
vt -1.529297 2.8125 0
vt -1.529297 2.8125 0
vt -1.201172 2.132813 0
vt -1.201172 2.132813 0
vt 1.023438 0.076172 0
vt 0.345703 0.269531 0
vt 1.023438 0.076172 0
vt -0.480469 1.445313 0
vt -0.480469 1.445313 0
vt -0.417969 1.65625 0
vt -0.417969 1.65625 0
vt 0.355469 0.785156 0
vt 0.355469 0.785156 0
vt -0.015625 1.037109 0
vt -0.015625 1.037109 0
vt -0.480469 1.445313 0
vt -0.015625 1.037109 0
vt -0.480469 1.445313 0
vt -0.015625 1.037109 0
vt -0.910156 1.005859 0
vt -0.910156 1.005859 0
vt -0.378906 0.640625 0
vt 0.345703 0.269531 0
vt -2.230469 2.298828 0
vt -2.230469 2.298828 0
vt 0.345703 0.269531 0
vt -0.378906 0.640625 0
vt 0.345703 0.269531 0
vt -1.910156 1.904297 0
vt -1.910156 1.904297 0
vt -1.445313 1.449219 0
vt -1.445313 1.449219 0

f 2495/2495 2494/2494 2493/2493 
f 2498/2498 2497/2497 2496/2496 
f 2498/2498 2500/2500 2499/2499 
f 2496/2496 2493/2493 2498/2498 
f 2498/2498 2499/2499 2497/2497 
f 2493/2493 2494/2494 2498/2498 
f 2499/2499 2501/2501 2497/2497 
f 2504/2504 2503/2503 2502/2502 
f 2504/2504 2505/2505 2503/2503 
f 2507/2507 2506/2506 2495/2495 
f 2508/2508 2507/2507 2495/2495 
f 2495/2495 2493/2493 2508/2508 
f 2508/2508 2509/2509 2499/2499 
f 2508/2508 2499/2499 2507/2507 
f 2512/2512 2511/2511 2510/2510 
f 2513/2513 2512/2512 2510/2510 
f 2515/2515 2514/2514 2512/2512 
f 2512/2512 2516/2516 2511/2511 
f 2513/2513 2515/2515 2512/2512 
f 2518/2518 2515/2515 2517/2517 
f 2515/2515 2518/2518 2519/2519 
f 2515/2515 2519/2519 2514/2514 
f 2515/2515 2520/2520 2517/2517 
f 2510/2510 2520/2520 2513/2513 
f 2510/2510 2517/2517 2520/2520 
f 2523/2523 2522/2522 2521/2521 
f 2526/2526 2525/2525 2524/2524 
f 2527/2527 2526/2526 2524/2524 
f 2526/2526 2528/2528 2525/2525 
f 2526/2526 2529/2529 2528/2528 
f 2523/2523 2521/2521 2527/2527 
f 2521/2521 2530/2530 2527/2527 
f 2527/2527 2524/2524 2523/2523 
f 2521/2521 2532/2532 2531/2531 
f 2521/2521 2533/2533 2532/2532 
f 2521/2521 2531/2531 2530/2530 
f 2536/2536 2535/2535 2534/2534 
f 2539/2539 2538/2538 2537/2537 
f 2541/2541 2540/2540 2539/2539 
f 2539/2539 2537/2537 2541/2541 
f 2539/2539 2542/2542 2538/2538 
f 2541/2541 2544/2544 2543/2543 
f 2541/2541 2545/2545 2544/2544 
f 2541/2541 2543/2543 2540/2540 
f 2541/2541 2546/2546 2545/2545 
f 2543/2543 2548/2548 2547/2547 
f 2543/2543 2547/2547 2540/2540 
f 2551/2551 2550/2550 2549/2549 
f 2535/2535 2552/2552 2534/2534 
f 2535/2535 2553/2553 2552/2552 
f 2536/2536 2534/2534 2551/2551 
f 2534/2534 2554/2554 2551/2551 
f 2551/2551 2549/2549 2536/2536 
f 2551/2551 2555/2555 2550/2550 
f 2558/2558 2557/2557 2556/2556 
f 2559/2559 2558/2558 2556/2556 
f 2556/2556 2557/2557 2560/2560 
f 2556/2556 2560/2560 2561/2561 
f 2564/2564 2563/2563 2562/2562 
f 2563/2563 2565/2565 2562/2562 
f 2568/2568 2567/2567 2566/2566 
f 2568/2568 2566/2566 2569/2569 
f 2572/2572 2571/2571 2570/2570 
f 2572/2572 2573/2573 2571/2571 
f 2576/2576 2575/2575 2574/2574 
f 2578/2578 2574/2574 2577/2577 
f 2574/2574 2579/2579 2577/2577 
f 2576/2576 2574/2574 2578/2578 
f 2582/2582 2581/2581 2580/2580 
f 2582/2582 2583/2583 2581/2581 
f 2586/2586 2585/2585 2584/2584 
f 2589/2589 2588/2588 2587/2587 
f 2589/2589 2587/2587 2590/2590 
f 2593/2593 2592/2592 2591/2591 
f 2592/2592 2594/2594 2591/2591 
f 2597/2597 2596/2596 2595/2595 
f 2597/2597 2595/2595 2598/2598 
f 2601/2601 2600/2600 2599/2599 
f 2585/2585 2602/2602 2584/2584 
f 2605/2605 2604/2604 2603/2603 
f 2605/2605 2603/2603 2606/2606 
f 2607/2607 2601/2601 2599/2599 
f 2609/2609 2608/2608 2607/2607 
f 2608/2608 2601/2601 2607/2607 
f 2612/2612 2611/2611 2610/2610 
f 2615/2615 2614/2614 2613/2613 
f 2617/2617 2616/2616 2615/2615 
f 2615/2615 2616/2616 2614/2614 
f 2617/2617 2618/2618 2616/2616 
f 2621/2621 2620/2620 2619/2619 
f 2621/2621 2622/2622 2620/2620 
f 2623/2623 2622/2622 2621/2621 
f 2623/2623 2624/2624 2622/2622 
f 2627/2627 2626/2626 2625/2625 
f 2628/2628 2612/2612 2610/2610 
f 2629/2629 2612/2612 2628/2628 
f 2632/2632 2631/2631 2630/2630 
f 2631/2631 2633/2633 2630/2630 
f 2634/2634 2624/2624 2623/2623 
f 2634/2634 2635/2635 2624/2624 
f 2638/2638 2637/2637 2636/2636 
f 2627/2627 2625/2625 2639/2639 
f 2641/2641 2640/2640 2629/2629 
f 2629/2629 2640/2640 2612/2612 
f 2641/2641 2642/2642 2640/2640 
f 2645/2645 2644/2644 2643/2643 
f 2646/2646 2645/2645 2643/2643 
f 2649/2649 2648/2648 2647/2647 
f 2638/2638 2636/2636 2650/2650 
f 2653/2653 2652/2652 2651/2651 
f 2653/2653 2651/2651 2654/2654 
f 2657/2657 2656/2656 2655/2655 
f 2657/2657 2655/2655 2658/2658 
f 2649/2649 2659/2659 2648/2648 
f 2662/2662 2661/2661 2660/2660 
f 2663/2663 2662/2662 2660/2660 
f 2660/2660 2661/2661 2664/2664 
f 2660/2660 2664/2664 2665/2665 
f 2668/2668 2667/2667 2666/2666 
f 2669/2669 2668/2668 2666/2666 
f 2666/2666 2671/2671 2670/2670 
f 2666/2666 2667/2667 2671/2671 
f 2673/2673 2672/2672 2668/2668 
f 2673/2673 2668/2668 2669/2669 
f 2676/2676 2675/2675 2674/2674 
f 2679/2679 2678/2678 2677/2677 
f 2678/2678 2680/2680 2677/2677 
f 2683/2683 2682/2682 2681/2681 
f 2684/2684 2683/2683 2681/2681 
f 2687/2687 2686/2686 2685/2685 
f 2687/2687 2685/2685 2688/2688 
f 2691/2691 2690/2690 2689/2689 
f 2676/2676 2674/2674 2692/2692 
f 2695/2695 2694/2694 2693/2693 
f 2695/2695 2693/2693 2696/2696 
f 2699/2699 2698/2698 2697/2697 
f 2699/2699 2697/2697 2700/2700 
f 2690/2690 2701/2701 2689/2689 
f 2704/2704 2703/2703 2702/2702 
f 2707/2707 2706/2706 2705/2705 
f 2706/2706 2708/2708 2705/2705 
f 2711/2711 2710/2710 2709/2709 
f 2711/2711 2709/2709 2712/2712 
f 2715/2715 2714/2714 2713/2713 
f 2715/2715 2716/2716 2714/2714 
f 2719/2719 2718/2718 2717/2717 
f 2704/2704 2702/2702 2720/2720 
f 2723/2723 2722/2722 2721/2721 
f 2722/2722 2724/2724 2721/2721 
f 2727/2727 2726/2726 2725/2725 
f 2726/2726 2728/2728 2725/2725 
f 2729/2729 2719/2719 2717/2717 
f 2732/2732 2731/2731 2730/2730 
f 2735/2735 2734/2734 2733/2733 
f 2735/2735 2733/2733 2736/2736 
f 2739/2739 2738/2738 2737/2737 
f 2739/2739 2740/2740 2738/2738 
f 2743/2743 2742/2742 2741/2741 
f 2743/2743 2741/2741 2744/2744 
f 2747/2747 2746/2746 2745/2745 
f 2731/2731 2748/2748 2730/2730 
f 2751/2751 2750/2750 2749/2749 
f 2751/2751 2752/2752 2750/2750 
f 2755/2755 2754/2754 2753/2753 
f 2755/2755 2753/2753 2756/2756 
f 2747/2747 2757/2757 2746/2746 
f 2760/2760 2759/2759 2758/2758 
f 2763/2763 2762/2762 2761/2761 
f 2763/2763 2764/2764 2762/2762 
f 2767/2767 2766/2766 2765/2765 
f 2767/2767 2768/2768 2766/2766 
f 2771/2771 2770/2770 2769/2769 
f 2772/2772 2771/2771 2769/2769 
f 2759/2759 2773/2773 2758/2758 
f 2776/2776 2775/2775 2774/2774 
f 2779/2779 2778/2778 2777/2777 
f 2779/2779 2777/2777 2780/2780 
f 2783/2783 2782/2782 2781/2781 
f 2783/2783 2781/2781 2784/2784 
f 2787/2787 2786/2786 2785/2785 
f 2790/2790 2789/2789 2788/2788 
f 2790/2790 2791/2791 2789/2789 
f 2794/2794 2793/2793 2792/2792 
f 2793/2793 2795/2795 2792/2792 
f 2798/2798 2797/2797 2796/2796 
f 2798/2798 2799/2799 2797/2797 
f 2802/2802 2801/2801 2800/2800 
f 2787/2787 2785/2785 2803/2803 
f 2806/2806 2805/2805 2804/2804 
f 2806/2806 2807/2807 2805/2805 
f 2810/2810 2809/2809 2808/2808 
f 2810/2810 2811/2811 2809/2809 
f 2812/2812 2802/2802 2800/2800 
f 2815/2815 2814/2814 2813/2813 
f 2815/2815 2816/2816 2814/2814 
f 2819/2819 2818/2818 2817/2817 
f 2819/2819 2817/2817 2820/2820 
f 2823/2823 2822/2822 2821/2821 
f 2821/2821 2824/2824 2823/2823 
f 2826/2826 2825/2825 2822/2822 
f 2826/2826 2827/2827 2825/2825 
f 2828/2828 2827/2827 2826/2826 
f 2828/2828 2830/2830 2829/2829 
f 2828/2828 2826/2826 2830/2830 
f 2828/2828 2829/2829 2831/2831 
f 2824/2824 2829/2829 2830/2830 
f 2824/2824 2833/2833 2832/2832 
f 2824/2824 2832/2832 2834/2834 
f 2824/2824 2834/2834 2829/2829 
f 2824/2824 2821/2821 2833/2833 
f 2837/2837 2836/2836 2835/2835 
f 2837/2837 2835/2835 2838/2838 
f 2841/2841 2840/2840 2839/2839 
f 2841/2841 2842/2842 2840/2840 
f 2845/2845 2844/2844 2843/2843 
f 2848/2848 2847/2847 2846/2846 
f 2851/2851 2850/2850 2849/2849 
f 2854/2854 2853/2853 2852/2852 
f 2853/2853 2855/2855 2852/2852 
f 2858/2858 2857/2857 2856/2856 
f 2857/2857 2859/2859 2856/2856 
f 2862/2862 2861/2861 2860/2860 
f 2862/2862 2863/2863 2861/2861 
f 2866/2866 2865/2865 2864/2864 
f 2867/2867 2851/2851 2849/2849 
f 2870/2870 2869/2869 2868/2868 
f 2869/2869 2871/2871 2868/2868 
f 2874/2874 2873/2873 2872/2872 
f 2874/2874 2872/2872 2875/2875 
f 2866/2866 2876/2876 2865/2865 
f 2879/2879 2878/2878 2877/2877 
f 2882/2882 2881/2881 2880/2880 
f 2881/2881 2883/2883 2880/2880 
f 2886/2886 2885/2885 2884/2884 
f 2886/2886 2884/2884 2887/2887 
f 2890/2890 2889/2889 2888/2888 
f 2890/2890 2888/2888 2891/2891 
f 2894/2894 2893/2893 2892/2892 
f 2878/2878 2895/2895 2877/2877 
f 2898/2898 2897/2897 2896/2896 
f 2898/2898 2899/2899 2897/2897 
f 2894/2894 2900/2900 2893/2893 
f 2903/2903 2902/2902 2901/2901 
f 2906/2906 2905/2905 2904/2904 
f 2907/2907 2906/2906 2904/2904 
f 2910/2910 2909/2909 2908/2908 
f 2910/2910 2912/2912 2911/2911 
f 2911/2911 2913/2913 2910/2910 
f 2910/2910 2908/2908 2914/2914 
f 2910/2910 2914/2914 2912/2912 
f 2911/2911 2903/2903 2913/2913 
f 2903/2903 2915/2915 2913/2913 
f 2903/2903 2901/2901 2915/2915 
f 2903/2903 2916/2916 2902/2902 
f 2919/2919 2918/2918 2917/2917 
f 2922/2922 2921/2921 2920/2920 
f 2921/2921 2923/2923 2920/2920 
f 2926/2926 2925/2925 2924/2924 
f 2926/2926 2924/2924 2927/2927 
f 2930/2930 2929/2929 2928/2928 
f 2930/2930 2928/2928 2931/2931 
f 2934/2934 2933/2933 2932/2932 
f 2937/2937 2936/2936 2935/2935 
f 2937/2937 2935/2935 2938/2938 
f 2941/2941 2940/2940 2939/2939 
f 2941/2941 2939/2939 2942/2942 
f 2945/2945 2944/2944 2943/2943 
f 2944/2944 2946/2946 2943/2943 
f 2934/2934 2947/2947 2933/2933 
f 2950/2950 2949/2949 2948/2948 
f 2953/2953 2952/2952 2951/2951 
f 2953/2953 2951/2951 2954/2954 
f 2957/2957 2956/2956 2955/2955 
f 2957/2957 2955/2955 2958/2958 
f 2961/2961 2960/2960 2959/2959 
f 2964/2964 2963/2963 2962/2962 
f 2964/2964 2962/2962 2965/2965 
f 2968/2968 2967/2967 2966/2966 
f 2968/2968 2966/2966 2969/2969 
f 2972/2972 2971/2971 2970/2970 
f 2972/2972 2970/2970 2973/2973 
f 2976/2976 2975/2975 2974/2974 
f 2961/2961 2959/2959 2977/2977 
f 2980/2980 2979/2979 2978/2978 
f 2980/2980 2981/2981 2979/2979 
f 2984/2984 2983/2983 2982/2982 
f 2983/2983 2985/2985 2982/2982 
f 2976/2976 2974/2974 2986/2986 
f 2989/2989 2988/2988 2987/2987 
f 2992/2992 2991/2991 2990/2990 
f 2991/2991 2993/2993 2990/2990 
f 2996/2996 2995/2995 2994/2994 
f 2995/2995 2997/2997 2994/2994 
f 3000/3000 2999/2999 2998/2998 
f 3000/3000 2998/2998 3001/3001 
f 3004/3004 3003/3003 3002/3002 
f 2989/2989 2987/2987 3005/3005 
f 3008/3008 3007/3007 3006/3006 
f 3009/3009 3008/3008 3006/3006 
f 3012/3012 3011/3011 3010/3010 
f 3011/3011 3013/3013 3010/3010 
f 3004/3004 3002/3002 3014/3014 
f 3017/3017 3016/3016 3015/3015 
f 3017/3017 3015/3015 3018/3018 
f 3021/3021 3020/3020 3019/3019 
f 3024/3024 3023/3023 3022/3022 
f 3024/3024 3025/3025 3023/3023 
f 3027/3027 3023/3023 3026/3026 
f 3027/3027 3022/3022 3023/3023 
f 3022/3022 3029/3029 3028/3028 
f 3027/3027 3029/3029 3022/3022 
f 3021/3021 3022/3022 3028/3028 
f 3021/3021 3030/3030 3022/3022 
f 3027/3027 3031/3031 3019/3019 
f 3019/3019 3020/3020 3027/3027 
f 3027/3027 3026/3026 3031/3031 
f 3021/3021 3028/3028 3020/3020 
f 3021/3021 3032/3032 3030/3030 
f 3035/3035 3034/3034 3033/3033 
f 3035/3035 3036/3036 3034/3034 
f 3035/3035 3037/3037 3036/3036 
f 3035/3035 3039/3039 3038/3038 
f 3035/3035 3038/3038 3037/3037 
f 3040/3040 3033/3033 3034/3034 
f 3040/3040 3041/3041 3033/3033 
f 3040/3040 3034/3034 3042/3042 
f 3040/3040 3039/3039 3041/3041 
f 3040/3040 3044/3044 3043/3043 
f 3040/3040 3038/3038 3039/3039 
f 3040/3040 3043/3043 3038/3038 
f 3047/3047 3046/3046 3045/3045 
f 3050/3050 3049/3049 3048/3048 
f 3050/3050 3048/3048 3051/3051 
f 3054/3054 3053/3053 3052/3052 
f 3054/3054 3055/3055 3053/3053 
f 3058/3058 3057/3057 3056/3056 
f 3058/3058 3059/3059 3057/3057 
f 3062/3062 3061/3061 3060/3060 
f 3047/3047 3063/3063 3046/3046 
f 3066/3066 3065/3065 3064/3064 
f 3066/3066 3067/3067 3065/3065 
f 3070/3070 3069/3069 3068/3068 
f 3070/3070 3068/3068 3061/3061 
f 3062/3062 3070/3070 3061/3061 
f 3073/3073 3072/3072 3071/3071 
f 3076/3076 3075/3075 3074/3074 
f 3076/3076 3077/3077 3075/3075 
f 3080/3080 3079/3079 3078/3078 
f 3080/3080 3081/3081 3079/3079 
f 3072/3072 3082/3082 3071/3071 
f 3072/3072 3083/3083 3082/3082 
f 3086/3086 3085/3085 3084/3084 
f 3073/3073 3071/3071 3087/3087 
f 3090/3090 3089/3089 3088/3088 
f 3090/3090 3091/3091 3089/3089 
f 3092/3092 3062/3062 3060/3060 
f 3092/3092 3060/3060 3093/3093 
f 3086/3086 3084/3084 3094/3094 
f 3097/3097 3096/3096 3095/3095 
f 3100/3100 3099/3099 3098/3098 
f 3100/3100 3098/3098 3101/3101 
f 3104/3104 3103/3103 3102/3102 
f 3103/3103 3104/3104 3105/3105 
f 3108/3108 3107/3107 3106/3106 
f 3108/3108 3106/3106 3109/3109 
f 3112/3112 3111/3111 3110/3110 
f 3097/3097 3113/3113 3096/3096 
f 3116/3116 3115/3115 3114/3114 
f 3116/3116 3117/3117 3115/3115 
f 3120/3120 3119/3119 3118/3118 
f 3120/3120 3121/3121 3119/3119 
f 3112/3112 3110/3110 3122/3122 
f 3124/3124 3122/3122 3123/3123 
f 3124/3124 3112/3112 3122/3122 
f 3127/3127 3126/3126 3125/3125 
f 3127/3127 3128/3128 3126/3126 
f 3129/3129 3127/3127 3125/3125 
f 3129/3129 3125/3125 3130/3130 
f 3133/3133 3132/3132 3131/3131 
f 3133/3133 3131/3131 3134/3134 
f 3137/3137 3136/3136 3135/3135 
f 3136/3136 3139/3139 3138/3138 
f 3136/3136 3138/3138 3135/3135 
f 3139/3139 3140/3140 3138/3138 
f 3137/3137 3135/3135 3141/3141 
f 3139/3139 3142/3142 3140/3140 
f 3143/3143 3137/3137 3141/3141 
f 3143/3143 3141/3141 3144/3144 
f 3147/3147 3146/3146 3145/3145 
f 3147/3147 3145/3145 3148/3148 
f 3151/3151 3150/3150 3149/3149 
f 3152/3152 3129/3129 3130/3130 
f 3152/3152 3130/3130 3153/3153 
f 3156/3156 3155/3155 3154/3154 
f 3156/3156 3157/3157 3155/3155 
f 3158/3158 3124/3124 3123/3123 
f 3158/3158 3123/3123 3159/3159 
f 3151/3151 3149/3149 3160/3160 
f 3161/3161 3143/3143 3144/3144 
f 3161/3161 3144/3144 3162/3162 
f 3165/3165 3164/3164 3163/3163 
f 3165/3165 3163/3163 3166/3166 
f 3167/3167 3152/3152 3153/3153 
f 3170/3170 3169/3169 3168/3168 
f 3167/3167 3153/3153 3171/3171 
f 3174/3174 3173/3173 3172/3172 
f 3174/3174 3175/3175 3173/3173 
f 3176/3176 3161/3161 3162/3162 
f 3176/3176 3162/3162 3177/3177 
f 3170/3170 3178/3178 3169/3169 
f 3181/3181 3180/3180 3179/3179 
f 3181/3181 3182/3182 3180/3180 
f 3183/3183 3158/3158 3159/3159 
f 3183/3183 3159/3159 3184/3184 
f 3187/3187 3186/3186 3185/3185 
f 3187/3187 3185/3185 3188/3188 
f 3186/3186 3189/3189 3185/3185 
f 3186/3186 3190/3190 3189/3189 
f 3193/3193 3192/3192 3191/3191 
f 3196/3196 3195/3195 3194/3194 
f 3196/3196 3194/3194 3197/3197 
f 3200/3200 3199/3199 3198/3198 
f 3200/3200 3198/3198 3201/3201 
f 3204/3204 3203/3203 3202/3202 
f 3204/3204 3205/3205 3203/3203 
f 3208/3208 3207/3207 3206/3206 
f 3193/3193 3209/3209 3192/3192 
f 3210/3210 3183/3183 3184/3184 
f 3210/3210 3184/3184 3211/3211 
f 3214/3214 3213/3213 3212/3212 
f 3214/3214 3208/3208 3213/3213 
f 3208/3208 3206/3206 3213/3213 
f 3215/3215 3210/3210 3211/3211 
f 3215/3215 3211/3211 3216/3216 
f 3207/3207 3218/3218 3217/3217 
f 3207/3207 3217/3217 3206/3206 
f 3218/3218 3215/3215 3216/3216 
f 3218/3218 3216/3216 3217/3217 

