<?xml version="1.0"?>
<COLLADA xmlns="http://www.collada.org/2005/11/COLLADASchema" version="1.4.1">
    <asset>
        <contributor>
            <authoring_tool>Supear Mardian SixDaeFour</authoring_tool>
        </contributor>
        <created>2026-03-11T04:34:54.195Z</created>
        <modified>2026-03-11T04:34:54.195Z</modified>
		<unit meter="0.01" name="centimeter" />
        <up_axis>Y_UP</up_axis>
    </asset>
    <library_images>
        <image id="tex_0">
            <init_from>tex_900B000.png</init_from>
        </image>
        <image id="tex_1">
            <init_from>tex_9009000.png</init_from>
        </image>
        <image id="tex_2">
            <init_from>tex_9000800.png</init_from>
        </image>
        <image id="tex_3">
            <init_from>tex_7002800.png</init_from>
        </image>
        <image id="tex_4">
            <init_from>tex_9003000.png</init_from>
        </image>
        <image id="tex_5">
            <init_from>tex_900A000.png</init_from>
        </image>
        <image id="tex_6">
            <init_from>tex_7000800.png</init_from>
        </image>
        <image id="tex_7">
            <init_from>tex_0.png</init_from>
        </image>
        <image id="tex_8">
            <init_from>tex_7000000.png</init_from>
        </image>
        <image id="tex_vertexColors">
            <init_from>vertexColors_area1.png</init_from>
        </image>
    </library_images>
    <library_effects>
        <effect id="effect0">
            <profile_COMMON>
                <newparam sid="surface0">
                    <surface type="2D">
                        <init_from>tex_0</init_from>
                    </surface>
                </newparam>
                <newparam sid="sampler0">
                    <sampler2D>
                        <source>surface0</source>
                    </sampler2D>
                </newparam>
                <technique sid="COMMON">
                    <blinn>
                        <diffuse>
                            <texture texture="sampler0" texcoord="UVSET0"></texture>
                        </diffuse>
                    </blinn>
                </technique>
            </profile_COMMON>
        </effect>
        <effect id="effect1">
            <profile_COMMON>
                <newparam sid="surface1">
                    <surface type="2D">
                        <init_from>tex_1</init_from>
                    </surface>
                </newparam>
                <newparam sid="sampler1">
                    <sampler2D>
                        <source>surface1</source>
                    </sampler2D>
                </newparam>
                <technique sid="COMMON">
                    <blinn>
                        <diffuse>
                            <texture texture="sampler1" texcoord="UVSET0"></texture>
                        </diffuse>
                    </blinn>
                </technique>
            </profile_COMMON>
        </effect>
        <effect id="effect2">
            <profile_COMMON>
                <newparam sid="surface2">
                    <surface type="2D">
                        <init_from>tex_2</init_from>
                    </surface>
                </newparam>
                <newparam sid="sampler2">
                    <sampler2D>
                        <source>surface2</source>
                    </sampler2D>
                </newparam>
                <technique sid="COMMON">
                    <blinn>
                        <diffuse>
                            <texture texture="sampler2" texcoord="UVSET0"></texture>
                        </diffuse>
                    </blinn>
                </technique>
            </profile_COMMON>
        </effect>
        <effect id="effect3">
            <profile_COMMON>
                <newparam sid="surface3">
                    <surface type="2D">
                        <init_from>tex_3</init_from>
                    </surface>
                </newparam>
                <newparam sid="sampler3">
                    <sampler2D>
                        <source>surface3</source>
                    </sampler2D>
                </newparam>
                <technique sid="COMMON">
                    <blinn>
                        <diffuse>
                            <texture texture="sampler3" texcoord="UVSET0"></texture>
                        </diffuse>
                    </blinn>
                </technique>
            </profile_COMMON>
        </effect>
        <effect id="effect4">
            <profile_COMMON>
                <newparam sid="surface4">
                    <surface type="2D">
                        <init_from>tex_4</init_from>
                    </surface>
                </newparam>
                <newparam sid="sampler4">
                    <sampler2D>
                        <source>surface4</source>
                    </sampler2D>
                </newparam>
                <technique sid="COMMON">
                    <blinn>
                        <diffuse>
                            <texture texture="sampler4" texcoord="UVSET0"></texture>
                        </diffuse>
                    </blinn>
                </technique>
            </profile_COMMON>
        </effect>
        <effect id="effect5">
            <profile_COMMON>
                <newparam sid="surface5">
                    <surface type="2D">
                        <init_from>tex_5</init_from>
                    </surface>
                </newparam>
                <newparam sid="sampler5">
                    <sampler2D>
                        <source>surface5</source>
                    </sampler2D>
                </newparam>
                <technique sid="COMMON">
                    <blinn>
                        <diffuse>
                            <texture texture="sampler5" texcoord="UVSET0"></texture>
                        </diffuse>
                    </blinn>
                </technique>
            </profile_COMMON>
        </effect>
        <effect id="effect6">
            <profile_COMMON>
                <newparam sid="surface6">
                    <surface type="2D">
                        <init_from>tex_6</init_from>
                    </surface>
                </newparam>
                <newparam sid="sampler6">
                    <sampler2D>
                        <source>surface6</source>
                    </sampler2D>
                </newparam>
                <technique sid="COMMON">
                    <blinn>
                        <diffuse>
                            <texture texture="sampler6" texcoord="UVSET0"></texture>
                        </diffuse>
                    </blinn>
                </technique>
            </profile_COMMON>
        </effect>
        <effect id="effect7">
            <profile_COMMON>
                <newparam sid="surface7">
                    <surface type="2D">
                        <init_from>tex_7</init_from>
                    </surface>
                </newparam>
                <newparam sid="sampler7">
                    <sampler2D>
                        <source>surface7</source>
                    </sampler2D>
                </newparam>
                <technique sid="COMMON">
                    <blinn>
                        <diffuse>
                            <texture texture="sampler7" texcoord="UVSET0"></texture>
                        </diffuse>
                    </blinn>
                </technique>
            </profile_COMMON>
        </effect>
        <effect id="effect8">
            <profile_COMMON>
                <newparam sid="surface8">
                    <surface type="2D">
                        <init_from>tex_8</init_from>
                    </surface>
                </newparam>
                <newparam sid="sampler8">
                    <sampler2D>
                        <source>surface8</source>
                    </sampler2D>
                </newparam>
                <technique sid="COMMON">
                    <blinn>
                        <diffuse>
                            <texture texture="sampler8" texcoord="UVSET0"></texture>
                        </diffuse>
                    </blinn>
                </technique>
            </profile_COMMON>
        </effect>
        <effect id="effect9">
            <profile_COMMON>
                <newparam sid="surface9">
                    <surface type="2D">
                        <init_from>tex_vertexColors</init_from>
                    </surface>
                </newparam>
                <newparam sid="sampler9">
                    <sampler2D>
                        <source>surface9</source>
                    </sampler2D>
                </newparam>
                <technique sid="COMMON">
                    <blinn>
                        <diffuse>
                            <texture texture="sampler9" texcoord="UVSET0"></texture>
                        </diffuse>
                    </blinn>
                </technique>
            </profile_COMMON>
        </effect>
    </library_effects>
    <library_materials>
        <material id="mat0" name="Mat0">
            <instance_effect url="#effect0"/>
        </material>
        <material id="mat1" name="Mat1">
            <instance_effect url="#effect1"/>
        </material>
        <material id="mat2" name="Mat2">
            <instance_effect url="#effect2"/>
        </material>
        <material id="mat3" name="Mat3">
            <instance_effect url="#effect3"/>
        </material>
        <material id="mat4" name="Mat4">
            <instance_effect url="#effect4"/>
        </material>
        <material id="mat5" name="Mat5">
            <instance_effect url="#effect5"/>
        </material>
        <material id="mat6" name="Mat6">
            <instance_effect url="#effect6"/>
        </material>
        <material id="mat7" name="Mat7">
            <instance_effect url="#effect7"/>
        </material>
        <material id="mat8" name="Mat8">
            <instance_effect url="#effect8"/>
        </material>
        <material id="mat9" name="vertexColors">
            <instance_effect url="#effect9"/>
        </material>
    </library_materials>
    <library_geometries>
        <geometry id="meshMesh0_1">
            <mesh>
                <source id="pointsMesh0_1">
                    <float_array id="pointarrayMesh0_1" count="636">-1653 -3532 -2098 -2472 -3532 -2098 -2472 -3429 -2098 -1730 -3429 -2098 -1730 -3276 -2098 -1653 -3276 -2098 -1730 -3429 -2098 -2472 -3429 -2098 -2472 -3429 -1996 -1730 -3429 -1996 -1730 -3429 -1996 -2472 -3429 -1996 -2472 -3532 -1996 -1653 -3532 -1996 -1653 -3532 -1996 -2472 -3532 -2098 -1653 -3532 -2098 -2472 -3532 -1996 -1653 -3276 -1996 -1730 -3276 -1996 -1730 -3276 -1996 -1730 -3276 -2098 -1653 -3276 -1996 -1653 -3276 -2098 -1653 -3276 -2098 -1653 -3532 -2098 205 -2073 -5861 205 -2073 -6681 205 -1970 -6681 205 -1970 -5938 205 -1817 -5938 205 -1817 -5861 205 -1970 -5938 102 -1970 -6681 102 -1970 -5938 205 -1970 -6681 102 -1817 -5938 102 -1970 -5938 102 -1970 -6681 102 -2073 -6681 102 -2073 -5861 102 -2073 -5861 102 -2073 -6681 205 -2073 -6681 205 -2073 -5861 102 -1817 -5861 102 -1817 -5938 205 -1817 -5938 102 -1817 -5861 205 -1817 -5861 205 -1817 -5861 205 -2073 -5861 -1202 -1631 -6546 -1151 -1657 -6597 -1151 -2559 -6597 -1202 -2585 -6546 -1100 -1631 -6546 -1151 -1606 -6546 -1100 -2585 -6546 -1151 -2610 -6546 -1151 -2610 -5952 -1202 -2585 -5952 -1202 -1631 -5952 -1151 -1606 -5952 -1100 -1631 -5952 -1100 -2585 -5952 -1151 -2559 -5901 1459 -1791 -6546 1408 -1765 -6546 1459 -1740 -6597 -1151 -1657 -5901 1408 -812 -6546 1510 -1765 -6546 1510 -812 -6546 1459 -786 -6546 1459 -838 -6597 2406 -2073 -6546 2355 -1145 -6597 2406 -1119 -6546 1510 -1765 -5952 1459 -1740 -5901 1459 -1791 -5952 1408 -1765 -5952 1408 -812 -5952 1459 -786 -5952 1510 -812 -5952 1459 -838 -5901 2304 -1119 -6546 2304 -2073 -6546 2355 -2098 -6546 2355 -1094 -6546 2355 -2047 -6597 2355 -2098 -5952 2355 -1094 -5952 2406 -1119 -5952 2406 -2073 -5952 2304 -1119 -5952 2355 -2047 -5901 2304 -2073 -5952 3251 -1279 -6546 3200 -1253 -6546 3251 -1228 -6597 2355 -1145 -5901 3200 -300 -6546 3302 -1253 -6546 3302 -300 -6546 3251 -274 -6546 3251 -326 -6597 -1202 -2535 -5952 -1637 -2548 -5937 -1187 -2548 -5937 3251 -1279 -5952 3251 -274 -5952 3302 -300 -5952 3302 -1253 -5952 3251 -1228 -5901 3200 -1253 -5952 3200 -300 -5952 3251 -326 -5901 -1637 -2561 -5952 -1202 -2561 -5952 -1637 -2535 -5952 -1187 -2548 -6562 -1637 -2548 -6562 -1637 -2535 -6546 -1637 -2561 -6546 -1202 -2535 -6546 -1202 -2561 -6546 3287 -415 -6562 3738 -428 -6546 3302 -428 -6546 3287 -1234 -6562 3738 -1247 -6546 3302 -1247 -6546 3738 -1234 -6562 3302 -1222 -6546 3738 -1222 -6546 3738 -415 -6562 3302 -1247 -5952 3738 -1234 -5937 3287 -1234 -5937 3302 -402 -6546 3738 -402 -6546 3738 -1247 -5952 3302 -1222 -5952 3738 -428 -5952 3302 -402 -5952 3738 -402 -5952 3738 -1222 -5952 3302 -428 -5952 3738 -415 -5937 3287 -415 -5937 -1202 -2458 -5952 -1637 -2471 -5937 -1187 -2471 -5937 -1637 -2471 -6562 -1187 -2471 -6562 -1202 -2484 -6546 -1637 -2484 -6546 -1637 -2458 -6546 -1202 -2458 -6546 -1637 -2484 -5952 -1202 -2484 -5952 -1637 -2458 -5952 1495 -1158 -6562 2304 -1170 -6546 1510 -1170 -6546 2319 -1158 -6562 1510 -1145 -6546 2304 -1145 -6546 2319 -1234 -6562 1495 -1234 -6562 1510 -1222 -6546 2304 -1247 -6546 1510 -1247 -6546 2304 -1222 -6546 2391 -1234 -6562 3215 -1234 -6562 3200 -1247 -6546 2406 -1247 -6546 2406 -1222 -6546 3200 -1222 -6546 2391 -1158 -6562 3215 -1158 -6562 3200 -1170 -6546 2406 -1170 -6546 2406 -1145 -6546 3200 -1145 -6546 1510 -1170 -5952 2304 -1170 -5952 2319 -1158 -5937 1495 -1158 -5937 2304 -1145 -5952 1510 -1145 -5952 2304 -1222 -5952 2304 -1247 -5952 1510 -1247 -5952 1510 -1222 -5952 2319 -1234 -5937 1495 -1234 -5937 2406 -1247 -5952 3215 -1234 -5937 2391 -1234 -5937 3200 -1247 -5952 3200 -1222 -5952 2406 -1222 -5952 2406 -1170 -5952 3200 -1170 -5952 3215 -1158 -5937 3200 -1145 -5952 2406 -1145 -5952 2391 -1158 -5937</float_array>
                    <technique_common>
                        <accessor count="212" source="#pointarrayMesh0_1" stride="3">
                            <param name="X" type="float"/>
                            <param name="Y" type="float"/>
                            <param name="Z" type="float"/>
                        </accessor>
                    </technique_common>
                </source>
                <source id="uvsMesh0_1">
                    <float_array id="uvarrayMesh0_1" count="424">0.119140625 0.064453125 1.71484375 0.064453125 1.71484375 0.462890625 0.267578125 0.462890625 0.267578125 1 0.119140625 1 0.119140625 0.462890625 1.56640625 0.462890625 1.56640625 0.462890625 0.119140625 0.462890625 0.81640625 0.462890625 -0.62890625 0.462890625 -0.62890625 0.064453125 0.966796875 0.064453125 0 0.064453125 1.56640625 0.064453125 0 0.064453125 1.56640625 0.064453125 0.966796875 1 0.81640625 1 0.119140625 1 0.119140625 1 0 1 0 1 0.16796875 1 0.16796875 0.064453125 0.119140625 0.064453125 1.71484375 0.064453125 1.71484375 0.462890625 0.267578125 0.462890625 0.267578125 1 0.119140625 1 0.119140625 0.462890625 1.56640625 0.462890625 0.119140625 0.462890625 1.56640625 0.462890625 0.119140625 1 0.81640625 0.462890625 -0.62890625 0.462890625 -0.62890625 0.064453125 0.966796875 0.064453125 0 0.064453125 1.56640625 0.064453125 1.56640625 0.064453125 0 0.064453125 0.966796875 1 0.81640625 1 0.119140625 1 0 1 0 1 0.16796875 1 0.16796875 0.064453125 0 1.037109375 0.466796875 1.01171875 0.46875 0.115234375 0 0.08984375 0.966796875 1.037109375 0.466796875 1 0.966796875 0.08984375 0.46875 0.064453125 0.46875 0.064453125 0 0.08984375 0 1.037109375 0.466796875 1 0.966796875 1.037109375 0.966796875 0.08984375 0.46875 0.115234375 0.46875 0.064453125 0 0.08984375 0.46875 0.115234375 0.466796875 1.01171875 0 1.037109375 0.966796875 0.08984375 0.966796875 1.037109375 0.466796875 1 0.466796875 1.01171875 0.966796875 0.08984375 0.466796875 1.01171875 0.966796875 1.037109375 0.966796875 0.08984375 0.46875 0.115234375 0.46875 0.064453125 0 0.08984375 0 1.037109375 0.466796875 1 0.966796875 1.037109375 0.466796875 1.01171875 0 1.037109375 0 0.08984375 0.46875 0.064453125 0.466796875 1 0.46875 0.115234375 0.46875 0.064453125 0.466796875 1 0.966796875 1.037109375 0.966796875 0.08984375 0 1.037109375 0.46875 0.115234375 0 0.08984375 0.46875 0.064453125 0 0.08984375 0.46875 0.115234375 0.466796875 1.01171875 0 1.037109375 0.966796875 0.08984375 0.966796875 1.037109375 0.466796875 1 0.466796875 1.01171875 0.966796875 1 0.267578125 0.5625 0.99609375 0.5625 0.46875 0.064453125 0.466796875 1 0.966796875 1.037109375 0.966796875 0.08984375 0.46875 0.115234375 0 0.08984375 0 1.037109375 0.466796875 1.01171875 0.267578125 0.064453125 0.966796875 0.064453125 0.267578125 1 0.99609375 0.5625 0.267578125 0.5625 0.267578125 1 0.267578125 0.064453125 0.966796875 1 0.966796875 0.064453125 -0.05859375 0.5625 0.568359375 0.064453125 0 0.064453125 -0.05859375 0.5625 0.568359375 0.064453125 0 0.064453125 0.568359375 0.5625 0 1 0.568359375 1 0.568359375 0.5625 0 0.064453125 0.568359375 0.5625 -0.05859375 0.5625 0 1 0.568359375 1 0.568359375 0.064453125 0 1 0.568359375 0.064453125 0 1 0.568359375 1 0.568359375 1 0 0.064453125 0.568359375 0.5625 -0.05859375 0.5625 0.966796875 1 0.267578125 0.5625 0.99609375 0.5625 0.267578125 0.5625 0.99609375 0.5625 0.966796875 0.064453125 0.267578125 0.064453125 0.267578125 1 0.966796875 1 0.267578125 0.064453125 0.966796875 0.064453125 0.267578125 1 -0.05859375 0.5625 0.966796875 0.064453125 0 0.064453125 0.99609375 0.5625 0 1 0.966796875 1 0.99609375 0.5625 -0.05859375 0.5625 0 1 0.966796875 0.064453125 0 0.064453125 0.966796875 1 -0.05859375 0.5625 0.99609375 0.5625 0.966796875 0.064453125 0 0.064453125 0 1 0.966796875 1 -0.05859375 0.5625 0.99609375 0.5625 0.966796875 0.064453125 0 0.064453125 0 1 0.966796875 1 0 0.064453125 0.966796875 0.064453125 0.99609375 0.5625 -0.05859375 0.5625 0.966796875 1 0 1 0.966796875 1 0.966796875 0.064453125 0 0.064453125 0 1 0.99609375 0.5625 -0.05859375 0.5625 0 0.064453125 0.99609375 0.5625 -0.05859375 0.5625 0.966796875 0.064453125 0.966796875 1 0 1 0 0.064453125 0.966796875 0.064453125 0.99609375 0.5625 0.966796875 1 0 1 -0.05859375 0.5625</float_array>
                    <technique_common>
                        <accessor count="212" source="#uvarrayMesh0_1" stride="2">
                            <param name="S" type="float"/>
                            <param name="T" type="float"/>
                        </accessor>
                    </technique_common>
                </source>
                <vertices id="verticesMesh0_1">
                    <input semantic="POSITION" source="#pointsMesh0_1"/>
                </vertices>
                <polylist count="228" material="Material1">
                    <input offset="0" semantic="VERTEX" source="#verticesMesh0_1"/>
                    <input offset="1" semantic="TEXCOORD" source="#uvsMesh0_1" set="0"/>
                    <vcount>3 3 3 3 3 3 3 3 3 3 3 3 3 3 3 3 3 3 3 3 3 3 3 3 3 3 3 3 3 3 3 3 3 3 3 3 3 3 3 3 3 3 3 3 3 3 3 3 3 3 3 3 3 3 3 3 3 3 3 3 3 3 3 3 3 3 3 3 3 3 3 3 3 3 3 3 3 3 3 3 3 3 3 3 3 3 3 3 3 3 3 3 3 3 3 3 3 3 3 3 3 3 3 3 3 3 3 3 3 3 3 3 3 3 3 3 3 3 3 3 3 3 3 3 3 3 3 3 3 3 3 3 3 3 3 3 3 3 3 3 3 3 3 3 3 3 3 3 3 3 3 3 3 3 3 3 3 3 3 3 3 3 3 3 3 3 3 3 3 3 3 3 3 3 3 3 3 3 3 3 3 3 3 3 3 3 3 3 3 3 3 3 3 3 3 3 3 3 3 3 3 3 3 3 3 3 3 3 3 3 3 3 3 3 3 3 3 3 3 3 3 3 3 3 3 3 3 3</vcount>
                    <p>0 0 1 1 2 2 0 0 2 2 3 3 0 0 3 3 4 4 0 0 4 4 5 5 6 6 7 7 8 8 6 6 8 8 9 9 10 10 11 11 12 12 10 10 12 12 13 13 14 14 15 15 16 16 14 14 17 17 15 15 10 10 13 13 18 18 10 10 18 18 19 19 6 6 9 9 20 20 6 6 20 20 21 21 20 20 22 22 23 23 20 20 23 23 21 21 24 24 22 22 14 14 24 24 14 14 25 25 26 26 27 27 28 28 26 26 28 28 29 29 26 26 29 29 30 30 26 26 30 30 31 31 32 32 33 33 34 34 32 32 35 35 33 33 32 32 34 34 36 36 37 37 38 38 39 39 37 37 39 39 40 40 41 41 42 42 43 43 41 41 43 43 44 44 37 37 45 45 46 46 37 37 40 40 45 45 32 32 36 36 47 47 36 36 48 48 49 49 36 36 49 49 47 47 50 50 48 48 41 41 50 50 41 41 51 51 52 52 53 53 54 54 52 52 54 54 55 55 52 52 56 56 57 57 57 57 53 53 52 52 57 57 56 56 53 53 52 52 58 58 56 56 58 58 53 53 56 56 58 58 54 54 53 53 59 59 54 54 58 58 52 52 59 59 58 58 59 59 55 55 54 54 52 52 55 55 59 59 60 60 61 61 62 62 60 60 62 62 63 63 60 60 63 63 64 64 60 60 64 64 65 65 66 66 61 61 60 60 65 65 66 66 60 60 64 64 66 66 65 65 67 67 68 68 69 69 64 64 70 70 66 66 62 62 70 70 63 63 70 70 64 64 63 63 61 61 70 70 62 62 61 61 66 66 70 70 71 71 68 68 67 67 71 71 67 67 72 72 71 71 72 72 73 73 74 74 75 75 71 71 71 71 75 75 69 69 71 71 69 69 68 68 71 71 73 73 74 74 74 74 73 73 75 75 72 72 75 75 73 73 67 67 69 69 72 72 72 72 69 69 75 75 76 76 77 77 78 78 79 79 80 80 81 81 80 80 82 82 81 81 81 81 82 82 83 83 81 81 83 83 84 84 81 81 84 84 85 85 81 81 85 85 79 79 85 85 86 86 80 80 85 85 80 80 79 79 86 86 85 85 84 84 83 83 86 86 84 84 82 82 86 86 83 83 82 82 80 80 86 86 87 87 88 88 89 89 87 87 89 89 76 76 87 87 76 76 78 78 87 87 78 78 90 90 90 90 77 77 87 87 90 90 78 78 77 77 89 89 91 91 76 76 76 76 91 91 77 77 89 89 88 88 91 91 87 87 91 91 88 88 87 87 77 77 91 91 92 92 93 93 94 94 92 92 94 94 95 95 92 92 96 96 93 93 95 95 97 97 92 92 97 97 98 98 92 92 92 92 98 98 96 96 94 94 97 97 95 95 99 99 100 100 101 101 94 94 102 102 97 97 96 96 102 102 93 93 102 102 94 94 93 93 98 98 102 102 96 96 98 98 97 97 102 102 103 103 100 100 99 99 103 103 99 99 104 104 103 103 104 104 105 105 103 103 105 105 106 106 103 103 107 107 101 101 103 103 101 101 100 100 106 106 107 107 103 103 104 104 107 107 105 105 106 106 105 105 107 107 99 99 101 101 104 104 104 104 101 101 107 107 108 108 109 109 110 110 111 111 112 112 113 113 111 111 113 113 114 114 114 114 115 115 111 111 115 115 116 116 111 111 111 111 116 116 117 117 111 111 117 117 112 112 113 113 115 115 114 114 118 118 113 113 112 112 113 113 118 118 115 115 117 117 118 118 112 112 116 116 118 118 117 117 116 116 115 115 118 118 119 119 120 120 110 110 119 119 110 110 109 109 108 108 121 121 109 109 108 108 120 120 119 119 108 108 119 119 121 121 122 122 123 123 124 124 123 123 122 122 125 125 122 122 124 124 126 126 122 122 127 127 125 125 125 125 127 127 126 126 128 128 129 129 130 130 125 125 126 126 124 124 131 131 132 132 133 133 134 134 131 131 135 135 131 131 134 134 132 132 135 135 133 133 132 132 134 134 135 135 136 136 135 135 132 132 136 136 128 128 137 137 129 129 138 138 139 139 140 140 141 141 130 130 129 129 137 137 141 141 142 142 137 137 128 128 141 141 141 141 129 129 142 142 143 143 138 138 144 144 138 138 143 143 139 139 145 145 146 146 147 147 148 148 140 140 139 139 148 148 144 144 140 140 143 143 144 144 148 148 149 149 145 145 150 150 145 145 149 149 146 146 149 149 150 150 151 151 147 147 151 151 150 150 147 147 146 146 151 151 152 152 153 153 154 154 155 155 156 156 157 157 155 155 157 157 158 158 156 156 155 155 159 159 158 158 157 157 160 160 156 156 159 159 160 160 158 158 160 160 159 159 161 161 162 162 154 154 161 161 154 154 153 153 152 152 163 163 153 153 152 152 162 162 161 161 152 152 161 161 163 163 164 164 165 165 166 166 167 167 164 164 168 168 164 164 167 167 165 165 168 168 166 166 165 165 168 168 165 165 169 169 167 167 168 168 169 169 170 170 171 171 172 172 171 171 170 170 173 173 172 172 174 174 173 173 172 172 173 173 175 175 171 171 173 173 174 174 170 170 172 172 175 175 176 176 177 177 178 178 176 176 178 178 179 179 177 177 176 176 180 180 180 180 179 179 178 178 180 180 178 178 181 181 177 177 180 180 181 181 182 182 183 183 184 184 182 182 184 184 185 185 186 186 185 185 184 184 186 186 184 184 187 187 183 183 186 186 187 187 183 183 182 182 186 186 188 188 189 189 190 190 188 188 190 190 191 191 192 192 188 188 193 193 192 192 189 189 188 188 192 192 191 191 190 190 192 192 193 193 191 191 194 194 195 195 196 196 194 194 196 196 197 197 196 196 195 195 198 198 194 194 199 199 198 198 196 196 198 198 199 199 194 194 197 197 199 199 200 200 201 201 202 202 200 200 203 203 201 201 204 204 200 200 205 205 204 204 203 203 200 200 204 204 202 202 201 201 204 204 205 205 202 202 206 206 207 207 208 208 209 209 210 210 211 211 209 209 206 206 210 210 209 209 207 207 206 206 209 209 211 211 208 208 206 206 208 208 211 211</p>
                </polylist>
            </mesh>
        </geometry>
        <geometry id="meshMesh0_2">
            <mesh>
                <source id="pointsMesh0_2">
                    <float_array id="pointarrayMesh0_2" count="636">-1653 -3532 -2098 -2472 -3532 -2098 -2472 -3429 -2098 -1730 -3429 -2098 -1730 -3276 -2098 -1653 -3276 -2098 -1730 -3429 -2098 -2472 -3429 -2098 -2472 -3429 -1996 -1730 -3429 -1996 -1730 -3429 -1996 -2472 -3429 -1996 -2472 -3532 -1996 -1653 -3532 -1996 -1653 -3532 -1996 -2472 -3532 -2098 -1653 -3532 -2098 -2472 -3532 -1996 -1653 -3276 -1996 -1730 -3276 -1996 -1730 -3276 -1996 -1730 -3276 -2098 -1653 -3276 -1996 -1653 -3276 -2098 -1653 -3276 -2098 -1653 -3532 -2098 205 -2073 -5861 205 -2073 -6681 205 -1970 -6681 205 -1970 -5938 205 -1817 -5938 205 -1817 -5861 205 -1970 -5938 102 -1970 -6681 102 -1970 -5938 205 -1970 -6681 102 -1817 -5938 102 -1970 -5938 102 -1970 -6681 102 -2073 -6681 102 -2073 -5861 102 -2073 -5861 102 -2073 -6681 205 -2073 -6681 205 -2073 -5861 102 -1817 -5861 102 -1817 -5938 205 -1817 -5938 102 -1817 -5861 205 -1817 -5861 205 -1817 -5861 205 -2073 -5861 -1202 -1631 -6546 -1151 -1657 -6597 -1151 -2559 -6597 -1202 -2585 -6546 -1100 -1631 -6546 -1151 -1606 -6546 -1100 -2585 -6546 -1151 -2610 -6546 -1151 -2610 -5952 -1202 -2585 -5952 -1202 -1631 -5952 -1151 -1606 -5952 -1100 -1631 -5952 -1100 -2585 -5952 -1151 -2559 -5901 1459 -1791 -6546 1408 -1765 -6546 1459 -1740 -6597 -1151 -1657 -5901 1408 -812 -6546 1510 -1765 -6546 1510 -812 -6546 1459 -786 -6546 1459 -838 -6597 2406 -2073 -6546 2355 -1145 -6597 2406 -1119 -6546 1510 -1765 -5952 1459 -1740 -5901 1459 -1791 -5952 1408 -1765 -5952 1408 -812 -5952 1459 -786 -5952 1510 -812 -5952 1459 -838 -5901 2304 -1119 -6546 2304 -2073 -6546 2355 -2098 -6546 2355 -1094 -6546 2355 -2047 -6597 2355 -2098 -5952 2355 -1094 -5952 2406 -1119 -5952 2406 -2073 -5952 2304 -1119 -5952 2355 -2047 -5901 2304 -2073 -5952 3251 -1279 -6546 3200 -1253 -6546 3251 -1228 -6597 2355 -1145 -5901 3200 -300 -6546 3302 -1253 -6546 3302 -300 -6546 3251 -274 -6546 3251 -326 -6597 -1202 -2535 -5952 -1637 -2548 -5937 -1187 -2548 -5937 3251 -1279 -5952 3251 -274 -5952 3302 -300 -5952 3302 -1253 -5952 3251 -1228 -5901 3200 -1253 -5952 3200 -300 -5952 3251 -326 -5901 -1637 -2561 -5952 -1202 -2561 -5952 -1637 -2535 -5952 -1187 -2548 -6562 -1637 -2548 -6562 -1637 -2535 -6546 -1637 -2561 -6546 -1202 -2535 -6546 -1202 -2561 -6546 3287 -415 -6562 3738 -428 -6546 3302 -428 -6546 3287 -1234 -6562 3738 -1247 -6546 3302 -1247 -6546 3738 -1234 -6562 3302 -1222 -6546 3738 -1222 -6546 3738 -415 -6562 3302 -1247 -5952 3738 -1234 -5937 3287 -1234 -5937 3302 -402 -6546 3738 -402 -6546 3738 -1247 -5952 3302 -1222 -5952 3738 -428 -5952 3302 -402 -5952 3738 -402 -5952 3738 -1222 -5952 3302 -428 -5952 3738 -415 -5937 3287 -415 -5937 -1202 -2458 -5952 -1637 -2471 -5937 -1187 -2471 -5937 -1637 -2471 -6562 -1187 -2471 -6562 -1202 -2484 -6546 -1637 -2484 -6546 -1637 -2458 -6546 -1202 -2458 -6546 -1637 -2484 -5952 -1202 -2484 -5952 -1637 -2458 -5952 1495 -1158 -6562 2304 -1170 -6546 1510 -1170 -6546 2319 -1158 -6562 1510 -1145 -6546 2304 -1145 -6546 2319 -1234 -6562 1495 -1234 -6562 1510 -1222 -6546 2304 -1247 -6546 1510 -1247 -6546 2304 -1222 -6546 2391 -1234 -6562 3215 -1234 -6562 3200 -1247 -6546 2406 -1247 -6546 2406 -1222 -6546 3200 -1222 -6546 2391 -1158 -6562 3215 -1158 -6562 3200 -1170 -6546 2406 -1170 -6546 2406 -1145 -6546 3200 -1145 -6546 1510 -1170 -5952 2304 -1170 -5952 2319 -1158 -5937 1495 -1158 -5937 2304 -1145 -5952 1510 -1145 -5952 2304 -1222 -5952 2304 -1247 -5952 1510 -1247 -5952 1510 -1222 -5952 2319 -1234 -5937 1495 -1234 -5937 2406 -1247 -5952 3215 -1234 -5937 2391 -1234 -5937 3200 -1247 -5952 3200 -1222 -5952 2406 -1222 -5952 2406 -1170 -5952 3200 -1170 -5952 3215 -1158 -5937 3200 -1145 -5952 2406 -1145 -5952 2391 -1158 -5937</float_array>
                    <technique_common>
                        <accessor count="212" source="#pointarrayMesh0_2" stride="3">
                            <param name="X" type="float"/>
                            <param name="Y" type="float"/>
                            <param name="Z" type="float"/>
                        </accessor>
                    </technique_common>
                </source>
                <source id="uvsMesh0_2">
                    <float_array id="uvarrayMesh0_2" count="424">0.119140625 0.064453125 1.71484375 0.064453125 1.71484375 0.462890625 0.267578125 0.462890625 0.267578125 1 0.119140625 1 0.119140625 0.462890625 1.56640625 0.462890625 1.56640625 0.462890625 0.119140625 0.462890625 0.81640625 0.462890625 -0.62890625 0.462890625 -0.62890625 0.064453125 0.966796875 0.064453125 0 0.064453125 1.56640625 0.064453125 0 0.064453125 1.56640625 0.064453125 0.966796875 1 0.81640625 1 0.119140625 1 0.119140625 1 0 1 0 1 0.16796875 1 0.16796875 0.064453125 0.119140625 0.064453125 1.71484375 0.064453125 1.71484375 0.462890625 0.267578125 0.462890625 0.267578125 1 0.119140625 1 0.119140625 0.462890625 1.56640625 0.462890625 0.119140625 0.462890625 1.56640625 0.462890625 0.119140625 1 0.81640625 0.462890625 -0.62890625 0.462890625 -0.62890625 0.064453125 0.966796875 0.064453125 0 0.064453125 1.56640625 0.064453125 1.56640625 0.064453125 0 0.064453125 0.966796875 1 0.81640625 1 0.119140625 1 0 1 0 1 0.16796875 1 0.16796875 0.064453125 0 1.037109375 0.466796875 1.01171875 0.46875 0.115234375 0 0.08984375 0.966796875 1.037109375 0.466796875 1 0.966796875 0.08984375 0.46875 0.064453125 0.46875 0.064453125 0 0.08984375 0 1.037109375 0.466796875 1 0.966796875 1.037109375 0.966796875 0.08984375 0.46875 0.115234375 0.46875 0.064453125 0 0.08984375 0.46875 0.115234375 0.466796875 1.01171875 0 1.037109375 0.966796875 0.08984375 0.966796875 1.037109375 0.466796875 1 0.466796875 1.01171875 0.966796875 0.08984375 0.466796875 1.01171875 0.966796875 1.037109375 0.966796875 0.08984375 0.46875 0.115234375 0.46875 0.064453125 0 0.08984375 0 1.037109375 0.466796875 1 0.966796875 1.037109375 0.466796875 1.01171875 0 1.037109375 0 0.08984375 0.46875 0.064453125 0.466796875 1 0.46875 0.115234375 0.46875 0.064453125 0.466796875 1 0.966796875 1.037109375 0.966796875 0.08984375 0 1.037109375 0.46875 0.115234375 0 0.08984375 0.46875 0.064453125 0 0.08984375 0.46875 0.115234375 0.466796875 1.01171875 0 1.037109375 0.966796875 0.08984375 0.966796875 1.037109375 0.466796875 1 0.466796875 1.01171875 0.966796875 1 0.267578125 0.5625 0.99609375 0.5625 0.46875 0.064453125 0.466796875 1 0.966796875 1.037109375 0.966796875 0.08984375 0.46875 0.115234375 0 0.08984375 0 1.037109375 0.466796875 1.01171875 0.267578125 0.064453125 0.966796875 0.064453125 0.267578125 1 0.99609375 0.5625 0.267578125 0.5625 0.267578125 1 0.267578125 0.064453125 0.966796875 1 0.966796875 0.064453125 -0.05859375 0.5625 0.568359375 0.064453125 0 0.064453125 -0.05859375 0.5625 0.568359375 0.064453125 0 0.064453125 0.568359375 0.5625 0 1 0.568359375 1 0.568359375 0.5625 0 0.064453125 0.568359375 0.5625 -0.05859375 0.5625 0 1 0.568359375 1 0.568359375 0.064453125 0 1 0.568359375 0.064453125 0 1 0.568359375 1 0.568359375 1 0 0.064453125 0.568359375 0.5625 -0.05859375 0.5625 0.966796875 1 0.267578125 0.5625 0.99609375 0.5625 0.267578125 0.5625 0.99609375 0.5625 0.966796875 0.064453125 0.267578125 0.064453125 0.267578125 1 0.966796875 1 0.267578125 0.064453125 0.966796875 0.064453125 0.267578125 1 -0.05859375 0.5625 0.966796875 0.064453125 0 0.064453125 0.99609375 0.5625 0 1 0.966796875 1 0.99609375 0.5625 -0.05859375 0.5625 0 1 0.966796875 0.064453125 0 0.064453125 0.966796875 1 -0.05859375 0.5625 0.99609375 0.5625 0.966796875 0.064453125 0 0.064453125 0 1 0.966796875 1 -0.05859375 0.5625 0.99609375 0.5625 0.966796875 0.064453125 0 0.064453125 0 1 0.966796875 1 0 0.064453125 0.966796875 0.064453125 0.99609375 0.5625 -0.05859375 0.5625 0.966796875 1 0 1 0.966796875 1 0.966796875 0.064453125 0 0.064453125 0 1 0.99609375 0.5625 -0.05859375 0.5625 0 0.064453125 0.99609375 0.5625 -0.05859375 0.5625 0.966796875 0.064453125 0.966796875 1 0 1 0 0.064453125 0.966796875 0.064453125 0.99609375 0.5625 0.966796875 1 0 1 -0.05859375 0.5625</float_array>
                    <technique_common>
                        <accessor count="212" source="#uvarrayMesh0_2" stride="2">
                            <param name="S" type="float"/>
                            <param name="T" type="float"/>
                        </accessor>
                    </technique_common>
                </source>
                <vertices id="verticesMesh0_2">
                    <input semantic="POSITION" source="#pointsMesh0_2"/>
                </vertices>
                <polylist count="228" material="Material1">
                    <input offset="0" semantic="VERTEX" source="#verticesMesh0_2"/>
                    <input offset="1" semantic="TEXCOORD" source="#uvsMesh0_2" set="0"/>
                    <vcount>3 3 3 3 3 3 3 3 3 3 3 3 3 3 3 3 3 3 3 3 3 3 3 3 3 3 3 3 3 3 3 3 3 3 3 3 3 3 3 3 3 3 3 3 3 3 3 3 3 3 3 3 3 3 3 3 3 3 3 3 3 3 3 3 3 3 3 3 3 3 3 3 3 3 3 3 3 3 3 3 3 3 3 3 3 3 3 3 3 3 3 3 3 3 3 3 3 3 3 3 3 3 3 3 3 3 3 3 3 3 3 3 3 3 3 3 3 3 3 3 3 3 3 3 3 3 3 3 3 3 3 3 3 3 3 3 3 3 3 3 3 3 3 3 3 3 3 3 3 3 3 3 3 3 3 3 3 3 3 3 3 3 3 3 3 3 3 3 3 3 3 3 3 3 3 3 3 3 3 3 3 3 3 3 3 3 3 3 3 3 3 3 3 3 3 3 3 3 3 3 3 3 3 3 3 3 3 3 3 3 3 3 3 3 3 3 3 3 3 3 3 3 3 3 3 3 3 3</vcount>
                    <p>0 0 1 1 2 2 0 0 2 2 3 3 0 0 3 3 4 4 0 0 4 4 5 5 6 6 7 7 8 8 6 6 8 8 9 9 10 10 11 11 12 12 10 10 12 12 13 13 14 14 15 15 16 16 14 14 17 17 15 15 10 10 13 13 18 18 10 10 18 18 19 19 6 6 9 9 20 20 6 6 20 20 21 21 20 20 22 22 23 23 20 20 23 23 21 21 24 24 22 22 14 14 24 24 14 14 25 25 26 26 27 27 28 28 26 26 28 28 29 29 26 26 29 29 30 30 26 26 30 30 31 31 32 32 33 33 34 34 32 32 35 35 33 33 32 32 34 34 36 36 37 37 38 38 39 39 37 37 39 39 40 40 41 41 42 42 43 43 41 41 43 43 44 44 37 37 45 45 46 46 37 37 40 40 45 45 32 32 36 36 47 47 36 36 48 48 49 49 36 36 49 49 47 47 50 50 48 48 41 41 50 50 41 41 51 51 52 52 53 53 54 54 52 52 54 54 55 55 52 52 56 56 57 57 57 57 53 53 52 52 57 57 56 56 53 53 52 52 58 58 56 56 58 58 53 53 56 56 58 58 54 54 53 53 59 59 54 54 58 58 52 52 59 59 58 58 59 59 55 55 54 54 52 52 55 55 59 59 60 60 61 61 62 62 60 60 62 62 63 63 60 60 63 63 64 64 60 60 64 64 65 65 66 66 61 61 60 60 65 65 66 66 60 60 64 64 66 66 65 65 67 67 68 68 69 69 64 64 70 70 66 66 62 62 70 70 63 63 70 70 64 64 63 63 61 61 70 70 62 62 61 61 66 66 70 70 71 71 68 68 67 67 71 71 67 67 72 72 71 71 72 72 73 73 74 74 75 75 71 71 71 71 75 75 69 69 71 71 69 69 68 68 71 71 73 73 74 74 74 74 73 73 75 75 72 72 75 75 73 73 67 67 69 69 72 72 72 72 69 69 75 75 76 76 77 77 78 78 79 79 80 80 81 81 80 80 82 82 81 81 81 81 82 82 83 83 81 81 83 83 84 84 81 81 84 84 85 85 81 81 85 85 79 79 85 85 86 86 80 80 85 85 80 80 79 79 86 86 85 85 84 84 83 83 86 86 84 84 82 82 86 86 83 83 82 82 80 80 86 86 87 87 88 88 89 89 87 87 89 89 76 76 87 87 76 76 78 78 87 87 78 78 90 90 90 90 77 77 87 87 90 90 78 78 77 77 89 89 91 91 76 76 76 76 91 91 77 77 89 89 88 88 91 91 87 87 91 91 88 88 87 87 77 77 91 91 92 92 93 93 94 94 92 92 94 94 95 95 92 92 96 96 93 93 95 95 97 97 92 92 97 97 98 98 92 92 92 92 98 98 96 96 94 94 97 97 95 95 99 99 100 100 101 101 94 94 102 102 97 97 96 96 102 102 93 93 102 102 94 94 93 93 98 98 102 102 96 96 98 98 97 97 102 102 103 103 100 100 99 99 103 103 99 99 104 104 103 103 104 104 105 105 103 103 105 105 106 106 103 103 107 107 101 101 103 103 101 101 100 100 106 106 107 107 103 103 104 104 107 107 105 105 106 106 105 105 107 107 99 99 101 101 104 104 104 104 101 101 107 107 108 108 109 109 110 110 111 111 112 112 113 113 111 111 113 113 114 114 114 114 115 115 111 111 115 115 116 116 111 111 111 111 116 116 117 117 111 111 117 117 112 112 113 113 115 115 114 114 118 118 113 113 112 112 113 113 118 118 115 115 117 117 118 118 112 112 116 116 118 118 117 117 116 116 115 115 118 118 119 119 120 120 110 110 119 119 110 110 109 109 108 108 121 121 109 109 108 108 120 120 119 119 108 108 119 119 121 121 122 122 123 123 124 124 123 123 122 122 125 125 122 122 124 124 126 126 122 122 127 127 125 125 125 125 127 127 126 126 128 128 129 129 130 130 125 125 126 126 124 124 131 131 132 132 133 133 134 134 131 131 135 135 131 131 134 134 132 132 135 135 133 133 132 132 134 134 135 135 136 136 135 135 132 132 136 136 128 128 137 137 129 129 138 138 139 139 140 140 141 141 130 130 129 129 137 137 141 141 142 142 137 137 128 128 141 141 141 141 129 129 142 142 143 143 138 138 144 144 138 138 143 143 139 139 145 145 146 146 147 147 148 148 140 140 139 139 148 148 144 144 140 140 143 143 144 144 148 148 149 149 145 145 150 150 145 145 149 149 146 146 149 149 150 150 151 151 147 147 151 151 150 150 147 147 146 146 151 151 152 152 153 153 154 154 155 155 156 156 157 157 155 155 157 157 158 158 156 156 155 155 159 159 158 158 157 157 160 160 156 156 159 159 160 160 158 158 160 160 159 159 161 161 162 162 154 154 161 161 154 154 153 153 152 152 163 163 153 153 152 152 162 162 161 161 152 152 161 161 163 163 164 164 165 165 166 166 167 167 164 164 168 168 164 164 167 167 165 165 168 168 166 166 165 165 168 168 165 165 169 169 167 167 168 168 169 169 170 170 171 171 172 172 171 171 170 170 173 173 172 172 174 174 173 173 172 172 173 173 175 175 171 171 173 173 174 174 170 170 172 172 175 175 176 176 177 177 178 178 176 176 178 178 179 179 177 177 176 176 180 180 180 180 179 179 178 178 180 180 178 178 181 181 177 177 180 180 181 181 182 182 183 183 184 184 182 182 184 184 185 185 186 186 185 185 184 184 186 186 184 184 187 187 183 183 186 186 187 187 183 183 182 182 186 186 188 188 189 189 190 190 188 188 190 190 191 191 192 192 188 188 193 193 192 192 189 189 188 188 192 192 191 191 190 190 192 192 193 193 191 191 194 194 195 195 196 196 194 194 196 196 197 197 196 196 195 195 198 198 194 194 199 199 198 198 196 196 198 198 199 199 194 194 197 197 199 199 200 200 201 201 202 202 200 200 203 203 201 201 204 204 200 200 205 205 204 204 203 203 200 200 204 204 202 202 201 201 204 204 205 205 202 202 206 206 207 207 208 208 209 209 210 210 211 211 209 209 206 206 210 210 209 209 207 207 206 206 209 209 211 211 208 208 206 206 208 208 211 211</p>
                </polylist>
            </mesh>
        </geometry>
        <geometry id="meshMesh0_VC2">
            <mesh>
                <source id="pointsMesh0_VC2">
                    <float_array id="pointarrayMesh0_VC2" count="636">-1653 -3532 -2098 -2472 -3532 -2098 -2472 -3429 -2098 -1730 -3429 -2098 -1730 -3276 -2098 -1653 -3276 -2098 -1730 -3429 -2098 -2472 -3429 -2098 -2472 -3429 -1996 -1730 -3429 -1996 -1730 -3429 -1996 -2472 -3429 -1996 -2472 -3532 -1996 -1653 -3532 -1996 -1653 -3532 -1996 -2472 -3532 -2098 -1653 -3532 -2098 -2472 -3532 -1996 -1653 -3276 -1996 -1730 -3276 -1996 -1730 -3276 -1996 -1730 -3276 -2098 -1653 -3276 -1996 -1653 -3276 -2098 -1653 -3276 -2098 -1653 -3532 -2098 205 -2073 -5861 205 -2073 -6681 205 -1970 -6681 205 -1970 -5938 205 -1817 -5938 205 -1817 -5861 205 -1970 -5938 102 -1970 -6681 102 -1970 -5938 205 -1970 -6681 102 -1817 -5938 102 -1970 -5938 102 -1970 -6681 102 -2073 -6681 102 -2073 -5861 102 -2073 -5861 102 -2073 -6681 205 -2073 -6681 205 -2073 -5861 102 -1817 -5861 102 -1817 -5938 205 -1817 -5938 102 -1817 -5861 205 -1817 -5861 205 -1817 -5861 205 -2073 -5861 -1202 -1631 -6546 -1151 -1657 -6597 -1151 -2559 -6597 -1202 -2585 -6546 -1100 -1631 -6546 -1151 -1606 -6546 -1100 -2585 -6546 -1151 -2610 -6546 -1151 -2610 -5952 -1202 -2585 -5952 -1202 -1631 -5952 -1151 -1606 -5952 -1100 -1631 -5952 -1100 -2585 -5952 -1151 -2559 -5901 1459 -1791 -6546 1408 -1765 -6546 1459 -1740 -6597 -1151 -1657 -5901 1408 -812 -6546 1510 -1765 -6546 1510 -812 -6546 1459 -786 -6546 1459 -838 -6597 2406 -2073 -6546 2355 -1145 -6597 2406 -1119 -6546 1510 -1765 -5952 1459 -1740 -5901 1459 -1791 -5952 1408 -1765 -5952 1408 -812 -5952 1459 -786 -5952 1510 -812 -5952 1459 -838 -5901 2304 -1119 -6546 2304 -2073 -6546 2355 -2098 -6546 2355 -1094 -6546 2355 -2047 -6597 2355 -2098 -5952 2355 -1094 -5952 2406 -1119 -5952 2406 -2073 -5952 2304 -1119 -5952 2355 -2047 -5901 2304 -2073 -5952 3251 -1279 -6546 3200 -1253 -6546 3251 -1228 -6597 2355 -1145 -5901 3200 -300 -6546 3302 -1253 -6546 3302 -300 -6546 3251 -274 -6546 3251 -326 -6597 -1202 -2535 -5952 -1637 -2548 -5937 -1187 -2548 -5937 3251 -1279 -5952 3251 -274 -5952 3302 -300 -5952 3302 -1253 -5952 3251 -1228 -5901 3200 -1253 -5952 3200 -300 -5952 3251 -326 -5901 -1637 -2561 -5952 -1202 -2561 -5952 -1637 -2535 -5952 -1187 -2548 -6562 -1637 -2548 -6562 -1637 -2535 -6546 -1637 -2561 -6546 -1202 -2535 -6546 -1202 -2561 -6546 3287 -415 -6562 3738 -428 -6546 3302 -428 -6546 3287 -1234 -6562 3738 -1247 -6546 3302 -1247 -6546 3738 -1234 -6562 3302 -1222 -6546 3738 -1222 -6546 3738 -415 -6562 3302 -1247 -5952 3738 -1234 -5937 3287 -1234 -5937 3302 -402 -6546 3738 -402 -6546 3738 -1247 -5952 3302 -1222 -5952 3738 -428 -5952 3302 -402 -5952 3738 -402 -5952 3738 -1222 -5952 3302 -428 -5952 3738 -415 -5937 3287 -415 -5937 -1202 -2458 -5952 -1637 -2471 -5937 -1187 -2471 -5937 -1637 -2471 -6562 -1187 -2471 -6562 -1202 -2484 -6546 -1637 -2484 -6546 -1637 -2458 -6546 -1202 -2458 -6546 -1637 -2484 -5952 -1202 -2484 -5952 -1637 -2458 -5952 1495 -1158 -6562 2304 -1170 -6546 1510 -1170 -6546 2319 -1158 -6562 1510 -1145 -6546 2304 -1145 -6546 2319 -1234 -6562 1495 -1234 -6562 1510 -1222 -6546 2304 -1247 -6546 1510 -1247 -6546 2304 -1222 -6546 2391 -1234 -6562 3215 -1234 -6562 3200 -1247 -6546 2406 -1247 -6546 2406 -1222 -6546 3200 -1222 -6546 2391 -1158 -6562 3215 -1158 -6562 3200 -1170 -6546 2406 -1170 -6546 2406 -1145 -6546 3200 -1145 -6546 1510 -1170 -5952 2304 -1170 -5952 2319 -1158 -5937 1495 -1158 -5937 2304 -1145 -5952 1510 -1145 -5952 2304 -1222 -5952 2304 -1247 -5952 1510 -1247 -5952 1510 -1222 -5952 2319 -1234 -5937 1495 -1234 -5937 2406 -1247 -5952 3215 -1234 -5937 2391 -1234 -5937 3200 -1247 -5952 3200 -1222 -5952 2406 -1222 -5952 2406 -1170 -5952 3200 -1170 -5952 3215 -1158 -5937 3200 -1145 -5952 2406 -1145 -5952 2391 -1158 -5937</float_array>
                    <technique_common>
                        <accessor count="212" source="#pointarrayMesh0_VC2" stride="3">
                            <param name="X" type="float"/>
                            <param name="Y" type="float"/>
                            <param name="Z" type="float"/>
                        </accessor>
                    </technique_common>
                </source>
                <source id="uvsMesh0_VC2">
                    <float_array id="uvarrayMesh0_VC2" count="1368">0.28125 0.99609375 0.28125 0.99609375 0.28125 0.99609375 0.28125 0.99609375 0.28125 0.99609375 0.28125 0.99609375 0.28125 0.99609375 0.28125 0.99609375 0.28125 0.99609375 0.28125 0.99609375 0.28125 0.99609375 0.28125 0.99609375 0.28125 0.99609375 0.28125 0.99609375 0.28125 0.99609375 0.28125 0.99609375 0.28125 0.99609375 0.28125 0.99609375 0.28125 0.99609375 0.28125 0.99609375 0.28125 0.99609375 0.28125 0.99609375 0.28125 0.99609375 0.28125 0.99609375 0.28125 0.99609375 0.28125 0.99609375 0.28125 0.99609375 0.28125 0.99609375 0.28125 0.99609375 0.28125 0.99609375 0.28125 0.99609375 0.28125 0.99609375 0.28125 0.99609375 0.28125 0.99609375 0.28125 0.99609375 0.28125 0.99609375 0.28125 0.99609375 0.28125 0.99609375 0.28125 0.99609375 0.28125 0.99609375 0.28125 0.99609375 0.28125 0.99609375 0.28125 0.99609375 0.28125 0.99609375 0.28125 0.99609375 0.28125 0.99609375 0.28125 0.99609375 0.28125 0.99609375 0.28125 0.99609375 0.28125 0.99609375 0.28125 0.99609375 0.28125 0.99609375 0.28125 0.99609375 0.28125 0.99609375 0.28125 0.99609375 0.28125 0.99609375 0.28125 0.99609375 0.28125 0.99609375 0.28125 0.99609375 0.28125 0.99609375 0.28125 0.99609375 0.28125 0.99609375 0.28125 0.99609375 0.28125 0.99609375 0.28125 0.99609375 0.28125 0.99609375 0.28125 0.99609375 0.28125 0.99609375 0.28125 0.99609375 0.28125 0.99609375 0.28125 0.99609375 0.28125 0.99609375 0.28125 0.99609375 0.28125 0.99609375 0.28125 0.99609375 0.28125 0.99609375 0.28125 0.99609375 0.28125 0.99609375 0.28125 0.99609375 0.28125 0.99609375 0.28125 0.99609375 0.28125 0.99609375 0.28125 0.99609375 0.28125 0.99609375 0.28125 0.99609375 0.28125 0.99609375 0.28125 0.99609375 0.28125 0.99609375 0.28125 0.99609375 0.28125 0.99609375 0.28125 0.99609375 0.28125 0.99609375 0.28125 0.99609375 0.28125 0.99609375 0.28125 0.99609375 0.28125 0.99609375 0.28125 0.99609375 0.28125 0.99609375 0.28125 0.99609375 0.28125 0.99609375 0.28125 0.99609375 0.28125 0.99609375 0.28125 0.99609375 0.28125 0.99609375 0.28125 0.99609375 0.28125 0.99609375 0.28125 0.99609375 0.28125 0.99609375 0.28125 0.99609375 0.28125 0.99609375 0.28125 0.99609375 0.28125 0.99609375 0.28125 0.99609375 0.28125 0.99609375 0.28125 0.99609375 0.28125 0.99609375 0.28125 0.99609375 0.28125 0.99609375 0.28125 0.99609375 0.28125 0.99609375 0.28125 0.99609375 0.28125 0.99609375 0.28125 0.99609375 0.28125 0.99609375 0.28125 0.99609375 0.28125 0.99609375 0.28125 0.99609375 0.28125 0.99609375 0.28125 0.99609375 0.28125 0.99609375 0.28125 0.99609375 0.28125 0.99609375 0.28125 0.99609375 0.28125 0.99609375 0.28125 0.99609375 0.28125 0.99609375 0.28125 0.99609375 0.28125 0.99609375 0.28125 0.99609375 0.28125 0.99609375 0.28125 0.99609375 0.28125 0.99609375 0.28125 0.99609375 0.28125 0.99609375 0.28125 0.99609375 0.28125 0.99609375 0.28125 0.99609375 0.28125 0.99609375 0.28125 0.99609375 0.28125 0.99609375 0.28125 0.99609375 0.28125 0.99609375 0.28125 0.99609375 0.28125 0.99609375 0.28125 0.99609375 0.28125 0.99609375 0.28125 0.99609375 0.28125 0.99609375 0.28125 0.99609375 0.28125 0.99609375 0.28125 0.99609375 0.28125 0.99609375 0.28125 0.99609375 0.28125 0.99609375 0.28125 0.99609375 0.28125 0.99609375 0.28125 0.99609375 0.28125 0.99609375 0.28125 0.99609375 0.28125 0.99609375 0.28125 0.99609375 0.28125 0.99609375 0.28125 0.99609375 0.28125 0.99609375 0.28125 0.99609375 0.28125 0.99609375 0.28125 0.99609375 0.28125 0.99609375 0.28125 0.99609375 0.28125 0.99609375 0.28125 0.99609375 0.28125 0.99609375 0.28125 0.99609375 0.28125 0.99609375 0.28125 0.99609375 0.28125 0.99609375 0.28125 0.99609375 0.28125 0.99609375 0.28125 0.99609375 0.28125 0.99609375 0.28125 0.99609375 0.28125 0.99609375 0.28125 0.99609375 0.28125 0.99609375 0.28125 0.99609375 0.28125 0.99609375 0.28125 0.99609375 0.28125 0.99609375 0.28125 0.99609375 0.28125 0.99609375 0.28125 0.99609375 0.28125 0.99609375 0.28125 0.99609375 0.28125 0.99609375 0.28125 0.99609375 0.28125 0.99609375 0.28125 0.99609375 0.28125 0.99609375 0.28125 0.99609375 0.28125 0.99609375 0.28125 0.99609375 0.28125 0.99609375 0.28125 0.99609375 0.28125 0.99609375 0.28125 0.99609375 0.28125 0.99609375 0.28125 0.99609375 0.28125 0.99609375 0.28125 0.99609375 0.28125 0.99609375 0.28125 0.99609375 0.28125 0.99609375 0.28125 0.99609375 0.28125 0.99609375 0.28125 0.99609375 0.28125 0.99609375 0.28125 0.99609375 0.28125 0.99609375 0.28125 0.99609375 0.28125 0.99609375 0.28125 0.99609375 0.28125 0.99609375 0.28125 0.99609375 0.28125 0.99609375 0.28125 0.99609375 0.28125 0.99609375 0.28125 0.99609375 0.28125 0.99609375 0.28125 0.99609375 0.28125 0.99609375 0.28125 0.99609375 0.28125 0.99609375 0.28125 0.99609375 0.28125 0.99609375 0.28125 0.99609375 0.28125 0.99609375 0.28125 0.99609375 0.28125 0.99609375 0.28125 0.99609375 0.28125 0.99609375 0.28125 0.99609375 0.28125 0.99609375 0.28125 0.99609375 0.28125 0.99609375 0.28125 0.99609375 0.28125 0.99609375 0.28125 0.99609375 0.28125 0.99609375 0.28125 0.99609375 0.28125 0.99609375 0.28125 0.99609375 0.28125 0.99609375 0.28125 0.99609375 0.28125 0.99609375 0.28125 0.99609375 0.28125 0.99609375 0.28125 0.99609375 0.28125 0.99609375 0.28125 0.99609375 0.28125 0.99609375 0.28125 0.99609375 0.28125 0.99609375 0.28125 0.99609375 0.28125 0.99609375 0.28125 0.99609375 0.28125 0.99609375 0.28125 0.99609375 0.28125 0.99609375 0.28125 0.99609375 0.28125 0.99609375 0.28125 0.99609375 0.28125 0.99609375 0.28125 0.99609375 0.28125 0.99609375 0.28125 0.99609375 0.28125 0.99609375 0.28125 0.99609375 0.28125 0.99609375 0.28125 0.99609375 0.28125 0.99609375 0.28125 0.99609375 0.28125 0.99609375 0.28125 0.99609375 0.28125 0.99609375 0.28125 0.99609375 0.28125 0.99609375 0.28125 0.99609375 0.28125 0.99609375 0.28125 0.99609375 0.28125 0.99609375 0.28125 0.99609375 0.28125 0.99609375 0.28125 0.99609375 0.28125 0.99609375 0.28125 0.99609375 0.28125 0.99609375 0.28125 0.99609375 0.28125 0.99609375 0.28125 0.99609375 0.28125 0.99609375 0.28125 0.99609375 0.28125 0.99609375 0.28125 0.99609375 0.28125 0.99609375 0.28125 0.99609375 0.28125 0.99609375 0.28125 0.99609375 0.28125 0.99609375 0.28125 0.99609375 0.28125 0.99609375 0.28125 0.99609375 0.28125 0.99609375 0.28125 0.99609375 0.28125 0.99609375 0.28125 0.99609375 0.28125 0.99609375 0.28125 0.99609375 0.28125 0.99609375 0.28125 0.99609375 0.28125 0.99609375 0.28125 0.99609375 0.28125 0.99609375 0.28125 0.99609375 0.28125 0.99609375 0.28125 0.99609375 0.28125 0.99609375 0.28125 0.99609375 0.28125 0.99609375 0.28125 0.99609375 0.28125 0.99609375 0.28125 0.99609375 0.28125 0.99609375 0.28125 0.99609375 0.28125 0.99609375 0.28125 0.99609375 0.28125 0.99609375 0.28125 0.99609375 0.28125 0.99609375 0.28125 0.99609375 0.28125 0.99609375 0.28125 0.99609375 0.28125 0.99609375 0.28125 0.99609375 0.28125 0.99609375 0.28125 0.99609375 0.28125 0.99609375 0.28125 0.99609375 0.28125 0.99609375 0.28125 0.99609375 0.28125 0.99609375 0.28125 0.99609375 0.28125 0.99609375 0.28125 0.99609375 0.28125 0.99609375 0.28125 0.99609375 0.28125 0.99609375 0.28125 0.99609375 0.28125 0.99609375 0.28125 0.99609375 0.28125 0.99609375 0.28125 0.99609375 0.28125 0.99609375 0.28125 0.99609375 0.28125 0.99609375 0.28125 0.99609375 0.28125 0.99609375 0.28125 0.99609375 0.28125 0.99609375 0.28125 0.99609375 0.28125 0.99609375 0.28125 0.99609375 0.28125 0.99609375 0.28125 0.99609375 0.28125 0.99609375 0.28125 0.99609375 0.28125 0.99609375 0.28125 0.99609375 0.28125 0.99609375 0.28125 0.99609375 0.28125 0.99609375 0.28125 0.99609375 0.28125 0.99609375 0.28125 0.99609375 0.28125 0.99609375 0.28125 0.99609375 0.28125 0.99609375 0.28125 0.99609375 0.28125 0.99609375 0.28125 0.99609375 0.28125 0.99609375 0.28125 0.99609375 0.28125 0.99609375 0.28125 0.99609375 0.28125 0.99609375 0.28125 0.99609375 0.28125 0.99609375 0.28125 0.99609375 0.28125 0.99609375 0.28125 0.99609375 0.28125 0.99609375 0.28125 0.99609375 0.28125 0.99609375 0.28125 0.99609375 0.28125 0.99609375 0.28125 0.99609375 0.28125 0.99609375 0.28125 0.99609375 0.28125 0.99609375 0.28125 0.99609375 0.28125 0.99609375 0.28125 0.99609375 0.28125 0.99609375 0.28125 0.99609375 0.28125 0.99609375 0.28125 0.99609375 0.28125 0.99609375 0.28125 0.99609375 0.28125 0.99609375 0.28125 0.99609375 0.28125 0.99609375 0.28125 0.99609375 0.28125 0.99609375 0.28125 0.99609375 0.28125 0.99609375 0.28125 0.99609375 0.28125 0.99609375 0.28125 0.99609375 0.28125 0.99609375 0.28125 0.99609375 0.28125 0.99609375 0.28125 0.99609375 0.28125 0.99609375 0.28125 0.99609375 0.28125 0.99609375 0.28125 0.99609375 0.28125 0.99609375 0.28125 0.99609375 0.28125 0.99609375 0.28125 0.99609375 0.28125 0.99609375 0.28125 0.99609375 0.28125 0.99609375 0.28125 0.99609375 0.28125 0.99609375 0.28125 0.99609375 0.28125 0.99609375 0.28125 0.99609375 0.28125 0.99609375 0.28125 0.99609375 0.28125 0.99609375 0.28125 0.99609375 0.28125 0.99609375 0.28125 0.99609375 0.28125 0.99609375 0.28125 0.99609375 0.28125 0.99609375 0.28125 0.99609375 0.28125 0.99609375 0.28125 0.99609375 0.28125 0.99609375 0.28125 0.99609375 0.28125 0.99609375 0.28125 0.99609375 0.28125 0.99609375 0.28125 0.99609375 0.28125 0.99609375 0.28125 0.99609375 0.28125 0.99609375 0.28125 0.99609375 0.28125 0.99609375 0.28125 0.99609375 0.28125 0.99609375 0.28125 0.99609375 0.28125 0.99609375 0.28125 0.99609375 0.28125 0.99609375 0.28125 0.99609375 0.28125 0.99609375 0.28125 0.99609375 0.28125 0.99609375 0.28125 0.99609375 0.28125 0.99609375 0.28125 0.99609375 0.28125 0.99609375 0.28125 0.99609375 0.28125 0.99609375 0.28125 0.99609375 0.28125 0.99609375 0.28125 0.99609375 0.28125 0.99609375 0.28125 0.99609375 0.28125 0.99609375 0.28125 0.99609375 0.28125 0.99609375 0.28125 0.99609375 0.28125 0.99609375 0.28125 0.99609375 0.28125 0.99609375 0.28125 0.99609375 0.28125 0.99609375 0.28125 0.99609375 0.28125 0.99609375 0.28125 0.99609375 0.28125 0.99609375 0.28125 0.99609375 0.28125 0.99609375 0.28125 0.99609375 0.28125 0.99609375 0.28125 0.99609375 0.28125 0.99609375 0.28125 0.99609375 0.28125 0.99609375 0.28125 0.99609375 0.28125 0.99609375 0.28125 0.99609375 0.28125 0.99609375 0.28125 0.99609375 0.28125 0.99609375 0.28125 0.99609375 0.28125 0.99609375 0.28125 0.99609375 0.28125 0.99609375 0.28125 0.99609375 0.28125 0.99609375 0.28125 0.99609375 0.28125 0.99609375 0.28125 0.99609375 0.28125 0.99609375 0.28125 0.99609375 0.28125 0.99609375 0.28125 0.99609375 0.28125 0.99609375 0.28125 0.99609375 0.28125 0.99609375 0.28125 0.99609375 0.28125 0.99609375 0.28125 0.99609375 0.28125 0.99609375 0.28125 0.99609375 0.28125 0.99609375 0.28125 0.99609375 0.28125 0.99609375 0.28125 0.99609375 0.28125 0.99609375 0.28125 0.99609375 0.28125 0.99609375 0.28125 0.99609375 0.28125 0.99609375 0.28125 0.99609375 0.28125 0.99609375 0.28125 0.99609375 0.28125 0.99609375 0.28125 0.99609375 0.28125 0.99609375 0.28125 0.99609375 0.28125 0.99609375 0.28125 0.99609375 0.28125 0.99609375 0.28125 0.99609375 0.28125 0.99609375 0.28125 0.99609375 0.28125 0.99609375 0.28125 0.99609375 0.28125 0.99609375 0.28125 0.99609375 0.28125 0.99609375 0.28125 0.99609375 0.28125 0.99609375 0.28125 0.99609375 0.28125 0.99609375 0.28125 0.99609375 0.28125 0.99609375 0.28125 0.99609375 0.28125 0.99609375 0.28125 0.99609375 0.28125 0.99609375 0.28125 0.99609375 0.28125 0.99609375 0.28125 0.99609375 0.28125 0.99609375 0.28125 0.99609375 0.28125 0.99609375 0.28125 0.99609375 0.28125 0.99609375 0.28125 0.99609375 0.28125 0.99609375 0.28125 0.99609375 0.28125 0.99609375 0.28125 0.99609375 0.28125 0.99609375 0.28125 0.99609375 0.28125 0.99609375 0.28125 0.99609375 0.28125 0.99609375 0.28125 0.99609375 0.28125 0.99609375 0.28125 0.99609375 0.28125 0.99609375 0.28125 0.99609375 0.28125 0.99609375 0.28125 0.99609375 0.28125 0.99609375 0.28125 0.99609375 0.28125 0.99609375 0.28125 0.99609375 0.28125 0.99609375 0.28125 0.99609375 0.28125 0.99609375 0.28125 0.99609375 0.28125 0.99609375 0.28125 0.99609375 0.28125 0.99609375 0.28125 0.99609375 0.28125 0.99609375 0.28125 0.99609375 0.28125 0.99609375 0.28125 0.99609375 0.28125 0.99609375 0.28125 0.99609375 0.28125 0.99609375 0.28125 0.99609375 0.28125 0.99609375 0.28125 0.99609375 0.28125 0.99609375 0.28125 0.99609375 0.28125 0.99609375 0.28125 0.99609375 0.28125 0.99609375 0.28125 0.99609375 0.28125 0.99609375 0.28125 0.99609375 0.28125 0.99609375 0.28125 0.99609375 0.28125 0.99609375 0.28125 0.99609375 0.28125 0.99609375 0.28125 0.99609375 0.28125 0.99609375 0.28125 0.99609375 0.28125 0.99609375 0.28125 0.99609375 0.28125 0.99609375 0.28125 0.99609375 0.28125 0.99609375 0.28125 0.99609375 0.28125 0.99609375 0.28125 0.99609375 0.28125 0.99609375 0.28125 0.99609375 0.28125 0.99609375 0.28125 0.99609375 0.28125 0.99609375 0.28125 0.99609375 0.28125 0.99609375 0.28125 0.99609375 0.28125 0.99609375 0.28125 0.99609375 0.28125 0.99609375 0.28125 0.99609375 0.28125 0.99609375 0.28125 0.99609375 0.28125 0.99609375 0.28125 0.99609375 0.28125 0.99609375 0.28125 0.99609375 0.28125 0.99609375 0.28125 0.99609375 0.28125 0.99609375 0.28125 0.99609375 0.28125 0.99609375 0.28125 0.99609375 0.28125 0.99609375 0.28125 0.99609375 0.28125 0.99609375</float_array>
                    <technique_common>
                        <accessor count="684" source="#uvarrayMesh0_VC2" stride="2">
                            <param name="S" type="float"/>
                            <param name="T" type="float"/>
                        </accessor>
                    </technique_common>
                </source>
                <vertices id="verticesMesh0_VC2">
                    <input semantic="POSITION" source="#pointsMesh0_VC2"/>
                </vertices>
                <polylist count="228" material="Material1">
                    <input offset="0" semantic="VERTEX" source="#verticesMesh0_VC2"/>
                    <input offset="1" semantic="TEXCOORD" source="#uvsMesh0_VC2" set="0"/>
                    <vcount>3 3 3 3 3 3 3 3 3 3 3 3 3 3 3 3 3 3 3 3 3 3 3 3 3 3 3 3 3 3 3 3 3 3 3 3 3 3 3 3 3 3 3 3 3 3 3 3 3 3 3 3 3 3 3 3 3 3 3 3 3 3 3 3 3 3 3 3 3 3 3 3 3 3 3 3 3 3 3 3 3 3 3 3 3 3 3 3 3 3 3 3 3 3 3 3 3 3 3 3 3 3 3 3 3 3 3 3 3 3 3 3 3 3 3 3 3 3 3 3 3 3 3 3 3 3 3 3 3 3 3 3 3 3 3 3 3 3 3 3 3 3 3 3 3 3 3 3 3 3 3 3 3 3 3 3 3 3 3 3 3 3 3 3 3 3 3 3 3 3 3 3 3 3 3 3 3 3 3 3 3 3 3 3 3 3 3 3 3 3 3 3 3 3 3 3 3 3 3 3 3 3 3 3 3 3 3 3 3 3 3 3 3 3 3 3 3 3 3 3 3 3 3 3 3 3 3 3</vcount>
                    <p>0 0 1 1 2 2 0 3 2 4 3 5 0 6 3 7 4 8 0 9 4 10 5 11 6 12 7 13 8 14 6 15 8 16 9 17 10 18 11 19 12 20 10 21 12 22 13 23 14 24 15 25 16 26 14 27 17 28 15 29 10 30 13 31 18 32 10 33 18 34 19 35 6 36 9 37 20 38 6 39 20 40 21 41 20 42 22 43 23 44 20 45 23 46 21 47 24 48 22 49 14 50 24 51 14 52 25 53 26 54 27 55 28 56 26 57 28 58 29 59 26 60 29 61 30 62 26 63 30 64 31 65 32 66 33 67 34 68 32 69 35 70 33 71 32 72 34 73 36 74 37 75 38 76 39 77 37 78 39 79 40 80 41 81 42 82 43 83 41 84 43 85 44 86 37 87 45 88 46 89 37 90 40 91 45 92 32 93 36 94 47 95 36 96 48 97 49 98 36 99 49 100 47 101 50 102 48 103 41 104 50 105 41 106 51 107 52 108 53 109 54 110 52 111 54 112 55 113 52 114 56 115 57 116 57 117 53 118 52 119 57 120 56 121 53 122 52 123 58 124 56 125 58 126 53 127 56 128 58 129 54 130 53 131 59 132 54 133 58 134 52 135 59 136 58 137 59 138 55 139 54 140 52 141 55 142 59 143 60 144 61 145 62 146 60 147 62 148 63 149 60 150 63 151 64 152 60 153 64 154 65 155 66 156 61 157 60 158 65 159 66 160 60 161 64 162 66 163 65 164 67 165 68 166 69 167 64 168 70 169 66 170 62 171 70 172 63 173 70 174 64 175 63 176 61 177 70 178 62 179 61 180 66 181 70 182 71 183 68 184 67 185 71 186 67 187 72 188 71 189 72 190 73 191 74 192 75 193 71 194 71 195 75 196 69 197 71 198 69 199 68 200 71 201 73 202 74 203 74 204 73 205 75 206 72 207 75 208 73 209 67 210 69 211 72 212 72 213 69 214 75 215 76 216 77 217 78 218 79 219 80 220 81 221 80 222 82 223 81 224 81 225 82 226 83 227 81 228 83 229 84 230 81 231 84 232 85 233 81 234 85 235 79 236 85 237 86 238 80 239 85 240 80 241 79 242 86 243 85 244 84 245 83 246 86 247 84 248 82 249 86 250 83 251 82 252 80 253 86 254 87 255 88 256 89 257 87 258 89 259 76 260 87 261 76 262 78 263 87 264 78 265 90 266 90 267 77 268 87 269 90 270 78 271 77 272 89 273 91 274 76 275 76 276 91 277 77 278 89 279 88 280 91 281 87 282 91 283 88 284 87 285 77 286 91 287 92 288 93 289 94 290 92 291 94 292 95 293 92 294 96 295 93 296 95 297 97 298 92 299 97 300 98 301 92 302 92 303 98 304 96 305 94 306 97 307 95 308 99 309 100 310 101 311 94 312 102 313 97 314 96 315 102 316 93 317 102 318 94 319 93 320 98 321 102 322 96 323 98 324 97 325 102 326 103 327 100 328 99 329 103 330 99 331 104 332 103 333 104 334 105 335 103 336 105 337 106 338 103 339 107 340 101 341 103 342 101 343 100 344 106 345 107 346 103 347 104 348 107 349 105 350 106 351 105 352 107 353 99 354 101 355 104 356 104 357 101 358 107 359 108 360 109 361 110 362 111 363 112 364 113 365 111 366 113 367 114 368 114 369 115 370 111 371 115 372 116 373 111 374 111 375 116 376 117 377 111 378 117 379 112 380 113 381 115 382 114 383 118 384 113 385 112 386 113 387 118 388 115 389 117 390 118 391 112 392 116 393 118 394 117 395 116 396 115 397 118 398 119 399 120 400 110 401 119 402 110 403 109 404 108 405 121 406 109 407 108 408 120 409 119 410 108 411 119 412 121 413 122 414 123 415 124 416 123 417 122 418 125 419 122 420 124 421 126 422 122 423 127 424 125 425 125 426 127 427 126 428 128 429 129 430 130 431 125 432 126 433 124 434 131 435 132 436 133 437 134 438 131 439 135 440 131 441 134 442 132 443 135 444 133 445 132 446 134 447 135 448 136 449 135 450 132 451 136 452 128 453 137 454 129 455 138 456 139 457 140 458 141 459 130 460 129 461 137 462 141 463 142 464 137 465 128 466 141 467 141 468 129 469 142 470 143 471 138 472 144 473 138 474 143 475 139 476 145 477 146 478 147 479 148 480 140 481 139 482 148 483 144 484 140 485 143 486 144 487 148 488 149 489 145 490 150 491 145 492 149 493 146 494 149 495 150 496 151 497 147 498 151 499 150 500 147 501 146 502 151 503 152 504 153 505 154 506 155 507 156 508 157 509 155 510 157 511 158 512 156 513 155 514 159 515 158 516 157 517 160 518 156 519 159 520 160 521 158 522 160 523 159 524 161 525 162 526 154 527 161 528 154 529 153 530 152 531 163 532 153 533 152 534 162 535 161 536 152 537 161 538 163 539 164 540 165 541 166 542 167 543 164 544 168 545 164 546 167 547 165 548 168 549 166 550 165 551 168 552 165 553 169 554 167 555 168 556 169 557 170 558 171 559 172 560 171 561 170 562 173 563 172 564 174 565 173 566 172 567 173 568 175 569 171 570 173 571 174 572 170 573 172 574 175 575 176 576 177 577 178 578 176 579 178 580 179 581 177 582 176 583 180 584 180 585 179 586 178 587 180 588 178 589 181 590 177 591 180 592 181 593 182 594 183 595 184 596 182 597 184 598 185 599 186 600 185 601 184 602 186 603 184 604 187 605 183 606 186 607 187 608 183 609 182 610 186 611 188 612 189 613 190 614 188 615 190 616 191 617 192 618 188 619 193 620 192 621 189 622 188 623 192 624 191 625 190 626 192 627 193 628 191 629 194 630 195 631 196 632 194 633 196 634 197 635 196 636 195 637 198 638 194 639 199 640 198 641 196 642 198 643 199 644 194 645 197 646 199 647 200 648 201 649 202 650 200 651 203 652 201 653 204 654 200 655 205 656 204 657 203 658 200 659 204 660 202 661 201 662 204 663 205 664 202 665 206 666 207 667 208 668 209 669 210 670 211 671 209 672 206 673 210 674 209 675 207 676 206 677 209 678 211 679 208 680 206 681 208 682 211 683</p>
                </polylist>
            </mesh>
        </geometry>
        <geometry id="meshMesh1_1">
            <mesh>
                <source id="pointsMesh1_1">
                    <float_array id="pointarrayMesh1_1" count="252">-5017 1594 -2210 -4402 1594 -2210 -4197 1594 -2722 -3993 -559 -1156 -3788 -559 -644 -2969 -559 -1156 -3173 -559 -644 -5221 -227 -1397 -5017 -227 -885 -4197 -227 -1397 -4402 -227 -885 -6450 -393 -1276 -6245 -393 -764 -5426 -393 -1276 -5631 -393 -764 -6245 4575 -4378 -5631 4575 -4378 -5426 4575 -4890 -5221 1594 -2722 -3993 2587 -3445 -3788 2587 -2933 -2969 2587 -3445 -3173 2587 -2933 -5221 3581 -4167 -5017 3581 -3655 -4197 3581 -4167 -4402 3581 -3655 -6450 4575 -4890 -5471 -546 -1165 -6245 -546 -764 -6406 -546 -1165 4782 26 -6245 4229 26 -6245 4506 26 -5969 4506 26 -6522 -3013 -712 -1044 -3173 -712 -644 -3788 -712 -644 -3948 -712 -1044 -4242 -381 -1285 -4402 -381 -885 -5017 -381 -885 -5177 -381 -1285 -4242 3428 -4056 -4402 3428 -3655 -5017 3428 -3655 -5631 -546 -764 -4242 1440 -2610 -5017 1440 -2210 -5177 1440 -2610 -4402 1440 -2210 -3013 2434 -3333 -3173 2434 -2933 -3788 2434 -2933 -3948 2434 -3333 -5177 3428 -4056 -6041 7045 -6245 -6041 6554 -6041 -6041 7045 -6041 -5471 4421 -4778 -6245 4421 -4378 -6406 4421 -4778 -5631 4421 -4378 -2457 0 -967 -2457 6554 -5733 -2866 0 -967 -2866 6554 -5733 -2866 -2457 819 -2457 0 -967 -2866 0 -967 -2457 -2457 819 -6041 7045 -6245 -6245 7045 -6245 -6245 6554 -6245 -6041 6554 -6245 -6245 7045 -6041 -6245 6554 -6245 -6245 7045 -6245 -6245 6554 -6041 -6041 6554 -6041 -6245 7045 -6041 -6041 7045 -6041 -6245 6554 -6041 -6041 6554 -6245</float_array>
                    <technique_common>
                        <accessor count="84" source="#pointarrayMesh1_1" stride="3">
                            <param name="X" type="float"/>
                            <param name="Y" type="float"/>
                            <param name="Z" type="float"/>
                        </accessor>
                    </technique_common>
                </source>
                <source id="uvsMesh1_1">
                    <float_array id="uvarrayMesh1_1" count="168">-0.279296875 -0.21484375 1.216796875 -0.21484375 1.71484375 1 -0.77734375 1 -0.279296875 -0.21484375 1.71484375 1 1.216796875 -0.21484375 -0.77734375 1 -0.279296875 -0.21484375 1.71484375 1 1.216796875 -0.21484375 -0.77734375 1 -0.279296875 -0.21484375 1.71484375 1 1.216796875 -0.21484375 -0.279296875 -0.21484375 1.216796875 -0.21484375 1.71484375 1 -0.77734375 1 -0.77734375 1 -0.279296875 -0.21484375 1.71484375 1 1.216796875 -0.21484375 -0.77734375 1 -0.279296875 -0.21484375 1.71484375 1 1.216796875 -0.21484375 -0.77734375 1 1.607421875 0.759765625 -0.279296875 -0.21484375 -0.669921875 0.759765625 0.966796875 1 0 0.033203125 0.966796875 0.033203125 0 1 1.607421875 0.759765625 1.216796875 -0.21484375 -0.279296875 -0.21484375 -0.669921875 0.759765625 1.607421875 0.759765625 1.216796875 -0.21484375 -0.279296875 -0.21484375 -0.669921875 0.759765625 1.607421875 0.759765625 1.216796875 -0.21484375 -0.279296875 -0.21484375 1.216796875 -0.21484375 1.607421875 0.759765625 -0.279296875 -0.21484375 -0.669921875 0.759765625 1.216796875 -0.21484375 1.607421875 0.759765625 1.216796875 -0.21484375 -0.279296875 -0.21484375 -0.669921875 0.759765625 -0.669921875 0.759765625 0 2.427734375 0.966796875 0.033203125 0.966796875 2.427734375 1.607421875 0.759765625 -0.279296875 -0.21484375 -0.669921875 0.759765625 1.216796875 -0.21484375 0.966796875 -6.779296875 0.966796875 9.015625 0 -6.779296875 0 9.015625 0 -1.724609375 0.966796875 4.197265625 0 4.197265625 0.966796875 -1.724609375 0.966796875 2.427734375 0 2.427734375 0 0.033203125 0 0.033203125 0 2.427734375 0.966796875 0.033203125 0.966796875 2.427734375 0 0.033203125 0 0.033203125 0.966796875 2.427734375 0 2.427734375 0.966796875 0.033203125 0.966796875 0.033203125</float_array>
                    <technique_common>
                        <accessor count="84" source="#uvarrayMesh1_1" stride="2">
                            <param name="S" type="float"/>
                            <param name="T" type="float"/>
                        </accessor>
                    </technique_common>
                </source>
                <vertices id="verticesMesh1_1">
                    <input semantic="POSITION" source="#pointsMesh1_1"/>
                </vertices>
                <polylist count="42" material="Material1">
                    <input offset="0" semantic="VERTEX" source="#verticesMesh1_1"/>
                    <input offset="1" semantic="TEXCOORD" source="#uvsMesh1_1" set="0"/>
                    <vcount>3 3 3 3 3 3 3 3 3 3 3 3 3 3 3 3 3 3 3 3 3 3 3 3 3 3 3 3 3 3 3 3 3 3 3 3 3 3 3 3 3 3</vcount>
                    <p>0 0 1 1 2 2 3 3 4 4 5 5 4 4 6 6 5 5 7 7 8 8 9 9 8 8 10 10 9 9 11 11 12 12 13 13 12 12 14 14 13 13 15 15 16 16 17 17 18 18 0 0 2 2 19 19 20 20 21 21 20 20 22 22 21 21 23 23 24 24 25 25 24 24 26 26 25 25 27 27 15 15 17 17 28 28 29 29 30 30 31 31 32 32 33 33 31 31 34 34 32 32 35 35 36 36 37 37 35 35 37 37 38 38 39 39 40 40 41 41 39 39 41 41 42 42 43 43 44 44 45 45 28 28 46 46 29 29 47 47 48 48 49 49 47 47 50 50 48 48 51 51 52 52 53 53 51 51 53 53 54 54 43 43 45 45 55 55 56 56 57 57 58 58 59 59 60 60 61 61 59 59 62 62 60 60 63 63 64 64 65 65 64 64 66 66 65 65 67 67 68 68 69 69 67 67 70 70 68 68 71 71 72 72 73 73 56 56 74 74 57 57 75 75 76 76 77 77 75 75 78 78 76 76 79 79 80 80 81 81 79 79 82 82 80 80 71 71 73 73 83 83</p>
                </polylist>
            </mesh>
        </geometry>
        <geometry id="meshMesh1_2">
            <mesh>
                <source id="pointsMesh1_2">
                    <float_array id="pointarrayMesh1_2" count="252">-5017 1594 -2210 -4402 1594 -2210 -4197 1594 -2722 -3993 -559 -1156 -3788 -559 -644 -2969 -559 -1156 -3173 -559 -644 -5221 -227 -1397 -5017 -227 -885 -4197 -227 -1397 -4402 -227 -885 -6450 -393 -1276 -6245 -393 -764 -5426 -393 -1276 -5631 -393 -764 -6245 4575 -4378 -5631 4575 -4378 -5426 4575 -4890 -5221 1594 -2722 -3993 2587 -3445 -3788 2587 -2933 -2969 2587 -3445 -3173 2587 -2933 -5221 3581 -4167 -5017 3581 -3655 -4197 3581 -4167 -4402 3581 -3655 -6450 4575 -4890 -5471 -546 -1165 -6245 -546 -764 -6406 -546 -1165 4782 26 -6245 4229 26 -6245 4506 26 -5969 4506 26 -6522 -3013 -712 -1044 -3173 -712 -644 -3788 -712 -644 -3948 -712 -1044 -4242 -381 -1285 -4402 -381 -885 -5017 -381 -885 -5177 -381 -1285 -4242 3428 -4056 -4402 3428 -3655 -5017 3428 -3655 -5631 -546 -764 -4242 1440 -2610 -5017 1440 -2210 -5177 1440 -2610 -4402 1440 -2210 -3013 2434 -3333 -3173 2434 -2933 -3788 2434 -2933 -3948 2434 -3333 -5177 3428 -4056 -6041 7045 -6245 -6041 6554 -6041 -6041 7045 -6041 -5471 4421 -4778 -6245 4421 -4378 -6406 4421 -4778 -5631 4421 -4378 -2457 0 -967 -2457 6554 -5733 -2866 0 -967 -2866 6554 -5733 -2866 -2457 819 -2457 0 -967 -2866 0 -967 -2457 -2457 819 -6041 7045 -6245 -6245 7045 -6245 -6245 6554 -6245 -6041 6554 -6245 -6245 7045 -6041 -6245 6554 -6245 -6245 7045 -6245 -6245 6554 -6041 -6041 6554 -6041 -6245 7045 -6041 -6041 7045 -6041 -6245 6554 -6041 -6041 6554 -6245</float_array>
                    <technique_common>
                        <accessor count="84" source="#pointarrayMesh1_2" stride="3">
                            <param name="X" type="float"/>
                            <param name="Y" type="float"/>
                            <param name="Z" type="float"/>
                        </accessor>
                    </technique_common>
                </source>
                <source id="uvsMesh1_2">
                    <float_array id="uvarrayMesh1_2" count="168">-0.279296875 -0.21484375 1.216796875 -0.21484375 1.71484375 1 -0.77734375 1 -0.279296875 -0.21484375 1.71484375 1 1.216796875 -0.21484375 -0.77734375 1 -0.279296875 -0.21484375 1.71484375 1 1.216796875 -0.21484375 -0.77734375 1 -0.279296875 -0.21484375 1.71484375 1 1.216796875 -0.21484375 -0.279296875 -0.21484375 1.216796875 -0.21484375 1.71484375 1 -0.77734375 1 -0.77734375 1 -0.279296875 -0.21484375 1.71484375 1 1.216796875 -0.21484375 -0.77734375 1 -0.279296875 -0.21484375 1.71484375 1 1.216796875 -0.21484375 -0.77734375 1 1.607421875 0.759765625 -0.279296875 -0.21484375 -0.669921875 0.759765625 0.966796875 1 0 0.033203125 0.966796875 0.033203125 0 1 1.607421875 0.759765625 1.216796875 -0.21484375 -0.279296875 -0.21484375 -0.669921875 0.759765625 1.607421875 0.759765625 1.216796875 -0.21484375 -0.279296875 -0.21484375 -0.669921875 0.759765625 1.607421875 0.759765625 1.216796875 -0.21484375 -0.279296875 -0.21484375 1.216796875 -0.21484375 1.607421875 0.759765625 -0.279296875 -0.21484375 -0.669921875 0.759765625 1.216796875 -0.21484375 1.607421875 0.759765625 1.216796875 -0.21484375 -0.279296875 -0.21484375 -0.669921875 0.759765625 -0.669921875 0.759765625 0 2.427734375 0.966796875 0.033203125 0.966796875 2.427734375 1.607421875 0.759765625 -0.279296875 -0.21484375 -0.669921875 0.759765625 1.216796875 -0.21484375 0.966796875 -6.779296875 0.966796875 9.015625 0 -6.779296875 0 9.015625 0 -1.724609375 0.966796875 4.197265625 0 4.197265625 0.966796875 -1.724609375 0.966796875 2.427734375 0 2.427734375 0 0.033203125 0 0.033203125 0 2.427734375 0.966796875 0.033203125 0.966796875 2.427734375 0 0.033203125 0 0.033203125 0.966796875 2.427734375 0 2.427734375 0.966796875 0.033203125 0.966796875 0.033203125</float_array>
                    <technique_common>
                        <accessor count="84" source="#uvarrayMesh1_2" stride="2">
                            <param name="S" type="float"/>
                            <param name="T" type="float"/>
                        </accessor>
                    </technique_common>
                </source>
                <vertices id="verticesMesh1_2">
                    <input semantic="POSITION" source="#pointsMesh1_2"/>
                </vertices>
                <polylist count="42" material="Material1">
                    <input offset="0" semantic="VERTEX" source="#verticesMesh1_2"/>
                    <input offset="1" semantic="TEXCOORD" source="#uvsMesh1_2" set="0"/>
                    <vcount>3 3 3 3 3 3 3 3 3 3 3 3 3 3 3 3 3 3 3 3 3 3 3 3 3 3 3 3 3 3 3 3 3 3 3 3 3 3 3 3 3 3</vcount>
                    <p>0 0 1 1 2 2 3 3 4 4 5 5 4 4 6 6 5 5 7 7 8 8 9 9 8 8 10 10 9 9 11 11 12 12 13 13 12 12 14 14 13 13 15 15 16 16 17 17 18 18 0 0 2 2 19 19 20 20 21 21 20 20 22 22 21 21 23 23 24 24 25 25 24 24 26 26 25 25 27 27 15 15 17 17 28 28 29 29 30 30 31 31 32 32 33 33 31 31 34 34 32 32 35 35 36 36 37 37 35 35 37 37 38 38 39 39 40 40 41 41 39 39 41 41 42 42 43 43 44 44 45 45 28 28 46 46 29 29 47 47 48 48 49 49 47 47 50 50 48 48 51 51 52 52 53 53 51 51 53 53 54 54 43 43 45 45 55 55 56 56 57 57 58 58 59 59 60 60 61 61 59 59 62 62 60 60 63 63 64 64 65 65 64 64 66 66 65 65 67 67 68 68 69 69 67 67 70 70 68 68 71 71 72 72 73 73 56 56 74 74 57 57 75 75 76 76 77 77 75 75 78 78 76 76 79 79 80 80 81 81 79 79 82 82 80 80 71 71 73 73 83 83</p>
                </polylist>
            </mesh>
        </geometry>
        <geometry id="meshMesh1_VC1">
            <mesh>
                <source id="pointsMesh1_VC1">
                    <float_array id="pointarrayMesh1_VC1" count="252">-5017 1594 -2210 -4402 1594 -2210 -4197 1594 -2722 -3993 -559 -1156 -3788 -559 -644 -2969 -559 -1156 -3173 -559 -644 -5221 -227 -1397 -5017 -227 -885 -4197 -227 -1397 -4402 -227 -885 -6450 -393 -1276 -6245 -393 -764 -5426 -393 -1276 -5631 -393 -764 -6245 4575 -4378 -5631 4575 -4378 -5426 4575 -4890 -5221 1594 -2722 -3993 2587 -3445 -3788 2587 -2933 -2969 2587 -3445 -3173 2587 -2933 -5221 3581 -4167 -5017 3581 -3655 -4197 3581 -4167 -4402 3581 -3655 -6450 4575 -4890 -5471 -546 -1165 -6245 -546 -764 -6406 -546 -1165 4782 26 -6245 4229 26 -6245 4506 26 -5969 4506 26 -6522 -3013 -712 -1044 -3173 -712 -644 -3788 -712 -644 -3948 -712 -1044 -4242 -381 -1285 -4402 -381 -885 -5017 -381 -885 -5177 -381 -1285 -4242 3428 -4056 -4402 3428 -3655 -5017 3428 -3655 -5631 -546 -764 -4242 1440 -2610 -5017 1440 -2210 -5177 1440 -2610 -4402 1440 -2210 -3013 2434 -3333 -3173 2434 -2933 -3788 2434 -2933 -3948 2434 -3333 -5177 3428 -4056 -6041 7045 -6245 -6041 6554 -6041 -6041 7045 -6041 -5471 4421 -4778 -6245 4421 -4378 -6406 4421 -4778 -5631 4421 -4378 -2457 0 -967 -2457 6554 -5733 -2866 0 -967 -2866 6554 -5733 -2866 -2457 819 -2457 0 -967 -2866 0 -967 -2457 -2457 819 -6041 7045 -6245 -6245 7045 -6245 -6245 6554 -6245 -6041 6554 -6245 -6245 7045 -6041 -6245 6554 -6245 -6245 7045 -6245 -6245 6554 -6041 -6041 6554 -6041 -6245 7045 -6041 -6041 7045 -6041 -6245 6554 -6041 -6041 6554 -6245</float_array>
                    <technique_common>
                        <accessor count="84" source="#pointarrayMesh1_VC1" stride="3">
                            <param name="X" type="float"/>
                            <param name="Y" type="float"/>
                            <param name="Z" type="float"/>
                        </accessor>
                    </technique_common>
                </source>
                <source id="uvsMesh1_VC1">
                    <float_array id="uvarrayMesh1_VC1" count="252">0.40625 0.99609375 0.40625 0.99609375 0.40625 0.99609375 0.40625 0.99609375 0.40625 0.99609375 0.40625 0.99609375 0.40625 0.99609375 0.40625 0.99609375 0.40625 0.99609375 0.40625 0.99609375 0.40625 0.99609375 0.40625 0.99609375 0.40625 0.99609375 0.40625 0.99609375 0.40625 0.99609375 0.40625 0.99609375 0.40625 0.99609375 0.40625 0.99609375 0.40625 0.99609375 0.40625 0.99609375 0.40625 0.99609375 0.40625 0.99609375 0.40625 0.99609375 0.40625 0.99609375 0.40625 0.99609375 0.40625 0.99609375 0.40625 0.99609375 0.40625 0.99609375 0.40625 0.99609375 0.40625 0.99609375 0.40625 0.99609375 0.40625 0.99609375 0.40625 0.99609375 0.40625 0.99609375 0.40625 0.99609375 0.40625 0.99609375 0.40625 0.99609375 0.40625 0.99609375 0.40625 0.99609375 0.40625 0.99609375 0.40625 0.99609375 0.40625 0.99609375 0.15625 0.99609375 0.15625 0.99609375 0.15625 0.99609375 0.15625 0.99609375 0.15625 0.99609375 0.15625 0.99609375 0.15625 0.99609375 0.15625 0.99609375 0.15625 0.99609375 0.15625 0.99609375 0.15625 0.99609375 0.15625 0.99609375 0.15625 0.99609375 0.15625 0.99609375 0.15625 0.99609375 0.15625 0.99609375 0.15625 0.99609375 0.15625 0.99609375 0.15625 0.99609375 0.15625 0.99609375 0.15625 0.99609375 0.15625 0.99609375 0.15625 0.99609375 0.15625 0.99609375 0.15625 0.99609375 0.15625 0.99609375 0.15625 0.99609375 0.15625 0.99609375 0.15625 0.99609375 0.15625 0.99609375 0.15625 0.99609375 0.15625 0.99609375 0.15625 0.99609375 0.15625 0.99609375 0.15625 0.99609375 0.15625 0.99609375 0.15625 0.99609375 0.15625 0.99609375 0.15625 0.99609375 0.15625 0.99609375 0.15625 0.99609375 0.15625 0.99609375 0.15625 0.99609375 0.15625 0.99609375 0.15625 0.99609375 0.15625 0.99609375 0.15625 0.99609375 0.15625 0.99609375 0.15625 0.99609375 0.15625 0.99609375 0.15625 0.99609375 0.15625 0.99609375 0.15625 0.99609375 0.15625 0.99609375 0.15625 0.99609375 0.15625 0.99609375 0.15625 0.99609375 0.15625 0.99609375 0.15625 0.99609375 0.15625 0.99609375 0.15625 0.99609375 0.15625 0.99609375 0.15625 0.99609375 0.15625 0.99609375 0.15625 0.99609375 0.15625 0.99609375 0.15625 0.99609375 0.15625 0.99609375 0.15625 0.99609375 0.15625 0.99609375 0.15625 0.99609375 0.15625 0.99609375 0.15625 0.99609375 0.15625 0.99609375 0.15625 0.99609375 0.15625 0.99609375 0.15625 0.99609375 0.15625 0.99609375 0.15625 0.99609375 0.15625 0.99609375 0.15625 0.99609375 0.15625 0.99609375 0.15625 0.99609375 0.15625 0.99609375</float_array>
                    <technique_common>
                        <accessor count="126" source="#uvarrayMesh1_VC1" stride="2">
                            <param name="S" type="float"/>
                            <param name="T" type="float"/>
                        </accessor>
                    </technique_common>
                </source>
                <vertices id="verticesMesh1_VC1">
                    <input semantic="POSITION" source="#pointsMesh1_VC1"/>
                </vertices>
                <polylist count="42" material="Material1">
                    <input offset="0" semantic="VERTEX" source="#verticesMesh1_VC1"/>
                    <input offset="1" semantic="TEXCOORD" source="#uvsMesh1_VC1" set="0"/>
                    <vcount>3 3 3 3 3 3 3 3 3 3 3 3 3 3 3 3 3 3 3 3 3 3 3 3 3 3 3 3 3 3 3 3 3 3 3 3 3 3 3 3 3 3</vcount>
                    <p>0 0 1 1 2 2 3 3 4 4 5 5 4 6 6 7 5 8 7 9 8 10 9 11 8 12 10 13 9 14 11 15 12 16 13 17 12 18 14 19 13 20 15 21 16 22 17 23 18 24 0 25 2 26 19 27 20 28 21 29 20 30 22 31 21 32 23 33 24 34 25 35 24 36 26 37 25 38 27 39 15 40 17 41 28 42 29 43 30 44 31 45 32 46 33 47 31 48 34 49 32 50 35 51 36 52 37 53 35 54 37 55 38 56 39 57 40 58 41 59 39 60 41 61 42 62 43 63 44 64 45 65 28 66 46 67 29 68 47 69 48 70 49 71 47 72 50 73 48 74 51 75 52 76 53 77 51 78 53 79 54 80 43 81 45 82 55 83 56 84 57 85 58 86 59 87 60 88 61 89 59 90 62 91 60 92 63 93 64 94 65 95 64 96 66 97 65 98 67 99 68 100 69 101 67 102 70 103 68 104 71 105 72 106 73 107 56 108 74 109 57 110 75 111 76 112 77 113 75 114 78 115 76 116 79 117 80 118 81 119 79 120 82 121 80 122 71 123 73 124 83 125</p>
                </polylist>
            </mesh>
        </geometry>
        <geometry id="meshMesh1_VC2">
            <mesh>
                <source id="pointsMesh1_VC2">
                    <float_array id="pointarrayMesh1_VC2" count="252">-5017 1594 -2210 -4402 1594 -2210 -4197 1594 -2722 -3993 -559 -1156 -3788 -559 -644 -2969 -559 -1156 -3173 -559 -644 -5221 -227 -1397 -5017 -227 -885 -4197 -227 -1397 -4402 -227 -885 -6450 -393 -1276 -6245 -393 -764 -5426 -393 -1276 -5631 -393 -764 -6245 4575 -4378 -5631 4575 -4378 -5426 4575 -4890 -5221 1594 -2722 -3993 2587 -3445 -3788 2587 -2933 -2969 2587 -3445 -3173 2587 -2933 -5221 3581 -4167 -5017 3581 -3655 -4197 3581 -4167 -4402 3581 -3655 -6450 4575 -4890 -5471 -546 -1165 -6245 -546 -764 -6406 -546 -1165 4782 26 -6245 4229 26 -6245 4506 26 -5969 4506 26 -6522 -3013 -712 -1044 -3173 -712 -644 -3788 -712 -644 -3948 -712 -1044 -4242 -381 -1285 -4402 -381 -885 -5017 -381 -885 -5177 -381 -1285 -4242 3428 -4056 -4402 3428 -3655 -5017 3428 -3655 -5631 -546 -764 -4242 1440 -2610 -5017 1440 -2210 -5177 1440 -2610 -4402 1440 -2210 -3013 2434 -3333 -3173 2434 -2933 -3788 2434 -2933 -3948 2434 -3333 -5177 3428 -4056 -6041 7045 -6245 -6041 6554 -6041 -6041 7045 -6041 -5471 4421 -4778 -6245 4421 -4378 -6406 4421 -4778 -5631 4421 -4378 -2457 0 -967 -2457 6554 -5733 -2866 0 -967 -2866 6554 -5733 -2866 -2457 819 -2457 0 -967 -2866 0 -967 -2457 -2457 819 -6041 7045 -6245 -6245 7045 -6245 -6245 6554 -6245 -6041 6554 -6245 -6245 7045 -6041 -6245 6554 -6245 -6245 7045 -6245 -6245 6554 -6041 -6041 6554 -6041 -6245 7045 -6041 -6041 7045 -6041 -6245 6554 -6041 -6041 6554 -6245</float_array>
                    <technique_common>
                        <accessor count="84" source="#pointarrayMesh1_VC2" stride="3">
                            <param name="X" type="float"/>
                            <param name="Y" type="float"/>
                            <param name="Z" type="float"/>
                        </accessor>
                    </technique_common>
                </source>
                <source id="uvsMesh1_VC2">
                    <float_array id="uvarrayMesh1_VC2" count="252">0.53125 0.99609375 0.53125 0.99609375 0.53125 0.99609375 0.53125 0.99609375 0.53125 0.99609375 0.53125 0.99609375 0.53125 0.99609375 0.53125 0.99609375 0.53125 0.99609375 0.53125 0.99609375 0.53125 0.99609375 0.53125 0.99609375 0.53125 0.99609375 0.53125 0.99609375 0.53125 0.99609375 0.53125 0.99609375 0.53125 0.99609375 0.53125 0.99609375 0.53125 0.99609375 0.53125 0.99609375 0.53125 0.99609375 0.53125 0.99609375 0.53125 0.99609375 0.53125 0.99609375 0.53125 0.99609375 0.53125 0.99609375 0.53125 0.99609375 0.53125 0.99609375 0.53125 0.99609375 0.53125 0.99609375 0.53125 0.99609375 0.53125 0.99609375 0.53125 0.99609375 0.53125 0.99609375 0.53125 0.99609375 0.53125 0.99609375 0.53125 0.99609375 0.53125 0.99609375 0.53125 0.99609375 0.53125 0.99609375 0.53125 0.99609375 0.53125 0.99609375 0.28125 0.99609375 0.28125 0.99609375 0.28125 0.99609375 0.28125 0.99609375 0.28125 0.99609375 0.28125 0.99609375 0.28125 0.99609375 0.28125 0.99609375 0.28125 0.99609375 0.28125 0.99609375 0.28125 0.99609375 0.28125 0.99609375 0.28125 0.99609375 0.28125 0.99609375 0.28125 0.99609375 0.28125 0.99609375 0.28125 0.99609375 0.28125 0.99609375 0.28125 0.99609375 0.28125 0.99609375 0.28125 0.99609375 0.28125 0.99609375 0.28125 0.99609375 0.28125 0.99609375 0.28125 0.99609375 0.28125 0.99609375 0.28125 0.99609375 0.28125 0.99609375 0.28125 0.99609375 0.28125 0.99609375 0.28125 0.99609375 0.28125 0.99609375 0.28125 0.99609375 0.28125 0.99609375 0.28125 0.99609375 0.28125 0.99609375 0.28125 0.99609375 0.28125 0.99609375 0.28125 0.99609375 0.28125 0.99609375 0.28125 0.99609375 0.28125 0.99609375 0.28125 0.99609375 0.28125 0.99609375 0.28125 0.99609375 0.28125 0.99609375 0.28125 0.99609375 0.28125 0.99609375 0.28125 0.99609375 0.28125 0.99609375 0.28125 0.99609375 0.28125 0.99609375 0.28125 0.99609375 0.28125 0.99609375 0.28125 0.99609375 0.28125 0.99609375 0.28125 0.99609375 0.28125 0.99609375 0.28125 0.99609375 0.28125 0.99609375 0.28125 0.99609375 0.28125 0.99609375 0.28125 0.99609375 0.28125 0.99609375 0.28125 0.99609375 0.28125 0.99609375 0.28125 0.99609375 0.28125 0.99609375 0.28125 0.99609375 0.28125 0.99609375 0.28125 0.99609375 0.28125 0.99609375 0.28125 0.99609375 0.28125 0.99609375 0.28125 0.99609375 0.28125 0.99609375 0.28125 0.99609375 0.28125 0.99609375 0.28125 0.99609375 0.28125 0.99609375 0.28125 0.99609375 0.28125 0.99609375 0.28125 0.99609375 0.28125 0.99609375</float_array>
                    <technique_common>
                        <accessor count="126" source="#uvarrayMesh1_VC2" stride="2">
                            <param name="S" type="float"/>
                            <param name="T" type="float"/>
                        </accessor>
                    </technique_common>
                </source>
                <vertices id="verticesMesh1_VC2">
                    <input semantic="POSITION" source="#pointsMesh1_VC2"/>
                </vertices>
                <polylist count="42" material="Material1">
                    <input offset="0" semantic="VERTEX" source="#verticesMesh1_VC2"/>
                    <input offset="1" semantic="TEXCOORD" source="#uvsMesh1_VC2" set="0"/>
                    <vcount>3 3 3 3 3 3 3 3 3 3 3 3 3 3 3 3 3 3 3 3 3 3 3 3 3 3 3 3 3 3 3 3 3 3 3 3 3 3 3 3 3 3</vcount>
                    <p>0 0 1 1 2 2 3 3 4 4 5 5 4 6 6 7 5 8 7 9 8 10 9 11 8 12 10 13 9 14 11 15 12 16 13 17 12 18 14 19 13 20 15 21 16 22 17 23 18 24 0 25 2 26 19 27 20 28 21 29 20 30 22 31 21 32 23 33 24 34 25 35 24 36 26 37 25 38 27 39 15 40 17 41 28 42 29 43 30 44 31 45 32 46 33 47 31 48 34 49 32 50 35 51 36 52 37 53 35 54 37 55 38 56 39 57 40 58 41 59 39 60 41 61 42 62 43 63 44 64 45 65 28 66 46 67 29 68 47 69 48 70 49 71 47 72 50 73 48 74 51 75 52 76 53 77 51 78 53 79 54 80 43 81 45 82 55 83 56 84 57 85 58 86 59 87 60 88 61 89 59 90 62 91 60 92 63 93 64 94 65 95 64 96 66 97 65 98 67 99 68 100 69 101 67 102 70 103 68 104 71 105 72 106 73 107 56 108 74 109 57 110 75 111 76 112 77 113 75 114 78 115 76 116 79 117 80 118 81 119 79 120 82 121 80 122 71 123 73 124 83 125</p>
                </polylist>
            </mesh>
        </geometry>
        <geometry id="meshMesh2_1">
            <mesh>
                <source id="pointsMesh2_1">
                    <float_array id="pointarrayMesh2_1" count="240">-5177 1440 -2610 -4402 1117 -2375 -4242 1440 -2610 -3948 -712 -1044 -3173 -1036 -809 -3013 -712 -1044 -3788 -1036 -809 -5177 -381 -1285 -5017 -704 -1050 -4402 -704 -1050 -4242 -381 -1285 -6406 -546 -1165 -5631 -870 -929 -5471 -546 -1165 -6245 -870 -929 -6406 4421 -4778 -6245 4098 -4543 -5631 4098 -4543 -5017 1117 -2375 -3948 2434 -3333 -3788 2110 -3098 -3173 2110 -3098 -3013 2434 -3333 -5177 3428 -4056 -5017 3104 -3820 -4402 3104 -3820 -4242 3428 -4056 -5471 4421 -4778 -5017 -704 -1050 -5426 -393 -1276 -5471 -546 -1165 -5221 -227 -1397 -6553 0 -1563 -2866 0 -1563 -4197 -227 -1397 -5177 -381 -1285 -4242 -381 -1285 -2969 -559 -1156 -2866 -3276 819 -6450 -393 -1276 -6553 -3276 819 -6245 -870 -929 -6406 -546 -1165 -5631 -870 -929 -4402 -704 -1050 -3788 -1036 -809 -3173 -1036 -809 -3948 -712 -1044 -3993 -559 -1156 -3013 -712 -1044 -6553 0 -1563 -6406 4421 -4778 -6450 4575 -4890 -6553 5734 -5733 -5426 4575 -4890 -2866 5734 -5733 -4197 3581 -4167 -5471 4421 -4778 -5221 1594 -2722 -5631 4098 -4543 -6245 4098 -4543 -6553 5734 -6553 -2866 5734 -6553 -2969 2587 -3445 -2866 0 -1563 -4242 3428 -4056 -3993 2587 -3445 -5221 3581 -4167 -5177 3428 -4056 -4402 3104 -3820 -4197 1594 -2722 -3948 2434 -3333 -5017 3104 -3820 -3013 2434 -3333 -4402 1117 -2375 -4242 1440 -2610 -3173 2110 -3098 -5017 1117 -2375 -5177 1440 -2610 -3788 2110 -3098</float_array>
                    <technique_common>
                        <accessor count="80" source="#pointarrayMesh2_1" stride="3">
                            <param name="X" type="float"/>
                            <param name="Y" type="float"/>
                            <param name="Z" type="float"/>
                        </accessor>
                    </technique_common>
                </source>
                <source id="uvsMesh2_1">
                    <float_array id="uvarrayMesh2_1" count="160">-5.01953125 1.3125 -5.994140625 -0.572265625 -5.01953125 -0.962890625 3.4609375 -1.6796875 2.486328125 -3.56640625 3.4609375 -3.95703125 2.486328125 -2.0703125 4.458984375 1.3125 3.484375 0.921875 3.484375 -0.572265625 4.458984375 -0.962890625 3.9609375 4.306640625 2.986328125 2.419921875 3.9609375 2.029296875 2.986328125 3.916015625 3.9609375 4.306640625 2.986328125 3.916015625 2.986328125 2.419921875 -5.994140625 0.921875 -2.025390625 -1.6796875 -3 -2.0703125 -3 -3.56640625 -2.025390625 -3.95703125 0.966796875 1.3125 -0.0078125 0.921875 -0.0078125 -0.572265625 0.966796875 -0.962890625 3.9609375 2.029296875 3.484375 0.921875 4.423828125 1.919921875 3.9609375 2.029296875 4.921875 1.421875 5.611328125 4.666015625 5.611328125 -4.314453125 4.921875 -1.072265625 4.458984375 1.3125 4.458984375 -0.962890625 3.923828125 -4.06640625 -4.259765625 -4.314453125 4.423828125 4.416015625 -4.259765625 4.6640625 2.986328125 3.916015625 3.9609375 4.306640625 2.986328125 2.419921875 3.484375 -0.572265625 2.486328125 -2.0703125 2.486328125 -3.56640625 3.462890625 -1.6796875 3.923828125 -1.5703125 3.4609375 -3.95703125 -9.357421875 4.666015625 3.9609375 4.306640625 4.423828125 4.416015625 7.916015625 4.6640625 4.423828125 1.919921875 7.916015625 -4.314453125 1.4296875 -1.072265625 3.9609375 2.029296875 -4.556640625 1.421875 2.986328125 2.419921875 2.986328125 3.916015625 9.091796875 4.6640625 9.091796875 -4.314453125 -1.5625 -4.06640625 -9.357421875 -4.314453125 0.966796875 -0.962890625 -1.5625 -1.5703125 1.4296875 1.421875 0.966796875 1.3125 -0.0078125 -0.572265625 -4.556640625 -1.072265625 -2.025390625 -1.6796875 -0.0078125 0.921875 -2.025390625 -3.95703125 -5.994140625 -0.572265625 -5.01953125 -0.962890625 -3 -3.56640625 -5.994140625 0.921875 -5.01953125 1.3125 -3 -2.0703125</float_array>
                    <technique_common>
                        <accessor count="80" source="#uvarrayMesh2_1" stride="2">
                            <param name="S" type="float"/>
                            <param name="T" type="float"/>
                        </accessor>
                    </technique_common>
                </source>
                <vertices id="verticesMesh2_1">
                    <input semantic="POSITION" source="#pointsMesh2_1"/>
                </vertices>
                <polylist count="76" material="Material1">
                    <input offset="0" semantic="VERTEX" source="#verticesMesh2_1"/>
                    <input offset="1" semantic="TEXCOORD" source="#uvsMesh2_1" set="0"/>
                    <vcount>3 3 3 3 3 3 3 3 3 3 3 3 3 3 3 3 3 3 3 3 3 3 3 3 3 3 3 3 3 3 3 3 3 3 3 3 3 3 3 3 3 3 3 3 3 3 3 3 3 3 3 3 3 3 3 3 3 3 3 3 3 3 3 3 3 3 3 3 3 3 3 3 3 3 3 3</vcount>
                    <p>0 0 1 1 2 2 3 3 4 4 5 5 3 3 6 6 4 4 7 7 8 8 9 9 7 7 9 9 10 10 11 11 12 12 13 13 11 11 14 14 12 12 15 15 16 16 17 17 0 0 18 18 1 1 19 19 20 20 21 21 19 19 21 21 22 22 23 23 24 24 25 25 23 23 25 25 26 26 15 15 17 17 27 27 28 28 29 29 30 30 29 29 31 31 32 32 32 32 31 31 33 33 31 31 34 34 33 33 35 35 31 31 29 29 34 34 36 36 37 37 37 37 33 33 34 34 33 33 37 37 38 38 39 39 29 29 32 32 40 40 39 39 32 32 28 28 35 35 29 29 40 40 41 41 42 42 40 40 42 42 39 39 43 43 38 38 28 28 38 38 44 44 28 28 43 43 28 28 30 30 43 43 40 40 38 38 41 41 40 40 43 43 38 38 45 45 44 44 46 46 45 45 38 38 45 45 47 47 44 44 44 44 47 47 48 48 36 36 44 44 48 48 36 36 48 48 37 37 37 37 49 49 38 38 49 49 46 46 38 38 50 50 51 51 52 52 50 50 52 52 53 53 52 52 54 54 53 53 54 54 55 55 53 53 54 54 56 56 55 55 56 56 54 54 57 57 58 58 59 59 60 60 61 61 53 53 55 55 62 62 61 61 55 55 55 55 63 63 64 64 55 55 56 56 65 65 55 55 65 65 66 66 66 66 63 63 55 55 56 56 57 57 59 59 56 56 59 59 67 67 58 58 68 68 59 59 68 68 67 67 59 59 66 66 65 65 69 69 70 70 71 71 66 66 70 70 66 66 69 69 70 70 69 69 72 72 64 64 63 63 73 73 50 50 64 64 74 74 64 64 75 75 74 74 64 64 76 76 70 70 73 73 76 76 64 64 70 70 75 75 64 64 50 50 77 77 78 78 76 76 79 79 70 70 70 70 72 72 58 58 79 79 71 71 70 70 74 74 77 77 50 50 72 72 68 68 58 58 50 50 58 58 60 60 78 78 58 58 50 50 50 50 60 60 51 51</p>
                </polylist>
            </mesh>
        </geometry>
        <geometry id="meshMesh2_2">
            <mesh>
                <source id="pointsMesh2_2">
                    <float_array id="pointarrayMesh2_2" count="240">-5177 1440 -2610 -4402 1117 -2375 -4242 1440 -2610 -3948 -712 -1044 -3173 -1036 -809 -3013 -712 -1044 -3788 -1036 -809 -5177 -381 -1285 -5017 -704 -1050 -4402 -704 -1050 -4242 -381 -1285 -6406 -546 -1165 -5631 -870 -929 -5471 -546 -1165 -6245 -870 -929 -6406 4421 -4778 -6245 4098 -4543 -5631 4098 -4543 -5017 1117 -2375 -3948 2434 -3333 -3788 2110 -3098 -3173 2110 -3098 -3013 2434 -3333 -5177 3428 -4056 -5017 3104 -3820 -4402 3104 -3820 -4242 3428 -4056 -5471 4421 -4778 -5017 -704 -1050 -5426 -393 -1276 -5471 -546 -1165 -5221 -227 -1397 -6553 0 -1563 -2866 0 -1563 -4197 -227 -1397 -5177 -381 -1285 -4242 -381 -1285 -2969 -559 -1156 -2866 -3276 819 -6450 -393 -1276 -6553 -3276 819 -6245 -870 -929 -6406 -546 -1165 -5631 -870 -929 -4402 -704 -1050 -3788 -1036 -809 -3173 -1036 -809 -3948 -712 -1044 -3993 -559 -1156 -3013 -712 -1044 -6553 0 -1563 -6406 4421 -4778 -6450 4575 -4890 -6553 5734 -5733 -5426 4575 -4890 -2866 5734 -5733 -4197 3581 -4167 -5471 4421 -4778 -5221 1594 -2722 -5631 4098 -4543 -6245 4098 -4543 -6553 5734 -6553 -2866 5734 -6553 -2969 2587 -3445 -2866 0 -1563 -4242 3428 -4056 -3993 2587 -3445 -5221 3581 -4167 -5177 3428 -4056 -4402 3104 -3820 -4197 1594 -2722 -3948 2434 -3333 -5017 3104 -3820 -3013 2434 -3333 -4402 1117 -2375 -4242 1440 -2610 -3173 2110 -3098 -5017 1117 -2375 -5177 1440 -2610 -3788 2110 -3098</float_array>
                    <technique_common>
                        <accessor count="80" source="#pointarrayMesh2_2" stride="3">
                            <param name="X" type="float"/>
                            <param name="Y" type="float"/>
                            <param name="Z" type="float"/>
                        </accessor>
                    </technique_common>
                </source>
                <source id="uvsMesh2_2">
                    <float_array id="uvarrayMesh2_2" count="160">-5.01953125 1.3125 -5.994140625 -0.572265625 -5.01953125 -0.962890625 3.4609375 -1.6796875 2.486328125 -3.56640625 3.4609375 -3.95703125 2.486328125 -2.0703125 4.458984375 1.3125 3.484375 0.921875 3.484375 -0.572265625 4.458984375 -0.962890625 3.9609375 4.306640625 2.986328125 2.419921875 3.9609375 2.029296875 2.986328125 3.916015625 3.9609375 4.306640625 2.986328125 3.916015625 2.986328125 2.419921875 -5.994140625 0.921875 -2.025390625 -1.6796875 -3 -2.0703125 -3 -3.56640625 -2.025390625 -3.95703125 0.966796875 1.3125 -0.0078125 0.921875 -0.0078125 -0.572265625 0.966796875 -0.962890625 3.9609375 2.029296875 3.484375 0.921875 4.423828125 1.919921875 3.9609375 2.029296875 4.921875 1.421875 5.611328125 4.666015625 5.611328125 -4.314453125 4.921875 -1.072265625 4.458984375 1.3125 4.458984375 -0.962890625 3.923828125 -4.06640625 -4.259765625 -4.314453125 4.423828125 4.416015625 -4.259765625 4.6640625 2.986328125 3.916015625 3.9609375 4.306640625 2.986328125 2.419921875 3.484375 -0.572265625 2.486328125 -2.0703125 2.486328125 -3.56640625 3.462890625 -1.6796875 3.923828125 -1.5703125 3.4609375 -3.95703125 -9.357421875 4.666015625 3.9609375 4.306640625 4.423828125 4.416015625 7.916015625 4.6640625 4.423828125 1.919921875 7.916015625 -4.314453125 1.4296875 -1.072265625 3.9609375 2.029296875 -4.556640625 1.421875 2.986328125 2.419921875 2.986328125 3.916015625 9.091796875 4.6640625 9.091796875 -4.314453125 -1.5625 -4.06640625 -9.357421875 -4.314453125 0.966796875 -0.962890625 -1.5625 -1.5703125 1.4296875 1.421875 0.966796875 1.3125 -0.0078125 -0.572265625 -4.556640625 -1.072265625 -2.025390625 -1.6796875 -0.0078125 0.921875 -2.025390625 -3.95703125 -5.994140625 -0.572265625 -5.01953125 -0.962890625 -3 -3.56640625 -5.994140625 0.921875 -5.01953125 1.3125 -3 -2.0703125</float_array>
                    <technique_common>
                        <accessor count="80" source="#uvarrayMesh2_2" stride="2">
                            <param name="S" type="float"/>
                            <param name="T" type="float"/>
                        </accessor>
                    </technique_common>
                </source>
                <vertices id="verticesMesh2_2">
                    <input semantic="POSITION" source="#pointsMesh2_2"/>
                </vertices>
                <polylist count="76" material="Material1">
                    <input offset="0" semantic="VERTEX" source="#verticesMesh2_2"/>
                    <input offset="1" semantic="TEXCOORD" source="#uvsMesh2_2" set="0"/>
                    <vcount>3 3 3 3 3 3 3 3 3 3 3 3 3 3 3 3 3 3 3 3 3 3 3 3 3 3 3 3 3 3 3 3 3 3 3 3 3 3 3 3 3 3 3 3 3 3 3 3 3 3 3 3 3 3 3 3 3 3 3 3 3 3 3 3 3 3 3 3 3 3 3 3 3 3 3 3</vcount>
                    <p>0 0 1 1 2 2 3 3 4 4 5 5 3 3 6 6 4 4 7 7 8 8 9 9 7 7 9 9 10 10 11 11 12 12 13 13 11 11 14 14 12 12 15 15 16 16 17 17 0 0 18 18 1 1 19 19 20 20 21 21 19 19 21 21 22 22 23 23 24 24 25 25 23 23 25 25 26 26 15 15 17 17 27 27 28 28 29 29 30 30 29 29 31 31 32 32 32 32 31 31 33 33 31 31 34 34 33 33 35 35 31 31 29 29 34 34 36 36 37 37 37 37 33 33 34 34 33 33 37 37 38 38 39 39 29 29 32 32 40 40 39 39 32 32 28 28 35 35 29 29 40 40 41 41 42 42 40 40 42 42 39 39 43 43 38 38 28 28 38 38 44 44 28 28 43 43 28 28 30 30 43 43 40 40 38 38 41 41 40 40 43 43 38 38 45 45 44 44 46 46 45 45 38 38 45 45 47 47 44 44 44 44 47 47 48 48 36 36 44 44 48 48 36 36 48 48 37 37 37 37 49 49 38 38 49 49 46 46 38 38 50 50 51 51 52 52 50 50 52 52 53 53 52 52 54 54 53 53 54 54 55 55 53 53 54 54 56 56 55 55 56 56 54 54 57 57 58 58 59 59 60 60 61 61 53 53 55 55 62 62 61 61 55 55 55 55 63 63 64 64 55 55 56 56 65 65 55 55 65 65 66 66 66 66 63 63 55 55 56 56 57 57 59 59 56 56 59 59 67 67 58 58 68 68 59 59 68 68 67 67 59 59 66 66 65 65 69 69 70 70 71 71 66 66 70 70 66 66 69 69 70 70 69 69 72 72 64 64 63 63 73 73 50 50 64 64 74 74 64 64 75 75 74 74 64 64 76 76 70 70 73 73 76 76 64 64 70 70 75 75 64 64 50 50 77 77 78 78 76 76 79 79 70 70 70 70 72 72 58 58 79 79 71 71 70 70 74 74 77 77 50 50 72 72 68 68 58 58 50 50 58 58 60 60 78 78 58 58 50 50 50 50 60 60 51 51</p>
                </polylist>
            </mesh>
        </geometry>
        <geometry id="meshMesh2_VC1">
            <mesh>
                <source id="pointsMesh2_VC1">
                    <float_array id="pointarrayMesh2_VC1" count="240">-5177 1440 -2610 -4402 1117 -2375 -4242 1440 -2610 -3948 -712 -1044 -3173 -1036 -809 -3013 -712 -1044 -3788 -1036 -809 -5177 -381 -1285 -5017 -704 -1050 -4402 -704 -1050 -4242 -381 -1285 -6406 -546 -1165 -5631 -870 -929 -5471 -546 -1165 -6245 -870 -929 -6406 4421 -4778 -6245 4098 -4543 -5631 4098 -4543 -5017 1117 -2375 -3948 2434 -3333 -3788 2110 -3098 -3173 2110 -3098 -3013 2434 -3333 -5177 3428 -4056 -5017 3104 -3820 -4402 3104 -3820 -4242 3428 -4056 -5471 4421 -4778 -5017 -704 -1050 -5426 -393 -1276 -5471 -546 -1165 -5221 -227 -1397 -6553 0 -1563 -2866 0 -1563 -4197 -227 -1397 -5177 -381 -1285 -4242 -381 -1285 -2969 -559 -1156 -2866 -3276 819 -6450 -393 -1276 -6553 -3276 819 -6245 -870 -929 -6406 -546 -1165 -5631 -870 -929 -4402 -704 -1050 -3788 -1036 -809 -3173 -1036 -809 -3948 -712 -1044 -3993 -559 -1156 -3013 -712 -1044 -6553 0 -1563 -6406 4421 -4778 -6450 4575 -4890 -6553 5734 -5733 -5426 4575 -4890 -2866 5734 -5733 -4197 3581 -4167 -5471 4421 -4778 -5221 1594 -2722 -5631 4098 -4543 -6245 4098 -4543 -6553 5734 -6553 -2866 5734 -6553 -2969 2587 -3445 -2866 0 -1563 -4242 3428 -4056 -3993 2587 -3445 -5221 3581 -4167 -5177 3428 -4056 -4402 3104 -3820 -4197 1594 -2722 -3948 2434 -3333 -5017 3104 -3820 -3013 2434 -3333 -4402 1117 -2375 -4242 1440 -2610 -3173 2110 -3098 -5017 1117 -2375 -5177 1440 -2610 -3788 2110 -3098</float_array>
                    <technique_common>
                        <accessor count="80" source="#pointarrayMesh2_VC1" stride="3">
                            <param name="X" type="float"/>
                            <param name="Y" type="float"/>
                            <param name="Z" type="float"/>
                        </accessor>
                    </technique_common>
                </source>
                <source id="uvsMesh2_VC1">
                    <float_array id="uvarrayMesh2_VC1" count="456">0.65625 0.99609375 0.65625 0.99609375 0.65625 0.99609375 0.65625 0.99609375 0.65625 0.99609375 0.65625 0.99609375 0.65625 0.99609375 0.65625 0.99609375 0.65625 0.99609375 0.65625 0.99609375 0.65625 0.99609375 0.65625 0.99609375 0.65625 0.99609375 0.65625 0.99609375 0.65625 0.99609375 0.65625 0.99609375 0.65625 0.99609375 0.65625 0.99609375 0.65625 0.99609375 0.65625 0.99609375 0.65625 0.99609375 0.65625 0.99609375 0.65625 0.99609375 0.65625 0.99609375 0.65625 0.99609375 0.65625 0.99609375 0.65625 0.99609375 0.65625 0.99609375 0.65625 0.99609375 0.65625 0.99609375 0.65625 0.99609375 0.65625 0.99609375 0.65625 0.99609375 0.65625 0.99609375 0.65625 0.99609375 0.65625 0.99609375 0.65625 0.99609375 0.65625 0.99609375 0.65625 0.99609375 0.65625 0.99609375 0.65625 0.99609375 0.65625 0.99609375 0.15625 0.99609375 0.15625 0.99609375 0.15625 0.99609375 0.15625 0.99609375 0.15625 0.99609375 0.15625 0.99609375 0.15625 0.99609375 0.15625 0.99609375 0.15625 0.99609375 0.15625 0.99609375 0.15625 0.99609375 0.15625 0.99609375 0.15625 0.99609375 0.15625 0.99609375 0.15625 0.99609375 0.15625 0.99609375 0.15625 0.99609375 0.15625 0.99609375 0.15625 0.99609375 0.15625 0.99609375 0.15625 0.99609375 0.15625 0.99609375 0.15625 0.99609375 0.15625 0.99609375 0.15625 0.99609375 0.15625 0.99609375 0.15625 0.99609375 0.15625 0.99609375 0.15625 0.99609375 0.15625 0.99609375 0.15625 0.99609375 0.15625 0.99609375 0.15625 0.99609375 0.15625 0.99609375 0.15625 0.99609375 0.15625 0.99609375 0.15625 0.99609375 0.15625 0.99609375 0.15625 0.99609375 0.15625 0.99609375 0.15625 0.99609375 0.15625 0.99609375 0.15625 0.99609375 0.15625 0.99609375 0.15625 0.99609375 0.15625 0.99609375 0.15625 0.99609375 0.15625 0.99609375 0.15625 0.99609375 0.15625 0.99609375 0.15625 0.99609375 0.15625 0.99609375 0.15625 0.99609375 0.15625 0.99609375 0.15625 0.99609375 0.15625 0.99609375 0.15625 0.99609375 0.15625 0.99609375 0.15625 0.99609375 0.15625 0.99609375 0.15625 0.99609375 0.15625 0.99609375 0.15625 0.99609375 0.15625 0.99609375 0.15625 0.99609375 0.15625 0.99609375 0.15625 0.99609375 0.15625 0.99609375 0.15625 0.99609375 0.15625 0.99609375 0.15625 0.99609375 0.15625 0.99609375 0.15625 0.99609375 0.15625 0.99609375 0.15625 0.99609375 0.15625 0.99609375 0.15625 0.99609375 0.15625 0.99609375 0.15625 0.99609375 0.15625 0.99609375 0.15625 0.99609375 0.15625 0.99609375 0.15625 0.99609375 0.15625 0.99609375 0.15625 0.99609375 0.15625 0.99609375 0.15625 0.99609375 0.15625 0.99609375 0.15625 0.99609375 0.15625 0.99609375 0.15625 0.99609375 0.15625 0.99609375 0.15625 0.99609375 0.15625 0.99609375 0.15625 0.99609375 0.15625 0.99609375 0.15625 0.99609375 0.15625 0.99609375 0.15625 0.99609375 0.15625 0.99609375 0.15625 0.99609375 0.15625 0.99609375 0.15625 0.99609375 0.15625 0.99609375 0.15625 0.99609375 0.15625 0.99609375 0.15625 0.99609375 0.15625 0.99609375 0.15625 0.99609375 0.15625 0.99609375 0.15625 0.99609375 0.15625 0.99609375 0.15625 0.99609375 0.15625 0.99609375 0.15625 0.99609375 0.15625 0.99609375 0.15625 0.99609375 0.15625 0.99609375 0.15625 0.99609375 0.15625 0.99609375 0.15625 0.99609375 0.15625 0.99609375 0.15625 0.99609375 0.15625 0.99609375 0.15625 0.99609375 0.15625 0.99609375 0.15625 0.99609375 0.15625 0.99609375 0.15625 0.99609375 0.15625 0.99609375 0.15625 0.99609375 0.15625 0.99609375 0.15625 0.99609375 0.15625 0.99609375 0.15625 0.99609375 0.15625 0.99609375 0.15625 0.99609375 0.15625 0.99609375 0.15625 0.99609375 0.15625 0.99609375 0.15625 0.99609375 0.15625 0.99609375 0.15625 0.99609375 0.15625 0.99609375 0.15625 0.99609375 0.15625 0.99609375 0.15625 0.99609375 0.15625 0.99609375 0.15625 0.99609375 0.15625 0.99609375 0.15625 0.99609375 0.15625 0.99609375 0.15625 0.99609375 0.15625 0.99609375 0.15625 0.99609375 0.15625 0.99609375 0.15625 0.99609375 0.15625 0.99609375 0.15625 0.99609375 0.15625 0.99609375 0.15625 0.99609375 0.15625 0.99609375 0.15625 0.99609375 0.15625 0.99609375 0.15625 0.99609375 0.15625 0.99609375 0.15625 0.99609375 0.15625 0.99609375 0.15625 0.99609375 0.15625 0.99609375 0.15625 0.99609375 0.15625 0.99609375 0.15625 0.99609375 0.15625 0.99609375 0.15625 0.99609375 0.15625 0.99609375 0.15625 0.99609375 0.15625 0.99609375 0.15625 0.99609375 0.15625 0.99609375 0.15625 0.99609375 0.15625 0.99609375 0.15625 0.99609375 0.15625 0.99609375 0.15625 0.99609375 0.15625 0.99609375</float_array>
                    <technique_common>
                        <accessor count="228" source="#uvarrayMesh2_VC1" stride="2">
                            <param name="S" type="float"/>
                            <param name="T" type="float"/>
                        </accessor>
                    </technique_common>
                </source>
                <vertices id="verticesMesh2_VC1">
                    <input semantic="POSITION" source="#pointsMesh2_VC1"/>
                </vertices>
                <polylist count="76" material="Material1">
                    <input offset="0" semantic="VERTEX" source="#verticesMesh2_VC1"/>
                    <input offset="1" semantic="TEXCOORD" source="#uvsMesh2_VC1" set="0"/>
                    <vcount>3 3 3 3 3 3 3 3 3 3 3 3 3 3 3 3 3 3 3 3 3 3 3 3 3 3 3 3 3 3 3 3 3 3 3 3 3 3 3 3 3 3 3 3 3 3 3 3 3 3 3 3 3 3 3 3 3 3 3 3 3 3 3 3 3 3 3 3 3 3 3 3 3 3 3 3</vcount>
                    <p>0 0 1 1 2 2 3 3 4 4 5 5 3 6 6 7 4 8 7 9 8 10 9 11 7 12 9 13 10 14 11 15 12 16 13 17 11 18 14 19 12 20 15 21 16 22 17 23 0 24 18 25 1 26 19 27 20 28 21 29 19 30 21 31 22 32 23 33 24 34 25 35 23 36 25 37 26 38 15 39 17 40 27 41 28 42 29 43 30 44 29 45 31 46 32 47 32 48 31 49 33 50 31 51 34 52 33 53 35 54 31 55 29 56 34 57 36 58 37 59 37 60 33 61 34 62 33 63 37 64 38 65 39 66 29 67 32 68 40 69 39 70 32 71 28 72 35 73 29 74 40 75 41 76 42 77 40 78 42 79 39 80 43 81 38 82 28 83 38 84 44 85 28 86 43 87 28 88 30 89 43 90 40 91 38 92 41 93 40 94 43 95 38 96 45 97 44 98 46 99 45 100 38 101 45 102 47 103 44 104 44 105 47 106 48 107 36 108 44 109 48 110 36 111 48 112 37 113 37 114 49 115 38 116 49 117 46 118 38 119 50 120 51 121 52 122 50 123 52 124 53 125 52 126 54 127 53 128 54 129 55 130 53 131 54 132 56 133 55 134 56 135 54 136 57 137 58 138 59 139 60 140 61 141 53 142 55 143 62 144 61 145 55 146 55 147 63 148 64 149 55 150 56 151 65 152 55 153 65 154 66 155 66 156 63 157 55 158 56 159 57 160 59 161 56 162 59 163 67 164 58 165 68 166 59 167 68 168 67 169 59 170 66 171 65 172 69 173 70 174 71 175 66 176 70 177 66 178 69 179 70 180 69 181 72 182 64 183 63 184 73 185 50 186 64 187 74 188 64 189 75 190 74 191 64 192 76 193 70 194 73 195 76 196 64 197 70 198 75 199 64 200 50 201 77 202 78 203 76 204 79 205 70 206 70 207 72 208 58 209 79 210 71 211 70 212 74 213 77 214 50 215 72 216 68 217 58 218 50 219 58 220 60 221 78 222 58 223 50 224 50 225 60 226 51 227</p>
                </polylist>
            </mesh>
        </geometry>
        <geometry id="meshMesh2_VC2">
            <mesh>
                <source id="pointsMesh2_VC2">
                    <float_array id="pointarrayMesh2_VC2" count="240">-5177 1440 -2610 -4402 1117 -2375 -4242 1440 -2610 -3948 -712 -1044 -3173 -1036 -809 -3013 -712 -1044 -3788 -1036 -809 -5177 -381 -1285 -5017 -704 -1050 -4402 -704 -1050 -4242 -381 -1285 -6406 -546 -1165 -5631 -870 -929 -5471 -546 -1165 -6245 -870 -929 -6406 4421 -4778 -6245 4098 -4543 -5631 4098 -4543 -5017 1117 -2375 -3948 2434 -3333 -3788 2110 -3098 -3173 2110 -3098 -3013 2434 -3333 -5177 3428 -4056 -5017 3104 -3820 -4402 3104 -3820 -4242 3428 -4056 -5471 4421 -4778 -5017 -704 -1050 -5426 -393 -1276 -5471 -546 -1165 -5221 -227 -1397 -6553 0 -1563 -2866 0 -1563 -4197 -227 -1397 -5177 -381 -1285 -4242 -381 -1285 -2969 -559 -1156 -2866 -3276 819 -6450 -393 -1276 -6553 -3276 819 -6245 -870 -929 -6406 -546 -1165 -5631 -870 -929 -4402 -704 -1050 -3788 -1036 -809 -3173 -1036 -809 -3948 -712 -1044 -3993 -559 -1156 -3013 -712 -1044 -6553 0 -1563 -6406 4421 -4778 -6450 4575 -4890 -6553 5734 -5733 -5426 4575 -4890 -2866 5734 -5733 -4197 3581 -4167 -5471 4421 -4778 -5221 1594 -2722 -5631 4098 -4543 -6245 4098 -4543 -6553 5734 -6553 -2866 5734 -6553 -2969 2587 -3445 -2866 0 -1563 -4242 3428 -4056 -3993 2587 -3445 -5221 3581 -4167 -5177 3428 -4056 -4402 3104 -3820 -4197 1594 -2722 -3948 2434 -3333 -5017 3104 -3820 -3013 2434 -3333 -4402 1117 -2375 -4242 1440 -2610 -3173 2110 -3098 -5017 1117 -2375 -5177 1440 -2610 -3788 2110 -3098</float_array>
                    <technique_common>
                        <accessor count="80" source="#pointarrayMesh2_VC2" stride="3">
                            <param name="X" type="float"/>
                            <param name="Y" type="float"/>
                            <param name="Z" type="float"/>
                        </accessor>
                    </technique_common>
                </source>
                <source id="uvsMesh2_VC2">
                    <float_array id="uvarrayMesh2_VC2" count="456">0.78125 0.99609375 0.78125 0.99609375 0.78125 0.99609375 0.78125 0.99609375 0.78125 0.99609375 0.78125 0.99609375 0.78125 0.99609375 0.78125 0.99609375 0.78125 0.99609375 0.78125 0.99609375 0.78125 0.99609375 0.78125 0.99609375 0.78125 0.99609375 0.78125 0.99609375 0.78125 0.99609375 0.78125 0.99609375 0.78125 0.99609375 0.78125 0.99609375 0.78125 0.99609375 0.78125 0.99609375 0.78125 0.99609375 0.78125 0.99609375 0.78125 0.99609375 0.78125 0.99609375 0.78125 0.99609375 0.78125 0.99609375 0.78125 0.99609375 0.78125 0.99609375 0.78125 0.99609375 0.78125 0.99609375 0.78125 0.99609375 0.78125 0.99609375 0.78125 0.99609375 0.78125 0.99609375 0.78125 0.99609375 0.78125 0.99609375 0.78125 0.99609375 0.78125 0.99609375 0.78125 0.99609375 0.78125 0.99609375 0.78125 0.99609375 0.78125 0.99609375 0.28125 0.99609375 0.28125 0.99609375 0.28125 0.99609375 0.28125 0.99609375 0.28125 0.99609375 0.28125 0.99609375 0.28125 0.99609375 0.28125 0.99609375 0.28125 0.99609375 0.28125 0.99609375 0.28125 0.99609375 0.28125 0.99609375 0.28125 0.99609375 0.28125 0.99609375 0.28125 0.99609375 0.28125 0.99609375 0.28125 0.99609375 0.28125 0.99609375 0.28125 0.99609375 0.28125 0.99609375 0.28125 0.99609375 0.28125 0.99609375 0.28125 0.99609375 0.28125 0.99609375 0.28125 0.99609375 0.28125 0.99609375 0.28125 0.99609375 0.28125 0.99609375 0.28125 0.99609375 0.28125 0.99609375 0.28125 0.99609375 0.28125 0.99609375 0.28125 0.99609375 0.28125 0.99609375 0.28125 0.99609375 0.28125 0.99609375 0.28125 0.99609375 0.28125 0.99609375 0.28125 0.99609375 0.28125 0.99609375 0.28125 0.99609375 0.28125 0.99609375 0.28125 0.99609375 0.28125 0.99609375 0.28125 0.99609375 0.28125 0.99609375 0.28125 0.99609375 0.28125 0.99609375 0.28125 0.99609375 0.28125 0.99609375 0.28125 0.99609375 0.28125 0.99609375 0.28125 0.99609375 0.28125 0.99609375 0.28125 0.99609375 0.28125 0.99609375 0.28125 0.99609375 0.28125 0.99609375 0.28125 0.99609375 0.28125 0.99609375 0.28125 0.99609375 0.28125 0.99609375 0.28125 0.99609375 0.28125 0.99609375 0.28125 0.99609375 0.28125 0.99609375 0.28125 0.99609375 0.28125 0.99609375 0.28125 0.99609375 0.28125 0.99609375 0.28125 0.99609375 0.28125 0.99609375 0.28125 0.99609375 0.28125 0.99609375 0.28125 0.99609375 0.28125 0.99609375 0.28125 0.99609375 0.28125 0.99609375 0.28125 0.99609375 0.28125 0.99609375 0.28125 0.99609375 0.28125 0.99609375 0.28125 0.99609375 0.28125 0.99609375 0.28125 0.99609375 0.28125 0.99609375 0.28125 0.99609375 0.28125 0.99609375 0.28125 0.99609375 0.28125 0.99609375 0.28125 0.99609375 0.28125 0.99609375 0.28125 0.99609375 0.28125 0.99609375 0.28125 0.99609375 0.28125 0.99609375 0.28125 0.99609375 0.28125 0.99609375 0.28125 0.99609375 0.28125 0.99609375 0.28125 0.99609375 0.28125 0.99609375 0.28125 0.99609375 0.28125 0.99609375 0.28125 0.99609375 0.28125 0.99609375 0.28125 0.99609375 0.28125 0.99609375 0.28125 0.99609375 0.28125 0.99609375 0.28125 0.99609375 0.28125 0.99609375 0.28125 0.99609375 0.28125 0.99609375 0.28125 0.99609375 0.28125 0.99609375 0.28125 0.99609375 0.28125 0.99609375 0.28125 0.99609375 0.28125 0.99609375 0.28125 0.99609375 0.28125 0.99609375 0.28125 0.99609375 0.28125 0.99609375 0.28125 0.99609375 0.28125 0.99609375 0.28125 0.99609375 0.28125 0.99609375 0.28125 0.99609375 0.28125 0.99609375 0.28125 0.99609375 0.28125 0.99609375 0.28125 0.99609375 0.28125 0.99609375 0.28125 0.99609375 0.28125 0.99609375 0.28125 0.99609375 0.28125 0.99609375 0.28125 0.99609375 0.28125 0.99609375 0.28125 0.99609375 0.28125 0.99609375 0.28125 0.99609375 0.28125 0.99609375 0.28125 0.99609375 0.28125 0.99609375 0.28125 0.99609375 0.28125 0.99609375 0.28125 0.99609375 0.28125 0.99609375 0.28125 0.99609375 0.28125 0.99609375 0.28125 0.99609375 0.28125 0.99609375 0.28125 0.99609375 0.28125 0.99609375 0.28125 0.99609375 0.28125 0.99609375 0.28125 0.99609375 0.28125 0.99609375 0.28125 0.99609375 0.28125 0.99609375 0.28125 0.99609375 0.28125 0.99609375 0.28125 0.99609375 0.28125 0.99609375 0.28125 0.99609375 0.28125 0.99609375 0.28125 0.99609375 0.28125 0.99609375 0.28125 0.99609375 0.28125 0.99609375 0.28125 0.99609375 0.28125 0.99609375 0.28125 0.99609375 0.28125 0.99609375 0.28125 0.99609375 0.28125 0.99609375 0.28125 0.99609375 0.28125 0.99609375 0.28125 0.99609375 0.28125 0.99609375 0.28125 0.99609375 0.28125 0.99609375 0.28125 0.99609375 0.28125 0.99609375</float_array>
                    <technique_common>
                        <accessor count="228" source="#uvarrayMesh2_VC2" stride="2">
                            <param name="S" type="float"/>
                            <param name="T" type="float"/>
                        </accessor>
                    </technique_common>
                </source>
                <vertices id="verticesMesh2_VC2">
                    <input semantic="POSITION" source="#pointsMesh2_VC2"/>
                </vertices>
                <polylist count="76" material="Material1">
                    <input offset="0" semantic="VERTEX" source="#verticesMesh2_VC2"/>
                    <input offset="1" semantic="TEXCOORD" source="#uvsMesh2_VC2" set="0"/>
                    <vcount>3 3 3 3 3 3 3 3 3 3 3 3 3 3 3 3 3 3 3 3 3 3 3 3 3 3 3 3 3 3 3 3 3 3 3 3 3 3 3 3 3 3 3 3 3 3 3 3 3 3 3 3 3 3 3 3 3 3 3 3 3 3 3 3 3 3 3 3 3 3 3 3 3 3 3 3</vcount>
                    <p>0 0 1 1 2 2 3 3 4 4 5 5 3 6 6 7 4 8 7 9 8 10 9 11 7 12 9 13 10 14 11 15 12 16 13 17 11 18 14 19 12 20 15 21 16 22 17 23 0 24 18 25 1 26 19 27 20 28 21 29 19 30 21 31 22 32 23 33 24 34 25 35 23 36 25 37 26 38 15 39 17 40 27 41 28 42 29 43 30 44 29 45 31 46 32 47 32 48 31 49 33 50 31 51 34 52 33 53 35 54 31 55 29 56 34 57 36 58 37 59 37 60 33 61 34 62 33 63 37 64 38 65 39 66 29 67 32 68 40 69 39 70 32 71 28 72 35 73 29 74 40 75 41 76 42 77 40 78 42 79 39 80 43 81 38 82 28 83 38 84 44 85 28 86 43 87 28 88 30 89 43 90 40 91 38 92 41 93 40 94 43 95 38 96 45 97 44 98 46 99 45 100 38 101 45 102 47 103 44 104 44 105 47 106 48 107 36 108 44 109 48 110 36 111 48 112 37 113 37 114 49 115 38 116 49 117 46 118 38 119 50 120 51 121 52 122 50 123 52 124 53 125 52 126 54 127 53 128 54 129 55 130 53 131 54 132 56 133 55 134 56 135 54 136 57 137 58 138 59 139 60 140 61 141 53 142 55 143 62 144 61 145 55 146 55 147 63 148 64 149 55 150 56 151 65 152 55 153 65 154 66 155 66 156 63 157 55 158 56 159 57 160 59 161 56 162 59 163 67 164 58 165 68 166 59 167 68 168 67 169 59 170 66 171 65 172 69 173 70 174 71 175 66 176 70 177 66 178 69 179 70 180 69 181 72 182 64 183 63 184 73 185 50 186 64 187 74 188 64 189 75 190 74 191 64 192 76 193 70 194 73 195 76 196 64 197 70 198 75 199 64 200 50 201 77 202 78 203 76 204 79 205 70 206 70 207 72 208 58 209 79 210 71 211 70 212 74 213 77 214 50 215 72 216 68 217 58 218 50 219 58 220 60 221 78 222 58 223 50 224 50 225 60 226 51 227</p>
                </polylist>
            </mesh>
        </geometry>
        <geometry id="meshMesh3_1">
            <mesh>
                <source id="pointsMesh3_1">
                    <float_array id="pointarrayMesh3_1" count="156">4403 0 -4607 4403 -101 -4607 4403 -101 -4402 4403 0 -4402 4198 0 -4607 4198 -101 -4402 4198 0 -4402 4198 -101 -4607 4800 0 -6227 4782 26 -6245 4524 0 -5951 4524 0 -6540 4506 26 -6522 4800 0 -6263 4782 26 -6245 4211 0 -6263 4506 26 -6522 4487 0 -6540 4229 26 -6245 4488 0 -5951 4506 26 -5969 4229 26 -6245 4211 0 -6227 0 6554 6554 0 6554 0 4915 6554 0 4506 26 -5969 4915 0 -5938 4403 0 -4402 4915 0 -4300 4198 0 -4402 4096 0 -4300 4198 0 -4607 4096 0 -5938 4403 0 -4607 4915 6554 6554 -6553 6554 6554 0 6554 0 0 6554 6554 -6553 6554 0 4915 6554 0 0 6554 0 0 6554 -6553 4915 6554 -6553 0 6554 -6553 -6041 6554 -6245 -6245 6554 -6245 -6245 6554 -6041 -6553 6554 0 -6553 6554 -6553 0 6554 0 -6041 6554 -6041</float_array>
                    <technique_common>
                        <accessor count="52" source="#pointarrayMesh3_1" stride="3">
                            <param name="X" type="float"/>
                            <param name="Y" type="float"/>
                            <param name="Z" type="float"/>
                        </accessor>
                    </technique_common>
                </source>
                <source id="uvsMesh3_1">
                    <float_array id="uvarrayMesh3_1" count="104">0.34375 0.408203125 0.34375 0.408203125 0.34375 0.158203125 0.34375 0.158203125 0.09375 0.408203125 0.09375 0.158203125 0.09375 0.158203125 0.09375 0.408203125 0.966796875 0.90625 0.966796875 1 0 0.90625 0.966796875 0.90625 0.966796875 1 0 0.90625 0 1 0.966796875 0.90625 0 1 0 0.90625 0.966796875 1 0.966796875 0.90625 0.966796875 1 0 1 0 0.90625 -1.02734375 3.02734375 -1.02734375 -0.962890625 1.96484375 -0.962890625 0 1 0.966796875 2.029296875 0.34375 0.158203125 0.966796875 0.033203125 0.09375 0.158203125 0 0.033203125 0.09375 0.408203125 0 2.029296875 0.34375 0.408203125 1.96484375 3.02734375 -1.02734375 2.029296875 2.962890625 -1.9609375 2.962890625 2.029296875 -1.02734375 -1.9609375 1.96484375 2.029296875 -1.02734375 2.029296875 -1.02734375 -1.9609375 1.96484375 -1.9609375 2.962890625 -0.962890625 -0.71484375 -0.775390625 -0.83984375 -0.775390625 -0.83984375 -0.650390625 -1.02734375 3.02734375 -1.02734375 -0.962890625 2.962890625 3.02734375 -0.71484375 -0.650390625</float_array>
                    <technique_common>
                        <accessor count="52" source="#uvarrayMesh3_1" stride="2">
                            <param name="S" type="float"/>
                            <param name="T" type="float"/>
                        </accessor>
                    </technique_common>
                </source>
                <vertices id="verticesMesh3_1">
                    <input semantic="POSITION" source="#pointsMesh3_1"/>
                </vertices>
                <polylist count="38" material="Material1">
                    <input offset="0" semantic="VERTEX" source="#verticesMesh3_1"/>
                    <input offset="1" semantic="TEXCOORD" source="#uvsMesh3_1" set="0"/>
                    <vcount>3 3 3 3 3 3 3 3 3 3 3 3 3 3 3 3 3 3 3 3 3 3 3 3 3 3 3 3 3 3 3 3 3 3 3 3 3 3</vcount>
                    <p>0 0 1 1 2 2 0 0 2 2 3 3 4 4 1 1 0 0 3 3 2 2 5 5 3 3 5 5 6 6 4 4 7 7 1 1 6 6 7 7 4 4 6 6 5 5 7 7 8 8 9 9 10 10 11 11 12 12 13 13 12 12 14 14 13 13 15 15 16 16 17 17 15 15 18 18 16 16 19 19 20 20 21 21 19 19 21 21 22 22 23 23 24 24 25 25 9 9 26 26 10 10 27 27 28 28 29 29 29 29 30 30 31 31 29 29 28 28 30 30 32 32 31 31 30 30 32 32 33 33 31 31 27 27 34 34 28 28 27 27 32 32 34 34 27 27 33 33 32 32 23 23 25 25 35 35 36 36 37 37 38 38 36 36 39 39 37 37 40 40 41 41 42 42 40 40 42 42 43 43 44 44 45 45 46 46 46 46 47 47 48 48 46 46 49 49 44 44 46 46 48 48 49 49 44 44 50 50 51 51 44 44 51 51 45 45 48 48 47 47 51 51 48 48 51 51 50 50</p>
                </polylist>
            </mesh>
        </geometry>
        <geometry id="meshMesh3_2">
            <mesh>
                <source id="pointsMesh3_2">
                    <float_array id="pointarrayMesh3_2" count="156">4403 0 -4607 4403 -101 -4607 4403 -101 -4402 4403 0 -4402 4198 0 -4607 4198 -101 -4402 4198 0 -4402 4198 -101 -4607 4800 0 -6227 4782 26 -6245 4524 0 -5951 4524 0 -6540 4506 26 -6522 4800 0 -6263 4782 26 -6245 4211 0 -6263 4506 26 -6522 4487 0 -6540 4229 26 -6245 4488 0 -5951 4506 26 -5969 4229 26 -6245 4211 0 -6227 0 6554 6554 0 6554 0 4915 6554 0 4506 26 -5969 4915 0 -5938 4403 0 -4402 4915 0 -4300 4198 0 -4402 4096 0 -4300 4198 0 -4607 4096 0 -5938 4403 0 -4607 4915 6554 6554 -6553 6554 6554 0 6554 0 0 6554 6554 -6553 6554 0 4915 6554 0 0 6554 0 0 6554 -6553 4915 6554 -6553 0 6554 -6553 -6041 6554 -6245 -6245 6554 -6245 -6245 6554 -6041 -6553 6554 0 -6553 6554 -6553 0 6554 0 -6041 6554 -6041</float_array>
                    <technique_common>
                        <accessor count="52" source="#pointarrayMesh3_2" stride="3">
                            <param name="X" type="float"/>
                            <param name="Y" type="float"/>
                            <param name="Z" type="float"/>
                        </accessor>
                    </technique_common>
                </source>
                <source id="uvsMesh3_2">
                    <float_array id="uvarrayMesh3_2" count="104">0.34375 0.408203125 0.34375 0.408203125 0.34375 0.158203125 0.34375 0.158203125 0.09375 0.408203125 0.09375 0.158203125 0.09375 0.158203125 0.09375 0.408203125 0.966796875 0.90625 0.966796875 1 0 0.90625 0.966796875 0.90625 0.966796875 1 0 0.90625 0 1 0.966796875 0.90625 0 1 0 0.90625 0.966796875 1 0.966796875 0.90625 0.966796875 1 0 1 0 0.90625 -1.02734375 3.02734375 -1.02734375 -0.962890625 1.96484375 -0.962890625 0 1 0.966796875 2.029296875 0.34375 0.158203125 0.966796875 0.033203125 0.09375 0.158203125 0 0.033203125 0.09375 0.408203125 0 2.029296875 0.34375 0.408203125 1.96484375 3.02734375 -1.02734375 2.029296875 2.962890625 -1.9609375 2.962890625 2.029296875 -1.02734375 -1.9609375 1.96484375 2.029296875 -1.02734375 2.029296875 -1.02734375 -1.9609375 1.96484375 -1.9609375 2.962890625 -0.962890625 -0.71484375 -0.775390625 -0.83984375 -0.775390625 -0.83984375 -0.650390625 -1.02734375 3.02734375 -1.02734375 -0.962890625 2.962890625 3.02734375 -0.71484375 -0.650390625</float_array>
                    <technique_common>
                        <accessor count="52" source="#uvarrayMesh3_2" stride="2">
                            <param name="S" type="float"/>
                            <param name="T" type="float"/>
                        </accessor>
                    </technique_common>
                </source>
                <vertices id="verticesMesh3_2">
                    <input semantic="POSITION" source="#pointsMesh3_2"/>
                </vertices>
                <polylist count="38" material="Material1">
                    <input offset="0" semantic="VERTEX" source="#verticesMesh3_2"/>
                    <input offset="1" semantic="TEXCOORD" source="#uvsMesh3_2" set="0"/>
                    <vcount>3 3 3 3 3 3 3 3 3 3 3 3 3 3 3 3 3 3 3 3 3 3 3 3 3 3 3 3 3 3 3 3 3 3 3 3 3 3</vcount>
                    <p>0 0 1 1 2 2 0 0 2 2 3 3 4 4 1 1 0 0 3 3 2 2 5 5 3 3 5 5 6 6 4 4 7 7 1 1 6 6 7 7 4 4 6 6 5 5 7 7 8 8 9 9 10 10 11 11 12 12 13 13 12 12 14 14 13 13 15 15 16 16 17 17 15 15 18 18 16 16 19 19 20 20 21 21 19 19 21 21 22 22 23 23 24 24 25 25 9 9 26 26 10 10 27 27 28 28 29 29 29 29 30 30 31 31 29 29 28 28 30 30 32 32 31 31 30 30 32 32 33 33 31 31 27 27 34 34 28 28 27 27 32 32 34 34 27 27 33 33 32 32 23 23 25 25 35 35 36 36 37 37 38 38 36 36 39 39 37 37 40 40 41 41 42 42 40 40 42 42 43 43 44 44 45 45 46 46 46 46 47 47 48 48 46 46 49 49 44 44 46 46 48 48 49 49 44 44 50 50 51 51 44 44 51 51 45 45 48 48 47 47 51 51 48 48 51 51 50 50</p>
                </polylist>
            </mesh>
        </geometry>
        <geometry id="meshMesh3_VC1">
            <mesh>
                <source id="pointsMesh3_VC1">
                    <float_array id="pointarrayMesh3_VC1" count="156">4403 0 -4607 4403 -101 -4607 4403 -101 -4402 4403 0 -4402 4198 0 -4607 4198 -101 -4402 4198 0 -4402 4198 -101 -4607 4800 0 -6227 4782 26 -6245 4524 0 -5951 4524 0 -6540 4506 26 -6522 4800 0 -6263 4782 26 -6245 4211 0 -6263 4506 26 -6522 4487 0 -6540 4229 26 -6245 4488 0 -5951 4506 26 -5969 4229 26 -6245 4211 0 -6227 0 6554 6554 0 6554 0 4915 6554 0 4506 26 -5969 4915 0 -5938 4403 0 -4402 4915 0 -4300 4198 0 -4402 4096 0 -4300 4198 0 -4607 4096 0 -5938 4403 0 -4607 4915 6554 6554 -6553 6554 6554 0 6554 0 0 6554 6554 -6553 6554 0 4915 6554 0 0 6554 0 0 6554 -6553 4915 6554 -6553 0 6554 -6553 -6041 6554 -6245 -6245 6554 -6245 -6245 6554 -6041 -6553 6554 0 -6553 6554 -6553 0 6554 0 -6041 6554 -6041</float_array>
                    <technique_common>
                        <accessor count="52" source="#pointarrayMesh3_VC1" stride="3">
                            <param name="X" type="float"/>
                            <param name="Y" type="float"/>
                            <param name="Z" type="float"/>
                        </accessor>
                    </technique_common>
                </source>
                <source id="uvsMesh3_VC1">
                    <float_array id="uvarrayMesh3_VC1" count="228">0.65625 0.99609375 0.65625 0.99609375 0.65625 0.99609375 0.65625 0.99609375 0.65625 0.99609375 0.65625 0.99609375 0.65625 0.99609375 0.65625 0.99609375 0.65625 0.99609375 0.65625 0.99609375 0.65625 0.99609375 0.65625 0.99609375 0.65625 0.99609375 0.65625 0.99609375 0.65625 0.99609375 0.65625 0.99609375 0.65625 0.99609375 0.65625 0.99609375 0.65625 0.99609375 0.65625 0.99609375 0.65625 0.99609375 0.65625 0.99609375 0.65625 0.99609375 0.65625 0.99609375 0.15625 0.99609375 0.15625 0.99609375 0.15625 0.99609375 0.15625 0.99609375 0.15625 0.99609375 0.15625 0.99609375 0.15625 0.99609375 0.15625 0.99609375 0.15625 0.99609375 0.15625 0.99609375 0.15625 0.99609375 0.15625 0.99609375 0.15625 0.99609375 0.15625 0.99609375 0.15625 0.99609375 0.15625 0.99609375 0.15625 0.99609375 0.15625 0.99609375 0.15625 0.99609375 0.15625 0.99609375 0.15625 0.99609375 0.15625 0.99609375 0.15625 0.99609375 0.15625 0.99609375 0.15625 0.99609375 0.15625 0.99609375 0.15625 0.99609375 0.15625 0.99609375 0.15625 0.99609375 0.15625 0.99609375 0.15625 0.99609375 0.15625 0.99609375 0.15625 0.99609375 0.15625 0.99609375 0.15625 0.99609375 0.15625 0.99609375 0.15625 0.99609375 0.15625 0.99609375 0.15625 0.99609375 0.15625 0.99609375 0.15625 0.99609375 0.15625 0.99609375 0.15625 0.99609375 0.15625 0.99609375 0.15625 0.99609375 0.15625 0.99609375 0.15625 0.99609375 0.15625 0.99609375 0.15625 0.99609375 0.15625 0.99609375 0.15625 0.99609375 0.15625 0.99609375 0.15625 0.99609375 0.15625 0.99609375 0.15625 0.99609375 0.15625 0.99609375 0.15625 0.99609375 0.15625 0.99609375 0.15625 0.99609375 0.15625 0.99609375 0.15625 0.99609375 0.15625 0.99609375 0.15625 0.99609375 0.15625 0.99609375 0.15625 0.99609375 0.15625 0.99609375 0.15625 0.99609375 0.15625 0.99609375 0.15625 0.99609375 0.15625 0.99609375 0.15625 0.99609375 0.15625 0.99609375 0.15625 0.99609375 0.15625 0.99609375 0.15625 0.99609375 0.15625 0.99609375 0.15625 0.99609375 0.15625 0.99609375 0.15625 0.99609375 0.15625 0.99609375 0.15625 0.99609375 0.15625 0.99609375 0.15625 0.99609375 0.15625 0.99609375 0.15625 0.99609375 0.15625 0.99609375 0.15625 0.99609375 0.15625 0.99609375 0.15625 0.99609375 0.15625 0.99609375</float_array>
                    <technique_common>
                        <accessor count="114" source="#uvarrayMesh3_VC1" stride="2">
                            <param name="S" type="float"/>
                            <param name="T" type="float"/>
                        </accessor>
                    </technique_common>
                </source>
                <vertices id="verticesMesh3_VC1">
                    <input semantic="POSITION" source="#pointsMesh3_VC1"/>
                </vertices>
                <polylist count="38" material="Material1">
                    <input offset="0" semantic="VERTEX" source="#verticesMesh3_VC1"/>
                    <input offset="1" semantic="TEXCOORD" source="#uvsMesh3_VC1" set="0"/>
                    <vcount>3 3 3 3 3 3 3 3 3 3 3 3 3 3 3 3 3 3 3 3 3 3 3 3 3 3 3 3 3 3 3 3 3 3 3 3 3 3</vcount>
                    <p>0 0 1 1 2 2 0 3 2 4 3 5 4 6 1 7 0 8 3 9 2 10 5 11 3 12 5 13 6 14 4 15 7 16 1 17 6 18 7 19 4 20 6 21 5 22 7 23 8 24 9 25 10 26 11 27 12 28 13 29 12 30 14 31 13 32 15 33 16 34 17 35 15 36 18 37 16 38 19 39 20 40 21 41 19 42 21 43 22 44 23 45 24 46 25 47 9 48 26 49 10 50 27 51 28 52 29 53 29 54 30 55 31 56 29 57 28 58 30 59 32 60 31 61 30 62 32 63 33 64 31 65 27 66 34 67 28 68 27 69 32 70 34 71 27 72 33 73 32 74 23 75 25 76 35 77 36 78 37 79 38 80 36 81 39 82 37 83 40 84 41 85 42 86 40 87 42 88 43 89 44 90 45 91 46 92 46 93 47 94 48 95 46 96 49 97 44 98 46 99 48 100 49 101 44 102 50 103 51 104 44 105 51 106 45 107 48 108 47 109 51 110 48 111 51 112 50 113</p>
                </polylist>
            </mesh>
        </geometry>
        <geometry id="meshMesh3_VC2">
            <mesh>
                <source id="pointsMesh3_VC2">
                    <float_array id="pointarrayMesh3_VC2" count="156">4403 0 -4607 4403 -101 -4607 4403 -101 -4402 4403 0 -4402 4198 0 -4607 4198 -101 -4402 4198 0 -4402 4198 -101 -4607 4800 0 -6227 4782 26 -6245 4524 0 -5951 4524 0 -6540 4506 26 -6522 4800 0 -6263 4782 26 -6245 4211 0 -6263 4506 26 -6522 4487 0 -6540 4229 26 -6245 4488 0 -5951 4506 26 -5969 4229 26 -6245 4211 0 -6227 0 6554 6554 0 6554 0 4915 6554 0 4506 26 -5969 4915 0 -5938 4403 0 -4402 4915 0 -4300 4198 0 -4402 4096 0 -4300 4198 0 -4607 4096 0 -5938 4403 0 -4607 4915 6554 6554 -6553 6554 6554 0 6554 0 0 6554 6554 -6553 6554 0 4915 6554 0 0 6554 0 0 6554 -6553 4915 6554 -6553 0 6554 -6553 -6041 6554 -6245 -6245 6554 -6245 -6245 6554 -6041 -6553 6554 0 -6553 6554 -6553 0 6554 0 -6041 6554 -6041</float_array>
                    <technique_common>
                        <accessor count="52" source="#pointarrayMesh3_VC2" stride="3">
                            <param name="X" type="float"/>
                            <param name="Y" type="float"/>
                            <param name="Z" type="float"/>
                        </accessor>
                    </technique_common>
                </source>
                <source id="uvsMesh3_VC2">
                    <float_array id="uvarrayMesh3_VC2" count="228">0.78125 0.99609375 0.78125 0.99609375 0.78125 0.99609375 0.78125 0.99609375 0.78125 0.99609375 0.78125 0.99609375 0.78125 0.99609375 0.78125 0.99609375 0.78125 0.99609375 0.78125 0.99609375 0.78125 0.99609375 0.78125 0.99609375 0.78125 0.99609375 0.78125 0.99609375 0.78125 0.99609375 0.78125 0.99609375 0.78125 0.99609375 0.78125 0.99609375 0.78125 0.99609375 0.78125 0.99609375 0.78125 0.99609375 0.78125 0.99609375 0.78125 0.99609375 0.78125 0.99609375 0.28125 0.99609375 0.28125 0.99609375 0.28125 0.99609375 0.28125 0.99609375 0.28125 0.99609375 0.28125 0.99609375 0.28125 0.99609375 0.28125 0.99609375 0.28125 0.99609375 0.28125 0.99609375 0.28125 0.99609375 0.28125 0.99609375 0.28125 0.99609375 0.28125 0.99609375 0.28125 0.99609375 0.28125 0.99609375 0.28125 0.99609375 0.28125 0.99609375 0.28125 0.99609375 0.28125 0.99609375 0.28125 0.99609375 0.28125 0.99609375 0.28125 0.99609375 0.28125 0.99609375 0.28125 0.99609375 0.28125 0.99609375 0.28125 0.99609375 0.28125 0.99609375 0.28125 0.99609375 0.28125 0.99609375 0.28125 0.99609375 0.28125 0.99609375 0.28125 0.99609375 0.28125 0.99609375 0.28125 0.99609375 0.28125 0.99609375 0.28125 0.99609375 0.28125 0.99609375 0.28125 0.99609375 0.28125 0.99609375 0.28125 0.99609375 0.28125 0.99609375 0.28125 0.99609375 0.28125 0.99609375 0.28125 0.99609375 0.28125 0.99609375 0.28125 0.99609375 0.28125 0.99609375 0.28125 0.99609375 0.28125 0.99609375 0.28125 0.99609375 0.28125 0.99609375 0.28125 0.99609375 0.28125 0.99609375 0.28125 0.99609375 0.28125 0.99609375 0.28125 0.99609375 0.28125 0.99609375 0.28125 0.99609375 0.28125 0.99609375 0.28125 0.99609375 0.28125 0.99609375 0.28125 0.99609375 0.28125 0.99609375 0.28125 0.99609375 0.28125 0.99609375 0.28125 0.99609375 0.28125 0.99609375 0.28125 0.99609375 0.28125 0.99609375 0.28125 0.99609375 0.28125 0.99609375 0.28125 0.99609375 0.28125 0.99609375 0.28125 0.99609375 0.28125 0.99609375 0.28125 0.99609375 0.28125 0.99609375 0.28125 0.99609375 0.28125 0.99609375 0.28125 0.99609375 0.28125 0.99609375 0.28125 0.99609375 0.28125 0.99609375 0.28125 0.99609375 0.28125 0.99609375 0.28125 0.99609375 0.28125 0.99609375 0.28125 0.99609375 0.28125 0.99609375</float_array>
                    <technique_common>
                        <accessor count="114" source="#uvarrayMesh3_VC2" stride="2">
                            <param name="S" type="float"/>
                            <param name="T" type="float"/>
                        </accessor>
                    </technique_common>
                </source>
                <vertices id="verticesMesh3_VC2">
                    <input semantic="POSITION" source="#pointsMesh3_VC2"/>
                </vertices>
                <polylist count="38" material="Material1">
                    <input offset="0" semantic="VERTEX" source="#verticesMesh3_VC2"/>
                    <input offset="1" semantic="TEXCOORD" source="#uvsMesh3_VC2" set="0"/>
                    <vcount>3 3 3 3 3 3 3 3 3 3 3 3 3 3 3 3 3 3 3 3 3 3 3 3 3 3 3 3 3 3 3 3 3 3 3 3 3 3</vcount>
                    <p>0 0 1 1 2 2 0 3 2 4 3 5 4 6 1 7 0 8 3 9 2 10 5 11 3 12 5 13 6 14 4 15 7 16 1 17 6 18 7 19 4 20 6 21 5 22 7 23 8 24 9 25 10 26 11 27 12 28 13 29 12 30 14 31 13 32 15 33 16 34 17 35 15 36 18 37 16 38 19 39 20 40 21 41 19 42 21 43 22 44 23 45 24 46 25 47 9 48 26 49 10 50 27 51 28 52 29 53 29 54 30 55 31 56 29 57 28 58 30 59 32 60 31 61 30 62 32 63 33 64 31 65 27 66 34 67 28 68 27 69 32 70 34 71 27 72 33 73 32 74 23 75 25 76 35 77 36 78 37 79 38 80 36 81 39 82 37 83 40 84 41 85 42 86 40 87 42 88 43 89 44 90 45 91 46 92 46 93 47 94 48 95 46 96 49 97 44 98 46 99 48 100 49 101 44 102 50 103 51 104 44 105 51 106 45 107 48 108 47 109 51 110 48 111 51 112 50 113</p>
                </polylist>
            </mesh>
        </geometry>
        <geometry id="meshMesh4_1">
            <mesh>
                <source id="pointsMesh4_1">
                    <float_array id="pointarrayMesh4_1" count="192">4096 0 -5938 4096 -101 -4300 4096 0 -4300 4096 -101 -5938 4096 0 -4300 4915 -101 -4300 4915 0 -4300 4096 -101 -4300 -2969 -559 -1156 -3173 -712 -644 -3013 -712 -1044 -3173 -559 -644 -3788 -559 -644 -3788 -712 -644 -5426 -393 -1276 -5631 -393 -764 -5471 -546 -1165 -3993 -559 -1156 -3948 -712 -1044 -4197 -227 -1397 -4402 -381 -885 -4242 -381 -1285 -4402 -227 -885 -5017 -227 -885 -5017 -381 -885 -5221 -227 -1397 -5177 -381 -1285 -4402 1440 -2210 -5017 1594 -2210 -5017 1440 -2210 -5631 -546 -764 -6245 -393 -764 -6245 -546 -764 -6450 -393 -1276 -6406 -546 -1165 -4197 1594 -2722 -4242 1440 -2610 -4402 1594 -2210 -4197 3581 -4167 -4402 3581 -3655 -4402 3428 -3655 -5221 1594 -2722 -5177 1440 -2610 -2969 2587 -3445 -3173 2587 -2933 -3013 2434 -3333 -3173 2434 -2933 -3788 2587 -2933 -3788 2434 -2933 -3993 2587 -3445 -3948 2434 -3333 -5017 3581 -3655 -5017 3428 -3655 -4242 3428 -4056 -5221 3581 -4167 -5177 3428 -4056 -5426 4575 -4890 -5631 4575 -4378 -5471 4421 -4778 -5631 4421 -4378 -6245 4575 -4378 -6245 4421 -4378 -6450 4575 -4890 -6406 4421 -4778</float_array>
                    <technique_common>
                        <accessor count="64" source="#pointarrayMesh4_1" stride="3">
                            <param name="X" type="float"/>
                            <param name="Y" type="float"/>
                            <param name="Z" type="float"/>
                        </accessor>
                    </technique_common>
                </source>
                <source id="uvsMesh4_1">
                    <float_array id="uvarrayMesh4_1" count="128">-8.013671875 1 7.953125 0.033203125 7.953125 1 -8.013671875 0.033203125 -3.0234375 1 4.958984375 0.033203125 4.958984375 1 -3.0234375 0.033203125 3.794921875 1 2.462890625 0.033203125 3.50390625 0.033203125 2.462890625 1 -1.525390625 1 -1.525390625 0.033203125 3.794921875 1 2.462890625 1 3.50390625 0.033203125 -2.857421875 1 -2.56640625 0.033203125 3.794921875 1 2.462890625 0.033203125 3.50390625 0.033203125 2.462890625 1 -1.525390625 1 -1.525390625 0.033203125 -2.857421875 1 -2.56640625 0.033203125 2.462890625 0.033203125 -1.525390625 1 -1.525390625 0.033203125 2.462890625 0.033203125 -1.525390625 1 -1.525390625 0.033203125 -2.857421875 1 -2.56640625 0.033203125 3.794921875 1 3.50390625 0.033203125 2.462890625 1 3.794921875 1 2.462890625 1 2.462890625 0.033203125 -2.857421875 1 -2.56640625 0.033203125 3.794921875 1 2.462890625 1 3.50390625 0.033203125 2.462890625 0.033203125 -1.525390625 1 -1.525390625 0.033203125 -2.857421875 1 -2.56640625 0.033203125 -1.525390625 1 -1.525390625 0.033203125 3.50390625 0.033203125 -2.857421875 1 -2.56640625 0.033203125 3.794921875 1 2.462890625 1 3.50390625 0.033203125 2.462890625 0.033203125 -1.525390625 1 -1.525390625 0.033203125 -2.857421875 1 -2.56640625 0.033203125</float_array>
                    <technique_common>
                        <accessor count="64" source="#uvarrayMesh4_1" stride="2">
                            <param name="S" type="float"/>
                            <param name="T" type="float"/>
                        </accessor>
                    </technique_common>
                </source>
                <vertices id="verticesMesh4_1">
                    <input semantic="POSITION" source="#pointsMesh4_1"/>
                </vertices>
                <polylist count="46" material="Material1">
                    <input offset="0" semantic="VERTEX" source="#verticesMesh4_1"/>
                    <input offset="1" semantic="TEXCOORD" source="#uvsMesh4_1" set="0"/>
                    <vcount>3 3 3 3 3 3 3 3 3 3 3 3 3 3 3 3 3 3 3 3 3 3 3 3 3 3 3 3 3 3 3 3 3 3 3 3 3 3 3 3 3 3 3 3 3 3</vcount>
                    <p>0 0 1 1 2 2 0 0 3 3 1 1 4 4 5 5 6 6 4 4 7 7 5 5 8 8 9 9 10 10 8 8 11 11 9 9 9 9 11 11 12 12 9 9 12 12 13 13 14 14 15 15 16 16 13 13 12 12 17 17 13 13 17 17 18 18 19 19 20 20 21 21 19 19 22 22 20 20 20 20 22 22 23 23 20 20 23 23 24 24 24 24 23 23 25 25 24 24 25 25 26 26 27 27 28 28 29 29 30 30 15 15 31 31 15 15 30 30 16 16 30 30 31 31 32 32 32 32 31 31 33 33 32 32 33 33 34 34 35 35 27 27 36 36 35 35 37 37 27 27 27 27 37 37 28 28 38 38 39 39 40 40 28 28 41 41 42 42 29 29 28 28 42 42 43 43 44 44 45 45 46 46 44 44 47 47 44 44 46 46 45 45 46 46 47 47 48 48 48 48 47 47 49 49 48 48 49 49 50 50 40 40 39 39 51 51 40 40 51 51 52 52 38 38 40 40 53 53 51 51 54 54 55 55 52 52 51 51 55 55 56 56 57 57 58 58 59 59 57 57 60 60 57 57 59 59 58 58 61 61 62 62 63 63 59 59 60 60 61 61 61 61 60 60 62 62</p>
                </polylist>
            </mesh>
        </geometry>
        <geometry id="meshMesh4_2">
            <mesh>
                <source id="pointsMesh4_2">
                    <float_array id="pointarrayMesh4_2" count="192">4096 0 -5938 4096 -101 -4300 4096 0 -4300 4096 -101 -5938 4096 0 -4300 4915 -101 -4300 4915 0 -4300 4096 -101 -4300 -2969 -559 -1156 -3173 -712 -644 -3013 -712 -1044 -3173 -559 -644 -3788 -559 -644 -3788 -712 -644 -5426 -393 -1276 -5631 -393 -764 -5471 -546 -1165 -3993 -559 -1156 -3948 -712 -1044 -4197 -227 -1397 -4402 -381 -885 -4242 -381 -1285 -4402 -227 -885 -5017 -227 -885 -5017 -381 -885 -5221 -227 -1397 -5177 -381 -1285 -4402 1440 -2210 -5017 1594 -2210 -5017 1440 -2210 -5631 -546 -764 -6245 -393 -764 -6245 -546 -764 -6450 -393 -1276 -6406 -546 -1165 -4197 1594 -2722 -4242 1440 -2610 -4402 1594 -2210 -4197 3581 -4167 -4402 3581 -3655 -4402 3428 -3655 -5221 1594 -2722 -5177 1440 -2610 -2969 2587 -3445 -3173 2587 -2933 -3013 2434 -3333 -3173 2434 -2933 -3788 2587 -2933 -3788 2434 -2933 -3993 2587 -3445 -3948 2434 -3333 -5017 3581 -3655 -5017 3428 -3655 -4242 3428 -4056 -5221 3581 -4167 -5177 3428 -4056 -5426 4575 -4890 -5631 4575 -4378 -5471 4421 -4778 -5631 4421 -4378 -6245 4575 -4378 -6245 4421 -4378 -6450 4575 -4890 -6406 4421 -4778</float_array>
                    <technique_common>
                        <accessor count="64" source="#pointarrayMesh4_2" stride="3">
                            <param name="X" type="float"/>
                            <param name="Y" type="float"/>
                            <param name="Z" type="float"/>
                        </accessor>
                    </technique_common>
                </source>
                <source id="uvsMesh4_2">
                    <float_array id="uvarrayMesh4_2" count="128">-8.013671875 1 7.953125 0.033203125 7.953125 1 -8.013671875 0.033203125 -3.0234375 1 4.958984375 0.033203125 4.958984375 1 -3.0234375 0.033203125 3.794921875 1 2.462890625 0.033203125 3.50390625 0.033203125 2.462890625 1 -1.525390625 1 -1.525390625 0.033203125 3.794921875 1 2.462890625 1 3.50390625 0.033203125 -2.857421875 1 -2.56640625 0.033203125 3.794921875 1 2.462890625 0.033203125 3.50390625 0.033203125 2.462890625 1 -1.525390625 1 -1.525390625 0.033203125 -2.857421875 1 -2.56640625 0.033203125 2.462890625 0.033203125 -1.525390625 1 -1.525390625 0.033203125 2.462890625 0.033203125 -1.525390625 1 -1.525390625 0.033203125 -2.857421875 1 -2.56640625 0.033203125 3.794921875 1 3.50390625 0.033203125 2.462890625 1 3.794921875 1 2.462890625 1 2.462890625 0.033203125 -2.857421875 1 -2.56640625 0.033203125 3.794921875 1 2.462890625 1 3.50390625 0.033203125 2.462890625 0.033203125 -1.525390625 1 -1.525390625 0.033203125 -2.857421875 1 -2.56640625 0.033203125 -1.525390625 1 -1.525390625 0.033203125 3.50390625 0.033203125 -2.857421875 1 -2.56640625 0.033203125 3.794921875 1 2.462890625 1 3.50390625 0.033203125 2.462890625 0.033203125 -1.525390625 1 -1.525390625 0.033203125 -2.857421875 1 -2.56640625 0.033203125</float_array>
                    <technique_common>
                        <accessor count="64" source="#uvarrayMesh4_2" stride="2">
                            <param name="S" type="float"/>
                            <param name="T" type="float"/>
                        </accessor>
                    </technique_common>
                </source>
                <vertices id="verticesMesh4_2">
                    <input semantic="POSITION" source="#pointsMesh4_2"/>
                </vertices>
                <polylist count="46" material="Material1">
                    <input offset="0" semantic="VERTEX" source="#verticesMesh4_2"/>
                    <input offset="1" semantic="TEXCOORD" source="#uvsMesh4_2" set="0"/>
                    <vcount>3 3 3 3 3 3 3 3 3 3 3 3 3 3 3 3 3 3 3 3 3 3 3 3 3 3 3 3 3 3 3 3 3 3 3 3 3 3 3 3 3 3 3 3 3 3</vcount>
                    <p>0 0 1 1 2 2 0 0 3 3 1 1 4 4 5 5 6 6 4 4 7 7 5 5 8 8 9 9 10 10 8 8 11 11 9 9 9 9 11 11 12 12 9 9 12 12 13 13 14 14 15 15 16 16 13 13 12 12 17 17 13 13 17 17 18 18 19 19 20 20 21 21 19 19 22 22 20 20 20 20 22 22 23 23 20 20 23 23 24 24 24 24 23 23 25 25 24 24 25 25 26 26 27 27 28 28 29 29 30 30 15 15 31 31 15 15 30 30 16 16 30 30 31 31 32 32 32 32 31 31 33 33 32 32 33 33 34 34 35 35 27 27 36 36 35 35 37 37 27 27 27 27 37 37 28 28 38 38 39 39 40 40 28 28 41 41 42 42 29 29 28 28 42 42 43 43 44 44 45 45 46 46 44 44 47 47 44 44 46 46 45 45 46 46 47 47 48 48 48 48 47 47 49 49 48 48 49 49 50 50 40 40 39 39 51 51 40 40 51 51 52 52 38 38 40 40 53 53 51 51 54 54 55 55 52 52 51 51 55 55 56 56 57 57 58 58 59 59 57 57 60 60 57 57 59 59 58 58 61 61 62 62 63 63 59 59 60 60 61 61 61 61 60 60 62 62</p>
                </polylist>
            </mesh>
        </geometry>
        <geometry id="meshMesh4_VC2">
            <mesh>
                <source id="pointsMesh4_VC2">
                    <float_array id="pointarrayMesh4_VC2" count="192">4096 0 -5938 4096 -101 -4300 4096 0 -4300 4096 -101 -5938 4096 0 -4300 4915 -101 -4300 4915 0 -4300 4096 -101 -4300 -2969 -559 -1156 -3173 -712 -644 -3013 -712 -1044 -3173 -559 -644 -3788 -559 -644 -3788 -712 -644 -5426 -393 -1276 -5631 -393 -764 -5471 -546 -1165 -3993 -559 -1156 -3948 -712 -1044 -4197 -227 -1397 -4402 -381 -885 -4242 -381 -1285 -4402 -227 -885 -5017 -227 -885 -5017 -381 -885 -5221 -227 -1397 -5177 -381 -1285 -4402 1440 -2210 -5017 1594 -2210 -5017 1440 -2210 -5631 -546 -764 -6245 -393 -764 -6245 -546 -764 -6450 -393 -1276 -6406 -546 -1165 -4197 1594 -2722 -4242 1440 -2610 -4402 1594 -2210 -4197 3581 -4167 -4402 3581 -3655 -4402 3428 -3655 -5221 1594 -2722 -5177 1440 -2610 -2969 2587 -3445 -3173 2587 -2933 -3013 2434 -3333 -3173 2434 -2933 -3788 2587 -2933 -3788 2434 -2933 -3993 2587 -3445 -3948 2434 -3333 -5017 3581 -3655 -5017 3428 -3655 -4242 3428 -4056 -5221 3581 -4167 -5177 3428 -4056 -5426 4575 -4890 -5631 4575 -4378 -5471 4421 -4778 -5631 4421 -4378 -6245 4575 -4378 -6245 4421 -4378 -6450 4575 -4890 -6406 4421 -4778</float_array>
                    <technique_common>
                        <accessor count="64" source="#pointarrayMesh4_VC2" stride="3">
                            <param name="X" type="float"/>
                            <param name="Y" type="float"/>
                            <param name="Z" type="float"/>
                        </accessor>
                    </technique_common>
                </source>
                <source id="uvsMesh4_VC2">
                    <float_array id="uvarrayMesh4_VC2" count="276">0.28125 0.99609375 0.28125 0.99609375 0.28125 0.99609375 0.28125 0.99609375 0.28125 0.99609375 0.28125 0.99609375 0.28125 0.99609375 0.28125 0.99609375 0.28125 0.99609375 0.28125 0.99609375 0.28125 0.99609375 0.28125 0.99609375 0.28125 0.99609375 0.28125 0.99609375 0.28125 0.99609375 0.28125 0.99609375 0.28125 0.99609375 0.28125 0.99609375 0.28125 0.99609375 0.28125 0.99609375 0.28125 0.99609375 0.28125 0.99609375 0.28125 0.99609375 0.28125 0.99609375 0.28125 0.99609375 0.28125 0.99609375 0.28125 0.99609375 0.28125 0.99609375 0.28125 0.99609375 0.28125 0.99609375 0.28125 0.99609375 0.28125 0.99609375 0.28125 0.99609375 0.28125 0.99609375 0.28125 0.99609375 0.28125 0.99609375 0.28125 0.99609375 0.28125 0.99609375 0.28125 0.99609375 0.28125 0.99609375 0.28125 0.99609375 0.28125 0.99609375 0.28125 0.99609375 0.28125 0.99609375 0.28125 0.99609375 0.28125 0.99609375 0.28125 0.99609375 0.28125 0.99609375 0.28125 0.99609375 0.28125 0.99609375 0.28125 0.99609375 0.28125 0.99609375 0.28125 0.99609375 0.28125 0.99609375 0.28125 0.99609375 0.28125 0.99609375 0.28125 0.99609375 0.28125 0.99609375 0.28125 0.99609375 0.28125 0.99609375 0.28125 0.99609375 0.28125 0.99609375 0.28125 0.99609375 0.28125 0.99609375 0.28125 0.99609375 0.28125 0.99609375 0.28125 0.99609375 0.28125 0.99609375 0.28125 0.99609375 0.28125 0.99609375 0.28125 0.99609375 0.28125 0.99609375 0.28125 0.99609375 0.28125 0.99609375 0.28125 0.99609375 0.28125 0.99609375 0.28125 0.99609375 0.28125 0.99609375 0.28125 0.99609375 0.28125 0.99609375 0.28125 0.99609375 0.28125 0.99609375 0.28125 0.99609375 0.28125 0.99609375 0.28125 0.99609375 0.28125 0.99609375 0.28125 0.99609375 0.28125 0.99609375 0.28125 0.99609375 0.28125 0.99609375 0.28125 0.99609375 0.28125 0.99609375 0.28125 0.99609375 0.28125 0.99609375 0.28125 0.99609375 0.28125 0.99609375 0.28125 0.99609375 0.28125 0.99609375 0.28125 0.99609375 0.28125 0.99609375 0.28125 0.99609375 0.28125 0.99609375 0.28125 0.99609375 0.28125 0.99609375 0.28125 0.99609375 0.28125 0.99609375 0.28125 0.99609375 0.28125 0.99609375 0.28125 0.99609375 0.28125 0.99609375 0.28125 0.99609375 0.28125 0.99609375 0.28125 0.99609375 0.28125 0.99609375 0.28125 0.99609375 0.28125 0.99609375 0.28125 0.99609375 0.28125 0.99609375 0.28125 0.99609375 0.28125 0.99609375 0.28125 0.99609375 0.28125 0.99609375 0.28125 0.99609375 0.28125 0.99609375 0.28125 0.99609375 0.28125 0.99609375 0.28125 0.99609375 0.28125 0.99609375 0.28125 0.99609375 0.28125 0.99609375 0.28125 0.99609375 0.28125 0.99609375 0.28125 0.99609375 0.28125 0.99609375 0.28125 0.99609375 0.28125 0.99609375 0.28125 0.99609375 0.28125 0.99609375</float_array>
                    <technique_common>
                        <accessor count="138" source="#uvarrayMesh4_VC2" stride="2">
                            <param name="S" type="float"/>
                            <param name="T" type="float"/>
                        </accessor>
                    </technique_common>
                </source>
                <vertices id="verticesMesh4_VC2">
                    <input semantic="POSITION" source="#pointsMesh4_VC2"/>
                </vertices>
                <polylist count="46" material="Material1">
                    <input offset="0" semantic="VERTEX" source="#verticesMesh4_VC2"/>
                    <input offset="1" semantic="TEXCOORD" source="#uvsMesh4_VC2" set="0"/>
                    <vcount>3 3 3 3 3 3 3 3 3 3 3 3 3 3 3 3 3 3 3 3 3 3 3 3 3 3 3 3 3 3 3 3 3 3 3 3 3 3 3 3 3 3 3 3 3 3</vcount>
                    <p>0 0 1 1 2 2 0 3 3 4 1 5 4 6 5 7 6 8 4 9 7 10 5 11 8 12 9 13 10 14 8 15 11 16 9 17 9 18 11 19 12 20 9 21 12 22 13 23 14 24 15 25 16 26 13 27 12 28 17 29 13 30 17 31 18 32 19 33 20 34 21 35 19 36 22 37 20 38 20 39 22 40 23 41 20 42 23 43 24 44 24 45 23 46 25 47 24 48 25 49 26 50 27 51 28 52 29 53 30 54 15 55 31 56 15 57 30 58 16 59 30 60 31 61 32 62 32 63 31 64 33 65 32 66 33 67 34 68 35 69 27 70 36 71 35 72 37 73 27 74 27 75 37 76 28 77 38 78 39 79 40 80 28 81 41 82 42 83 29 84 28 85 42 86 43 87 44 88 45 89 46 90 44 91 47 92 44 93 46 94 45 95 46 96 47 97 48 98 48 99 47 100 49 101 48 102 49 103 50 104 40 105 39 106 51 107 40 108 51 109 52 110 38 111 40 112 53 113 51 114 54 115 55 116 52 117 51 118 55 119 56 120 57 121 58 122 59 123 57 124 60 125 57 126 59 127 58 128 61 129 62 130 63 131 59 132 60 133 61 134 61 135 60 136 62 137</p>
                </polylist>
            </mesh>
        </geometry>
        <geometry id="meshMesh5_1">
            <mesh>
                <source id="pointsMesh5_1">
                    <float_array id="pointarrayMesh5_1" count="90">4487 0 -5951 4211 0 -6227 3738 0 -5938 4915 0 -6553 4524 0 -6540 4800 0 -6263 4491 0 -6553 4800 0 -6227 4915 0 -5938 4524 0 -5951 4211 0 -6263 4488 0 -6540 3738 0 -6553 4485 0 -5938 -1637 -2457 -6553 -2457 -2457 -4914 -1637 -2457 -4914 -2457 -3276 -1177 -2457 -3276 819 -1637 -3276 1638 -2457 -2457 -6553 -6553 -3276 819 -1637 -3276 1638 -2457 -3276 819 -6553 -3276 1638 -2457 -2866 -4914 -2457 -2866 -2917 -1637 -2866 -2917 -1637 -2866 -4914 -1637 -3276 -1177</float_array>
                    <technique_common>
                        <accessor count="30" source="#pointarrayMesh5_1" stride="3">
                            <param name="X" type="float"/>
                            <param name="Y" type="float"/>
                            <param name="Z" type="float"/>
                        </accessor>
                    </technique_common>
                </source>
                <source id="uvsMesh5_1">
                    <float_array id="uvarrayMesh5_1" count="60">1.904296875 0.943359375 0.556640625 -0.40234375 1.96484375 -2.708984375 -1.02734375 3.02734375 -0.966796875 1.119140625 0.37890625 2.466796875 -1.02734375 0.9609375 0.556640625 2.466796875 1.96484375 3.02734375 1.904296875 1.119140625 0.37890625 -0.40234375 -0.966796875 0.943359375 -1.02734375 -2.708984375 1.96484375 0.9296875 -9.01171875 3.02734375 -1.02734375 -0.962890625 -1.02734375 3.02734375 -4.76953125 -1.9609375 4.958984375 -1.9609375 8.951171875 2.029296875 -9.01171875 -0.962890625 -1.02734375 -7.94921875 2.962890625 16.001953125 -1.02734375 12.009765625 2.962890625 -7.94921875 -1.02734375 -0.962890625 8.701171875 -0.962890625 8.701171875 3.02734375 -1.02734375 3.02734375 -4.76953125 2.029296875</float_array>
                    <technique_common>
                        <accessor count="30" source="#uvarrayMesh5_1" stride="2">
                            <param name="S" type="float"/>
                            <param name="T" type="float"/>
                        </accessor>
                    </technique_common>
                </source>
                <vertices id="verticesMesh5_1">
                    <input semantic="POSITION" source="#pointsMesh5_1"/>
                </vertices>
                <polylist count="22" material="Material1">
                    <input offset="0" semantic="VERTEX" source="#verticesMesh5_1"/>
                    <input offset="1" semantic="TEXCOORD" source="#uvsMesh5_1" set="0"/>
                    <vcount>3 3 3 3 3 3 3 3 3 3 3 3 3 3 3 3 3 3 3 3 3 3</vcount>
                    <p>0 0 1 1 2 2 3 3 4 4 5 5 4 4 3 3 6 6 3 3 5 5 7 7 3 3 7 7 8 8 8 8 7 7 9 9 1 1 10 10 2 2 10 10 11 11 12 12 2 2 10 10 12 12 0 0 2 2 13 13 12 12 11 11 6 6 8 8 9 9 13 13 11 11 4 4 6 6 9 9 0 0 13 13 14 14 15 15 16 16 17 17 18 18 19 19 14 14 20 20 15 15 21 21 22 22 23 23 21 21 24 24 22 22 25 25 26 26 27 27 25 25 27 27 28 28 17 17 19 19 29 29</p>
                </polylist>
            </mesh>
        </geometry>
        <geometry id="meshMesh5_2">
            <mesh>
                <source id="pointsMesh5_2">
                    <float_array id="pointarrayMesh5_2" count="90">4487 0 -5951 4211 0 -6227 3738 0 -5938 4915 0 -6553 4524 0 -6540 4800 0 -6263 4491 0 -6553 4800 0 -6227 4915 0 -5938 4524 0 -5951 4211 0 -6263 4488 0 -6540 3738 0 -6553 4485 0 -5938 -1637 -2457 -6553 -2457 -2457 -4914 -1637 -2457 -4914 -2457 -3276 -1177 -2457 -3276 819 -1637 -3276 1638 -2457 -2457 -6553 -6553 -3276 819 -1637 -3276 1638 -2457 -3276 819 -6553 -3276 1638 -2457 -2866 -4914 -2457 -2866 -2917 -1637 -2866 -2917 -1637 -2866 -4914 -1637 -3276 -1177</float_array>
                    <technique_common>
                        <accessor count="30" source="#pointarrayMesh5_2" stride="3">
                            <param name="X" type="float"/>
                            <param name="Y" type="float"/>
                            <param name="Z" type="float"/>
                        </accessor>
                    </technique_common>
                </source>
                <source id="uvsMesh5_2">
                    <float_array id="uvarrayMesh5_2" count="60">1.904296875 0.943359375 0.556640625 -0.40234375 1.96484375 -2.708984375 -1.02734375 3.02734375 -0.966796875 1.119140625 0.37890625 2.466796875 -1.02734375 0.9609375 0.556640625 2.466796875 1.96484375 3.02734375 1.904296875 1.119140625 0.37890625 -0.40234375 -0.966796875 0.943359375 -1.02734375 -2.708984375 1.96484375 0.9296875 -9.01171875 3.02734375 -1.02734375 -0.962890625 -1.02734375 3.02734375 -4.76953125 -1.9609375 4.958984375 -1.9609375 8.951171875 2.029296875 -9.01171875 -0.962890625 -1.02734375 -7.94921875 2.962890625 16.001953125 -1.02734375 12.009765625 2.962890625 -7.94921875 -1.02734375 -0.962890625 8.701171875 -0.962890625 8.701171875 3.02734375 -1.02734375 3.02734375 -4.76953125 2.029296875</float_array>
                    <technique_common>
                        <accessor count="30" source="#uvarrayMesh5_2" stride="2">
                            <param name="S" type="float"/>
                            <param name="T" type="float"/>
                        </accessor>
                    </technique_common>
                </source>
                <vertices id="verticesMesh5_2">
                    <input semantic="POSITION" source="#pointsMesh5_2"/>
                </vertices>
                <polylist count="22" material="Material1">
                    <input offset="0" semantic="VERTEX" source="#verticesMesh5_2"/>
                    <input offset="1" semantic="TEXCOORD" source="#uvsMesh5_2" set="0"/>
                    <vcount>3 3 3 3 3 3 3 3 3 3 3 3 3 3 3 3 3 3 3 3 3 3</vcount>
                    <p>0 0 1 1 2 2 3 3 4 4 5 5 4 4 3 3 6 6 3 3 5 5 7 7 3 3 7 7 8 8 8 8 7 7 9 9 1 1 10 10 2 2 10 10 11 11 12 12 2 2 10 10 12 12 0 0 2 2 13 13 12 12 11 11 6 6 8 8 9 9 13 13 11 11 4 4 6 6 9 9 0 0 13 13 14 14 15 15 16 16 17 17 18 18 19 19 14 14 20 20 15 15 21 21 22 22 23 23 21 21 24 24 22 22 25 25 26 26 27 27 25 25 27 27 28 28 17 17 19 19 29 29</p>
                </polylist>
            </mesh>
        </geometry>
        <geometry id="meshMesh5_VC2">
            <mesh>
                <source id="pointsMesh5_VC2">
                    <float_array id="pointarrayMesh5_VC2" count="90">4487 0 -5951 4211 0 -6227 3738 0 -5938 4915 0 -6553 4524 0 -6540 4800 0 -6263 4491 0 -6553 4800 0 -6227 4915 0 -5938 4524 0 -5951 4211 0 -6263 4488 0 -6540 3738 0 -6553 4485 0 -5938 -1637 -2457 -6553 -2457 -2457 -4914 -1637 -2457 -4914 -2457 -3276 -1177 -2457 -3276 819 -1637 -3276 1638 -2457 -2457 -6553 -6553 -3276 819 -1637 -3276 1638 -2457 -3276 819 -6553 -3276 1638 -2457 -2866 -4914 -2457 -2866 -2917 -1637 -2866 -2917 -1637 -2866 -4914 -1637 -3276 -1177</float_array>
                    <technique_common>
                        <accessor count="30" source="#pointarrayMesh5_VC2" stride="3">
                            <param name="X" type="float"/>
                            <param name="Y" type="float"/>
                            <param name="Z" type="float"/>
                        </accessor>
                    </technique_common>
                </source>
                <source id="uvsMesh5_VC2">
                    <float_array id="uvarrayMesh5_VC2" count="132">0.28125 0.99609375 0.28125 0.99609375 0.28125 0.99609375 0.28125 0.99609375 0.28125 0.99609375 0.28125 0.99609375 0.28125 0.99609375 0.28125 0.99609375 0.28125 0.99609375 0.28125 0.99609375 0.28125 0.99609375 0.28125 0.99609375 0.28125 0.99609375 0.28125 0.99609375 0.28125 0.99609375 0.28125 0.99609375 0.28125 0.99609375 0.28125 0.99609375 0.28125 0.99609375 0.28125 0.99609375 0.28125 0.99609375 0.28125 0.99609375 0.28125 0.99609375 0.28125 0.99609375 0.28125 0.99609375 0.28125 0.99609375 0.28125 0.99609375 0.28125 0.99609375 0.28125 0.99609375 0.28125 0.99609375 0.28125 0.99609375 0.28125 0.99609375 0.28125 0.99609375 0.28125 0.99609375 0.28125 0.99609375 0.28125 0.99609375 0.28125 0.99609375 0.28125 0.99609375 0.28125 0.99609375 0.28125 0.99609375 0.28125 0.99609375 0.28125 0.99609375 0.28125 0.99609375 0.28125 0.99609375 0.28125 0.99609375 0.28125 0.99609375 0.28125 0.99609375 0.28125 0.99609375 0.28125 0.99609375 0.28125 0.99609375 0.28125 0.99609375 0.28125 0.99609375 0.28125 0.99609375 0.28125 0.99609375 0.28125 0.99609375 0.28125 0.99609375 0.28125 0.99609375 0.28125 0.99609375 0.28125 0.99609375 0.28125 0.99609375 0.28125 0.99609375 0.28125 0.99609375 0.28125 0.99609375 0.28125 0.99609375 0.28125 0.99609375 0.28125 0.99609375</float_array>
                    <technique_common>
                        <accessor count="66" source="#uvarrayMesh5_VC2" stride="2">
                            <param name="S" type="float"/>
                            <param name="T" type="float"/>
                        </accessor>
                    </technique_common>
                </source>
                <vertices id="verticesMesh5_VC2">
                    <input semantic="POSITION" source="#pointsMesh5_VC2"/>
                </vertices>
                <polylist count="22" material="Material1">
                    <input offset="0" semantic="VERTEX" source="#verticesMesh5_VC2"/>
                    <input offset="1" semantic="TEXCOORD" source="#uvsMesh5_VC2" set="0"/>
                    <vcount>3 3 3 3 3 3 3 3 3 3 3 3 3 3 3 3 3 3 3 3 3 3</vcount>
                    <p>0 0 1 1 2 2 3 3 4 4 5 5 4 6 3 7 6 8 3 9 5 10 7 11 3 12 7 13 8 14 8 15 7 16 9 17 1 18 10 19 2 20 10 21 11 22 12 23 2 24 10 25 12 26 0 27 2 28 13 29 12 30 11 31 6 32 8 33 9 34 13 35 11 36 4 37 6 38 9 39 0 40 13 41 14 42 15 43 16 44 17 45 18 46 19 47 14 48 20 49 15 50 21 51 22 52 23 53 21 54 24 55 22 56 25 57 26 58 27 59 25 60 27 61 28 62 17 63 19 64 29 65</p>
                </polylist>
            </mesh>
        </geometry>
        <geometry id="meshMesh6_1">
            <mesh>
                <source id="pointsMesh6_1">
                    <float_array id="pointarrayMesh6_1" count="54">-2866 5734 -5733 -2866 0 -967 -2866 6554 -5733 -2866 0 -1563 -2866 6554 -6553 -2866 5734 -6553 -2866 0 -1563 -2866 -3276 819 -2866 -2457 819 -2866 0 -967 -2866 -3276 819 -2457 -3276 819 -2457 -2457 819 -2866 -2457 819 -6553 5734 -6553 -2866 6554 -6553 -6553 6554 -6553 -2866 5734 -6553</float_array>
                    <technique_common>
                        <accessor count="18" source="#pointarrayMesh6_1" stride="3">
                            <param name="X" type="float"/>
                            <param name="Y" type="float"/>
                            <param name="Z" type="float"/>
                        </accessor>
                    </technique_common>
                </source>
                <source id="uvsMesh6_1">
                    <float_array id="uvarrayMesh6_1" count="36">-0.51171875 4.025390625 5.29296875 -9.9453125 -0.51171875 6.021484375 4.56640625 -9.9453125 -1.509765625 6.021484375 -1.509765625 4.025390625 -0.421875 4.025390625 2.478515625 -3.95703125 2.478515625 -1.9609375 0.302734375 4.025390625 0.482421875 0.033203125 0.982421875 0.033203125 0.982421875 2.029296875 0.484375 2.029296875 -2.009765625 -0.962890625 2.48046875 1 -2.009765625 1 2.48046875 -0.962890625</float_array>
                    <technique_common>
                        <accessor count="18" source="#uvarrayMesh6_1" stride="2">
                            <param name="S" type="float"/>
                            <param name="T" type="float"/>
                        </accessor>
                    </technique_common>
                </source>
                <vertices id="verticesMesh6_1">
                    <input semantic="POSITION" source="#pointsMesh6_1"/>
                </vertices>
                <polylist count="10" material="Material1">
                    <input offset="0" semantic="VERTEX" source="#verticesMesh6_1"/>
                    <input offset="1" semantic="TEXCOORD" source="#uvsMesh6_1" set="0"/>
                    <vcount>3 3 3 3 3 3 3 3 3 3</vcount>
                    <p>0 0 1 1 2 2 0 0 3 3 1 1 0 0 4 4 5 5 0 0 2 2 4 4 6 6 7 7 8 8 6 6 8 8 9 9 10 10 11 11 12 12 10 10 12 12 13 13 14 14 15 15 16 16 14 14 17 17 15 15</p>
                </polylist>
            </mesh>
        </geometry>
        <geometry id="meshMesh6_2">
            <mesh>
                <source id="pointsMesh6_2">
                    <float_array id="pointarrayMesh6_2" count="54">-2866 5734 -5733 -2866 0 -967 -2866 6554 -5733 -2866 0 -1563 -2866 6554 -6553 -2866 5734 -6553 -2866 0 -1563 -2866 -3276 819 -2866 -2457 819 -2866 0 -967 -2866 -3276 819 -2457 -3276 819 -2457 -2457 819 -2866 -2457 819 -6553 5734 -6553 -2866 6554 -6553 -6553 6554 -6553 -2866 5734 -6553</float_array>
                    <technique_common>
                        <accessor count="18" source="#pointarrayMesh6_2" stride="3">
                            <param name="X" type="float"/>
                            <param name="Y" type="float"/>
                            <param name="Z" type="float"/>
                        </accessor>
                    </technique_common>
                </source>
                <source id="uvsMesh6_2">
                    <float_array id="uvarrayMesh6_2" count="36">-0.51171875 4.025390625 5.29296875 -9.9453125 -0.51171875 6.021484375 4.56640625 -9.9453125 -1.509765625 6.021484375 -1.509765625 4.025390625 -0.421875 4.025390625 2.478515625 -3.95703125 2.478515625 -1.9609375 0.302734375 4.025390625 0.482421875 0.033203125 0.982421875 0.033203125 0.982421875 2.029296875 0.484375 2.029296875 -2.009765625 -0.962890625 2.48046875 1 -2.009765625 1 2.48046875 -0.962890625</float_array>
                    <technique_common>
                        <accessor count="18" source="#uvarrayMesh6_2" stride="2">
                            <param name="S" type="float"/>
                            <param name="T" type="float"/>
                        </accessor>
                    </technique_common>
                </source>
                <vertices id="verticesMesh6_2">
                    <input semantic="POSITION" source="#pointsMesh6_2"/>
                </vertices>
                <polylist count="10" material="Material1">
                    <input offset="0" semantic="VERTEX" source="#verticesMesh6_2"/>
                    <input offset="1" semantic="TEXCOORD" source="#uvsMesh6_2" set="0"/>
                    <vcount>3 3 3 3 3 3 3 3 3 3</vcount>
                    <p>0 0 1 1 2 2 0 0 3 3 1 1 0 0 4 4 5 5 0 0 2 2 4 4 6 6 7 7 8 8 6 6 8 8 9 9 10 10 11 11 12 12 10 10 12 12 13 13 14 14 15 15 16 16 14 14 17 17 15 15</p>
                </polylist>
            </mesh>
        </geometry>
        <geometry id="meshMesh6_VC2">
            <mesh>
                <source id="pointsMesh6_VC2">
                    <float_array id="pointarrayMesh6_VC2" count="54">-2866 5734 -5733 -2866 0 -967 -2866 6554 -5733 -2866 0 -1563 -2866 6554 -6553 -2866 5734 -6553 -2866 0 -1563 -2866 -3276 819 -2866 -2457 819 -2866 0 -967 -2866 -3276 819 -2457 -3276 819 -2457 -2457 819 -2866 -2457 819 -6553 5734 -6553 -2866 6554 -6553 -6553 6554 -6553 -2866 5734 -6553</float_array>
                    <technique_common>
                        <accessor count="18" source="#pointarrayMesh6_VC2" stride="3">
                            <param name="X" type="float"/>
                            <param name="Y" type="float"/>
                            <param name="Z" type="float"/>
                        </accessor>
                    </technique_common>
                </source>
                <source id="uvsMesh6_VC2">
                    <float_array id="uvarrayMesh6_VC2" count="60">0.28125 0.99609375 0.28125 0.99609375 0.28125 0.99609375 0.28125 0.99609375 0.28125 0.99609375 0.28125 0.99609375 0.28125 0.99609375 0.28125 0.99609375 0.28125 0.99609375 0.28125 0.99609375 0.28125 0.99609375 0.28125 0.99609375 0.28125 0.99609375 0.28125 0.99609375 0.28125 0.99609375 0.28125 0.99609375 0.28125 0.99609375 0.28125 0.99609375 0.28125 0.99609375 0.28125 0.99609375 0.28125 0.99609375 0.28125 0.99609375 0.28125 0.99609375 0.28125 0.99609375 0.28125 0.99609375 0.28125 0.99609375 0.28125 0.99609375 0.28125 0.99609375 0.28125 0.99609375 0.28125 0.99609375</float_array>
                    <technique_common>
                        <accessor count="30" source="#uvarrayMesh6_VC2" stride="2">
                            <param name="S" type="float"/>
                            <param name="T" type="float"/>
                        </accessor>
                    </technique_common>
                </source>
                <vertices id="verticesMesh6_VC2">
                    <input semantic="POSITION" source="#pointsMesh6_VC2"/>
                </vertices>
                <polylist count="10" material="Material1">
                    <input offset="0" semantic="VERTEX" source="#verticesMesh6_VC2"/>
                    <input offset="1" semantic="TEXCOORD" source="#uvsMesh6_VC2" set="0"/>
                    <vcount>3 3 3 3 3 3 3 3 3 3</vcount>
                    <p>0 0 1 1 2 2 0 3 3 4 1 5 0 6 4 7 5 8 0 9 2 10 4 11 6 12 7 13 8 14 6 15 8 16 9 17 10 18 11 19 12 20 10 21 12 22 13 23 14 24 15 25 16 26 14 27 17 28 15 29</p>
                </polylist>
            </mesh>
        </geometry>
        <geometry id="meshMesh7_2">
            <mesh>
                <source id="pointsMesh7_2">
                    <float_array id="pointarrayMesh7_2" count="60">4096 -101 -4300 4403 -101 -4402 4915 -101 -4300 4488 0 -6540 4506 26 -6522 4524 0 -6540 4487 0 -5951 4524 0 -5951 4506 26 -5969 4800 0 -6227 4800 0 -6263 4782 26 -6245 4211 0 -6227 4229 26 -6245 4211 0 -6263 4403 -101 -4607 4096 -101 -5938 4915 -101 -5938 4198 -101 -4402 4198 -101 -4607</float_array>
                    <technique_common>
                        <accessor count="20" source="#pointarrayMesh7_2" stride="3">
                            <param name="X" type="float"/>
                            <param name="Y" type="float"/>
                            <param name="Z" type="float"/>
                        </accessor>
                    </technique_common>
                </source>
                <source id="uvsMesh7_2">
                    <float_array id="uvarrayMesh7_2" count="40">0 1 0 1 0 1 0 1 0 1 0 1 0 1 0 1 0 1 0 1 0 1 0 1 0 1 0 1 0 1 0 1 0 1 0 1 0 1 0 1</float_array>
                    <technique_common>
                        <accessor count="20" source="#uvarrayMesh7_2" stride="2">
                            <param name="S" type="float"/>
                            <param name="T" type="float"/>
                        </accessor>
                    </technique_common>
                </source>
                <vertices id="verticesMesh7_2">
                    <input semantic="POSITION" source="#pointsMesh7_2"/>
                </vertices>
                <polylist count="12" material="Material1">
                    <input offset="0" semantic="VERTEX" source="#verticesMesh7_2"/>
                    <input offset="1" semantic="TEXCOORD" source="#uvsMesh7_2" set="0"/>
                    <vcount>3 3 3 3 3 3 3 3 3 3 3 3</vcount>
                    <p>0 0 1 1 2 2 3 3 4 4 5 5 6 6 7 7 8 8 9 9 10 10 11 11 12 12 13 13 14 14 15 15 16 16 17 17 0 0 18 18 1 1 2 2 1 1 15 15 2 2 15 15 17 17 18 18 0 0 16 16 18 18 16 16 19 19 15 15 19 19 16 16</p>
                </polylist>
            </mesh>
        </geometry>
        <geometry id="meshMesh7_VC1">
            <mesh>
                <source id="pointsMesh7_VC1">
                    <float_array id="pointarrayMesh7_VC1" count="60">4096 -101 -4300 4403 -101 -4402 4915 -101 -4300 4488 0 -6540 4506 26 -6522 4524 0 -6540 4487 0 -5951 4524 0 -5951 4506 26 -5969 4800 0 -6227 4800 0 -6263 4782 26 -6245 4211 0 -6227 4229 26 -6245 4211 0 -6263 4403 -101 -4607 4096 -101 -5938 4915 -101 -5938 4198 -101 -4402 4198 -101 -4607</float_array>
                    <technique_common>
                        <accessor count="20" source="#pointarrayMesh7_VC1" stride="3">
                            <param name="X" type="float"/>
                            <param name="Y" type="float"/>
                            <param name="Z" type="float"/>
                        </accessor>
                    </technique_common>
                </source>
                <source id="uvsMesh7_VC1">
                    <float_array id="uvarrayMesh7_VC1" count="72">0.65625 0.99609375 0.65625 0.99609375 0.65625 0.99609375 0.65625 0.99609375 0.65625 0.99609375 0.65625 0.99609375 0.65625 0.99609375 0.65625 0.99609375 0.65625 0.99609375 0.65625 0.99609375 0.65625 0.99609375 0.65625 0.99609375 0.65625 0.99609375 0.65625 0.99609375 0.65625 0.99609375 0.65625 0.99609375 0.65625 0.99609375 0.65625 0.99609375 0.65625 0.99609375 0.65625 0.99609375 0.65625 0.99609375 0.65625 0.99609375 0.65625 0.99609375 0.65625 0.99609375 0.65625 0.99609375 0.65625 0.99609375 0.65625 0.99609375 0.65625 0.99609375 0.65625 0.99609375 0.65625 0.99609375 0.65625 0.99609375 0.65625 0.99609375 0.65625 0.99609375 0.65625 0.99609375 0.65625 0.99609375 0.65625 0.99609375</float_array>
                    <technique_common>
                        <accessor count="36" source="#uvarrayMesh7_VC1" stride="2">
                            <param name="S" type="float"/>
                            <param name="T" type="float"/>
                        </accessor>
                    </technique_common>
                </source>
                <vertices id="verticesMesh7_VC1">
                    <input semantic="POSITION" source="#pointsMesh7_VC1"/>
                </vertices>
                <polylist count="12" material="Material1">
                    <input offset="0" semantic="VERTEX" source="#verticesMesh7_VC1"/>
                    <input offset="1" semantic="TEXCOORD" source="#uvsMesh7_VC1" set="0"/>
                    <vcount>3 3 3 3 3 3 3 3 3 3 3 3</vcount>
                    <p>0 0 1 1 2 2 3 3 4 4 5 5 6 6 7 7 8 8 9 9 10 10 11 11 12 12 13 13 14 14 15 15 16 16 17 17 0 18 18 19 1 20 2 21 1 22 15 23 2 24 15 25 17 26 18 27 0 28 16 29 18 30 16 31 19 32 15 33 19 34 16 35</p>
                </polylist>
            </mesh>
        </geometry>
        <geometry id="meshMesh7_VC2">
            <mesh>
                <source id="pointsMesh7_VC2">
                    <float_array id="pointarrayMesh7_VC2" count="60">4096 -101 -4300 4403 -101 -4402 4915 -101 -4300 4488 0 -6540 4506 26 -6522 4524 0 -6540 4487 0 -5951 4524 0 -5951 4506 26 -5969 4800 0 -6227 4800 0 -6263 4782 26 -6245 4211 0 -6227 4229 26 -6245 4211 0 -6263 4403 -101 -4607 4096 -101 -5938 4915 -101 -5938 4198 -101 -4402 4198 -101 -4607</float_array>
                    <technique_common>
                        <accessor count="20" source="#pointarrayMesh7_VC2" stride="3">
                            <param name="X" type="float"/>
                            <param name="Y" type="float"/>
                            <param name="Z" type="float"/>
                        </accessor>
                    </technique_common>
                </source>
                <source id="uvsMesh7_VC2">
                    <float_array id="uvarrayMesh7_VC2" count="72">0.78125 0.99609375 0.78125 0.99609375 0.78125 0.99609375 0.78125 0.99609375 0.78125 0.99609375 0.78125 0.99609375 0.78125 0.99609375 0.78125 0.99609375 0.78125 0.99609375 0.78125 0.99609375 0.78125 0.99609375 0.78125 0.99609375 0.78125 0.99609375 0.78125 0.99609375 0.78125 0.99609375 0.78125 0.99609375 0.78125 0.99609375 0.78125 0.99609375 0.78125 0.99609375 0.78125 0.99609375 0.78125 0.99609375 0.78125 0.99609375 0.78125 0.99609375 0.78125 0.99609375 0.78125 0.99609375 0.78125 0.99609375 0.78125 0.99609375 0.78125 0.99609375 0.78125 0.99609375 0.78125 0.99609375 0.78125 0.99609375 0.78125 0.99609375 0.78125 0.99609375 0.78125 0.99609375 0.78125 0.99609375 0.78125 0.99609375</float_array>
                    <technique_common>
                        <accessor count="36" source="#uvarrayMesh7_VC2" stride="2">
                            <param name="S" type="float"/>
                            <param name="T" type="float"/>
                        </accessor>
                    </technique_common>
                </source>
                <vertices id="verticesMesh7_VC2">
                    <input semantic="POSITION" source="#pointsMesh7_VC2"/>
                </vertices>
                <polylist count="12" material="Material1">
                    <input offset="0" semantic="VERTEX" source="#verticesMesh7_VC2"/>
                    <input offset="1" semantic="TEXCOORD" source="#uvsMesh7_VC2" set="0"/>
                    <vcount>3 3 3 3 3 3 3 3 3 3 3 3</vcount>
                    <p>0 0 1 1 2 2 3 3 4 4 5 5 6 6 7 7 8 8 9 9 10 10 11 11 12 12 13 13 14 14 15 15 16 16 17 17 0 18 18 19 1 20 2 21 1 22 15 23 2 24 15 25 17 26 18 27 0 28 16 29 18 30 16 31 19 32 15 33 19 34 16 35</p>
                </polylist>
            </mesh>
        </geometry>
        <geometry id="meshMesh8_1">
            <mesh>
                <source id="pointsMesh8_1">
                    <float_array id="pointarrayMesh8_1" count="408">0 0 -6553 3738 0 -6553 3738 6554 -6553 0 6554 -6553 4915 6554 -6553 4915 0 -6553 -1637 -2866 -4914 -2457 -2457 -4914 -2457 -2866 -4914 -1637 -2457 -4914 -1637 -4505 -2917 -1637 -2866 -2917 -2457 -2866 -2917 -2457 -4505 -2917 -1637 -3276 1638 -6553 -4505 1638 -1637 -4505 1638 4096 0 -5938 3738 0 -5938 3738 -101 -5938 4096 -101 -5938 3738 -3276 -5938 4915 -101 -5938 -2457 -4505 -1177 -2457 -3276 -1177 -1637 -3276 -1177 -1637 -4505 -1177 -6553 -3276 1638 4915 0 6554 0 -4505 6554 0 0 6554 -6553 -4505 6554 0 0 6554 0 -4505 6554 -6553 0 6554 -6553 0 6554 0 6554 6554 0 0 6554 -6553 6554 6554 4915 6554 6554 4915 0 6554 0 0 6554 0 6554 6554 -2457 5734 -6553 -2457 0 -6553 0 0 -6553 4915 -4505 6554 0 -3276 -6553 0 0 -6553 -1637 -2457 -6553 0 -4505 -6553 -2457 0 -6553 -2457 -2457 -6553 -1637 -4505 -6553 0 6554 -6553 -2457 6554 -6553 4915 -3276 -5938 0 -3276 -6553 3738 0 -6553 0 0 -6553 3738 -3276 -6553 3738 -4505 -6553 0 -4505 -6553 4915 -4505 -5938 3738 -4505 -5938 -2457 -2866 -4914 -2457 -2457 -4914 -2457 -2457 -2917 -2457 -2866 -2917 -2457 0 -6553 -2457 0 -967 -2457 -2457 -6553 -2457 -4505 -2917 -2457 -3276 -1177 -1637 -4505 -4914 -1637 -2866 -4914 -1637 -2866 -2917 -1637 -4505 -2917 -2457 -3276 -1177 -2457 0 -967 -2457 -2457 819 -1637 -2457 -4914 -1637 -4505 -6553 -1637 -2457 -6553 -2457 -4505 -1177 -2457 0 -6553 -2457 6554 -5733 -2457 0 -967 -2457 6554 -6553 -2457 -3276 819 -6553 -2149 0 -6553 0 -1563 -6553 0 0 -6553 0 0 -6553 6554 6554 -6553 0 6554 -6553 6554 0 -6553 0 0 -6553 0 -1563 -6553 5734 -5733 -6553 5734 -6553 -6553 6554 -6553 -6553 6554 0 3738 0 -6553 3738 -3276 -6553 3738 -3276 -5938 -6553 -3276 1638 -6553 0 6554 -6553 -4505 6554 -6553 0 0 -6553 -2149 0 -6553 -3276 819 -6553 -4505 1638 -1637 -4505 -1177 -1637 -3276 1638 -1637 -4505 1638 -1637 -3276 -1177 3738 0 -5938 4915 0 6554 4915 6554 0 4915 0 0 3738 -4505 -5938 3738 -4505 -6553 4915 -4505 0 4915 0 0 4915 0 -5938 4915 -4505 -5938 4915 6554 -6553 4915 0 0 4915 6554 0 4915 0 -6553 4915 -4505 6554 4915 0 6554 4915 0 0 4915 6554 6554 4915 -4505 0</float_array>
                    <technique_common>
                        <accessor count="136" source="#pointarrayMesh8_1" stride="3">
                            <param name="X" type="float"/>
                            <param name="Y" type="float"/>
                            <param name="Z" type="float"/>
                        </accessor>
                    </technique_common>
                </source>
                <source id="uvsMesh8_1">
                    <float_array id="uvarrayMesh8_1" count="272">-3.0078125 -5.953125 1.482421875 -5.953125 1.482421875 10.013671875 -3.0078125 10.013671875 2.978515625 10.013671875 2.978515625 -5.953125 0 2.029296875 -1.01171875 3.02734375 -1.01171875 2.029296875 0 3.02734375 1.548828125 1 1.548828125 5.0234375 0.55078125 5.0234375 0.55078125 1 1.98046875 3.02734375 -4.005859375 0.033203125 1.98046875 0.033203125 2.728515625 8.017578125 2.23046875 8.017578125 2.23046875 7.767578125 2.728515625 7.767578125 2.23046875 0.033203125 3.7265625 7.767578125 0.982421875 -5.455078125 0.982421875 -3.95703125 0.484375 -3.95703125 0.484375 -5.455078125 -4.005859375 3.02734375 -3.0078125 8.017578125 2.978515625 -2.958984375 2.978515625 8.017578125 4.974609375 -2.958984375 -3.0078125 8.017578125 -3.0078125 -2.958984375 4.974609375 8.017578125 4.974609375 -6.951171875 -3.0078125 9.015625 -3.0078125 -6.951171875 4.974609375 9.015625 -3.0078125 9.015625 -3.0078125 -6.951171875 2.978515625 -6.951171875 2.978515625 9.015625 -1.01171875 3.02734375 -1.01171875 -10.943359375 1.98046875 -10.943359375 -3.0078125 -2.958984375 1.98046875 -2.958984375 1.98046875 5.0234375 0 -0.962890625 1.98046875 -5.953125 -1.01171875 5.0234375 -1.01171875 -0.962890625 0 -5.953125 1.98046875 5.0234375 -1.01171875 5.0234375 3.7265625 0.033203125 -2.009765625 0.033203125 2.478515625 8.017578125 -2.009765625 8.017578125 2.478515625 0.033203125 2.478515625 -2.958984375 -2.009765625 -2.958984375 3.7265625 -2.958984375 2.23046875 -2.958984375 0.982421875 7.01953125 0.982421875 8.017578125 -1.44921875 8.017578125 -1.44921875 7.01953125 2.978515625 14.005859375 -3.82421875 14.005859375 2.978515625 8.017578125 -1.44921875 3.02734375 -3.568359375 6.021484375 0.982421875 3.02734375 0.982421875 7.01953125 -1.44921875 7.01953125 -1.44921875 3.02734375 1.419921875 5.0234375 1.1640625 13.0078125 -1.01171875 7.01953125 0.982421875 8.017578125 2.978515625 3.02734375 2.978515625 8.017578125 -3.568359375 3.02734375 2.978515625 -5.953125 1.98046875 10.013671875 -3.82421875 -5.953125 2.978515625 10.013671875 -1.01171875 5.0234375 0 -2.2109375 1.890625 3.02734375 0 3.02734375 3.9765625 -7.94921875 -4.005859375 8.017578125 -4.005859375 -7.94921875 3.9765625 8.017578125 -3.0078125 -7.94921875 -1.1015625 -7.94921875 3.9765625 6.021484375 4.974609375 6.021484375 4.974609375 8.017578125 -3.0078125 8.017578125 -4.505859375 8.017578125 -4.505859375 0.033203125 -3.755859375 0.033203125 2.978515625 0.033203125 -3.0078125 8.017578125 -3.0078125 -2.958984375 4.974609375 8.017578125 4.974609375 2.77734375 3.9765625 0.033203125 2.978515625 -2.958984375 1.419921875 2.029296875 -2.009765625 5.0234375 -2.009765625 2.029296875 1.419921875 5.0234375 -3.755859375 8.017578125 3.9765625 -6.951171875 -4.005859375 9.015625 -4.005859375 -6.951171875 -3.755859375 -2.958984375 -4.505859375 -2.958984375 3.9765625 -2.958984375 3.9765625 8.017578125 -3.2578125 8.017578125 -3.2578125 -2.958984375 -4.005859375 10.013671875 3.9765625 -5.953125 3.9765625 10.013671875 -4.005859375 -5.953125 3.9765625 -2.958984375 3.9765625 8.017578125 -4.005859375 8.017578125 3.9765625 9.015625 -4.005859375 -2.958984375</float_array>
                    <technique_common>
                        <accessor count="136" source="#uvarrayMesh8_1" stride="2">
                            <param name="S" type="float"/>
                            <param name="T" type="float"/>
                        </accessor>
                    </technique_common>
                </source>
                <vertices id="verticesMesh8_1">
                    <input semantic="POSITION" source="#pointsMesh8_1"/>
                </vertices>
                <polylist count="79" material="Material1">
                    <input offset="0" semantic="VERTEX" source="#verticesMesh8_1"/>
                    <input offset="1" semantic="TEXCOORD" source="#uvsMesh8_1" set="0"/>
                    <vcount>3 3 3 3 3 3 3 3 3 3 3 3 3 3 3 3 3 3 3 3 3 3 3 3 3 3 3 3 3 3 3 3 3 3 3 3 3 3 3 3 3 3 3 3 3 3 3 3 3 3 3 3 3 3 3 3 3 3 3 3 3 3 3 3 3 3 3 3 3 3 3 3 3 3 3 3 3 3 3</vcount>
                    <p>0 0 1 1 2 2 0 0 2 2 3 3 1 1 4 4 2 2 1 1 5 5 4 4 6 6 7 7 8 8 6 6 9 9 7 7 10 10 11 11 12 12 10 10 12 12 13 13 14 14 15 15 16 16 17 17 18 18 19 19 17 17 19 19 20 20 21 21 22 22 19 19 23 23 24 24 25 25 23 23 25 25 26 26 14 14 27 27 15 15 28 28 29 29 30 30 31 31 32 32 33 33 31 31 34 34 32 32 35 35 36 36 37 37 35 35 38 38 36 36 39 39 40 40 41 41 39 39 41 41 42 42 43 43 44 44 45 45 28 28 46 46 29 29 47 47 48 48 49 49 50 50 47 47 49 49 49 49 48 48 51 51 49 49 51 51 52 52 50 50 49 49 53 53 43 43 54 54 55 55 43 43 45 45 54 54 21 21 56 56 22 22 57 57 58 58 59 59 57 57 60 60 58 58 61 61 57 57 62 62 61 61 60 60 57 57 63 63 21 21 64 64 63 63 56 56 21 21 65 65 66 66 67 67 65 65 67 67 68 68 69 69 70 70 67 67 71 71 69 69 67 67 72 72 67 67 73 73 67 67 70 70 73 73 74 74 75 75 76 76 74 74 76 76 77 77 78 78 79 79 80 80 81 81 82 82 83 83 81 81 74 74 82 82 72 72 73 73 84 84 85 85 86 86 87 87 85 85 88 88 86 86 80 80 89 89 78 78 90 90 91 91 92 92 93 93 94 94 95 95 93 93 96 96 94 94 97 97 98 98 99 99 99 99 100 100 101 101 99 99 102 102 97 97 99 99 101 101 102 102 103 103 104 104 105 105 106 106 107 107 108 108 106 106 109 109 107 107 106 106 110 110 109 109 106 106 111 111 110 110 108 108 112 112 106 106 113 113 114 114 115 115 113 113 116 116 114 114 103 103 105 105 117 117 118 118 119 119 120 120 104 104 121 121 105 105 104 104 122 122 121 121 123 123 124 124 125 125 123 123 125 125 126 126 127 127 128 128 129 129 127 127 130 130 128 128 131 131 132 132 133 133 118 118 134 134 119 119 131 131 133 133 135 135</p>
                </polylist>
            </mesh>
        </geometry>
        <geometry id="meshMesh8_VC1">
            <mesh>
                <source id="pointsMesh8_VC1">
                    <float_array id="pointarrayMesh8_VC1" count="408">0 0 -6553 3738 0 -6553 3738 6554 -6553 0 6554 -6553 4915 6554 -6553 4915 0 -6553 -1637 -2866 -4914 -2457 -2457 -4914 -2457 -2866 -4914 -1637 -2457 -4914 -1637 -4505 -2917 -1637 -2866 -2917 -2457 -2866 -2917 -2457 -4505 -2917 -1637 -3276 1638 -6553 -4505 1638 -1637 -4505 1638 4096 0 -5938 3738 0 -5938 3738 -101 -5938 4096 -101 -5938 3738 -3276 -5938 4915 -101 -5938 -2457 -4505 -1177 -2457 -3276 -1177 -1637 -3276 -1177 -1637 -4505 -1177 -6553 -3276 1638 4915 0 6554 0 -4505 6554 0 0 6554 -6553 -4505 6554 0 0 6554 0 -4505 6554 -6553 0 6554 -6553 0 6554 0 6554 6554 0 0 6554 -6553 6554 6554 4915 6554 6554 4915 0 6554 0 0 6554 0 6554 6554 -2457 5734 -6553 -2457 0 -6553 0 0 -6553 4915 -4505 6554 0 -3276 -6553 0 0 -6553 -1637 -2457 -6553 0 -4505 -6553 -2457 0 -6553 -2457 -2457 -6553 -1637 -4505 -6553 0 6554 -6553 -2457 6554 -6553 4915 -3276 -5938 0 -3276 -6553 3738 0 -6553 0 0 -6553 3738 -3276 -6553 3738 -4505 -6553 0 -4505 -6553 4915 -4505 -5938 3738 -4505 -5938 -2457 -2866 -4914 -2457 -2457 -4914 -2457 -2457 -2917 -2457 -2866 -2917 -2457 0 -6553 -2457 0 -967 -2457 -2457 -6553 -2457 -4505 -2917 -2457 -3276 -1177 -1637 -4505 -4914 -1637 -2866 -4914 -1637 -2866 -2917 -1637 -4505 -2917 -2457 -3276 -1177 -2457 0 -967 -2457 -2457 819 -1637 -2457 -4914 -1637 -4505 -6553 -1637 -2457 -6553 -2457 -4505 -1177 -2457 0 -6553 -2457 6554 -5733 -2457 0 -967 -2457 6554 -6553 -2457 -3276 819 -6553 -2149 0 -6553 0 -1563 -6553 0 0 -6553 0 0 -6553 6554 6554 -6553 0 6554 -6553 6554 0 -6553 0 0 -6553 0 -1563 -6553 5734 -5733 -6553 5734 -6553 -6553 6554 -6553 -6553 6554 0 3738 0 -6553 3738 -3276 -6553 3738 -3276 -5938 -6553 -3276 1638 -6553 0 6554 -6553 -4505 6554 -6553 0 0 -6553 -2149 0 -6553 -3276 819 -6553 -4505 1638 -1637 -4505 -1177 -1637 -3276 1638 -1637 -4505 1638 -1637 -3276 -1177 3738 0 -5938 4915 0 6554 4915 6554 0 4915 0 0 3738 -4505 -5938 3738 -4505 -6553 4915 -4505 0 4915 0 0 4915 0 -5938 4915 -4505 -5938 4915 6554 -6553 4915 0 0 4915 6554 0 4915 0 -6553 4915 -4505 6554 4915 0 6554 4915 0 0 4915 6554 6554 4915 -4505 0</float_array>
                    <technique_common>
                        <accessor count="136" source="#pointarrayMesh8_VC1" stride="3">
                            <param name="X" type="float"/>
                            <param name="Y" type="float"/>
                            <param name="Z" type="float"/>
                        </accessor>
                    </technique_common>
                </source>
                <source id="uvsMesh8_VC1">
                    <float_array id="uvarrayMesh8_VC1" count="474">0.03125 0.00390625 0.03125 0.00390625 0.03125 0.00390625 0.03125 0.00390625 0.03125 0.00390625 0.03125 0.00390625 0.03125 0.00390625 0.03125 0.00390625 0.03125 0.00390625 0.03125 0.00390625 0.03125 0.00390625 0.03125 0.00390625 0.03125 0.00390625 0.03125 0.00390625 0.03125 0.00390625 0.03125 0.00390625 0.03125 0.00390625 0.03125 0.00390625 0.03125 0.00390625 0.03125 0.00390625 0.03125 0.00390625 0.03125 0.00390625 0.03125 0.00390625 0.03125 0.00390625 0.03125 0.00390625 0.03125 0.00390625 0.03125 0.00390625 0.03125 0.00390625 0.03125 0.00390625 0.03125 0.00390625 0.03125 0.00390625 0.03125 0.00390625 0.03125 0.00390625 0.03125 0.00390625 0.03125 0.00390625 0.03125 0.00390625 0.03125 0.00390625 0.03125 0.00390625 0.03125 0.00390625 0.03125 0.00390625 0.03125 0.00390625 0.03125 0.00390625 0.03125 0.00390625 0.03125 0.00390625 0.03125 0.00390625 0.03125 0.00390625 0.03125 0.00390625 0.03125 0.00390625 0.03125 0.00390625 0.03125 0.00390625 0.03125 0.00390625 0.03125 0.00390625 0.03125 0.00390625 0.03125 0.00390625 0.03125 0.00390625 0.03125 0.00390625 0.03125 0.00390625 0.03125 0.00390625 0.03125 0.00390625 0.03125 0.00390625 0.03125 0.00390625 0.03125 0.00390625 0.03125 0.00390625 0.03125 0.00390625 0.03125 0.00390625 0.03125 0.00390625 0.03125 0.00390625 0.03125 0.00390625 0.03125 0.00390625 0.03125 0.00390625 0.03125 0.00390625 0.03125 0.00390625 0.03125 0.00390625 0.03125 0.00390625 0.03125 0.00390625 0.03125 0.00390625 0.03125 0.00390625 0.03125 0.00390625 0.03125 0.00390625 0.03125 0.00390625 0.03125 0.00390625 0.03125 0.00390625 0.03125 0.00390625 0.03125 0.00390625 0.03125 0.00390625 0.03125 0.00390625 0.03125 0.00390625 0.03125 0.00390625 0.03125 0.00390625 0.03125 0.00390625 0.03125 0.00390625 0.03125 0.00390625 0.03125 0.00390625 0.03125 0.00390625 0.03125 0.00390625 0.03125 0.00390625 0.03125 0.00390625 0.03125 0.00390625 0.03125 0.00390625 0.03125 0.00390625 0.03125 0.00390625 0.03125 0.00390625 0.03125 0.00390625 0.03125 0.00390625 0.03125 0.00390625 0.03125 0.00390625 0.03125 0.00390625 0.03125 0.00390625 0.03125 0.00390625 0.03125 0.00390625 0.03125 0.00390625 0.03125 0.00390625 0.03125 0.00390625 0.03125 0.00390625 0.15625 0.99609375 0.15625 0.99609375 0.15625 0.99609375 0.15625 0.99609375 0.15625 0.99609375 0.15625 0.99609375 0.15625 0.99609375 0.15625 0.99609375 0.15625 0.99609375 0.15625 0.99609375 0.15625 0.99609375 0.15625 0.99609375 0.15625 0.99609375 0.15625 0.99609375 0.15625 0.99609375 0.15625 0.99609375 0.15625 0.99609375 0.15625 0.99609375 0.15625 0.99609375 0.15625 0.99609375 0.15625 0.99609375 0.15625 0.99609375 0.15625 0.99609375 0.15625 0.99609375 0.15625 0.99609375 0.15625 0.99609375 0.15625 0.99609375 0.15625 0.99609375 0.15625 0.99609375 0.15625 0.99609375 0.15625 0.99609375 0.15625 0.99609375 0.15625 0.99609375 0.15625 0.99609375 0.15625 0.99609375 0.15625 0.99609375 0.15625 0.99609375 0.15625 0.99609375 0.15625 0.99609375 0.15625 0.99609375 0.15625 0.99609375 0.15625 0.99609375 0.15625 0.99609375 0.15625 0.99609375 0.15625 0.99609375 0.15625 0.99609375 0.15625 0.99609375 0.15625 0.99609375 0.15625 0.99609375 0.15625 0.99609375 0.15625 0.99609375 0.15625 0.99609375 0.15625 0.99609375 0.15625 0.99609375 0.15625 0.99609375 0.15625 0.99609375 0.15625 0.99609375 0.15625 0.99609375 0.15625 0.99609375 0.15625 0.99609375 0.15625 0.99609375 0.15625 0.99609375 0.15625 0.99609375 0.15625 0.99609375 0.15625 0.99609375 0.15625 0.99609375 0.15625 0.99609375 0.15625 0.99609375 0.15625 0.99609375 0.15625 0.99609375 0.15625 0.99609375 0.15625 0.99609375 0.15625 0.99609375 0.15625 0.99609375 0.15625 0.99609375 0.15625 0.99609375 0.15625 0.99609375 0.15625 0.99609375 0.15625 0.99609375 0.15625 0.99609375 0.15625 0.99609375 0.15625 0.99609375 0.15625 0.99609375 0.15625 0.99609375 0.15625 0.99609375 0.15625 0.99609375 0.15625 0.99609375 0.15625 0.99609375 0.15625 0.99609375 0.15625 0.99609375 0.15625 0.99609375 0.15625 0.99609375 0.15625 0.99609375 0.15625 0.99609375 0.15625 0.99609375 0.15625 0.99609375 0.15625 0.99609375 0.15625 0.99609375 0.15625 0.99609375 0.15625 0.99609375 0.15625 0.99609375 0.15625 0.99609375 0.15625 0.99609375 0.15625 0.99609375 0.15625 0.99609375 0.15625 0.99609375 0.15625 0.99609375 0.15625 0.99609375 0.15625 0.99609375 0.15625 0.99609375 0.15625 0.99609375 0.15625 0.99609375 0.15625 0.99609375 0.15625 0.99609375 0.15625 0.99609375 0.15625 0.99609375 0.15625 0.99609375 0.15625 0.99609375 0.15625 0.99609375 0.15625 0.99609375 0.15625 0.99609375 0.15625 0.99609375 0.15625 0.99609375</float_array>
                    <technique_common>
                        <accessor count="237" source="#uvarrayMesh8_VC1" stride="2">
                            <param name="S" type="float"/>
                            <param name="T" type="float"/>
                        </accessor>
                    </technique_common>
                </source>
                <vertices id="verticesMesh8_VC1">
                    <input semantic="POSITION" source="#pointsMesh8_VC1"/>
                </vertices>
                <polylist count="79" material="Material1">
                    <input offset="0" semantic="VERTEX" source="#verticesMesh8_VC1"/>
                    <input offset="1" semantic="TEXCOORD" source="#uvsMesh8_VC1" set="0"/>
                    <vcount>3 3 3 3 3 3 3 3 3 3 3 3 3 3 3 3 3 3 3 3 3 3 3 3 3 3 3 3 3 3 3 3 3 3 3 3 3 3 3 3 3 3 3 3 3 3 3 3 3 3 3 3 3 3 3 3 3 3 3 3 3 3 3 3 3 3 3 3 3 3 3 3 3 3 3 3 3 3 3</vcount>
                    <p>0 0 1 1 2 2 0 3 2 4 3 5 1 6 4 7 2 8 1 9 5 10 4 11 6 12 7 13 8 14 6 15 9 16 7 17 10 18 11 19 12 20 10 21 12 22 13 23 14 24 15 25 16 26 17 27 18 28 19 29 17 30 19 31 20 32 21 33 22 34 19 35 23 36 24 37 25 38 23 39 25 40 26 41 14 42 27 43 15 44 28 45 29 46 30 47 31 48 32 49 33 50 31 51 34 52 32 53 35 54 36 55 37 56 35 57 38 58 36 59 39 60 40 61 41 62 39 63 41 64 42 65 43 66 44 67 45 68 28 69 46 70 29 71 47 72 48 73 49 74 50 75 47 76 49 77 49 78 48 79 51 80 49 81 51 82 52 83 50 84 49 85 53 86 43 87 54 88 55 89 43 90 45 91 54 92 21 93 56 94 22 95 57 96 58 97 59 98 57 99 60 100 58 101 61 102 57 103 62 104 61 105 60 106 57 107 63 108 21 109 64 110 63 111 56 112 21 113 65 114 66 115 67 116 65 117 67 118 68 119 69 120 70 121 67 122 71 123 69 124 67 125 72 126 67 127 73 128 67 129 70 130 73 131 74 132 75 133 76 134 74 135 76 136 77 137 78 138 79 139 80 140 81 141 82 142 83 143 81 144 74 145 82 146 72 147 73 148 84 149 85 150 86 151 87 152 85 153 88 154 86 155 80 156 89 157 78 158 90 159 91 160 92 161 93 162 94 163 95 164 93 165 96 166 94 167 97 168 98 169 99 170 99 171 100 172 101 173 99 174 102 175 97 176 99 177 101 178 102 179 103 180 104 181 105 182 106 183 107 184 108 185 106 186 109 187 107 188 106 189 110 190 109 191 106 192 111 193 110 194 108 195 112 196 106 197 113 198 114 199 115 200 113 201 116 202 114 203 103 204 105 205 117 206 118 207 119 208 120 209 104 210 121 211 105 212 104 213 122 214 121 215 123 216 124 217 125 218 123 219 125 220 126 221 127 222 128 223 129 224 127 225 130 226 128 227 131 228 132 229 133 230 118 231 134 232 119 233 131 234 133 235 135 236</p>
                </polylist>
            </mesh>
        </geometry>
        <geometry id="meshMesh9_1">
            <mesh>
                <source id="pointsMesh9_1">
                    <float_array id="pointarrayMesh9_1" count="186">0 -6553 6554 -6553 -6553 6554 -6553 -4505 6554 -1637 -6553 -2917 -2457 -4505 -2917 -2457 -6553 -2917 -1637 -4505 -2917 -2457 -6553 -1177 -1637 -4505 -1177 -1637 -6553 -1177 -2457 -4505 -1177 -6553 -4505 1638 -6553 -6553 1638 -1637 -6553 1638 -1637 -4505 1638 -1637 -6553 -6553 0 -4505 -6553 -1637 -4505 -6553 0 -4505 6554 4915 -4505 6554 4915 -6553 6554 0 -6553 6554 0 -4505 6554 0 -6553 -6553 3738 -6553 -6553 3738 -4505 -6553 0 -4505 -6553 0 -6553 -6553 3738 -6553 -5938 4915 -4505 -5938 3738 -4505 -5938 4915 -6553 -5938 -1637 -4505 -4914 -1637 -6553 -6553 -1637 -4505 -6553 -1637 -6553 -4914 -1637 -6553 -2917 -1637 -4505 -2917 -2457 -6553 -1177 -2457 -4505 -2917 -2457 -4505 -1177 -2457 -6553 -2917 -6553 -6553 6554 -6553 -6553 1638 -6553 -4505 1638 -6553 -4505 6554 4915 -6553 0 4915 -4505 6554 4915 -4505 0 -1637 -6553 1638 -1637 -6553 -1177 -1637 -4505 -1177 -1637 -4505 1638 3738 -4505 -6553 3738 -6553 -5938 3738 -4505 -5938 3738 -6553 -6553 4915 -6553 -5938 4915 -6553 0 4915 -4505 0 4915 -4505 -5938 4915 -6553 6554</float_array>
                    <technique_common>
                        <accessor count="62" source="#pointarrayMesh9_1" stride="3">
                            <param name="X" type="float"/>
                            <param name="Y" type="float"/>
                            <param name="Z" type="float"/>
                        </accessor>
                    </technique_common>
                </source>
                <source id="uvsMesh9_1">
                    <float_array id="uvarrayMesh9_1" count="124">-3.0078125 -7.94921875 4.974609375 -7.94921875 4.974609375 -2.958984375 1.548828125 -3.95703125 0.55078125 1 0.55078125 -3.95703125 1.548828125 1 0.982421875 -7.94921875 0.484375 -5.455078125 0.484375 -7.94921875 0.982421875 -5.455078125 -4.005859375 0.033203125 -4.005859375 -4.955078125 1.98046875 -4.955078125 1.98046875 0.033203125 0 -1.9609375 1.98046875 3.02734375 0 3.02734375 -3.0078125 -2.958984375 -3.0078125 -2.958984375 -3.0078125 -7.94921875 2.978515625 -7.94921875 2.978515625 -2.958984375 -2.009765625 -7.94921875 2.478515625 -7.94921875 2.478515625 -2.958984375 -2.009765625 -2.958984375 1.98046875 -1.9609375 2.23046875 -7.94921875 3.7265625 -2.958984375 2.23046875 -2.958984375 3.7265625 -7.94921875 0.982421875 3.02734375 2.978515625 -1.9609375 2.978515625 3.02734375 0.982421875 -1.9609375 -1.44921875 -1.9609375 -1.44921875 3.02734375 -3.568359375 -1.9609375 -1.44921875 3.02734375 -3.568359375 3.02734375 -1.44921875 -1.9609375 -3.0078125 -7.94921875 2.978515625 -7.94921875 2.978515625 -2.958984375 -3.0078125 -2.958984375 -4.005859375 -7.94921875 3.9765625 -2.958984375 -4.005859375 -2.958984375 -2.009765625 -2.958984375 1.419921875 -2.958984375 1.419921875 2.029296875 -2.009765625 2.029296875 -4.505859375 -2.958984375 -3.755859375 -7.94921875 -3.755859375 -2.958984375 -4.505859375 -7.94921875 -3.2578125 -7.94921875 3.9765625 -7.94921875 3.9765625 -2.958984375 -3.2578125 -2.958984375 3.9765625 -7.94921875</float_array>
                    <technique_common>
                        <accessor count="62" source="#uvarrayMesh9_1" stride="2">
                            <param name="S" type="float"/>
                            <param name="T" type="float"/>
                        </accessor>
                    </technique_common>
                </source>
                <vertices id="verticesMesh9_1">
                    <input semantic="POSITION" source="#pointsMesh9_1"/>
                </vertices>
                <polylist count="32" material="Material1">
                    <input offset="0" semantic="VERTEX" source="#verticesMesh9_1"/>
                    <input offset="1" semantic="TEXCOORD" source="#uvsMesh9_1" set="0"/>
                    <vcount>3 3 3 3 3 3 3 3 3 3 3 3 3 3 3 3 3 3 3 3 3 3 3 3 3 3 3 3 3 3 3 3</vcount>
                    <p>0 0 1 1 2 2 3 3 4 4 5 5 3 3 6 6 4 4 7 7 8 8 9 9 7 7 10 10 8 8 11 11 12 12 13 13 11 11 13 13 14 14 15 15 16 16 17 17 0 0 2 2 18 18 19 19 20 20 21 21 19 19 21 21 22 22 23 23 24 24 25 25 23 23 25 25 26 26 15 15 27 27 16 16 28 28 29 29 30 30 28 28 31 31 29 29 32 32 33 33 34 34 32 32 35 35 33 33 36 36 35 35 32 32 36 36 32 32 37 37 38 38 39 39 40 40 38 38 41 41 39 39 42 42 43 43 44 44 42 42 44 44 45 45 46 46 47 47 48 48 49 49 50 50 51 51 49 49 51 51 52 52 53 53 54 54 55 55 53 53 56 56 54 54 57 57 58 58 59 59 57 57 59 59 60 60 46 46 61 61 47 47</p>
                </polylist>
            </mesh>
        </geometry>
        <geometry id="meshMesh9_VC1">
            <mesh>
                <source id="pointsMesh9_VC1">
                    <float_array id="pointarrayMesh9_VC1" count="186">0 -6553 6554 -6553 -6553 6554 -6553 -4505 6554 -1637 -6553 -2917 -2457 -4505 -2917 -2457 -6553 -2917 -1637 -4505 -2917 -2457 -6553 -1177 -1637 -4505 -1177 -1637 -6553 -1177 -2457 -4505 -1177 -6553 -4505 1638 -6553 -6553 1638 -1637 -6553 1638 -1637 -4505 1638 -1637 -6553 -6553 0 -4505 -6553 -1637 -4505 -6553 0 -4505 6554 4915 -4505 6554 4915 -6553 6554 0 -6553 6554 0 -4505 6554 0 -6553 -6553 3738 -6553 -6553 3738 -4505 -6553 0 -4505 -6553 0 -6553 -6553 3738 -6553 -5938 4915 -4505 -5938 3738 -4505 -5938 4915 -6553 -5938 -1637 -4505 -4914 -1637 -6553 -6553 -1637 -4505 -6553 -1637 -6553 -4914 -1637 -6553 -2917 -1637 -4505 -2917 -2457 -6553 -1177 -2457 -4505 -2917 -2457 -4505 -1177 -2457 -6553 -2917 -6553 -6553 6554 -6553 -6553 1638 -6553 -4505 1638 -6553 -4505 6554 4915 -6553 0 4915 -4505 6554 4915 -4505 0 -1637 -6553 1638 -1637 -6553 -1177 -1637 -4505 -1177 -1637 -4505 1638 3738 -4505 -6553 3738 -6553 -5938 3738 -4505 -5938 3738 -6553 -6553 4915 -6553 -5938 4915 -6553 0 4915 -4505 0 4915 -4505 -5938 4915 -6553 6554</float_array>
                    <technique_common>
                        <accessor count="62" source="#pointarrayMesh9_VC1" stride="3">
                            <param name="X" type="float"/>
                            <param name="Y" type="float"/>
                            <param name="Z" type="float"/>
                        </accessor>
                    </technique_common>
                </source>
                <source id="uvsMesh9_VC1">
                    <float_array id="uvarrayMesh9_VC1" count="192">0.03125 0.99609375 0.03125 0.99609375 0.03125 0.00390625 0.03125 0.99609375 0.03125 0.00390625 0.03125 0.99609375 0.03125 0.99609375 0.03125 0.00390625 0.03125 0.00390625 0.03125 0.99609375 0.03125 0.00390625 0.03125 0.99609375 0.03125 0.99609375 0.03125 0.00390625 0.03125 0.00390625 0.03125 0.00390625 0.03125 0.99609375 0.03125 0.99609375 0.03125 0.00390625 0.03125 0.99609375 0.03125 0.00390625 0.03125 0.99609375 0.03125 0.00390625 0.03125 0.00390625 0.03125 0.99609375 0.03125 0.00390625 0.03125 0.00390625 0.03125 0.00390625 0.03125 0.99609375 0.03125 0.99609375 0.03125 0.00390625 0.03125 0.99609375 0.03125 0.00390625 0.03125 0.99609375 0.03125 0.99609375 0.03125 0.00390625 0.03125 0.99609375 0.03125 0.00390625 0.03125 0.00390625 0.03125 0.99609375 0.03125 0.99609375 0.03125 0.00390625 0.03125 0.99609375 0.03125 0.00390625 0.03125 0.00390625 0.03125 0.99609375 0.03125 0.99609375 0.03125 0.00390625 0.15625 0.99609375 0.15625 0.00390625 0.15625 0.99609375 0.15625 0.99609375 0.15625 0.00390625 0.15625 0.00390625 0.15625 0.00390625 0.15625 0.00390625 0.15625 0.99609375 0.15625 0.00390625 0.15625 0.99609375 0.15625 0.99609375 0.15625 0.00390625 0.15625 0.99609375 0.15625 0.99609375 0.15625 0.00390625 0.15625 0.00390625 0.15625 0.99609375 0.15625 0.00390625 0.15625 0.00390625 0.15625 0.99609375 0.15625 0.00390625 0.15625 0.99609375 0.15625 0.99609375 0.15625 0.00390625 0.15625 0.99609375 0.15625 0.99609375 0.15625 0.00390625 0.15625 0.00390625 0.15625 0.99609375 0.15625 0.00390625 0.15625 0.99609375 0.15625 0.99609375 0.15625 0.99609375 0.15625 0.00390625 0.15625 0.99609375 0.15625 0.99609375 0.15625 0.00390625 0.15625 0.00390625 0.15625 0.00390625 0.15625 0.00390625 0.15625 0.99609375 0.15625 0.00390625 0.15625 0.99609375 0.15625 0.99609375 0.15625 0.00390625 0.15625 0.00390625 0.15625 0.99609375</float_array>
                    <technique_common>
                        <accessor count="96" source="#uvarrayMesh9_VC1" stride="2">
                            <param name="S" type="float"/>
                            <param name="T" type="float"/>
                        </accessor>
                    </technique_common>
                </source>
                <vertices id="verticesMesh9_VC1">
                    <input semantic="POSITION" source="#pointsMesh9_VC1"/>
                </vertices>
                <polylist count="32" material="Material1">
                    <input offset="0" semantic="VERTEX" source="#verticesMesh9_VC1"/>
                    <input offset="1" semantic="TEXCOORD" source="#uvsMesh9_VC1" set="0"/>
                    <vcount>3 3 3 3 3 3 3 3 3 3 3 3 3 3 3 3 3 3 3 3 3 3 3 3 3 3 3 3 3 3 3 3</vcount>
                    <p>0 0 1 1 2 2 3 3 4 4 5 5 3 6 6 7 4 8 7 9 8 10 9 11 7 12 10 13 8 14 11 15 12 16 13 17 11 18 13 19 14 20 15 21 16 22 17 23 0 24 2 25 18 26 19 27 20 28 21 29 19 30 21 31 22 32 23 33 24 34 25 35 23 36 25 37 26 38 15 39 27 40 16 41 28 42 29 43 30 44 28 45 31 46 29 47 32 48 33 49 34 50 32 51 35 52 33 53 36 54 35 55 32 56 36 57 32 58 37 59 38 60 39 61 40 62 38 63 41 64 39 65 42 66 43 67 44 68 42 69 44 70 45 71 46 72 47 73 48 74 49 75 50 76 51 77 49 78 51 79 52 80 53 81 54 82 55 83 53 84 56 85 54 86 57 87 58 88 59 89 57 90 59 91 60 92 46 93 61 94 47 95</p>
                </polylist>
            </mesh>
        </geometry>
        <geometry id="meshMesh10_1">
            <mesh>
                <source id="pointsMesh10_1">
                    <float_array id="pointarrayMesh10_1" count="36">4915 0 -5099 4116 819 -5099 4915 819 -5099 4116 0 -5099 4915 819 -4320 4116 0 -4320 4915 0 -4320 4116 819 -4320 4116 819 -4320 4116 0 -5099 4116 0 -4320 4116 819 -5099</float_array>
                    <technique_common>
                        <accessor count="12" source="#pointarrayMesh10_1" stride="3">
                            <param name="X" type="float"/>
                            <param name="Y" type="float"/>
                            <param name="Z" type="float"/>
                        </accessor>
                    </technique_common>
                </source>
                <source id="uvsMesh10_1">
                    <float_array id="uvarrayMesh10_1" count="24">-3.0234375 -2.958984375 4.958984375 5.0234375 -3.0234375 5.0234375 4.958984375 -2.958984375 4.958984375 3.02734375 -3.0234375 -4.955078125 4.958984375 -4.955078125 -3.0234375 3.02734375 3.9609375 5.0234375 -4.021484375 -2.958984375 3.9609375 -2.958984375 -4.021484375 5.0234375</float_array>
                    <technique_common>
                        <accessor count="12" source="#uvarrayMesh10_1" stride="2">
                            <param name="S" type="float"/>
                            <param name="T" type="float"/>
                        </accessor>
                    </technique_common>
                </source>
                <vertices id="verticesMesh10_1">
                    <input semantic="POSITION" source="#pointsMesh10_1"/>
                </vertices>
                <polylist count="6" material="Material1">
                    <input offset="0" semantic="VERTEX" source="#verticesMesh10_1"/>
                    <input offset="1" semantic="TEXCOORD" source="#uvsMesh10_1" set="0"/>
                    <vcount>3 3 3 3 3 3</vcount>
                    <p>0 0 1 1 2 2 0 0 3 3 1 1 4 4 5 5 6 6 4 4 7 7 5 5 8 8 9 9 10 10 8 8 11 11 9 9</p>
                </polylist>
            </mesh>
        </geometry>
        <geometry id="meshMesh10_2">
            <mesh>
                <source id="pointsMesh10_2">
                    <float_array id="pointarrayMesh10_2" count="36">4915 0 -5099 4116 819 -5099 4915 819 -5099 4116 0 -5099 4915 819 -4320 4116 0 -4320 4915 0 -4320 4116 819 -4320 4116 819 -4320 4116 0 -5099 4116 0 -4320 4116 819 -5099</float_array>
                    <technique_common>
                        <accessor count="12" source="#pointarrayMesh10_2" stride="3">
                            <param name="X" type="float"/>
                            <param name="Y" type="float"/>
                            <param name="Z" type="float"/>
                        </accessor>
                    </technique_common>
                </source>
                <source id="uvsMesh10_2">
                    <float_array id="uvarrayMesh10_2" count="24">-3.0234375 -2.958984375 4.958984375 5.0234375 -3.0234375 5.0234375 4.958984375 -2.958984375 4.958984375 3.02734375 -3.0234375 -4.955078125 4.958984375 -4.955078125 -3.0234375 3.02734375 3.9609375 5.0234375 -4.021484375 -2.958984375 3.9609375 -2.958984375 -4.021484375 5.0234375</float_array>
                    <technique_common>
                        <accessor count="12" source="#uvarrayMesh10_2" stride="2">
                            <param name="S" type="float"/>
                            <param name="T" type="float"/>
                        </accessor>
                    </technique_common>
                </source>
                <vertices id="verticesMesh10_2">
                    <input semantic="POSITION" source="#pointsMesh10_2"/>
                </vertices>
                <polylist count="6" material="Material1">
                    <input offset="0" semantic="VERTEX" source="#verticesMesh10_2"/>
                    <input offset="1" semantic="TEXCOORD" source="#uvsMesh10_2" set="0"/>
                    <vcount>3 3 3 3 3 3</vcount>
                    <p>0 0 1 1 2 2 0 0 3 3 1 1 4 4 5 5 6 6 4 4 7 7 5 5 8 8 9 9 10 10 8 8 11 11 9 9</p>
                </polylist>
            </mesh>
        </geometry>
        <geometry id="meshMesh10_VC2">
            <mesh>
                <source id="pointsMesh10_VC2">
                    <float_array id="pointarrayMesh10_VC2" count="36">4915 0 -5099 4116 819 -5099 4915 819 -5099 4116 0 -5099 4915 819 -4320 4116 0 -4320 4915 0 -4320 4116 819 -4320 4116 819 -4320 4116 0 -5099 4116 0 -4320 4116 819 -5099</float_array>
                    <technique_common>
                        <accessor count="12" source="#pointarrayMesh10_VC2" stride="3">
                            <param name="X" type="float"/>
                            <param name="Y" type="float"/>
                            <param name="Z" type="float"/>
                        </accessor>
                    </technique_common>
                </source>
                <source id="uvsMesh10_VC2">
                    <float_array id="uvarrayMesh10_VC2" count="36">0.28125 0.99609375 0.28125 0.99609375 0.28125 0.99609375 0.28125 0.99609375 0.28125 0.99609375 0.28125 0.99609375 0.28125 0.99609375 0.28125 0.99609375 0.28125 0.99609375 0.28125 0.99609375 0.28125 0.99609375 0.28125 0.99609375 0.28125 0.99609375 0.28125 0.99609375 0.28125 0.99609375 0.28125 0.99609375 0.28125 0.99609375 0.28125 0.99609375</float_array>
                    <technique_common>
                        <accessor count="18" source="#uvarrayMesh10_VC2" stride="2">
                            <param name="S" type="float"/>
                            <param name="T" type="float"/>
                        </accessor>
                    </technique_common>
                </source>
                <vertices id="verticesMesh10_VC2">
                    <input semantic="POSITION" source="#pointsMesh10_VC2"/>
                </vertices>
                <polylist count="6" material="Material1">
                    <input offset="0" semantic="VERTEX" source="#verticesMesh10_VC2"/>
                    <input offset="1" semantic="TEXCOORD" source="#uvsMesh10_VC2" set="0"/>
                    <vcount>3 3 3 3 3 3</vcount>
                    <p>0 0 1 1 2 2 0 3 3 4 1 5 4 6 5 7 6 8 4 9 7 10 5 11 8 12 9 13 10 14 8 15 11 16 9 17</p>
                </polylist>
            </mesh>
        </geometry>
    </library_geometries>
    <library_visual_scenes>
        <visual_scene id="VisualSceneNode">
            <node id="node_Node0" name="Node0_root">
                <node id="node_Node1" name="Node1_master_list">
                    <node id="node_Node2" name="Node2_BG">
                    </node>
                </node>
                <node id="node_Node3" name="Node3_master_list">
                    <node id="node_Node4" name="Node4_perspective">
                        <node id="node_Node5" name="Node5_camera">
                            <node id="node_Node6" name="Node6_display">
                                <node id="node_Node7" name="Node7_display">
                                    <node id="node_Mesh0_1" name="Mesh0">
                                        <instance_geometry url="#meshMesh0_1">
                                            <bind_material>
                                                <technique_common>
                                                    <instance_material symbol="Material1" target="#mat0">
                                                        <bind_vertex_input semantic="UVSET0" input_semantic="TEXCOORD" input_set="0"/>
                                                    </instance_material>
                                                </technique_common>
                                            </bind_material>
                                        </instance_geometry>
                                    </node>
                                    <node id="node_Mesh0_VC2" name="Mesh0_VC_shade">
                                        <instance_geometry url="#meshMesh0_VC2">
                                            <bind_material>
                                                <technique_common>
                                                    <instance_material symbol="Material1" target="#mat9">
                                                        <bind_vertex_input semantic="UVSET0" input_semantic="TEXCOORD" input_set="0"/>
                                                    </instance_material>
                                                </technique_common>
                                            </bind_material>
                                        </instance_geometry>
                                    </node>
                                    <node id="node_Mesh1_1" name="Mesh1">
                                        <instance_geometry url="#meshMesh1_1">
                                            <bind_material>
                                                <technique_common>
                                                    <instance_material symbol="Material1" target="#mat1">
                                                        <bind_vertex_input semantic="UVSET0" input_semantic="TEXCOORD" input_set="0"/>
                                                    </instance_material>
                                                </technique_common>
                                            </bind_material>
                                        </instance_geometry>
                                    </node>
                                    <node id="node_Mesh1_VC1" name="Mesh1_VC">
                                        <instance_geometry url="#meshMesh1_VC1">
                                            <bind_material>
                                                <technique_common>
                                                    <instance_material symbol="Material1" target="#mat9">
                                                        <bind_vertex_input semantic="UVSET0" input_semantic="TEXCOORD" input_set="0"/>
                                                    </instance_material>
                                                </technique_common>
                                            </bind_material>
                                        </instance_geometry>
                                    </node>
                                    <node id="node_Mesh1_VC2" name="Mesh1_VC_shade">
                                        <instance_geometry url="#meshMesh1_VC2">
                                            <bind_material>
                                                <technique_common>
                                                    <instance_material symbol="Material1" target="#mat9">
                                                        <bind_vertex_input semantic="UVSET0" input_semantic="TEXCOORD" input_set="0"/>
                                                    </instance_material>
                                                </technique_common>
                                            </bind_material>
                                        </instance_geometry>
                                    </node>
                                    <node id="node_Mesh2_1" name="Mesh2">
                                        <instance_geometry url="#meshMesh2_1">
                                            <bind_material>
                                                <technique_common>
                                                    <instance_material symbol="Material1" target="#mat2">
                                                        <bind_vertex_input semantic="UVSET0" input_semantic="TEXCOORD" input_set="0"/>
                                                    </instance_material>
                                                </technique_common>
                                            </bind_material>
                                        </instance_geometry>
                                    </node>
                                    <node id="node_Mesh2_VC1" name="Mesh2_VC">
                                        <instance_geometry url="#meshMesh2_VC1">
                                            <bind_material>
                                                <technique_common>
                                                    <instance_material symbol="Material1" target="#mat9">
                                                        <bind_vertex_input semantic="UVSET0" input_semantic="TEXCOORD" input_set="0"/>
                                                    </instance_material>
                                                </technique_common>
                                            </bind_material>
                                        </instance_geometry>
                                    </node>
                                    <node id="node_Mesh2_VC2" name="Mesh2_VC_shade">
                                        <instance_geometry url="#meshMesh2_VC2">
                                            <bind_material>
                                                <technique_common>
                                                    <instance_material symbol="Material1" target="#mat9">
                                                        <bind_vertex_input semantic="UVSET0" input_semantic="TEXCOORD" input_set="0"/>
                                                    </instance_material>
                                                </technique_common>
                                            </bind_material>
                                        </instance_geometry>
                                    </node>
                                    <node id="node_Mesh3_1" name="Mesh3">
                                        <instance_geometry url="#meshMesh3_1">
                                            <bind_material>
                                                <technique_common>
                                                    <instance_material symbol="Material1" target="#mat3">
                                                        <bind_vertex_input semantic="UVSET0" input_semantic="TEXCOORD" input_set="0"/>
                                                    </instance_material>
                                                </technique_common>
                                            </bind_material>
                                        </instance_geometry>
                                    </node>
                                    <node id="node_Mesh3_VC1" name="Mesh3_VC">
                                        <instance_geometry url="#meshMesh3_VC1">
                                            <bind_material>
                                                <technique_common>
                                                    <instance_material symbol="Material1" target="#mat9">
                                                        <bind_vertex_input semantic="UVSET0" input_semantic="TEXCOORD" input_set="0"/>
                                                    </instance_material>
                                                </technique_common>
                                            </bind_material>
                                        </instance_geometry>
                                    </node>
                                    <node id="node_Mesh3_VC2" name="Mesh3_VC_shade">
                                        <instance_geometry url="#meshMesh3_VC2">
                                            <bind_material>
                                                <technique_common>
                                                    <instance_material symbol="Material1" target="#mat9">
                                                        <bind_vertex_input semantic="UVSET0" input_semantic="TEXCOORD" input_set="0"/>
                                                    </instance_material>
                                                </technique_common>
                                            </bind_material>
                                        </instance_geometry>
                                    </node>
                                    <node id="node_Mesh4_1" name="Mesh4">
                                        <instance_geometry url="#meshMesh4_1">
                                            <bind_material>
                                                <technique_common>
                                                    <instance_material symbol="Material1" target="#mat4">
                                                        <bind_vertex_input semantic="UVSET0" input_semantic="TEXCOORD" input_set="0"/>
                                                    </instance_material>
                                                </technique_common>
                                            </bind_material>
                                        </instance_geometry>
                                    </node>
                                    <node id="node_Mesh4_VC2" name="Mesh4_VC_shade">
                                        <instance_geometry url="#meshMesh4_VC2">
                                            <bind_material>
                                                <technique_common>
                                                    <instance_material symbol="Material1" target="#mat9">
                                                        <bind_vertex_input semantic="UVSET0" input_semantic="TEXCOORD" input_set="0"/>
                                                    </instance_material>
                                                </technique_common>
                                            </bind_material>
                                        </instance_geometry>
                                    </node>
                                    <node id="node_Mesh5_1" name="Mesh5">
                                        <instance_geometry url="#meshMesh5_1">
                                            <bind_material>
                                                <technique_common>
                                                    <instance_material symbol="Material1" target="#mat5">
                                                        <bind_vertex_input semantic="UVSET0" input_semantic="TEXCOORD" input_set="0"/>
                                                    </instance_material>
                                                </technique_common>
                                            </bind_material>
                                        </instance_geometry>
                                    </node>
                                    <node id="node_Mesh5_VC2" name="Mesh5_VC_shade">
                                        <instance_geometry url="#meshMesh5_VC2">
                                            <bind_material>
                                                <technique_common>
                                                    <instance_material symbol="Material1" target="#mat9">
                                                        <bind_vertex_input semantic="UVSET0" input_semantic="TEXCOORD" input_set="0"/>
                                                    </instance_material>
                                                </technique_common>
                                            </bind_material>
                                        </instance_geometry>
                                    </node>
                                    <node id="node_Mesh6_1" name="Mesh6">
                                        <instance_geometry url="#meshMesh6_1">
                                            <bind_material>
                                                <technique_common>
                                                    <instance_material symbol="Material1" target="#mat6">
                                                        <bind_vertex_input semantic="UVSET0" input_semantic="TEXCOORD" input_set="0"/>
                                                    </instance_material>
                                                </technique_common>
                                            </bind_material>
                                        </instance_geometry>
                                    </node>
                                    <node id="node_Mesh6_VC2" name="Mesh6_VC_shade">
                                        <instance_geometry url="#meshMesh6_VC2">
                                            <bind_material>
                                                <technique_common>
                                                    <instance_material symbol="Material1" target="#mat9">
                                                        <bind_vertex_input semantic="UVSET0" input_semantic="TEXCOORD" input_set="0"/>
                                                    </instance_material>
                                                </technique_common>
                                            </bind_material>
                                        </instance_geometry>
                                    </node>
                                    <node id="node_Mesh7_VC1" name="Mesh7_VC">
                                        <instance_geometry url="#meshMesh7_VC1">
                                            <bind_material>
                                                <technique_common>
                                                    <instance_material symbol="Material1" target="#mat9">
                                                        <bind_vertex_input semantic="UVSET0" input_semantic="TEXCOORD" input_set="0"/>
                                                    </instance_material>
                                                </technique_common>
                                            </bind_material>
                                        </instance_geometry>
                                    </node>
                                    <node id="node_Mesh7_VC2" name="Mesh7_VC_shade">
                                        <instance_geometry url="#meshMesh7_VC2">
                                            <bind_material>
                                                <technique_common>
                                                    <instance_material symbol="Material1" target="#mat9">
                                                        <bind_vertex_input semantic="UVSET0" input_semantic="TEXCOORD" input_set="0"/>
                                                    </instance_material>
                                                </technique_common>
                                            </bind_material>
                                        </instance_geometry>
                                    </node>
                                </node>
                                <node id="node_Node8" name="Node8_display">
                                    <node id="node_Mesh8_1" name="Mesh8">
                                        <instance_geometry url="#meshMesh8_1">
                                            <bind_material>
                                                <technique_common>
                                                    <instance_material symbol="Material1" target="#mat6">
                                                        <bind_vertex_input semantic="UVSET0" input_semantic="TEXCOORD" input_set="0"/>
                                                    </instance_material>
                                                </technique_common>
                                            </bind_material>
                                        </instance_geometry>
                                    </node>
                                    <node id="node_Mesh8_VC1" name="Mesh8_VC">
                                        <instance_geometry url="#meshMesh8_VC1">
                                            <bind_material>
                                                <technique_common>
                                                    <instance_material symbol="Material1" target="#mat9">
                                                        <bind_vertex_input semantic="UVSET0" input_semantic="TEXCOORD" input_set="0"/>
                                                    </instance_material>
                                                </technique_common>
                                            </bind_material>
                                        </instance_geometry>
                                    </node>
                                </node>
                                <node id="node_Node9" name="Node9_display">
                                    <node id="node_Mesh9_1" name="Mesh9">
                                        <instance_geometry url="#meshMesh9_1">
                                            <bind_material>
                                                <technique_common>
                                                    <instance_material symbol="Material1" target="#mat6">
                                                        <bind_vertex_input semantic="UVSET0" input_semantic="TEXCOORD" input_set="0"/>
                                                    </instance_material>
                                                </technique_common>
                                            </bind_material>
                                        </instance_geometry>
                                    </node>
                                    <node id="node_Mesh9_VC1" name="Mesh9_VC">
                                        <instance_geometry url="#meshMesh9_VC1">
                                            <bind_material>
                                                <technique_common>
                                                    <instance_material symbol="Material1" target="#mat9">
                                                        <bind_vertex_input semantic="UVSET0" input_semantic="TEXCOORD" input_set="0"/>
                                                    </instance_material>
                                                </technique_common>
                                            </bind_material>
                                        </instance_geometry>
                                    </node>
                                </node>
                                <node id="node_Node10" name="Node10_display">
                                    <node id="node_Mesh10_1" name="Mesh10">
                                        <instance_geometry url="#meshMesh10_1">
                                            <bind_material>
                                                <technique_common>
                                                    <instance_material symbol="Material1" target="#mat8">
                                                        <bind_vertex_input semantic="UVSET0" input_semantic="TEXCOORD" input_set="0"/>
                                                    </instance_material>
                                                </technique_common>
                                            </bind_material>
                                        </instance_geometry>
                                    </node>
                                    <node id="node_Mesh10_VC2" name="Mesh10_VC_shade">
                                        <instance_geometry url="#meshMesh10_VC2">
                                            <bind_material>
                                                <technique_common>
                                                    <instance_material symbol="Material1" target="#mat9">
                                                        <bind_vertex_input semantic="UVSET0" input_semantic="TEXCOORD" input_set="0"/>
                                                    </instance_material>
                                                </technique_common>
                                            </bind_material>
                                        </instance_geometry>
                                    </node>
                                </node>
                            </node>
                            <node id="node_Node11" name="Node11_parent">
                            </node>
                            <node id="node_Node12" name="Node12_list">
                            </node>
                        </node>
                    </node>
                </node>
            </node>
            <node id="obj_group" name="Objects">
                <node id="obj_0" name="0x0_Warp_(Mario_Start_2)">
                    <translate sid="translate">-6143 6734 -6143</translate>
                </node>
                <node id="obj_1" name="0x0_Star_for_Red_Coins_(Hidden)">
                    <translate sid="translate">4600 250 -4500</translate>
                </node>
                <node id="obj_2" name="0x36_Tilting_Platform">
                    <translate sid="translate">154 -1919 -6256</translate>
                    <rotate sid="rotateZ">0 0 1 0</rotate>
                    <rotate sid="rotateY">0 1 0 270</rotate>
                    <rotate sid="rotateX">1 0 0 0</rotate>
                </node>
                <node id="obj_3" name="0x36_Tilting_Platform">
                    <translate sid="translate">-2047 -3378 -2047</translate>
                </node>
                <node id="obj_4" name="0x37_Two_Checkerboard_Elevators">
                    <translate sid="translate">3251 -1082 -6256</translate>
                    <rotate sid="rotateZ">0 0 1 0</rotate>
                    <rotate sid="rotateY">0 1 0 270</rotate>
                    <rotate sid="rotateX">1 0 0 0</rotate>
                </node>
                <node id="obj_5" name="0x37_Two_Checkerboard_Elevators">
                    <translate sid="translate">2355 -1901 -6256</translate>
                    <rotate sid="rotateZ">0 0 1 0</rotate>
                    <rotate sid="rotateY">0 1 0 270</rotate>
                    <rotate sid="rotateX">1 0 0 0</rotate>
                </node>
                <node id="obj_6" name="0x37_Two_Checkerboard_Elevators">
                    <translate sid="translate">1459 -1594 -6256</translate>
                    <rotate sid="rotateZ">0 0 1 0</rotate>
                    <rotate sid="rotateY">0 1 0 90</rotate>
                    <rotate sid="rotateX">1 0 0 0</rotate>
                </node>
                <node id="obj_7" name="0x37_Two_Checkerboard_Elevators">
                    <translate sid="translate">-1151 -2413 -6256</translate>
                    <rotate sid="rotateZ">0 0 1 0</rotate>
                    <rotate sid="rotateY">0 1 0 270</rotate>
                    <rotate sid="rotateX">1 0 0 0</rotate>
                </node>
                <node id="obj_8" name="0x55_Cap_Switch">
                    <translate sid="translate">4506 26 -6246</translate>
                </node>
                <node id="obj_9" name="0x89_[!]_Box">
                    <translate sid="translate">-3434 2951 -3076</translate>
                </node>
                <node id="obj_10" name="0xD4_1-up_Mushroom">
                    <translate sid="translate">-4711 1594 -2532</translate>
                </node>
                <node id="obj_11" name="0xD4_1-up_Mushroom">
                    <translate sid="translate">-5952 -393 -1141</translate>
                </node>
                <node id="obj_12" name="0x89_[!]_Box">
                    <translate sid="translate">3980 300 -6220</translate>
                </node>
                <node id="obj_13" name="0x0_Hidden_1-up_Trigger">
                    <translate sid="translate">4200 0 -4940</translate>
                </node>
                <node id="obj_14" name="0x0_Hidden_1-up_Trigger">
                    <translate sid="translate">4740 0 -4940</translate>
                </node>
                <node id="obj_15" name="0x0_Hidden_1-up_Trigger">
                    <translate sid="translate">4740 0 -4400</translate>
                </node>
                <node id="obj_16" name="0xD4_1-up_Mushroom_(hidden)">
                    <translate sid="translate">4460 0 -4700</translate>
                </node>
                <node id="obj_17" name="0x74_Yellow_Coin">
                    <translate sid="translate">4200 0 -4940</translate>
                </node>
                <node id="obj_18" name="0x74_Yellow_Coin">
                    <translate sid="translate">4740 0 -4940</translate>
                </node>
                <node id="obj_19" name="0x74_Yellow_Coin">
                    <translate sid="translate">4740 0 -4400</translate>
                </node>
                <node id="obj_20" name="0x0_Coin_Formation">
                    <translate sid="translate">-2100 -3276 20</translate>
                </node>
                <node id="obj_21" name="0xC2_Amp">
                    <translate sid="translate">-2100 -2800 -3866</translate>
                </node>
                <node id="obj_22" name="0x89_[!]_Box">
                    <translate sid="translate">-2145 -2160 -5963</translate>
                </node>
                <node id="obj_23" name="0xD7_Red_Coin">
                    <translate sid="translate">-5920 4575 -4618</translate>
                </node>
                <node id="obj_24" name="0xD7_Red_Coin">
                    <translate sid="translate">-4740 3581 -3854</translate>
                </node>
                <node id="obj_25" name="0xD7_Red_Coin">
                    <translate sid="translate">-4727 -227 -1161</translate>
                </node>
                <node id="obj_26" name="0xD7_Red_Coin">
                    <translate sid="translate">-3418 -559 -836</translate>
                </node>
                <node id="obj_27" name="0xD7_Red_Coin">
                    <translate sid="translate">-600 -1400 -6300</translate>
                </node>
                <node id="obj_28" name="0xD7_Red_Coin">
                    <translate sid="translate">900 -1400 -6300</translate>
                </node>
                <node id="obj_29" name="0xD7_Red_Coin">
                    <translate sid="translate">2750 -800 -6300</translate>
                </node>
                <node id="obj_30" name="0xD7_Red_Coin">
                    <translate sid="translate">4509 0 -5527</translate>
                </node>
                <node id="obj_31" name="0xB4_Fire_Spewer">
                    <translate sid="translate">-1740 -3240 1580</translate>
                </node>
                <node id="obj_32" name="0xB4_Fire_Spewer">
                    <translate sid="translate">-2400 -3240 600</translate>
                </node>
                <node id="obj_33" name="0xB4_Fire_Spewer">
                    <translate sid="translate">-1740 -3240 0</translate>
                </node>
                <node id="obj_34" name="0xB4_Fire_Spewer">
                    <translate sid="translate">-2400 -3240 -1079</translate>
                </node>
                <node id="obj_35" name="0xB4_Fire_Spewer">
                    <translate sid="translate">-2920 -3240 880</translate>
                </node>
                <node id="obj_36" name="0xB4_Fire_Spewer">
                    <translate sid="translate">-4000 -3240 1600</translate>
                </node>
                <node id="obj_37" name="0x89_[!]_Box">
                    <translate sid="translate">-6020 -2976 1240</translate>
                </node>
                <node id="obj_38" name="0xB4_Fire_Spewer">
                    <translate sid="translate">-2100 -2840 -3866</translate>
                </node>
                <node id="obj_39" name="0xB4_Fire_Spewer">
                    <translate sid="translate">-4600 5760 -6140</translate>
                </node>
                <node id="obj_40" name="0x0_Undefined_Combo_(0x0,_0x0)">
                    <translate sid="translate">-6143 5734 -6143</translate>
                </node>
            </node>
        </visual_scene>
    </library_visual_scenes>
    <scene>
        <instance_visual_scene url="#VisualSceneNode"/>
    </scene>
</COLLADA>
