<?xml version="1.0"?>
<COLLADA xmlns="http://www.collada.org/2005/11/COLLADASchema" version="1.4.1">
    <asset>
        <contributor>
            <authoring_tool>Supear Mardian SixDaeFour</authoring_tool>
        </contributor>
        <created>2026-03-09T03:27:38.159Z</created>
        <modified>2026-03-09T03:27:38.159Z</modified>
		<unit meter="0.01" name="meter" />
        <up_axis>Z_UP</up_axis>
    </asset>
    <library_images>
        <image id="tex_0">
            <init_from>tex_9000000.png</init_from>
        </image>
        <image id="tex_1">
            <init_from>tex_9006000.png</init_from>
        </image>
        <image id="tex_2">
            <init_from>tex_900A000.png</init_from>
        </image>
        <image id="tex_3">
            <init_from>tex_9007800.png</init_from>
        </image>
        <image id="tex_4">
            <init_from>tex_9003000.png</init_from>
        </image>
        <image id="tex_5">
            <init_from>tex_9009000.png</init_from>
        </image>
        <image id="tex_6">
            <init_from>tex_9004800.png</init_from>
        </image>
        <image id="tex_7">
            <init_from>tex_9002000.png</init_from>
        </image>
        <image id="tex_8">
            <init_from>tex_9001000.png</init_from>
        </image>
        <image id="tex_9">
            <init_from>tex_9006800.png</init_from>
        </image>
        <image id="tex_10">
            <init_from>tex_0.png</init_from>
        </image>
        <image id="tex_11">
            <init_from>tex_900B000.png</init_from>
        </image>
        <image id="tex_12">
            <init_from>tex_9004000.png</init_from>
        </image>
        <image id="tex_13">
            <init_from>tex_9008000.png</init_from>
        </image>
        <image id="tex_14">
            <init_from>tex_9009800.png</init_from>
        </image>
        <image id="tex_15">
            <init_from>tex_900B400.png</init_from>
        </image>
        <image id="tex_16">
            <init_from>tex_9003800.png</init_from>
        </image>
        <image id="tex_17">
            <init_from>tex_7000000.png</init_from>
        </image>
        <image id="tex_18">
            <init_from>tex_900BC00.png</init_from>
        </image>
        <image id="tex_19">
            <init_from>tex_900A800.png</init_from>
        </image>
        <image id="tex_20">
            <init_from>tex_7001000.png</init_from>
        </image>
        <image id="tex_21">
            <init_from>tex_7002000.png</init_from>
        </image>
        <image id="tex_22">
            <init_from>tex_2014AB8.png</init_from>
        </image>
        <image id="tex_23">
            <init_from>tex_2014AB8.png</init_from>
        </image>
        <image id="tex_24">
            <init_from>tex_2014AB8.png</init_from>
        </image>
        <image id="tex_vertexColors">
            <init_from>vertexColors_area1.png</init_from>
        </image>
    </library_images>
    <library_effects>
        <effect id="effect0">
            <profile_COMMON>
                <newparam sid="surface0">
                    <surface type="2D">
                        <init_from>tex_0</init_from>
                    </surface>
                </newparam>
                <newparam sid="sampler0">
                    <sampler2D>
                        <source>surface0</source>
                    </sampler2D>
                </newparam>
                <technique sid="COMMON">
                    <blinn>
                        <diffuse>
                            <texture texture="sampler0" texcoord="UVSET0"></texture>
                        </diffuse>
                    </blinn>
                </technique>
            </profile_COMMON>
        </effect>
        <effect id="effect1">
            <profile_COMMON>
                <newparam sid="surface1">
                    <surface type="2D">
                        <init_from>tex_1</init_from>
                    </surface>
                </newparam>
                <newparam sid="sampler1">
                    <sampler2D>
                        <source>surface1</source>
                    </sampler2D>
                </newparam>
                <technique sid="COMMON">
                    <blinn>
                        <diffuse>
                            <texture texture="sampler1" texcoord="UVSET0"></texture>
                        </diffuse>
                    </blinn>
                </technique>
            </profile_COMMON>
        </effect>
        <effect id="effect2">
            <profile_COMMON>
                <newparam sid="surface2">
                    <surface type="2D">
                        <init_from>tex_2</init_from>
                    </surface>
                </newparam>
                <newparam sid="sampler2">
                    <sampler2D>
                        <source>surface2</source>
                    </sampler2D>
                </newparam>
                <technique sid="COMMON">
                    <blinn>
                        <diffuse>
                            <texture texture="sampler2" texcoord="UVSET0"></texture>
                        </diffuse>
                    </blinn>
                </technique>
            </profile_COMMON>
        </effect>
        <effect id="effect3">
            <profile_COMMON>
                <newparam sid="surface3">
                    <surface type="2D">
                        <init_from>tex_3</init_from>
                    </surface>
                </newparam>
                <newparam sid="sampler3">
                    <sampler2D>
                        <source>surface3</source>
                    </sampler2D>
                </newparam>
                <technique sid="COMMON">
                    <blinn>
                        <diffuse>
                            <texture texture="sampler3" texcoord="UVSET0"></texture>
                        </diffuse>
                    </blinn>
                </technique>
            </profile_COMMON>
        </effect>
        <effect id="effect4">
            <profile_COMMON>
                <newparam sid="surface4">
                    <surface type="2D">
                        <init_from>tex_4</init_from>
                    </surface>
                </newparam>
                <newparam sid="sampler4">
                    <sampler2D>
                        <source>surface4</source>
                    </sampler2D>
                </newparam>
                <technique sid="COMMON">
                    <blinn>
                        <diffuse>
                            <texture texture="sampler4" texcoord="UVSET0"></texture>
                        </diffuse>
                    </blinn>
                </technique>
            </profile_COMMON>
        </effect>
        <effect id="effect5">
            <profile_COMMON>
                <newparam sid="surface5">
                    <surface type="2D">
                        <init_from>tex_5</init_from>
                    </surface>
                </newparam>
                <newparam sid="sampler5">
                    <sampler2D>
                        <source>surface5</source>
                    </sampler2D>
                </newparam>
                <technique sid="COMMON">
                    <blinn>
                        <diffuse>
                            <texture texture="sampler5" texcoord="UVSET0"></texture>
                        </diffuse>
                    </blinn>
                </technique>
            </profile_COMMON>
        </effect>
        <effect id="effect6">
            <profile_COMMON>
                <newparam sid="surface6">
                    <surface type="2D">
                        <init_from>tex_6</init_from>
                    </surface>
                </newparam>
                <newparam sid="sampler6">
                    <sampler2D>
                        <source>surface6</source>
                    </sampler2D>
                </newparam>
                <technique sid="COMMON">
                    <blinn>
                        <diffuse>
                            <texture texture="sampler6" texcoord="UVSET0"></texture>
                        </diffuse>
                    </blinn>
                </technique>
            </profile_COMMON>
        </effect>
        <effect id="effect7">
            <profile_COMMON>
                <newparam sid="surface7">
                    <surface type="2D">
                        <init_from>tex_7</init_from>
                    </surface>
                </newparam>
                <newparam sid="sampler7">
                    <sampler2D>
                        <source>surface7</source>
                    </sampler2D>
                </newparam>
                <technique sid="COMMON">
                    <blinn>
                        <diffuse>
                            <texture texture="sampler7" texcoord="UVSET0"></texture>
                        </diffuse>
                    </blinn>
                </technique>
            </profile_COMMON>
        </effect>
        <effect id="effect8">
            <profile_COMMON>
                <newparam sid="surface8">
                    <surface type="2D">
                        <init_from>tex_8</init_from>
                    </surface>
                </newparam>
                <newparam sid="sampler8">
                    <sampler2D>
                        <source>surface8</source>
                    </sampler2D>
                </newparam>
                <technique sid="COMMON">
                    <blinn>
                        <diffuse>
                            <texture texture="sampler8" texcoord="UVSET0"></texture>
                        </diffuse>
                    </blinn>
                </technique>
            </profile_COMMON>
        </effect>
        <effect id="effect9">
            <profile_COMMON>
                <newparam sid="surface9">
                    <surface type="2D">
                        <init_from>tex_9</init_from>
                    </surface>
                </newparam>
                <newparam sid="sampler9">
                    <sampler2D>
                        <source>surface9</source>
                    </sampler2D>
                </newparam>
                <technique sid="COMMON">
                    <blinn>
                        <diffuse>
                            <texture texture="sampler9" texcoord="UVSET0"></texture>
                        </diffuse>
                    </blinn>
                </technique>
            </profile_COMMON>
        </effect>
        <effect id="effect10">
            <profile_COMMON>
                <newparam sid="surface10">
                    <surface type="2D">
                        <init_from>tex_10</init_from>
                    </surface>
                </newparam>
                <newparam sid="sampler10">
                    <sampler2D>
                        <source>surface10</source>
                    </sampler2D>
                </newparam>
                <technique sid="COMMON">
                    <blinn>
                        <diffuse>
                            <texture texture="sampler10" texcoord="UVSET0"></texture>
                        </diffuse>
                    </blinn>
                </technique>
            </profile_COMMON>
        </effect>
        <effect id="effect11">
            <profile_COMMON>
                <newparam sid="surface11">
                    <surface type="2D">
                        <init_from>tex_11</init_from>
                    </surface>
                </newparam>
                <newparam sid="sampler11">
                    <sampler2D>
                        <source>surface11</source>
                    </sampler2D>
                </newparam>
                <technique sid="COMMON">
                    <blinn>
                        <diffuse>
                            <texture texture="sampler11" texcoord="UVSET0"></texture>
                        </diffuse>
                    </blinn>
                </technique>
            </profile_COMMON>
        </effect>
        <effect id="effect12">
            <profile_COMMON>
                <newparam sid="surface12">
                    <surface type="2D">
                        <init_from>tex_12</init_from>
                    </surface>
                </newparam>
                <newparam sid="sampler12">
                    <sampler2D>
                        <source>surface12</source>
                    </sampler2D>
                </newparam>
                <technique sid="COMMON">
                    <blinn>
                        <diffuse>
                            <texture texture="sampler12" texcoord="UVSET0"></texture>
                        </diffuse>
                    </blinn>
                </technique>
            </profile_COMMON>
        </effect>
        <effect id="effect13">
            <profile_COMMON>
                <newparam sid="surface13">
                    <surface type="2D">
                        <init_from>tex_13</init_from>
                    </surface>
                </newparam>
                <newparam sid="sampler13">
                    <sampler2D>
                        <source>surface13</source>
                    </sampler2D>
                </newparam>
                <technique sid="COMMON">
                    <blinn>
                        <diffuse>
                            <texture texture="sampler13" texcoord="UVSET0"></texture>
                        </diffuse>
                    </blinn>
                </technique>
            </profile_COMMON>
        </effect>
        <effect id="effect14">
            <profile_COMMON>
                <newparam sid="surface14">
                    <surface type="2D">
                        <init_from>tex_14</init_from>
                    </surface>
                </newparam>
                <newparam sid="sampler14">
                    <sampler2D>
                        <source>surface14</source>
                    </sampler2D>
                </newparam>
                <technique sid="COMMON">
                    <blinn>
                        <diffuse>
                            <texture texture="sampler14" texcoord="UVSET0"></texture>
                        </diffuse>
                    </blinn>
                </technique>
            </profile_COMMON>
        </effect>
        <effect id="effect15">
            <profile_COMMON>
                <newparam sid="surface15">
                    <surface type="2D">
                        <init_from>tex_15</init_from>
                    </surface>
                </newparam>
                <newparam sid="sampler15">
                    <sampler2D>
                        <source>surface15</source>
                    </sampler2D>
                </newparam>
                <technique sid="COMMON">
                    <blinn>
                        <diffuse>
                            <texture texture="sampler15" texcoord="UVSET0"></texture>
                        </diffuse>
                    </blinn>
                </technique>
            </profile_COMMON>
        </effect>
        <effect id="effect16">
            <profile_COMMON>
                <newparam sid="surface16">
                    <surface type="2D">
                        <init_from>tex_16</init_from>
                    </surface>
                </newparam>
                <newparam sid="sampler16">
                    <sampler2D>
                        <source>surface16</source>
                    </sampler2D>
                </newparam>
                <technique sid="COMMON">
                    <blinn>
                        <diffuse>
                            <texture texture="sampler16" texcoord="UVSET0"></texture>
                        </diffuse>
                    </blinn>
                </technique>
            </profile_COMMON>
        </effect>
        <effect id="effect17">
            <profile_COMMON>
                <newparam sid="surface17">
                    <surface type="2D">
                        <init_from>tex_17</init_from>
                    </surface>
                </newparam>
                <newparam sid="sampler17">
                    <sampler2D>
                        <source>surface17</source>
                    </sampler2D>
                </newparam>
                <technique sid="COMMON">
                    <blinn>
                        <diffuse>
                            <texture texture="sampler17" texcoord="UVSET0"></texture>
                        </diffuse>
                    </blinn>
                </technique>
            </profile_COMMON>
        </effect>
        <effect id="effect18">
            <profile_COMMON>
                <newparam sid="surface18">
                    <surface type="2D">
                        <init_from>tex_18</init_from>
                    </surface>
                </newparam>
                <newparam sid="sampler18">
                    <sampler2D>
                        <source>surface18</source>
                    </sampler2D>
                </newparam>
                <technique sid="COMMON">
                    <blinn>
                        <diffuse>
                            <texture texture="sampler18" texcoord="UVSET0"></texture>
                        </diffuse>
                    </blinn>
                </technique>
            </profile_COMMON>
        </effect>
        <effect id="effect19">
            <profile_COMMON>
                <newparam sid="surface19">
                    <surface type="2D">
                        <init_from>tex_19</init_from>
                    </surface>
                </newparam>
                <newparam sid="sampler19">
                    <sampler2D>
                        <source>surface19</source>
                    </sampler2D>
                </newparam>
                <technique sid="COMMON">
                    <blinn>
                        <diffuse>
                            <texture texture="sampler19" texcoord="UVSET0"></texture>
                        </diffuse>
                    </blinn>
                </technique>
            </profile_COMMON>
        </effect>
        <effect id="effect20">
            <profile_COMMON>
                <newparam sid="surface20">
                    <surface type="2D">
                        <init_from>tex_20</init_from>
                    </surface>
                </newparam>
                <newparam sid="sampler20">
                    <sampler2D>
                        <source>surface20</source>
                    </sampler2D>
                </newparam>
                <technique sid="COMMON">
                    <blinn>
                        <diffuse>
                            <texture texture="sampler20" texcoord="UVSET0"></texture>
                        </diffuse>
                    </blinn>
                </technique>
            </profile_COMMON>
        </effect>
        <effect id="effect21">
            <profile_COMMON>
                <newparam sid="surface21">
                    <surface type="2D">
                        <init_from>tex_21</init_from>
                    </surface>
                </newparam>
                <newparam sid="sampler21">
                    <sampler2D>
                        <source>surface21</source>
                    </sampler2D>
                </newparam>
                <technique sid="COMMON">
                    <blinn>
                        <diffuse>
                            <texture texture="sampler21" texcoord="UVSET0"></texture>
                        </diffuse>
                    </blinn>
                </technique>
            </profile_COMMON>
        </effect>
        <effect id="effect22">
            <profile_COMMON>
                <newparam sid="surface22">
                    <surface type="2D">
                        <init_from>tex_22</init_from>
                    </surface>
                </newparam>
                <newparam sid="sampler22">
                    <sampler2D>
                        <source>surface22</source>
                    </sampler2D>
                </newparam>
                <technique sid="COMMON">
                    <blinn>
                        <diffuse>
                            <texture texture="sampler22" texcoord="UVSET0"></texture>
                        </diffuse>
                    </blinn>
                </technique>
            </profile_COMMON>
        </effect>
        <effect id="effect23">
            <profile_COMMON>
                <newparam sid="surface23">
                    <surface type="2D">
                        <init_from>tex_23</init_from>
                    </surface>
                </newparam>
                <newparam sid="sampler23">
                    <sampler2D>
                        <source>surface23</source>
                    </sampler2D>
                </newparam>
                <technique sid="COMMON">
                    <blinn>
                        <diffuse>
                            <texture texture="sampler23" texcoord="UVSET0"></texture>
                        </diffuse>
                    </blinn>
                </technique>
            </profile_COMMON>
        </effect>
        <effect id="effect24">
            <profile_COMMON>
                <newparam sid="surface24">
                    <surface type="2D">
                        <init_from>tex_24</init_from>
                    </surface>
                </newparam>
                <newparam sid="sampler24">
                    <sampler2D>
                        <source>surface24</source>
                    </sampler2D>
                </newparam>
                <technique sid="COMMON">
                    <blinn>
                        <diffuse>
                            <texture texture="sampler24" texcoord="UVSET0"></texture>
                        </diffuse>
                    </blinn>
                </technique>
            </profile_COMMON>
        </effect>
        <effect id="effect25">
            <profile_COMMON>
                <newparam sid="surface25">
                    <surface type="2D">
                        <init_from>tex_vertexColors</init_from>
                    </surface>
                </newparam>
                <newparam sid="sampler25">
                    <sampler2D>
                        <source>surface25</source>
                    </sampler2D>
                </newparam>
                <technique sid="COMMON">
                    <blinn>
                        <diffuse>
                            <texture texture="sampler25" texcoord="UVSET0"></texture>
                        </diffuse>
                    </blinn>
                </technique>
            </profile_COMMON>
        </effect>
    </library_effects>
    <library_materials>
        <material id="mat0" name="Mat0">
            <instance_effect url="#effect0"/>
        </material>
        <material id="mat1" name="Mat1">
            <instance_effect url="#effect1"/>
        </material>
        <material id="mat2" name="Mat2">
            <instance_effect url="#effect2"/>
        </material>
        <material id="mat3" name="Mat3">
            <instance_effect url="#effect3"/>
        </material>
        <material id="mat4" name="Mat4">
            <instance_effect url="#effect4"/>
        </material>
        <material id="mat5" name="Mat5">
            <instance_effect url="#effect5"/>
        </material>
        <material id="mat6" name="Mat6">
            <instance_effect url="#effect6"/>
        </material>
        <material id="mat7" name="Mat7">
            <instance_effect url="#effect7"/>
        </material>
        <material id="mat8" name="Mat8">
            <instance_effect url="#effect8"/>
        </material>
        <material id="mat9" name="Mat9">
            <instance_effect url="#effect9"/>
        </material>
        <material id="mat10" name="Mat10">
            <instance_effect url="#effect10"/>
        </material>
        <material id="mat11" name="Mat11">
            <instance_effect url="#effect11"/>
        </material>
        <material id="mat12" name="Mat12">
            <instance_effect url="#effect12"/>
        </material>
        <material id="mat13" name="Mat13">
            <instance_effect url="#effect13"/>
        </material>
        <material id="mat14" name="Mat14">
            <instance_effect url="#effect14"/>
        </material>
        <material id="mat15" name="Mat15">
            <instance_effect url="#effect15"/>
        </material>
        <material id="mat16" name="Mat16">
            <instance_effect url="#effect16"/>
        </material>
        <material id="mat17" name="Mat17">
            <instance_effect url="#effect17"/>
        </material>
        <material id="mat18" name="Mat18">
            <instance_effect url="#effect18"/>
        </material>
        <material id="mat19" name="Mat19">
            <instance_effect url="#effect19"/>
        </material>
        <material id="mat20" name="Mat20">
            <instance_effect url="#effect20"/>
        </material>
        <material id="mat21" name="Mat21">
            <instance_effect url="#effect21"/>
        </material>
        <material id="mat22" name="Mat22">
            <instance_effect url="#effect22"/>
        </material>
        <material id="mat23" name="Mat23">
            <instance_effect url="#effect23"/>
        </material>
        <material id="mat24" name="Mat24">
            <instance_effect url="#effect24"/>
        </material>
        <material id="mat25" name="vertexColors">
            <instance_effect url="#effect25"/>
        </material>
    </library_materials>
    <library_geometries>
        <geometry id="meshMesh0_1">
            <mesh>
                <source id="pointsMesh0_1">
                    <float_array id="pointarrayMesh0_1" count="153">3784 -1330 590 5019 -1330 140 4897 -972 -194 3662 -972 254 -3541 -921 -3361 -4686 -921 -3361 -4686 -869 -3151 3495 -665 -201 4597 -665 -1016 3362 -665 -567 4730 -665 -651 3495 -869 -201 4897 -921 -194 4730 -869 -651 3662 -921 254 -3481 -716 -3361 -3912 -716 -3151 -3481 -716 -3151 -3788 -716 -3361 -3912 -869 -3151 -4796 -511 -168 -1023 -511 -162 -3225 -511 -1871 -3532 -511 -1871 -3532 -511 -2178 -3515 -511 -3151 -1023 -511 -2553 -3225 -511 -2178 -3515 -511 -3151 -3532 -511 -2178 -3225 -511 -2178 -3481 -1228 -3663 -4703 -1228 -3663 -3541 -972 -3361 -4686 -972 -3361 3362 -511 -567 4597 -511 -1016 3072 -511 -2741 5052 -511 -2053 4407 -511 -3689 3482 -511 -3663 -4796 -511 -3151 2321 -511 -162 3072 -511 -2741 83 -511 -2766 83 -511 -162 3362 -511 -567 83 -511 -162 83 -511 -2766 -1023 -511 -162 -1023 -511 -2553</float_array>
                    <technique_common>
                        <accessor count="51" source="#pointarrayMesh0_1" stride="3">
                            <param name="X" type="float"/>
                            <param name="Y" type="float"/>
                            <param name="Z" type="float"/>
                        </accessor>
                    </technique_common>
                </source>
                <source id="uvsMesh0_1">
                    <float_array id="uvarrayMesh0_1" count="102">0 0.115234375 0 6.521484375 3.216796875 6.51953125 3.216796875 0.115234375 1.505859375 3.52734375 1.505859375 -2.052734375 0.482421875 -2.052734375 0 2.4453125 1.466796875 -3.95703125 1.466796875 2.4453125 0 -3.95703125 2.78125 2.4453125 0 -3.95703125 2.78125 -3.95703125 0 2.4453125 1.505859375 3.818359375 0.482421875 1.71875 0.482421875 3.818359375 1.505859375 2.3203125 0.482421875 1.71875 0.001953125 18.751953125 0 0.36328125 8.296875 11.09375 8.296875 12.58984375 9.794921875 12.58984375 14.53515625 12.5078125 11.62109375 0.36328125 9.794921875 11.09375 14.53515625 28.4765625 9.794921875 28.55859375 9.794921875 27.0625 0.966796875 1 0.966796875 -4.923828125 -1.314453125 0.736328125 -1.314453125 -4.841796875 1.943359375 -5.041015625 4.1328125 -11.060546875 12.5390625 -3.626953125 9.18359375 -13.2734375 17.15625 -10.130859375 17.03125 -5.623046875 14.53515625 18.751953125 0 0.033203125 12.5390625 -3.626953125 12.66015625 10.9375 0 10.9375 1.943359375 -5.041015625 0 10.9375 12.66015625 10.9375 0 16.33203125 11.62109375 16.33203125</float_array>
                    <technique_common>
                        <accessor count="51" source="#uvarrayMesh0_1" stride="2">
                            <param name="S" type="float"/>
                            <param name="T" type="float"/>
                        </accessor>
                    </technique_common>
                </source>
                <vertices id="verticesMesh0_1">
                    <input semantic="POSITION" source="#pointsMesh0_1"/>
                </vertices>
                <polylist count="30" material="Material1">
                    <input offset="0" semantic="VERTEX" source="#verticesMesh0_1"/>
                    <input offset="1" semantic="TEXCOORD" source="#uvsMesh0_1" set="0"/>
                    <vcount>3 3 3 3 3 3 3 3 3 3 3 3 3 3 3 3 3 3 3 3 3 3 3 3 3 3 3 3 3 3</vcount>
                    <p>0 0 1 1 2 2 0 0 2 2 3 3 4 4 5 5 6 6 7 7 8 8 9 9 7 7 10 10 8 8 11 11 12 12 13 13 11 11 14 14 12 12 15 15 16 16 17 17 15 15 18 18 16 16 4 4 6 6 19 19 20 20 21 21 22 22 22 22 23 23 20 20 20 20 23 23 24 24 20 20 24 24 25 25 22 22 21 21 26 26 26 26 27 27 22 22 26 26 25 25 27 27 28 28 29 29 30 30 31 31 32 32 33 33 32 32 34 34 33 33 35 35 36 36 37 37 37 37 36 36 38 38 37 37 38 38 39 39 37 37 39 39 40 40 20 20 25 25 41 41 42 42 43 43 44 44 45 45 42 42 44 44 46 46 43 43 42 42 47 47 48 48 49 49 48 48 50 50 49 49</p>
                </polylist>
            </mesh>
        </geometry>
        <geometry id="meshMesh0_VC1">
            <mesh>
                <source id="pointsMesh0_VC1">
                    <float_array id="pointarrayMesh0_VC1" count="153">3784 -1330 590 5019 -1330 140 4897 -972 -194 3662 -972 254 -3541 -921 -3361 -4686 -921 -3361 -4686 -869 -3151 3495 -665 -201 4597 -665 -1016 3362 -665 -567 4730 -665 -651 3495 -869 -201 4897 -921 -194 4730 -869 -651 3662 -921 254 -3481 -716 -3361 -3912 -716 -3151 -3481 -716 -3151 -3788 -716 -3361 -3912 -869 -3151 -4796 -511 -168 -1023 -511 -162 -3225 -511 -1871 -3532 -511 -1871 -3532 -511 -2178 -3515 -511 -3151 -1023 -511 -2553 -3225 -511 -2178 -3515 -511 -3151 -3532 -511 -2178 -3225 -511 -2178 -3481 -1228 -3663 -4703 -1228 -3663 -3541 -972 -3361 -4686 -972 -3361 3362 -511 -567 4597 -511 -1016 3072 -511 -2741 5052 -511 -2053 4407 -511 -3689 3482 -511 -3663 -4796 -511 -3151 2321 -511 -162 3072 -511 -2741 83 -511 -2766 83 -511 -162 3362 -511 -567 83 -511 -162 83 -511 -2766 -1023 -511 -162 -1023 -511 -2553</float_array>
                    <technique_common>
                        <accessor count="51" source="#pointarrayMesh0_VC1" stride="3">
                            <param name="X" type="float"/>
                            <param name="Y" type="float"/>
                            <param name="Z" type="float"/>
                        </accessor>
                    </technique_common>
                </source>
                <source id="uvsMesh0_VC1">
                    <float_array id="uvarrayMesh0_VC1" count="180">0.0078125 0.75 0.0078125 0.75 0.0078125 0.75 0.0078125 0.75 0.0078125 0.75 0.0078125 0.75 0.0390625 0.75 0.0390625 0.75 0.0390625 0.75 0.0390625 0.75 0.0390625 0.75 0.0390625 0.75 0.0390625 0.75 0.0390625 0.75 0.0390625 0.75 0.0390625 0.75 0.0390625 0.75 0.0390625 0.75 0.0390625 0.75 0.0390625 0.75 0.0390625 0.75 0.0390625 0.75 0.0390625 0.75 0.0390625 0.75 0.0390625 0.75 0.0390625 0.75 0.0390625 0.75 0.0390625 0.75 0.0390625 0.75 0.0390625 0.75 0.0703125 0.75 0.0703125 0.75 0.0703125 0.75 0.0703125 0.75 0.0703125 0.75 0.0703125 0.75 0.0703125 0.75 0.0703125 0.75 0.0703125 0.75 0.0703125 0.75 0.0703125 0.75 0.0703125 0.75 0.0703125 0.75 0.0703125 0.75 0.0703125 0.75 0.0703125 0.75 0.0703125 0.75 0.0703125 0.75 0.0703125 0.75 0.0703125 0.75 0.0703125 0.75 0.0703125 0.75 0.0703125 0.75 0.0703125 0.75 0.1015625 0.75 0.1015625 0.75 0.1015625 0.75 0.1015625 0.75 0.1015625 0.75 0.1015625 0.75 0.0390625 0.75 0.0390625 0.75 0.0390625 0.75 0.0390625 0.75 0.0390625 0.75 0.0390625 0.75 0.0390625 0.75 0.0390625 0.75 0.0390625 0.75 0.0390625 0.75 0.0390625 0.75 0.0390625 0.75 0.0703125 0.75 0.0703125 0.75 0.0703125 0.75 0.0703125 0.75 0.0703125 0.75 0.0703125 0.75 0.0703125 0.75 0.0703125 0.75 0.0703125 0.75 0.0703125 0.75 0.0703125 0.75 0.0703125 0.75 0.1328125 0.75 0.1328125 0.75 0.1328125 0.75 0.1328125 0.75 0.1328125 0.75 0.1328125 0.75</float_array>
                    <technique_common>
                        <accessor count="90" source="#uvarrayMesh0_VC1" stride="2">
                            <param name="S" type="float"/>
                            <param name="T" type="float"/>
                        </accessor>
                    </technique_common>
                </source>
                <vertices id="verticesMesh0_VC1">
                    <input semantic="POSITION" source="#pointsMesh0_VC1"/>
                </vertices>
                <polylist count="30" material="Material1">
                    <input offset="0" semantic="VERTEX" source="#verticesMesh0_VC1"/>
                    <input offset="1" semantic="TEXCOORD" source="#uvsMesh0_VC1" set="0"/>
                    <vcount>3 3 3 3 3 3 3 3 3 3 3 3 3 3 3 3 3 3 3 3 3 3 3 3 3 3 3 3 3 3</vcount>
                    <p>0 0 1 1 2 2 0 3 2 4 3 5 4 6 5 7 6 8 7 9 8 10 9 11 7 12 10 13 8 14 11 15 12 16 13 17 11 18 14 19 12 20 15 21 16 22 17 23 15 24 18 25 16 26 4 27 6 28 19 29 20 30 21 31 22 32 22 33 23 34 20 35 20 36 23 37 24 38 20 39 24 40 25 41 22 42 21 43 26 44 26 45 27 46 22 47 26 48 25 49 27 50 28 51 29 52 30 53 31 54 32 55 33 56 32 57 34 58 33 59 35 60 36 61 37 62 37 63 36 64 38 65 37 66 38 67 39 68 37 69 39 70 40 71 20 72 25 73 41 74 42 75 43 76 44 77 45 78 42 79 44 80 46 81 43 82 42 83 47 84 48 85 49 86 48 87 50 88 49 89</p>
                </polylist>
            </mesh>
        </geometry>
        <geometry id="meshMesh1_1">
            <mesh>
                <source id="pointsMesh1_1">
                    <float_array id="pointarrayMesh1_1" count="12">-562 803 -3718 563 803 -3206 563 803 -3718 -562 803 -3206</float_array>
                    <technique_common>
                        <accessor count="4" source="#pointarrayMesh1_1" stride="3">
                            <param name="X" type="float"/>
                            <param name="Y" type="float"/>
                            <param name="Z" type="float"/>
                        </accessor>
                    </technique_common>
                </source>
                <source id="uvsMesh1_1">
                    <float_array id="uvarrayMesh1_1" count="8">0 0.998046875 0.966796875 0.033203125 0.966796875 0.998046875 0 0.033203125</float_array>
                    <technique_common>
                        <accessor count="4" source="#uvarrayMesh1_1" stride="2">
                            <param name="S" type="float"/>
                            <param name="T" type="float"/>
                        </accessor>
                    </technique_common>
                </source>
                <vertices id="verticesMesh1_1">
                    <input semantic="POSITION" source="#pointsMesh1_1"/>
                </vertices>
                <polylist count="2" material="Material1">
                    <input offset="0" semantic="VERTEX" source="#verticesMesh1_1"/>
                    <input offset="1" semantic="TEXCOORD" source="#uvsMesh1_1" set="0"/>
                    <vcount>3 3</vcount>
                    <p>0 0 1 1 2 2 0 0 3 3 1 1</p>
                </polylist>
            </mesh>
        </geometry>
        <geometry id="meshMesh1_VC1">
            <mesh>
                <source id="pointsMesh1_VC1">
                    <float_array id="pointarrayMesh1_VC1" count="12">-562 803 -3718 563 803 -3206 563 803 -3718 -562 803 -3206</float_array>
                    <technique_common>
                        <accessor count="4" source="#pointarrayMesh1_VC1" stride="3">
                            <param name="X" type="float"/>
                            <param name="Y" type="float"/>
                            <param name="Z" type="float"/>
                        </accessor>
                    </technique_common>
                </source>
                <source id="uvsMesh1_VC1">
                    <float_array id="uvarrayMesh1_VC1" count="12">0.0078125 0.75 0.0078125 0.75 0.0078125 0.75 0.0078125 0.75 0.0078125 0.75 0.0078125 0.75</float_array>
                    <technique_common>
                        <accessor count="6" source="#uvarrayMesh1_VC1" stride="2">
                            <param name="S" type="float"/>
                            <param name="T" type="float"/>
                        </accessor>
                    </technique_common>
                </source>
                <vertices id="verticesMesh1_VC1">
                    <input semantic="POSITION" source="#pointsMesh1_VC1"/>
                </vertices>
                <polylist count="2" material="Material1">
                    <input offset="0" semantic="VERTEX" source="#verticesMesh1_VC1"/>
                    <input offset="1" semantic="TEXCOORD" source="#uvsMesh1_VC1" set="0"/>
                    <vcount>3 3</vcount>
                    <p>0 0 1 1 2 2 0 3 3 4 1 5</p>
                </polylist>
            </mesh>
        </geometry>
        <geometry id="meshMesh2_1">
            <mesh>
                <source id="pointsMesh2_1">
                    <float_array id="pointarrayMesh2_1" count="54">3482 -511 -3663 4407 -511 -3689 4409 545 -5437 -450 811 -162 451 906 -796 -450 906 -796 3482 -511 -3663 4409 545 -5437 3468 545 -5438 451 906 -1512 -450 803 -2127 -450 906 -1512 451 803 -2127 451 811 -162 3201 -506 -3347 2875 -506 -3022 3419 -511 -3130 3093 -511 -2804</float_array>
                    <technique_common>
                        <accessor count="18" source="#pointarrayMesh2_1" stride="3">
                            <param name="X" type="float"/>
                            <param name="Y" type="float"/>
                            <param name="Z" type="float"/>
                        </accessor>
                    </technique_common>
                </source>
                <source id="uvsMesh2_1">
                    <float_array id="uvarrayMesh2_1" count="36">0 0.033203125 4.478515625 0.033203125 4.7265625 9.984375 -3.427734375 -0.060546875 0.966796875 3.02734375 -3.427734375 3.02734375 0 0.033203125 4.7265625 9.984375 0.14453125 10.09765625 0.966796875 6.521484375 -3.427734375 9.515625 -3.427734375 6.521484375 0.966796875 9.515625 0.966796875 -0.060546875 2.462890625 3.02734375 -2.025390625 3.02734375 2.462890625 0.033203125 -2.025390625 0.033203125</float_array>
                    <technique_common>
                        <accessor count="18" source="#uvarrayMesh2_1" stride="2">
                            <param name="S" type="float"/>
                            <param name="T" type="float"/>
                        </accessor>
                    </technique_common>
                </source>
                <vertices id="verticesMesh2_1">
                    <input semantic="POSITION" source="#pointsMesh2_1"/>
                </vertices>
                <polylist count="10" material="Material1">
                    <input offset="0" semantic="VERTEX" source="#verticesMesh2_1"/>
                    <input offset="1" semantic="TEXCOORD" source="#uvsMesh2_1" set="0"/>
                    <vcount>3 3 3 3 3 3 3 3 3 3</vcount>
                    <p>0 0 1 1 2 2 3 3 4 4 5 5 6 6 7 7 8 8 9 9 10 10 11 11 9 9 12 12 10 10 4 4 9 9 11 11 4 4 11 11 5 5 3 3 13 13 4 4 14 14 15 15 16 16 15 15 17 17 16 16</p>
                </polylist>
            </mesh>
        </geometry>
        <geometry id="meshMesh2_VC1">
            <mesh>
                <source id="pointsMesh2_VC1">
                    <float_array id="pointarrayMesh2_VC1" count="54">3482 -511 -3663 4407 -511 -3689 4409 545 -5437 -450 811 -162 451 906 -796 -450 906 -796 3482 -511 -3663 4409 545 -5437 3468 545 -5438 451 906 -1512 -450 803 -2127 -450 906 -1512 451 803 -2127 451 811 -162 3201 -506 -3347 2875 -506 -3022 3419 -511 -3130 3093 -511 -2804</float_array>
                    <technique_common>
                        <accessor count="18" source="#pointarrayMesh2_VC1" stride="3">
                            <param name="X" type="float"/>
                            <param name="Y" type="float"/>
                            <param name="Z" type="float"/>
                        </accessor>
                    </technique_common>
                </source>
                <source id="uvsMesh2_VC1">
                    <float_array id="uvarrayMesh2_VC1" count="60">0.0390625 0.75 0.0390625 0.75 0.0390625 0.75 0.0703125 0.75 0.0703125 0.75 0.0703125 0.75 0.0703125 0.75 0.0703125 0.75 0.0703125 0.75 0.0703125 0.75 0.0703125 0.75 0.0703125 0.75 0.0703125 0.75 0.0703125 0.75 0.0703125 0.75 0.0703125 0.75 0.0703125 0.75 0.0703125 0.75 0.0703125 0.75 0.0703125 0.75 0.0703125 0.75 0.0703125 0.75 0.0703125 0.75 0.0703125 0.75 0.1328125 0.75 0.1328125 0.75 0.1328125 0.75 0.1328125 0.75 0.1328125 0.75 0.1328125 0.75</float_array>
                    <technique_common>
                        <accessor count="30" source="#uvarrayMesh2_VC1" stride="2">
                            <param name="S" type="float"/>
                            <param name="T" type="float"/>
                        </accessor>
                    </technique_common>
                </source>
                <vertices id="verticesMesh2_VC1">
                    <input semantic="POSITION" source="#pointsMesh2_VC1"/>
                </vertices>
                <polylist count="10" material="Material1">
                    <input offset="0" semantic="VERTEX" source="#verticesMesh2_VC1"/>
                    <input offset="1" semantic="TEXCOORD" source="#uvsMesh2_VC1" set="0"/>
                    <vcount>3 3 3 3 3 3 3 3 3 3</vcount>
                    <p>0 0 1 1 2 2 3 3 4 4 5 5 6 6 7 7 8 8 9 9 10 10 11 11 9 12 12 13 10 14 4 15 9 16 11 17 4 18 11 19 5 20 3 21 13 22 4 23 14 24 15 25 16 26 15 27 17 28 16 29</p>
                </polylist>
            </mesh>
        </geometry>
        <geometry id="meshMesh3_1">
            <mesh>
                <source id="pointsMesh3_1">
                    <float_array id="pointarrayMesh3_1" count="414">1846 3174 -6131 -1842 3174 -6143 1846 3174 -3571 945 3174 -3574 945 3174 -4199 -3834 3349 -6646 -3154 2339 -6614 -4361 2339 -7116 4362 2339 -7116 3155 2339 -6614 3835 3349 -6646 3484 2339 -7274 -3481 2339 -7274 1846 3174 -6131 -3481 2339 -7274 -2869 2662 -6131 -1842 3174 -6143 -1842 3174 -6143 3484 2339 -7274 1846 3174 -6131 2870 2662 -6131 -1842 3174 -6143 -1842 3174 -3583 945 3174 -3574 945 3174 -4199 -3481 2339 -3663 -3788 2339 -3048 -3212 3349 -3009 2867 2662 -3356 898 2867 -2998 2560 2339 -2741 898 2867 -2998 1024 2460 -2127 1536 2339 -2536 -2559 2339 -2741 -1535 2339 -2536 -897 2867 -2998 -2866 2662 -3356 -1842 3174 -3583 -897 2867 -2998 898 2867 -2998 1846 3174 -3571 -1842 3174 -3583 1846 3174 -3571 1846 3174 -3571 2867 2662 -3356 2870 2662 -6131 1846 3174 -6131 945 2867 -3540 466 4069 -2998 0 3584 -2047 532 2652 -2047 532 2652 -2846 0 3584 -2846 3484 2339 -7274 2870 2662 -6131 2867 2662 -3356 1536 2339 -2536 3213 3349 -3009 3584 2339 -2639 3789 2339 -3048 -3173 2339 -2434 -2559 2339 -2741 -3212 3349 -3009 3482 2339 -3663 -3788 2339 -3048 -3583 2339 -2639 -3212 3349 -3009 -531 2652 -2846 0 3584 -2047 0 3584 -2846 -531 2652 -2047 3213 3349 -3009 2867 2662 -3356 2560 2339 -2741 -4361 2339 -7116 -4369 2339 -6429 -3834 3349 -6646 1024 2460 -2127 466 4069 -2998 -465 4069 -2998 -1023 2460 -2127 -4005 2339 -6151 -3547 2339 -6145 -3834 3349 -6646 3835 3349 -6646 4006 2339 -6151 4370 2339 -6429 -1535 2339 -2536 -1023 2460 -2127 -897 2867 -2998 -2866 2662 -3356 -2869 2662 -6131 -3481 2339 -7274 -3481 2339 -3663 -2866 2662 -3356 -1842 3174 -3583 -2869 2662 -6131 -1842 3174 -6143 -944 2867 -3540 -1023 2460 -2127 -465 4069 -2998 3213 3349 -3009 3482 2339 -3663 2867 2662 -3356 3213 3349 -3009 3789 2339 -3048 3482 2339 -3663 -3547 2339 -6145 -3154 2339 -6614 -3834 3349 -6646 3835 3349 -6646 4370 2339 -6429 4362 2339 -7116 -2559 2339 -2741 -2866 2662 -3356 -3212 3349 -3009 3213 3349 -3009 2560 2339 -2741 3174 2339 -2434 -4369 2339 -6429 -4005 2339 -6151 -3834 3349 -6646 3835 3349 -6646 3155 2339 -6614 3548 2339 -6145 -2866 2662 -3356 -3481 2339 -3663 -3212 3349 -3009 -3583 2339 -2639 -3173 2339 -2434 -3212 3349 -3009 3213 3349 -3009 3174 2339 -2434 3584 2339 -2639 3835 3349 -6646 3548 2339 -6145 4006 2339 -6151</float_array>
                    <technique_common>
                        <accessor count="138" source="#pointarrayMesh3_1" stride="3">
                            <param name="X" type="float"/>
                            <param name="Y" type="float"/>
                            <param name="Z" type="float"/>
                        </accessor>
                    </technique_common>
                </source>
                <source id="uvsMesh3_1">
                    <float_array id="uvarrayMesh3_1" count="276">-8 0.033203125 0.986328125 0.033203125 -8.01953125 6.271484375 -5.826171875 6.271484375 -5.8203125 4.748046875 1.279296875 2.556640625 -0.279296875 0.033203125 2.904296875 0.033203125 -0.529296875 0.033203125 2.65625 0.033203125 1.095703125 2.556640625 0 0.033203125 16.94140625 0.033203125 3.9609375 3.48046875 -1.81640625 -1.6484375 0.966796875 0.033203125 0.94140625 2.828125 12.94921875 3.458984375 2.75390625 -1.654296875 0 2.822265625 0 0.033203125 0.986328125 0.033203125 0.966796875 6.271484375 -5.826171875 6.271484375 -5.8203125 4.748046875 -0.52734375 -0.21484375 1.142578125 -0.21484375 0.6015625 2.564453125 3.4921875 1.546875 -1.3828125 1.939453125 2.462890625 0.033203125 0.85546875 2.22265625 0 0.033203125 1.59375 0.033203125 0 0.033203125 2.513671875 0.033203125 3.818359375 1.939453125 -1.056640625 1.546875 1.279296875 3.14453125 0.025390625 -0.072265625 4.400390625 -0.060546875 6.705078125 1.53125 -2.28125 1.529296875 1.154296875 3.123046875 -5.26953125 2.822265625 -5.794921875 0.0390625 0.966796875 0.033203125 0.966796875 2.822265625 2.58203125 2.4921875 0 4.693359375 0 2.044921875 0 0.033203125 1.466796875 0.033203125 1.466796875 2.044921875 3.751953125 -1.220703125 0.966796875 1 -5.794921875 1 -0.078125 0.033203125 0.490234375 2.775390625 0 0.033203125 0.966796875 0.033203125 0 0.033203125 1.642578125 0.033203125 0.509765625 2.8125 -5.044921875 -1.220703125 0 0.033203125 1.083984375 0.033203125 0.681640625 2.775390625 -0.52734375 0.01953125 0.966796875 2.029296875 -0.52734375 2.029296875 0.966796875 0.01953125 0.806640625 2.833984375 -0.51171875 1.01953125 0.966796875 0.033203125 -0.52734375 -0.21484375 1.142578125 -0.21484375 0.6015625 2.564453125 4.958984375 0.033203125 3.599609375 4.490234375 1.328125 4.490234375 0 0.033203125 0 0.033203125 1.083984375 0.033203125 0.373046875 2.775390625 0.681640625 2.775390625 1.083984375 0.033203125 0 0.033203125 0 0.033203125 1.59375 0.033203125 0.705078125 2.22265625 6.732421875 1 0 1 -2.814453125 -0.650390625 5.982421875 -0.658203125 6.759765625 -0.009765625 6.20703125 2.77734375 -0.00390625 -0.015625 0 2.77734375 -1.64453125 2.072265625 0.966796875 -0.3828125 0.966796875 4.275390625 0.912109375 3.626953125 0 0.025390625 1.927734375 1.16796875 0.509765625 2.8125 0 0.033203125 1.642578125 0.033203125 0 0.033203125 1.642578125 0.033203125 0.509765625 2.8125 0.6015625 2.564453125 1.142578125 -0.21484375 -0.52734375 -0.21484375 -0.056640625 -0.4921875 1.333984375 0.935546875 -0.015625 2.833984375 1.1015625 2.8125 0 0.033203125 1.642578125 0.033203125 0 0.033203125 1.083984375 0.033203125 0.681640625 2.775390625 0.509765625 2.8125 1.642578125 0.033203125 0 0.033203125 -0.873046875 1.26171875 0.83203125 0.123046875 0.025390625 3.35546875 0 0.033203125 1.083984375 0.033203125 0.373046875 2.775390625 0.60546875 2.484375 0 0.033203125 0.966796875 0.033203125 0.373046875 2.775390625 1.083984375 0.033203125 0 0.033203125</float_array>
                    <technique_common>
                        <accessor count="138" source="#uvarrayMesh3_1" stride="2">
                            <param name="S" type="float"/>
                            <param name="T" type="float"/>
                        </accessor>
                    </technique_common>
                </source>
                <vertices id="verticesMesh3_1">
                    <input semantic="POSITION" source="#pointsMesh3_1"/>
                </vertices>
                <polylist count="56" material="Material1">
                    <input offset="0" semantic="VERTEX" source="#verticesMesh3_1"/>
                    <input offset="1" semantic="TEXCOORD" source="#uvsMesh3_1" set="0"/>
                    <vcount>3 3 3 3 3 3 3 3 3 3 3 3 3 3 3 3 3 3 3 3 3 3 3 3 3 3 3 3 3 3 3 3 3 3 3 3 3 3 3 3 3 3 3 3 3 3 3 3 3 3 3 3 3 3 3 3</vcount>
                    <p>0 0 1 1 2 2 3 3 2 2 4 4 5 5 6 6 7 7 8 8 9 9 10 10 11 11 12 12 13 13 14 14 15 15 16 16 12 12 17 17 13 13 18 18 19 19 20 20 21 21 22 22 23 23 21 21 23 23 24 24 25 25 26 26 27 27 28 28 29 29 30 30 31 31 32 32 33 33 34 34 35 35 36 36 34 34 36 36 37 37 37 37 36 36 38 38 39 39 40 40 41 41 42 42 39 39 41 41 29 29 28 28 43 43 44 44 45 45 46 46 44 44 46 46 47 47 32 32 48 48 49 49 50 50 51 51 52 52 50 50 52 52 53 53 54 54 55 55 56 56 29 29 57 57 30 30 58 58 59 59 60 60 61 61 62 62 63 63 56 56 64 64 54 54 65 65 66 66 67 67 68 68 69 69 70 70 68 68 71 71 69 69 72 72 73 73 74 74 75 75 76 76 77 77 78 78 79 79 80 80 78 78 80 80 81 81 82 82 83 83 84 84 85 85 86 86 87 87 88 88 89 89 90 90 91 91 92 92 93 93 93 93 94 94 91 91 95 95 96 96 97 97 96 96 98 98 97 97 99 99 100 100 101 101 102 102 103 103 104 104 105 105 106 106 107 107 108 108 109 109 110 110 111 111 112 112 113 113 114 114 115 115 116 116 117 117 118 118 119 119 120 120 121 121 122 122 123 123 124 124 125 125 126 126 127 127 128 128 129 129 130 130 131 131 132 132 133 133 134 134 135 135 136 136 137 137</p>
                </polylist>
            </mesh>
        </geometry>
        <geometry id="meshMesh3_VC1">
            <mesh>
                <source id="pointsMesh3_VC1">
                    <float_array id="pointarrayMesh3_VC1" count="414">1846 3174 -6131 -1842 3174 -6143 1846 3174 -3571 945 3174 -3574 945 3174 -4199 -3834 3349 -6646 -3154 2339 -6614 -4361 2339 -7116 4362 2339 -7116 3155 2339 -6614 3835 3349 -6646 3484 2339 -7274 -3481 2339 -7274 1846 3174 -6131 -3481 2339 -7274 -2869 2662 -6131 -1842 3174 -6143 -1842 3174 -6143 3484 2339 -7274 1846 3174 -6131 2870 2662 -6131 -1842 3174 -6143 -1842 3174 -3583 945 3174 -3574 945 3174 -4199 -3481 2339 -3663 -3788 2339 -3048 -3212 3349 -3009 2867 2662 -3356 898 2867 -2998 2560 2339 -2741 898 2867 -2998 1024 2460 -2127 1536 2339 -2536 -2559 2339 -2741 -1535 2339 -2536 -897 2867 -2998 -2866 2662 -3356 -1842 3174 -3583 -897 2867 -2998 898 2867 -2998 1846 3174 -3571 -1842 3174 -3583 1846 3174 -3571 1846 3174 -3571 2867 2662 -3356 2870 2662 -6131 1846 3174 -6131 945 2867 -3540 466 4069 -2998 0 3584 -2047 532 2652 -2047 532 2652 -2846 0 3584 -2846 3484 2339 -7274 2870 2662 -6131 2867 2662 -3356 1536 2339 -2536 3213 3349 -3009 3584 2339 -2639 3789 2339 -3048 -3173 2339 -2434 -2559 2339 -2741 -3212 3349 -3009 3482 2339 -3663 -3788 2339 -3048 -3583 2339 -2639 -3212 3349 -3009 -531 2652 -2846 0 3584 -2047 0 3584 -2846 -531 2652 -2047 3213 3349 -3009 2867 2662 -3356 2560 2339 -2741 -4361 2339 -7116 -4369 2339 -6429 -3834 3349 -6646 1024 2460 -2127 466 4069 -2998 -465 4069 -2998 -1023 2460 -2127 -4005 2339 -6151 -3547 2339 -6145 -3834 3349 -6646 3835 3349 -6646 4006 2339 -6151 4370 2339 -6429 -1535 2339 -2536 -1023 2460 -2127 -897 2867 -2998 -2866 2662 -3356 -2869 2662 -6131 -3481 2339 -7274 -3481 2339 -3663 -2866 2662 -3356 -1842 3174 -3583 -2869 2662 -6131 -1842 3174 -6143 -944 2867 -3540 -1023 2460 -2127 -465 4069 -2998 3213 3349 -3009 3482 2339 -3663 2867 2662 -3356 3213 3349 -3009 3789 2339 -3048 3482 2339 -3663 -3547 2339 -6145 -3154 2339 -6614 -3834 3349 -6646 3835 3349 -6646 4370 2339 -6429 4362 2339 -7116 -2559 2339 -2741 -2866 2662 -3356 -3212 3349 -3009 3213 3349 -3009 2560 2339 -2741 3174 2339 -2434 -4369 2339 -6429 -4005 2339 -6151 -3834 3349 -6646 3835 3349 -6646 3155 2339 -6614 3548 2339 -6145 -2866 2662 -3356 -3481 2339 -3663 -3212 3349 -3009 -3583 2339 -2639 -3173 2339 -2434 -3212 3349 -3009 3213 3349 -3009 3174 2339 -2434 3584 2339 -2639 3835 3349 -6646 3548 2339 -6145 4006 2339 -6151</float_array>
                    <technique_common>
                        <accessor count="138" source="#pointarrayMesh3_VC1" stride="3">
                            <param name="X" type="float"/>
                            <param name="Y" type="float"/>
                            <param name="Z" type="float"/>
                        </accessor>
                    </technique_common>
                </source>
                <source id="uvsMesh3_VC1">
                    <float_array id="uvarrayMesh3_VC1" count="336">0.0703125 0.75 0.0703125 0.75 0.0703125 0.75 0.0703125 0.75 0.0703125 0.75 0.0703125 0.75 0.1640625 0.75 0.1640625 0.75 0.1640625 0.75 0.1640625 0.75 0.1640625 0.75 0.1640625 0.75 0.1953125 0.75 0.1953125 0.75 0.1953125 0.75 0.1953125 0.75 0.1953125 0.75 0.1953125 0.75 0.1953125 0.75 0.1953125 0.75 0.1953125 0.75 0.2265625 0.75 0.2265625 0.75 0.2265625 0.75 0.2578125 0.75 0.2578125 0.75 0.2578125 0.75 0.2578125 0.75 0.2578125 0.75 0.2578125 0.75 0.0078125 0.75 0.0078125 0.75 0.0078125 0.75 0.0703125 0.75 0.0703125 0.75 0.0703125 0.75 0.0703125 0.75 0.0703125 0.75 0.0703125 0.75 0.0703125 0.75 0.0703125 0.75 0.0703125 0.75 0.0703125 0.75 0.0703125 0.75 0.0703125 0.75 0.0703125 0.75 0.0703125 0.75 0.0703125 0.75 0.0703125 0.75 0.0703125 0.75 0.0703125 0.75 0.0703125 0.75 0.0703125 0.75 0.0703125 0.75 0.0703125 0.75 0.0703125 0.75 0.0703125 0.75 0.0703125 0.75 0.0703125 0.75 0.0703125 0.75 0.0703125 0.75 0.0703125 0.75 0.0703125 0.75 0.0703125 0.75 0.0703125 0.75 0.0703125 0.75 0.0703125 0.75 0.0703125 0.75 0.0703125 0.75 0.0703125 0.75 0.0703125 0.75 0.0703125 0.75 0.0703125 0.75 0.0703125 0.75 0.0703125 0.75 0.0703125 0.75 0.0703125 0.75 0.0703125 0.75 0.0703125 0.75 0.0703125 0.75 0.0703125 0.75 0.0703125 0.75 0.0703125 0.75 0.0703125 0.75 0.0703125 0.75 0.0703125 0.75 0.0703125 0.75 0.2890625 0.75 0.2890625 0.75 0.2890625 0.75 0.1640625 0.75 0.1640625 0.75 0.1640625 0.75 0.1640625 0.75 0.1640625 0.75 0.1640625 0.75 0.1640625 0.75 0.1640625 0.75 0.1640625 0.75 0.1640625 0.75 0.1640625 0.75 0.1640625 0.75 0.0703125 0.75 0.0703125 0.75 0.0703125 0.75 0.0703125 0.75 0.0703125 0.75 0.0703125 0.75 0.0703125 0.75 0.0703125 0.75 0.0703125 0.75 0.0703125 0.75 0.0703125 0.75 0.0703125 0.75 0.1953125 0.75 0.1953125 0.75 0.1953125 0.75 0.1953125 0.75 0.1953125 0.75 0.1953125 0.75 0.1953125 0.75 0.1953125 0.75 0.1953125 0.75 0.1953125 0.75 0.1953125 0.75 0.1953125 0.75 0.1953125 0.75 0.1953125 0.75 0.1953125 0.75 0.1953125 0.75 0.1953125 0.75 0.1953125 0.75 0.1953125 0.75 0.1953125 0.75 0.1953125 0.75 0.2265625 0.75 0.2265625 0.75 0.2265625 0.75 0.2265625 0.75 0.2265625 0.75 0.2265625 0.75 0.2265625 0.75 0.2265625 0.75 0.2265625 0.75 0.2265625 0.75 0.2265625 0.75 0.2265625 0.75 0.3203125 0.75 0.3203125 0.75 0.3203125 0.75 0.3203125 0.75 0.3203125 0.75 0.3203125 0.75 0.3203125 0.75 0.3203125 0.75 0.3203125 0.75 0.3203125 0.75 0.3203125 0.75 0.3203125 0.75 0.3515625 0.75 0.3515625 0.75 0.3515625 0.75 0.3515625 0.75 0.3515625 0.75 0.3515625 0.75 0.3515625 0.75 0.3515625 0.75 0.3515625 0.75</float_array>
                    <technique_common>
                        <accessor count="168" source="#uvarrayMesh3_VC1" stride="2">
                            <param name="S" type="float"/>
                            <param name="T" type="float"/>
                        </accessor>
                    </technique_common>
                </source>
                <vertices id="verticesMesh3_VC1">
                    <input semantic="POSITION" source="#pointsMesh3_VC1"/>
                </vertices>
                <polylist count="56" material="Material1">
                    <input offset="0" semantic="VERTEX" source="#verticesMesh3_VC1"/>
                    <input offset="1" semantic="TEXCOORD" source="#uvsMesh3_VC1" set="0"/>
                    <vcount>3 3 3 3 3 3 3 3 3 3 3 3 3 3 3 3 3 3 3 3 3 3 3 3 3 3 3 3 3 3 3 3 3 3 3 3 3 3 3 3 3 3 3 3 3 3 3 3 3 3 3 3 3 3 3 3</vcount>
                    <p>0 0 1 1 2 2 3 3 2 4 4 5 5 6 6 7 7 8 8 9 9 10 10 11 11 12 12 13 13 14 14 15 15 16 16 17 12 18 17 19 13 20 18 21 19 22 20 23 21 24 22 25 23 26 21 27 23 28 24 29 25 30 26 31 27 32 28 33 29 34 30 35 31 36 32 37 33 38 34 39 35 40 36 41 34 42 36 43 37 44 37 45 36 46 38 47 39 48 40 49 41 50 42 51 39 52 41 53 29 54 28 55 43 56 44 57 45 58 46 59 44 60 46 61 47 62 32 63 48 64 49 65 50 66 51 67 52 68 50 69 52 70 53 71 54 72 55 73 56 74 29 75 57 76 30 77 58 78 59 79 60 80 61 81 62 82 63 83 56 84 64 85 54 86 65 87 66 88 67 89 68 90 69 91 70 92 68 93 71 94 69 95 72 96 73 97 74 98 75 99 76 100 77 101 78 102 79 103 80 104 78 105 80 106 81 107 82 108 83 109 84 110 85 111 86 112 87 113 88 114 89 115 90 116 91 117 92 118 93 119 93 120 94 121 91 122 95 123 96 124 97 125 96 126 98 127 97 128 99 129 100 130 101 131 102 132 103 133 104 134 105 135 106 136 107 137 108 138 109 139 110 140 111 141 112 142 113 143 114 144 115 145 116 146 117 147 118 148 119 149 120 150 121 151 122 152 123 153 124 154 125 155 126 156 127 157 128 158 129 159 130 160 131 161 132 162 133 163 134 164 135 165 136 166 137 167</p>
                </polylist>
            </mesh>
        </geometry>
        <geometry id="meshMesh4_1">
            <mesh>
                <source id="pointsMesh4_1">
                    <float_array id="pointarrayMesh4_1" count="375">-3180 2346 -2419 -3180 2243 -2419 -2554 2243 -2732 -3180 900 -2419 -3180 797 -2419 -2555 797 -2730 -2555 900 -2730 3589 798 -2630 3798 798 -3044 3798 906 -3044 3589 906 -2630 3181 798 -2419 3589 906 -2630 3181 906 -2419 3589 798 -2630 -532 2650 -2047 -414 2616 -2007 0 3375 -2007 -2555 2243 -2730 -2555 2346 -2730 3181 2239 -2419 3589 2239 -2630 3589 2347 -2630 3181 2347 -2419 3589 2239 -2630 3798 2239 -3044 3798 2347 -3044 3589 2347 -2630 0 3584 -2047 -531 2120 -2047 415 2207 -2007 -414 2207 -2007 415 2616 -2007 533 2650 -2047 -531 2120 -2047 -414 2616 -2007 -532 2650 -2047 -414 2207 -2007 533 2650 -2047 415 2207 -2007 532 2120 -2047 415 2616 -2007 2556 906 -2730 1537 803 -2526 2556 803 -2730 532 2120 -2047 -2555 2243 -2730 -1536 2346 -2526 -2555 2346 -2730 -1536 2243 -2526 -2555 797 -2730 -1536 900 -2526 -2555 900 -2730 -1536 797 -2526 1537 906 -2526 554 605 -2127 554 803 -2127 554 811 -162 2556 2346 -2730 1537 2243 -2526 2556 2243 -2730 1537 2346 -2526 1537 2346 -2526 1024 2467 -2116 1024 2363 -2116 1537 2243 -2526 -1023 2363 -2116 1024 2363 -2116 1024 2467 -2116 -1023 2467 -2116 554 803 -2229 554 957 -2127 554 964 -258 554 607 -162 -3797 900 -3044 -3490 797 -3667 -3797 797 -3044 -3490 900 -3667 -3797 2346 -3044 -3490 2243 -3667 -3797 2243 -3044 -3490 2346 -3667 -3588 900 -2630 -3797 900 -3044 -3797 797 -3044 -3588 797 -2630 -3588 2346 -2630 -3797 2243 -3044 -3588 2243 -2630 -3797 2346 -3044 -1536 2243 -2526 -1023 2467 -2116 -1536 2346 -2526 -1023 2363 -2116 -3180 900 -2419 -3588 797 -2630 -3180 797 -2419 -3588 900 -2630 -3180 2346 -2419 -3588 2243 -2630 -3180 2243 -2419 -3588 2346 -2630 2555 906 -2732 3181 798 -2419 3181 906 -2419 2555 798 -2732 2555 2347 -2732 2555 2239 -2732 3181 2239 -2419 3181 2347 -2419 3798 798 -3044 3491 798 -3667 3491 906 -3667 3798 906 -3044 3798 2239 -3044 3491 2347 -3667 3798 2347 -3044 3491 2239 -3667 -553 607 -162 -553 803 -2127 -553 604 -2127 -553 811 -162 -553 957 -2127 -553 803 -2229 -553 964 -264</float_array>
                    <technique_common>
                        <accessor count="125" source="#pointarrayMesh4_1" stride="3">
                            <param name="X" type="float"/>
                            <param name="Y" type="float"/>
                            <param name="Z" type="float"/>
                        </accessor>
                    </technique_common>
                </source>
                <source id="uvsMesh4_1">
                    <float_array id="uvarrayMesh4_1" count="250">0 1 0 0.033203125 6.7890625 0.033203125 0 1 0 0.033203125 6.7890625 0.033203125 6.7890625 1 -3.5546875 0.033203125 0.966796875 0.033203125 0.966796875 1 -3.5546875 1 -3.9375 0.033203125 0.44921875 1 -3.9375 1 0.44921875 0.033203125 0 1 0 0.033203125 8.6640625 0.013671875 6.7890625 0.033203125 6.7890625 1 -3.9375 0.033203125 0.44921875 0.033203125 0.44921875 1 -3.9375 1 -3.5546875 0.033203125 0.966796875 0.033203125 0.966796875 1 -3.5546875 1 10.44921875 1 -1.52734375 1.01953125 7.703125 0.0703125 -0.376953125 0.033203125 0 0.033203125 0 1 -3.96484375 1 0.966796875 0.033203125 1.265625 1 -3.068359375 0.033203125 1.265625 1 -3.068359375 0.033203125 -3.96484375 1 0.966796875 0.033203125 0 1 9.94921875 0.033203125 0 0.033203125 8.8515625 1.068359375 0 0.033203125 9.94921875 1 0 1 9.94921875 0.033203125 0 0.033203125 9.94921875 1 0 1 9.94921875 0.033203125 9.94921875 1 4.880859375 0.162109375 4.880859375 0.64453125 0.091796875 0.654296875 0 1 9.94921875 0.033203125 0 0.033203125 9.94921875 1 -0.021484375 1 6.490234375 1 6.3046875 0.03515625 -0.201171875 0.048828125 -0.5703125 0.033203125 19.388671875 0.033203125 19.388671875 1.046875 -0.5703125 1.046875 5.130859375 0.64453125 4.880859375 1.01953125 0.328125 1.029296875 0.09375 0.158203125 0.966796875 1 -5.806640625 0.033203125 0.966796875 0.033203125 -5.806640625 1 0.966796875 1 -5.806640625 0.033203125 0.966796875 0.033203125 -5.806640625 1 0.466796875 1 -4.052734375 1 -4.052734375 0.033203125 0.46875 0.033203125 0.466796875 1 -4.052734375 0.033203125 0.46875 0.033203125 -4.052734375 1 -0.201171875 0.048828125 6.490234375 1 -0.021484375 1 6.3046875 0.03515625 0.966796875 1 -3.5 0.033203125 0.966796875 0.033203125 -3.5 1 0.966796875 1 -3.5 0.033203125 0.966796875 0.033203125 -3.5 1 -5.8515625 1 0.966796875 0.033203125 0.966796875 1 -5.8515625 0.033203125 -5.8515625 1 -5.8515625 0.033203125 0.966796875 0.033203125 0.966796875 1 -5.97265625 0.033203125 0.966796875 0.033203125 0.966796875 1.056640625 -5.97265625 1.056640625 -5.97265625 0.033203125 0.966796875 1.056640625 -5.97265625 1.056640625 0.966796875 0.033203125 4.880859375 0.158203125 0.09375 0.64453125 0.09375 0.158203125 4.8828125 0.654296875 0.095703125 1.01953125 -0.15234375 0.64453125 4.6328125 1.029296875</float_array>
                    <technique_common>
                        <accessor count="125" source="#uvarrayMesh4_1" stride="2">
                            <param name="S" type="float"/>
                            <param name="T" type="float"/>
                        </accessor>
                    </technique_common>
                </source>
                <vertices id="verticesMesh4_1">
                    <input semantic="POSITION" source="#pointsMesh4_1"/>
                </vertices>
                <polylist count="64" material="Material1">
                    <input offset="0" semantic="VERTEX" source="#verticesMesh4_1"/>
                    <input offset="1" semantic="TEXCOORD" source="#uvsMesh4_1" set="0"/>
                    <vcount>3 3 3 3 3 3 3 3 3 3 3 3 3 3 3 3 3 3 3 3 3 3 3 3 3 3 3 3 3 3 3 3 3 3 3 3 3 3 3 3 3 3 3 3 3 3 3 3 3 3 3 3 3 3 3 3 3 3 3 3 3 3 3 3</vcount>
                    <p>0 0 1 1 2 2 3 3 4 4 5 5 3 3 5 5 6 6 7 7 8 8 9 9 7 7 9 9 10 10 11 11 12 12 13 13 11 11 14 14 12 12 15 15 16 16 17 17 0 0 18 18 19 19 20 20 21 21 22 22 20 20 22 22 23 23 24 24 25 25 26 26 24 24 26 26 27 27 15 15 17 17 28 28 29 29 30 30 31 31 17 17 32 32 33 33 28 28 17 17 33 33 34 34 35 35 36 36 34 34 37 37 35 35 38 38 39 39 40 40 38 38 41 41 39 39 42 42 43 43 44 44 29 29 45 45 30 30 46 46 47 47 48 48 46 46 49 49 47 47 50 50 51 51 52 52 50 50 53 53 51 51 42 42 54 54 43 43 55 55 56 56 57 57 58 58 59 59 60 60 58 58 61 61 59 59 62 62 63 63 64 64 62 62 64 64 65 65 66 66 67 67 68 68 66 66 68 68 69 69 70 70 71 71 72 72 70 70 72 72 57 57 55 55 57 57 73 73 74 74 75 75 76 76 74 74 77 77 75 75 78 78 79 79 80 80 78 78 81 81 79 79 82 82 83 83 84 84 82 82 84 84 85 85 86 86 87 87 88 88 86 86 89 89 87 87 90 90 91 91 92 92 90 90 93 93 91 91 94 94 95 95 96 96 94 94 97 97 95 95 98 98 99 99 100 100 98 98 101 101 99 99 102 102 103 103 104 104 102 102 105 105 103 103 106 106 107 107 108 108 106 106 108 108 109 109 110 110 111 111 112 112 110 110 112 112 113 113 114 114 115 115 116 116 114 114 117 117 115 115 118 118 119 119 120 120 118 118 121 121 119 119 121 121 122 122 123 123 121 121 124 124 122 122</p>
                </polylist>
            </mesh>
        </geometry>
        <geometry id="meshMesh4_VC1">
            <mesh>
                <source id="pointsMesh4_VC1">
                    <float_array id="pointarrayMesh4_VC1" count="375">-3180 2346 -2419 -3180 2243 -2419 -2554 2243 -2732 -3180 900 -2419 -3180 797 -2419 -2555 797 -2730 -2555 900 -2730 3589 798 -2630 3798 798 -3044 3798 906 -3044 3589 906 -2630 3181 798 -2419 3589 906 -2630 3181 906 -2419 3589 798 -2630 -532 2650 -2047 -414 2616 -2007 0 3375 -2007 -2555 2243 -2730 -2555 2346 -2730 3181 2239 -2419 3589 2239 -2630 3589 2347 -2630 3181 2347 -2419 3589 2239 -2630 3798 2239 -3044 3798 2347 -3044 3589 2347 -2630 0 3584 -2047 -531 2120 -2047 415 2207 -2007 -414 2207 -2007 415 2616 -2007 533 2650 -2047 -531 2120 -2047 -414 2616 -2007 -532 2650 -2047 -414 2207 -2007 533 2650 -2047 415 2207 -2007 532 2120 -2047 415 2616 -2007 2556 906 -2730 1537 803 -2526 2556 803 -2730 532 2120 -2047 -2555 2243 -2730 -1536 2346 -2526 -2555 2346 -2730 -1536 2243 -2526 -2555 797 -2730 -1536 900 -2526 -2555 900 -2730 -1536 797 -2526 1537 906 -2526 554 605 -2127 554 803 -2127 554 811 -162 2556 2346 -2730 1537 2243 -2526 2556 2243 -2730 1537 2346 -2526 1537 2346 -2526 1024 2467 -2116 1024 2363 -2116 1537 2243 -2526 -1023 2363 -2116 1024 2363 -2116 1024 2467 -2116 -1023 2467 -2116 554 803 -2229 554 957 -2127 554 964 -258 554 607 -162 -3797 900 -3044 -3490 797 -3667 -3797 797 -3044 -3490 900 -3667 -3797 2346 -3044 -3490 2243 -3667 -3797 2243 -3044 -3490 2346 -3667 -3588 900 -2630 -3797 900 -3044 -3797 797 -3044 -3588 797 -2630 -3588 2346 -2630 -3797 2243 -3044 -3588 2243 -2630 -3797 2346 -3044 -1536 2243 -2526 -1023 2467 -2116 -1536 2346 -2526 -1023 2363 -2116 -3180 900 -2419 -3588 797 -2630 -3180 797 -2419 -3588 900 -2630 -3180 2346 -2419 -3588 2243 -2630 -3180 2243 -2419 -3588 2346 -2630 2555 906 -2732 3181 798 -2419 3181 906 -2419 2555 798 -2732 2555 2347 -2732 2555 2239 -2732 3181 2239 -2419 3181 2347 -2419 3798 798 -3044 3491 798 -3667 3491 906 -3667 3798 906 -3044 3798 2239 -3044 3491 2347 -3667 3798 2347 -3044 3491 2239 -3667 -553 607 -162 -553 803 -2127 -553 604 -2127 -553 811 -162 -553 957 -2127 -553 803 -2229 -553 964 -264</float_array>
                    <technique_common>
                        <accessor count="125" source="#pointarrayMesh4_VC1" stride="3">
                            <param name="X" type="float"/>
                            <param name="Y" type="float"/>
                            <param name="Z" type="float"/>
                        </accessor>
                    </technique_common>
                </source>
                <source id="uvsMesh4_VC1">
                    <float_array id="uvarrayMesh4_VC1" count="384">0.0703125 0.75 0.0703125 0.75 0.0703125 0.75 0.0703125 0.75 0.0703125 0.75 0.0703125 0.75 0.0703125 0.75 0.0703125 0.75 0.0703125 0.75 0.0703125 0.75 0.0703125 0.75 0.0703125 0.75 0.0703125 0.75 0.0703125 0.75 0.0703125 0.75 0.0703125 0.75 0.0703125 0.75 0.0703125 0.75 0.0703125 0.75 0.0703125 0.75 0.0703125 0.75 0.0703125 0.75 0.0703125 0.75 0.0703125 0.75 0.0703125 0.75 0.0703125 0.75 0.0703125 0.75 0.0703125 0.75 0.0703125 0.75 0.0703125 0.75 0.0703125 0.75 0.0703125 0.75 0.0703125 0.75 0.0703125 0.75 0.0703125 0.75 0.0703125 0.75 0.0703125 0.75 0.0703125 0.75 0.0703125 0.75 0.0703125 0.75 0.0703125 0.75 0.0703125 0.75 0.0703125 0.75 0.0703125 0.75 0.0703125 0.75 0.0703125 0.75 0.0703125 0.75 0.0703125 0.75 0.0703125 0.75 0.0703125 0.75 0.0703125 0.75 0.0703125 0.75 0.0703125 0.75 0.0703125 0.75 0.0703125 0.75 0.0703125 0.75 0.0703125 0.75 0.0703125 0.75 0.0703125 0.75 0.0703125 0.75 0.0703125 0.75 0.0703125 0.75 0.0703125 0.75 0.0703125 0.75 0.0703125 0.75 0.0703125 0.75 0.0703125 0.75 0.0703125 0.75 0.0703125 0.75 0.0703125 0.75 0.0703125 0.75 0.0703125 0.75 0.0703125 0.75 0.0703125 0.75 0.0703125 0.75 0.0703125 0.75 0.0703125 0.75 0.0703125 0.75 0.0703125 0.75 0.0703125 0.75 0.0703125 0.75 0.0703125 0.75 0.0703125 0.75 0.0703125 0.75 0.0703125 0.75 0.0703125 0.75 0.0703125 0.75 0.0703125 0.75 0.0703125 0.75 0.0703125 0.75 0.0703125 0.75 0.0703125 0.75 0.0703125 0.75 0.0703125 0.75 0.0703125 0.75 0.0703125 0.75 0.0703125 0.75 0.0703125 0.75 0.0703125 0.75 0.0703125 0.75 0.0703125 0.75 0.0703125 0.75 0.0703125 0.75 0.0703125 0.75 0.0703125 0.75 0.0703125 0.75 0.0703125 0.75 0.0703125 0.75 0.0703125 0.75 0.0703125 0.75 0.0703125 0.75 0.0703125 0.75 0.0703125 0.75 0.0703125 0.75 0.1640625 0.75 0.1640625 0.75 0.1640625 0.75 0.1640625 0.75 0.1640625 0.75 0.1640625 0.75 0.1640625 0.75 0.1640625 0.75 0.1640625 0.75 0.1640625 0.75 0.1640625 0.75 0.1640625 0.75 0.1953125 0.75 0.1953125 0.75 0.1953125 0.75 0.1953125 0.75 0.1953125 0.75 0.1953125 0.75 0.1953125 0.75 0.1953125 0.75 0.1953125 0.75 0.1953125 0.75 0.1953125 0.75 0.1953125 0.75 0.1953125 0.75 0.1953125 0.75 0.1953125 0.75 0.1953125 0.75 0.1953125 0.75 0.1953125 0.75 0.2265625 0.75 0.2265625 0.75 0.2265625 0.75 0.2265625 0.75 0.2265625 0.75 0.2265625 0.75 0.2265625 0.75 0.2265625 0.75 0.2265625 0.75 0.2265625 0.75 0.2265625 0.75 0.2265625 0.75 0.3203125 0.75 0.3203125 0.75 0.3203125 0.75 0.3203125 0.75 0.3203125 0.75 0.3203125 0.75 0.3203125 0.75 0.3203125 0.75 0.3203125 0.75 0.3203125 0.75 0.3203125 0.75 0.3203125 0.75 0.3515625 0.75 0.3515625 0.75 0.3515625 0.75 0.3515625 0.75 0.3515625 0.75 0.3515625 0.75 0.3515625 0.75 0.3515625 0.75 0.3515625 0.75 0.3515625 0.75 0.3515625 0.75 0.3515625 0.75 0.2578125 0.75 0.2578125 0.75 0.2578125 0.75 0.2578125 0.75 0.2578125 0.75 0.2578125 0.75 0.2578125 0.75 0.2578125 0.75 0.2578125 0.75 0.2578125 0.75 0.2578125 0.75 0.2578125 0.75</float_array>
                    <technique_common>
                        <accessor count="192" source="#uvarrayMesh4_VC1" stride="2">
                            <param name="S" type="float"/>
                            <param name="T" type="float"/>
                        </accessor>
                    </technique_common>
                </source>
                <vertices id="verticesMesh4_VC1">
                    <input semantic="POSITION" source="#pointsMesh4_VC1"/>
                </vertices>
                <polylist count="64" material="Material1">
                    <input offset="0" semantic="VERTEX" source="#verticesMesh4_VC1"/>
                    <input offset="1" semantic="TEXCOORD" source="#uvsMesh4_VC1" set="0"/>
                    <vcount>3 3 3 3 3 3 3 3 3 3 3 3 3 3 3 3 3 3 3 3 3 3 3 3 3 3 3 3 3 3 3 3 3 3 3 3 3 3 3 3 3 3 3 3 3 3 3 3 3 3 3 3 3 3 3 3 3 3 3 3 3 3 3 3</vcount>
                    <p>0 0 1 1 2 2 3 3 4 4 5 5 3 6 5 7 6 8 7 9 8 10 9 11 7 12 9 13 10 14 11 15 12 16 13 17 11 18 14 19 12 20 15 21 16 22 17 23 0 24 18 25 19 26 20 27 21 28 22 29 20 30 22 31 23 32 24 33 25 34 26 35 24 36 26 37 27 38 15 39 17 40 28 41 29 42 30 43 31 44 17 45 32 46 33 47 28 48 17 49 33 50 34 51 35 52 36 53 34 54 37 55 35 56 38 57 39 58 40 59 38 60 41 61 39 62 42 63 43 64 44 65 29 66 45 67 30 68 46 69 47 70 48 71 46 72 49 73 47 74 50 75 51 76 52 77 50 78 53 79 51 80 42 81 54 82 43 83 55 84 56 85 57 86 58 87 59 88 60 89 58 90 61 91 59 92 62 93 63 94 64 95 62 96 64 97 65 98 66 99 67 100 68 101 66 102 68 103 69 104 70 105 71 106 72 107 70 108 72 109 57 110 55 111 57 112 73 113 74 114 75 115 76 116 74 117 77 118 75 119 78 120 79 121 80 122 78 123 81 124 79 125 82 126 83 127 84 128 82 129 84 130 85 131 86 132 87 133 88 134 86 135 89 136 87 137 90 138 91 139 92 140 90 141 93 142 91 143 94 144 95 145 96 146 94 147 97 148 95 149 98 150 99 151 100 152 98 153 101 154 99 155 102 156 103 157 104 158 102 159 105 160 103 161 106 162 107 163 108 164 106 165 108 166 109 167 110 168 111 169 112 170 110 171 112 172 113 173 114 174 115 175 116 176 114 177 117 178 115 179 118 180 119 181 120 182 118 183 121 184 119 185 121 186 122 187 123 188 121 189 124 190 122 191</p>
                </polylist>
            </mesh>
        </geometry>
        <geometry id="meshMesh5_1">
            <mesh>
                <source id="pointsMesh5_1">
                    <float_array id="pointarrayMesh5_1" count="36">-5786 -1228 -6147 -4044 -1228 -5557 -4044 -1228 -6069 -3481 -1228 -3663 -3481 -1228 -6149 -5786 -1228 -3663 -3532 -1228 -5557 -3532 -1228 -6069 554 607 -162 -553 607 -162 -553 604 -2127 554 605 -2127</float_array>
                    <technique_common>
                        <accessor count="12" source="#pointarrayMesh5_1" stride="3">
                            <param name="X" type="float"/>
                            <param name="Y" type="float"/>
                            <param name="Z" type="float"/>
                        </accessor>
                    </technique_common>
                </source>
                <source id="uvsMesh5_1">
                    <float_array id="uvarrayMesh5_1" count="24">0 0.033203125 1.119140625 3.50390625 0.12109375 3.50390625 4.8125 4.599609375 0 4.6015625 4.810546875 0.033203125 1.119140625 4.501953125 0.12109375 4.501953125 0.92578125 0.05078125 0.92578125 1 0 1 0 0.05078125</float_array>
                    <technique_common>
                        <accessor count="12" source="#uvarrayMesh5_1" stride="2">
                            <param name="S" type="float"/>
                            <param name="T" type="float"/>
                        </accessor>
                    </technique_common>
                </source>
                <vertices id="verticesMesh5_1">
                    <input semantic="POSITION" source="#pointsMesh5_1"/>
                </vertices>
                <polylist count="10" material="Material1">
                    <input offset="0" semantic="VERTEX" source="#verticesMesh5_1"/>
                    <input offset="1" semantic="TEXCOORD" source="#uvsMesh5_1" set="0"/>
                    <vcount>3 3 3 3 3 3 3 3 3 3</vcount>
                    <p>0 0 1 1 2 2 0 0 3 3 1 1 0 0 2 2 4 4 0 0 5 5 3 3 6 6 1 1 3 3 6 6 3 3 4 4 6 6 4 4 7 7 2 2 7 7 4 4 8 8 9 9 10 10 8 8 10 10 11 11</p>
                </polylist>
            </mesh>
        </geometry>
        <geometry id="meshMesh5_VC1">
            <mesh>
                <source id="pointsMesh5_VC1">
                    <float_array id="pointarrayMesh5_VC1" count="36">-5786 -1228 -6147 -4044 -1228 -5557 -4044 -1228 -6069 -3481 -1228 -3663 -3481 -1228 -6149 -5786 -1228 -3663 -3532 -1228 -5557 -3532 -1228 -6069 554 607 -162 -553 607 -162 -553 604 -2127 554 605 -2127</float_array>
                    <technique_common>
                        <accessor count="12" source="#pointarrayMesh5_VC1" stride="3">
                            <param name="X" type="float"/>
                            <param name="Y" type="float"/>
                            <param name="Z" type="float"/>
                        </accessor>
                    </technique_common>
                </source>
                <source id="uvsMesh5_VC1">
                    <float_array id="uvarrayMesh5_VC1" count="60">0.1640625 0.75 0.1640625 0.75 0.1640625 0.75 0.1640625 0.75 0.1640625 0.75 0.1640625 0.75 0.1640625 0.75 0.1640625 0.75 0.1640625 0.75 0.1640625 0.75 0.1640625 0.75 0.1640625 0.75 0.1640625 0.75 0.1640625 0.75 0.1640625 0.75 0.1640625 0.75 0.1640625 0.75 0.1640625 0.75 0.1640625 0.75 0.1640625 0.75 0.1640625 0.75 0.1640625 0.75 0.1640625 0.75 0.1640625 0.75 0.1328125 0.75 0.1328125 0.75 0.1328125 0.75 0.1328125 0.75 0.1328125 0.75 0.1328125 0.75</float_array>
                    <technique_common>
                        <accessor count="30" source="#uvarrayMesh5_VC1" stride="2">
                            <param name="S" type="float"/>
                            <param name="T" type="float"/>
                        </accessor>
                    </technique_common>
                </source>
                <vertices id="verticesMesh5_VC1">
                    <input semantic="POSITION" source="#pointsMesh5_VC1"/>
                </vertices>
                <polylist count="10" material="Material1">
                    <input offset="0" semantic="VERTEX" source="#verticesMesh5_VC1"/>
                    <input offset="1" semantic="TEXCOORD" source="#uvsMesh5_VC1" set="0"/>
                    <vcount>3 3 3 3 3 3 3 3 3 3</vcount>
                    <p>0 0 1 1 2 2 0 3 3 4 1 5 0 6 2 7 4 8 0 9 5 10 3 11 6 12 1 13 3 14 6 15 3 16 4 17 6 18 4 19 7 20 2 21 7 22 4 23 8 24 9 25 10 26 8 27 10 28 11 29</p>
                </polylist>
            </mesh>
        </geometry>
        <geometry id="meshMesh6_1">
            <mesh>
                <source id="pointsMesh6_1">
                    <float_array id="pointarrayMesh6_1" count="129">-3225 -511 -1871 -3225 -818 -1871 -3532 -818 -1871 -3532 -818 -2178 -3225 -818 -2178 -3225 -511 -2178 -3225 -511 -2178 -3225 -818 -2178 -3225 -818 -1871 -3225 -511 -1871 -3532 -511 -1871 -553 803 -2229 -553 957 -2127 -450 957 -2127 -450 803 -2229 451 803 -2229 451 957 -2127 554 957 -2127 554 803 -2229 -450 803 -2229 -450 964 -264 -450 811 -162 -553 811 -162 -450 957 -2127 -553 964 -264 -553 957 -2127 554 811 -162 554 964 -258 451 964 -258 451 811 -162 554 957 -2127 451 957 -2127 -3532 -511 -1871 -3532 -818 -1871 -3532 -818 -2178 -3532 -511 -2178 451 811 -162 451 957 -2127 451 803 -2229 -3532 -818 -2178 -3225 -511 -2178 -3532 -511 -2178 451 964 -258</float_array>
                    <technique_common>
                        <accessor count="43" source="#pointarrayMesh6_1" stride="3">
                            <param name="X" type="float"/>
                            <param name="Y" type="float"/>
                            <param name="Z" type="float"/>
                        </accessor>
                    </technique_common>
                </source>
                <source id="uvsMesh6_1">
                    <float_array id="uvarrayMesh6_1" count="86">0 1 0.966796875 1 0.966796875 0.017578125 0.966796875 1 0.966796875 0.017578125 0 0.017578125 0 1 0.966796875 1 0.966796875 0.017578125 0 0.017578125 0 0.017578125 0.095703125 5.0546875 0.46875 4.8046875 0.46875 4.8046875 0.095703125 5.0546875 0.11328125 0.078125 0.5390625 0.330078125 0.5390625 0.330078125 0.11328125 0.078125 0.095703125 5.0546875 0.46875 0.265625 0.09375 0.017578125 0.09375 0.017578125 0.46875 4.8046875 0.46875 0.265625 0.46875 4.8046875 0.109375 5.1171875 0.5390625 4.8828125 0.5390625 4.8828125 0.109375 5.1171875 0.5390625 0.330078125 0.5390625 0.330078125 0 0.017578125 0.966796875 0.017578125 0.966796875 1 0 1 0.109375 5.1171875 0.5390625 0.330078125 0.11328125 0.078125 0.966796875 1 0 0.017578125 0 1 0.5390625 4.8828125</float_array>
                    <technique_common>
                        <accessor count="43" source="#uvarrayMesh6_1" stride="2">
                            <param name="S" type="float"/>
                            <param name="T" type="float"/>
                        </accessor>
                    </technique_common>
                </source>
                <vertices id="verticesMesh6_1">
                    <input semantic="POSITION" source="#pointsMesh6_1"/>
                </vertices>
                <polylist count="24" material="Material1">
                    <input offset="0" semantic="VERTEX" source="#verticesMesh6_1"/>
                    <input offset="1" semantic="TEXCOORD" source="#uvsMesh6_1" set="0"/>
                    <vcount>3 3 3 3 3 3 3 3 3 3 3 3 3 3 3 3 3 3 3 3 3 3 3 3</vcount>
                    <p>0 0 1 1 2 2 3 3 4 4 5 5 6 6 7 7 8 8 6 6 8 8 9 9 0 0 2 2 10 10 11 11 12 12 13 13 11 11 13 13 14 14 15 15 16 16 17 17 15 15 17 17 18 18 19 19 20 20 21 21 21 21 20 20 22 22 23 23 24 24 20 20 19 19 23 23 20 20 20 20 24 24 22 22 23 23 25 25 24 24 26 26 27 27 28 28 26 26 28 28 29 29 30 30 28 28 27 27 30 30 31 31 28 28 32 32 33 33 34 34 32 32 34 34 35 35 36 36 37 37 38 38 39 39 40 40 41 41 36 36 42 42 37 37</p>
                </polylist>
            </mesh>
        </geometry>
        <geometry id="meshMesh6_VC1">
            <mesh>
                <source id="pointsMesh6_VC1">
                    <float_array id="pointarrayMesh6_VC1" count="129">-3225 -511 -1871 -3225 -818 -1871 -3532 -818 -1871 -3532 -818 -2178 -3225 -818 -2178 -3225 -511 -2178 -3225 -511 -2178 -3225 -818 -2178 -3225 -818 -1871 -3225 -511 -1871 -3532 -511 -1871 -553 803 -2229 -553 957 -2127 -450 957 -2127 -450 803 -2229 451 803 -2229 451 957 -2127 554 957 -2127 554 803 -2229 -450 803 -2229 -450 964 -264 -450 811 -162 -553 811 -162 -450 957 -2127 -553 964 -264 -553 957 -2127 554 811 -162 554 964 -258 451 964 -258 451 811 -162 554 957 -2127 451 957 -2127 -3532 -511 -1871 -3532 -818 -1871 -3532 -818 -2178 -3532 -511 -2178 451 811 -162 451 957 -2127 451 803 -2229 -3532 -818 -2178 -3225 -511 -2178 -3532 -511 -2178 451 964 -258</float_array>
                    <technique_common>
                        <accessor count="43" source="#pointarrayMesh6_VC1" stride="3">
                            <param name="X" type="float"/>
                            <param name="Y" type="float"/>
                            <param name="Z" type="float"/>
                        </accessor>
                    </technique_common>
                </source>
                <source id="uvsMesh6_VC1">
                    <float_array id="uvarrayMesh6_VC1" count="144">0.0078125 0.75 0.0078125 0.75 0.0078125 0.75 0.0078125 0.75 0.0078125 0.75 0.0078125 0.75 0.0078125 0.75 0.0078125 0.75 0.0078125 0.75 0.0078125 0.75 0.0078125 0.75 0.0078125 0.75 0.0078125 0.75 0.0078125 0.75 0.0078125 0.75 0.3828125 0.75 0.3828125 0.75 0.3828125 0.75 0.3828125 0.75 0.3828125 0.75 0.3828125 0.75 0.3828125 0.75 0.3828125 0.75 0.3828125 0.75 0.3828125 0.75 0.3828125 0.75 0.3828125 0.75 0.0703125 0.75 0.0703125 0.75 0.0703125 0.75 0.0703125 0.75 0.0703125 0.75 0.0703125 0.75 0.0703125 0.75 0.0703125 0.75 0.0703125 0.75 0.0703125 0.75 0.0703125 0.75 0.0703125 0.75 0.0703125 0.75 0.0703125 0.75 0.0703125 0.75 0.0703125 0.75 0.0703125 0.75 0.0703125 0.75 0.0703125 0.75 0.0703125 0.75 0.0703125 0.75 0.0703125 0.75 0.0703125 0.75 0.0703125 0.75 0.0703125 0.75 0.0703125 0.75 0.0703125 0.75 0.0703125 0.75 0.0703125 0.75 0.0703125 0.75 0.2265625 0.75 0.2265625 0.75 0.2265625 0.75 0.2265625 0.75 0.2265625 0.75 0.2265625 0.75 0.2578125 0.75 0.2578125 0.75 0.2578125 0.75 0.2578125 0.75 0.2578125 0.75 0.2578125 0.75 0.2578125 0.75 0.2578125 0.75 0.2578125 0.75</float_array>
                    <technique_common>
                        <accessor count="72" source="#uvarrayMesh6_VC1" stride="2">
                            <param name="S" type="float"/>
                            <param name="T" type="float"/>
                        </accessor>
                    </technique_common>
                </source>
                <vertices id="verticesMesh6_VC1">
                    <input semantic="POSITION" source="#pointsMesh6_VC1"/>
                </vertices>
                <polylist count="24" material="Material1">
                    <input offset="0" semantic="VERTEX" source="#verticesMesh6_VC1"/>
                    <input offset="1" semantic="TEXCOORD" source="#uvsMesh6_VC1" set="0"/>
                    <vcount>3 3 3 3 3 3 3 3 3 3 3 3 3 3 3 3 3 3 3 3 3 3 3 3</vcount>
                    <p>0 0 1 1 2 2 3 3 4 4 5 5 6 6 7 7 8 8 6 9 8 10 9 11 0 12 2 13 10 14 11 15 12 16 13 17 11 18 13 19 14 20 15 21 16 22 17 23 15 24 17 25 18 26 19 27 20 28 21 29 21 30 20 31 22 32 23 33 24 34 20 35 19 36 23 37 20 38 20 39 24 40 22 41 23 42 25 43 24 44 26 45 27 46 28 47 26 48 28 49 29 50 30 51 28 52 27 53 30 54 31 55 28 56 32 57 33 58 34 59 32 60 34 61 35 62 36 63 37 64 38 65 39 66 40 67 41 68 36 69 42 70 37 71</p>
                </polylist>
            </mesh>
        </geometry>
        <geometry id="meshMesh7_1">
            <mesh>
                <source id="pointsMesh7_1">
                    <float_array id="pointarrayMesh7_1" count="48">-3532 -1228 -5557 -3532 -1842 -5557 -4044 -1842 -5557 -4044 -1228 -5557 -4044 -1228 -5557 -4044 -1842 -5557 -4044 -1842 -6069 -4044 -1228 -6069 -4044 -1228 -6069 -3532 -1842 -6069 -3532 -1228 -6069 -4044 -1842 -6069 -3532 -1228 -6069 -3532 -1842 -6069 -3532 -1842 -5557 -3532 -1228 -5557</float_array>
                    <technique_common>
                        <accessor count="16" source="#pointarrayMesh7_1" stride="3">
                            <param name="X" type="float"/>
                            <param name="Y" type="float"/>
                            <param name="Z" type="float"/>
                        </accessor>
                    </technique_common>
                </source>
                <source id="uvsMesh7_1">
                    <float_array id="uvarrayMesh7_1" count="32">0 0.515625 0 0.017578125 0.966796875 0.017578125 0.966796875 0.515625 0 0.515625 0 0.017578125 0.966796875 0.017578125 0.966796875 0.515625 0 0.515625 0.966796875 0.017578125 0.966796875 0.515625 0 0.017578125 0 0.517578125 0 0.017578125 0.966796875 0.017578125 0.966796875 0.517578125</float_array>
                    <technique_common>
                        <accessor count="16" source="#uvarrayMesh7_1" stride="2">
                            <param name="S" type="float"/>
                            <param name="T" type="float"/>
                        </accessor>
                    </technique_common>
                </source>
                <vertices id="verticesMesh7_1">
                    <input semantic="POSITION" source="#pointsMesh7_1"/>
                </vertices>
                <polylist count="8" material="Material1">
                    <input offset="0" semantic="VERTEX" source="#verticesMesh7_1"/>
                    <input offset="1" semantic="TEXCOORD" source="#uvsMesh7_1" set="0"/>
                    <vcount>3 3 3 3 3 3 3 3</vcount>
                    <p>0 0 1 1 2 2 0 0 2 2 3 3 4 4 5 5 6 6 4 4 6 6 7 7 8 8 9 9 10 10 8 8 11 11 9 9 12 12 13 13 14 14 12 12 14 14 15 15</p>
                </polylist>
            </mesh>
        </geometry>
        <geometry id="meshMesh7_VC1">
            <mesh>
                <source id="pointsMesh7_VC1">
                    <float_array id="pointarrayMesh7_VC1" count="48">-3532 -1228 -5557 -3532 -1842 -5557 -4044 -1842 -5557 -4044 -1228 -5557 -4044 -1228 -5557 -4044 -1842 -5557 -4044 -1842 -6069 -4044 -1228 -6069 -4044 -1228 -6069 -3532 -1842 -6069 -3532 -1228 -6069 -4044 -1842 -6069 -3532 -1228 -6069 -3532 -1842 -6069 -3532 -1842 -5557 -3532 -1228 -5557</float_array>
                    <technique_common>
                        <accessor count="16" source="#pointarrayMesh7_VC1" stride="3">
                            <param name="X" type="float"/>
                            <param name="Y" type="float"/>
                            <param name="Z" type="float"/>
                        </accessor>
                    </technique_common>
                </source>
                <source id="uvsMesh7_VC1">
                    <float_array id="uvarrayMesh7_VC1" count="48">0.0078125 0.75 0.0078125 0.75 0.0078125 0.75 0.0078125 0.75 0.0078125 0.75 0.0078125 0.75 0.0078125 0.75 0.0078125 0.75 0.0078125 0.75 0.0078125 0.75 0.0078125 0.75 0.0078125 0.75 0.2890625 0.75 0.2890625 0.75 0.2890625 0.75 0.2890625 0.75 0.2890625 0.75 0.2890625 0.75 0.2890625 0.75 0.2890625 0.75 0.2890625 0.75 0.2890625 0.75 0.2890625 0.75 0.2890625 0.75</float_array>
                    <technique_common>
                        <accessor count="24" source="#uvarrayMesh7_VC1" stride="2">
                            <param name="S" type="float"/>
                            <param name="T" type="float"/>
                        </accessor>
                    </technique_common>
                </source>
                <vertices id="verticesMesh7_VC1">
                    <input semantic="POSITION" source="#pointsMesh7_VC1"/>
                </vertices>
                <polylist count="8" material="Material1">
                    <input offset="0" semantic="VERTEX" source="#verticesMesh7_VC1"/>
                    <input offset="1" semantic="TEXCOORD" source="#uvsMesh7_VC1" set="0"/>
                    <vcount>3 3 3 3 3 3 3 3</vcount>
                    <p>0 0 1 1 2 2 0 3 2 4 3 5 4 6 5 7 6 8 4 9 6 10 7 11 8 12 9 13 10 14 8 15 11 16 9 17 12 18 13 19 14 20 12 21 14 22 15 23</p>
                </polylist>
            </mesh>
        </geometry>
        <geometry id="meshMesh8_1">
            <mesh>
                <source id="pointsMesh8_1">
                    <float_array id="pointarrayMesh8_1" count="756">-3481 -1228 -3663 -3584 -869 -3151 -3583 -511 -3151 554 803 -2127 554 803 -3104 -553 803 -3104 -531 2120 -2047 -531 1967 -2127 532 1967 -2127 532 2120 -2047 -531 1967 -2127 -531 2120 -2047 -531 2173 -2127 -553 803 -2127 554 803 -2127 -553 803 -3104 532 2120 -2047 532 1967 -2127 532 2173 -2127 4370 545 -6149 4370 545 -7787 4370 2339 -7787 4370 2339 -6149 3482 2339 -7274 4370 2339 -6149 4370 2339 -7787 3482 2339 -6149 -4369 2339 -7760 -4369 2339 -6149 -3481 2339 -6149 -3481 2339 -7274 3482 545 -6149 4370 2339 -6149 3482 2339 -6149 4370 545 -6149 -3788 803 -3048 -3481 803 -3663 -3582 461 -3148 -3583 -511 -3151 -3582 461 -3148 -3481 -1228 -3663 -3481 803 -3663 -3788 803 -3048 -3788 2339 -3048 -3481 2339 -3663 -3481 803 -3663 -153 1059 -3206 -153 1059 -3104 -153 803 -3104 -3583 803 -2639 -3788 803 -3048 -3582 461 -3148 -348 1692 -3104 349 1692 -2127 -348 1692 -2127 349 1692 -3104 154 1059 -3206 -153 1059 -3104 -153 1059 -3206 154 1059 -3104 -153 803 -3206 -4369 -1228 -6149 -4369 2339 -6149 -4369 2339 -7760 154 1059 -3104 154 1059 -3206 154 803 -3206 154 803 -3104 349 1692 -2127 349 1692 -3151 554 1487 -3151 554 1487 -2127 -3481 -1228 -6149 -3481 -1228 -3663 -3481 2339 -3663 -3481 2339 -6149 -3481 2339 -6149 -4369 -1228 -6149 -3481 -1228 -6149 3584 803 -2639 3174 2339 -2434 3174 803 -2434 -3071 -511 -2639 -2559 -511 -2741 -3070 461 -2639 -2559 803 -2741 -2559 803 -2741 -3173 2339 -2434 -3173 803 -2434 -2559 2339 -2741 1536 2339 -2536 1024 2460 -2127 1536 -511 -2536 1024 -511 -2127 3072 -511 -2639 3274 -255 -2840 3071 461 -2639 3584 2339 -2639 3789 803 -3048 3789 2339 -3048 3584 2339 -2639 3584 803 -2639 3482 803 -3663 3583 461 -3148 3482 -511 -3663 3584 -511 -3151 3274 -511 -2841 3484 2339 -7274 3482 2339 -3663 3482 -511 -3663 3382 -255 -2949 3583 461 -3148 3382 -511 -2949 3584 -511 -3151 532 2652 -2846 532 2652 -2047 -553 803 -2127 -553 803 -3104 -553 1487 -2127 3484 -511 -7274 -3583 803 -2639 -3583 2339 -2639 -3788 2339 -3048 -3788 803 -3048 -3173 803 -2434 -3583 803 -2639 -3070 461 -2639 3583 461 -3148 3482 803 -3663 3789 803 -3048 3583 461 -3148 3789 803 -3048 3584 803 -2639 -553 1487 -2127 -553 1487 -3151 -348 1692 -2127 -348 1692 -3151 -3582 461 -3148 -3070 461 -2639 -3583 803 -2639 3584 803 -2639 3071 461 -2639 3583 461 -3148 554 1487 -2127 554 1487 -3104 554 803 -3104 3071 461 -2639 3584 803 -2639 3174 803 -2434 3071 461 -2639 3174 803 -2434 2555 798 -2732 -531 2120 -2047 -531 2652 -2047 -531 2652 -2846 554 803 -2127 154 803 -3104 154 803 -3206 -153 803 -3206 -153 803 -3104 -1023 -511 -2127 352 635 -2127 -553 803 -2127 83 -511 -2127 554 803 -2127 3274 -255 -2840 3310 -255 -3021 3382 -255 -2949 -3583 -511 -3151 -3071 -511 -2639 -3582 461 -3148 -3070 461 -2639 -1535 -511 -2536 -1023 2460 -2127 -1535 2339 -2536 -1023 -511 -2127 3174 2339 -2434 2560 2339 -2741 2555 798 -2732 3174 803 -2434 3201 -255 -2913 3274 -511 -2841 3201 -511 -2913 3201 -255 -2913 3274 -255 -2840 3382 -255 -2949 3310 -511 -3022 3382 -511 -2949 3310 -255 -3021 -553 1487 -3104 -553 1487 -2127 -553 803 -3104 -2559 -511 -2741 -1535 2339 -2536 -2559 2339 -2741 -1535 -511 -2536 3071 461 -2639 2560 -511 -2741 3072 -511 -2639 -3173 803 -2434 -3583 2339 -2639 -3583 803 -2639 -3173 2339 -2434 -2559 803 -2741 -3173 803 -2434 -3070 461 -2639 2555 798 -2732 -1023 2460 -2127 1024 1692 -2127 1024 2460 -2127 -1023 1692 -2127 -553 1692 -2127 -1023 803 -2127 1024 803 -2127 554 1692 -2127 554 803 -2127 83 -511 -2127 1024 -511 -2127 349 1692 -2127 554 1487 -2127 3482 803 -3663 3482 2339 -3663 3789 2339 -3048 -553 1487 -2127 -348 1692 -2127 -553 803 -2127 -1023 -511 -2127 2560 2339 -2741 1536 -511 -2536 2560 -511 -2741 1536 2339 -2536 3789 803 -3048 532 2652 -2047 0 3584 -2047 -531 2652 -2047 532 2120 -2047 -531 2120 -2047 -3481 2339 -6149 -4369 2339 -6149 -4369 -1228 -6149 3484 -511 -7274 4997 -511 -8085 4997 2339 -8085 3484 2339 -7274 -553 803 -3104 -153 1059 -3104 -553 1692 -3104 -153 803 -3104 154 1059 -3104 554 1692 -3104 154 803 -3104 554 803 -3104</float_array>
                    <technique_common>
                        <accessor count="252" source="#pointarrayMesh8_1" stride="3">
                            <param name="X" type="float"/>
                            <param name="Y" type="float"/>
                            <param name="Z" type="float"/>
                        </accessor>
                    </technique_common>
                </source>
                <source id="uvsMesh8_1">
                    <float_array id="uvarrayMesh8_1" count="504">-0.3046875 0.033203125 0.96484375 1.779296875 0.96484375 3.52734375 0.8359375 0.033203125 0.8359375 4.79296875 -1.859375 4.79296875 0.18359375 1 0.18359375 0.19140625 2.77734375 0.19140625 2.77734375 1 0.791015625 -2.298828125 0.984375 -1.552734375 0.791015625 -1.294921875 -1.859375 0.033203125 0.8359375 0.033203125 -1.859375 4.79296875 0 -1.552734375 0.17578125 -2.298828125 0.17578125 -1.294921875 0 -0.326171875 3.9765625 -0.326171875 3.9765625 8.416015625 0 8.416015625 2.1484375 5.515625 0 0.033203125 0 7.884765625 2.1484375 0.033203125 0 7.884765625 0 0.033203125 2.1484375 0.033203125 2.1484375 5.515625 0.06640625 0.16796875 2.23046875 8.912109375 0.06640625 8.912109375 2.23046875 0.16796875 0.916015625 1.05859375 -0.841796875 0.9921875 0.45703125 -0.7578125 1.232421875 0.033203125 1.23828125 4.7734375 -0.0390625 -3.458984375 -0.0390625 6.443359375 0.876953125 -0.07421875 0.876953125 7.408203125 -0.794921875 7.408203125 -0.794921875 -0.07421875 0.234375 1.205078125 0 1.205078125 0 -0.041015625 1.125 1.046875 -0.01171875 1.064453125 -0.009765625 -0.7578125 2.365234375 3.431640625 0 0.033203125 0 3.431640625 2.365234375 0.033203125 1.119140625 0.533203125 0.37109375 0.033203125 0.37109375 0.533203125 1.119140625 0.033203125 0.234375 -0.041015625 0.982421875 0.033203125 0.982421875 17.421875 -2.94140625 17.421875 0 1.1953125 0.18359375 1.1953125 0.18359375 -0.05078125 0 -0.05078125 0 0.810546875 2.41015625 0.810546875 2.41015625 -0.28125 0 -0.28125 -4.822265625 0.033203125 1.232421875 0.033203125 1.232421875 17.421875 -4.822265625 17.421875 1.150390625 17.421875 -1.01171875 0.033203125 1.150390625 0.033203125 1.232421875 -0.037109375 0.115234375 7.4453125 0.115234375 -0.037109375 0 0.033203125 1.255859375 0.033203125 -0.01171875 4.7734375 1.255859375 6.443359375 0.982421875 -0.05078125 -0.689453125 7.43359375 -0.689453125 -0.05078125 0.982421875 7.43359375 1.08203125 13.927734375 -0.513671875 14.51953125 1.08203125 0.033203125 -0.513671875 0.033203125 -1.01171875 0.033203125 -0.31640625 1.28125 -1.013671875 4.7734375 1.232421875 7.4453125 1.349609375 -0.03515625 1.349609375 7.44921875 0.234375 7.44921875 0.234375 -0.03515625 1.0078125 6.443359375 -0.26953125 4.7734375 1.0078125 0.033203125 -0.263671875 0.033203125 -0.31640625 0.033203125 8.783203125 13.927734375 0 13.927734375 0 0.033203125 0.0546875 1.28125 0.744140625 4.7734375 0.0546875 0.033203125 0.75 0.033203125 1.9296875 1 0 1.0390625 -0.205078125 -0.041015625 2.173828125 -0.041015625 -0.205078125 3.2890625 8.783203125 0.033203125 0.98046875 -0.083984375 0.98046875 7.3984375 -0.134765625 7.3984375 -0.134765625 -0.083984375 0.978515625 1.03515625 -0.2890625 1.041015625 0.9765625 -0.7109375 0.177734375 -0.76953125 1.408203125 1 -0.263671875 1 0.822265625 -0.75390625 0.849609375 1 -0.267578125 1.0234375 0 -0.28125 2.41015625 -0.28125 0 0.810546875 2.41015625 0.810546875 -0.951171875 -0.25 0.939453125 -0.267578125 -0.009765625 1.556640625 0.736328125 1 -0.162109375 -0.763671875 1.6015625 -0.763671875 1.505859375 3.2890625 -0.87109375 3.2890625 -0.87109375 -0.041015625 0.61328125 -0.759765625 1.73046875 1.033203125 0.615234375 1 1.208984375 -0.763671875 1.658203125 1 0 1 0.984375 -1.552734375 0.982421875 1.0390625 -0.9609375 1 1.505859375 -0.041015625 1.125 0.265625 1.125 0.765625 0.376953125 0.765625 0.376953125 0.265625 -3.505859375 0.033203125 -0.154296875 5.623046875 -2.361328125 6.443359375 -0.80859375 0.033203125 0.3359375 6.443359375 0.67578125 0.033203125 1.048828125 0.533203125 1.048828125 0.033203125 -0.76171875 0.033203125 1 0.033203125 -0.755859375 4.7734375 1.001953125 4.7734375 -0.61328125 0.033203125 0.982421875 14.51953125 -0.61328125 13.927734375 0.982421875 0.033203125 2.15625 7.451171875 0.484375 7.451171875 0.484375 -0.033203125 2.15625 -0.033203125 0.67578125 0.53125 0 0.033203125 0.234375 0.033203125 0.234375 1.28125 0 1.28125 0.982421875 1.28125 0.732421875 0.033203125 0.982421875 0.033203125 0.732421875 1.28125 2.173828125 3.2890625 -0.205078125 3.2890625 2.173828125 -0.041015625 -1.26171875 0.033203125 1.28125 13.927734375 -1.26171875 13.927734375 1.28125 0.033203125 1.00390625 4.7734375 -0.263671875 0.033203125 1.0078125 0.033203125 1.099609375 -0.07421875 0 7.408203125 0 -0.07421875 1.099609375 7.408203125 -0.025390625 0.96875 1.57421875 1.068359375 1.146484375 -0.75390625 -0.263671875 6.443359375 -3.5078125 14.51953125 1.48046875 10.771484375 1.48046875 14.51953125 -3.5078125 10.771484375 -2.361328125 10.771484375 -3.505859375 6.443359375 1.48046875 6.443359375 0.3359375 10.771484375 0.3359375 6.443359375 -0.80859375 0.033203125 1.48046875 0.033203125 -0.162109375 10.771484375 0.3359375 9.7734375 1.98046875 -0.046875 1.98046875 7.435546875 0.306640625 7.435546875 -2.361328125 9.7734375 -1.861328125 10.771484375 -2.361328125 6.443359375 -3.505859375 0.033203125 0.732421875 13.927734375 -1.810546875 0.033203125 0.732421875 0.033203125 -1.810546875 13.927734375 0.306640625 -0.046875 2.580078125 2.62890625 1.28125 7.169921875 0 2.62890625 2.580078125 0.033203125 0 0.033203125 1.150390625 17.421875 -1.01171875 17.421875 -1.01171875 0.033203125 0.09375 0.033203125 4.474609375 0.033203125 4.474609375 13.927734375 0.09375 13.927734375 -2.859375 6.443359375 -1.884765625 7.689453125 -2.859375 10.771484375 -1.884765625 6.443359375 -1.13671875 7.689453125 -0.162109375 10.771484375 -1.13671875 6.443359375 -0.162109375 6.443359375</float_array>
                    <technique_common>
                        <accessor count="252" source="#uvarrayMesh8_1" stride="2">
                            <param name="S" type="float"/>
                            <param name="T" type="float"/>
                        </accessor>
                    </technique_common>
                </source>
                <vertices id="verticesMesh8_1">
                    <input semantic="POSITION" source="#pointsMesh8_1"/>
                </vertices>
                <polylist count="122" material="Material1">
                    <input offset="0" semantic="VERTEX" source="#verticesMesh8_1"/>
                    <input offset="1" semantic="TEXCOORD" source="#uvsMesh8_1" set="0"/>
                    <vcount>3 3 3 3 3 3 3 3 3 3 3 3 3 3 3 3 3 3 3 3 3 3 3 3 3 3 3 3 3 3 3 3 3 3 3 3 3 3 3 3 3 3 3 3 3 3 3 3 3 3 3 3 3 3 3 3 3 3 3 3 3 3 3 3 3 3 3 3 3 3 3 3 3 3 3 3 3 3 3 3 3 3 3 3 3 3 3 3 3 3 3 3 3 3 3 3 3 3 3 3 3 3 3 3 3 3 3 3 3 3 3 3 3 3 3 3 3 3 3 3 3 3</vcount>
                    <p>0 0 1 1 2 2 3 3 4 4 5 5 6 6 7 7 8 8 6 6 8 8 9 9 10 10 11 11 12 12 13 13 14 14 15 15 16 16 17 17 18 18 19 19 20 20 21 21 19 19 21 21 22 22 23 23 24 24 25 25 23 23 26 26 24 24 27 27 28 28 29 29 27 27 29 29 30 30 31 31 32 32 33 33 31 31 34 34 32 32 35 35 36 36 37 37 38 38 39 39 40 40 40 40 39 39 41 41 42 42 43 43 44 44 42 42 44 44 45 45 46 46 47 47 48 48 49 49 50 50 51 51 52 52 53 53 54 54 52 52 55 55 53 53 56 56 57 57 58 58 56 56 59 59 57 57 46 46 48 48 60 60 61 61 62 62 63 63 64 64 65 65 66 66 64 64 66 66 67 67 68 68 69 69 70 70 68 68 70 70 71 71 72 72 73 73 74 74 72 72 74 74 75 75 76 76 77 77 78 78 79 79 80 80 81 81 82 82 83 83 84 84 84 84 83 83 85 85 86 86 87 87 88 88 86 86 89 89 87 87 90 90 91 91 92 92 91 91 93 93 92 92 94 94 95 95 96 96 79 79 97 97 80 80 98 98 99 99 100 100 98 98 100 100 101 101 102 102 103 103 104 104 104 104 103 103 105 105 94 94 106 106 95 95 107 107 108 108 109 109 95 95 110 110 96 96 110 110 111 111 96 96 110 110 112 112 113 113 110 110 113 113 111 111 114 114 115 115 16 16 116 116 117 117 118 118 107 107 109 109 119 119 120 120 121 121 122 122 120 120 122 122 123 123 124 124 125 125 126 126 127 127 128 128 129 129 130 130 131 131 132 132 133 133 134 134 135 135 134 134 136 136 135 135 137 137 138 138 139 139 140 140 141 141 142 142 143 143 144 144 145 145 146 146 147 147 148 148 149 149 150 150 151 151 152 152 153 153 154 154 155 155 143 143 145 145 156 156 157 157 158 158 156 156 158 158 159 159 160 160 161 161 162 162 160 160 163 163 164 164 165 165 166 166 167 167 168 168 169 169 170 170 169 169 171 171 170 170 172 172 173 173 174 174 172 172 175 175 173 173 176 176 177 177 178 178 179 179 176 176 178 178 165 165 180 180 166 166 181 181 182 182 183 183 181 181 183 183 184 184 185 185 186 186 187 187 185 185 188 188 186 186 189 189 190 190 191 191 192 192 193 193 194 194 192 192 195 195 193 193 196 196 197 197 198 198 199 199 200 200 201 201 199 199 202 202 200 200 203 203 204 204 205 205 206 206 197 197 196 196 207 207 208 208 209 209 207 207 210 210 208 208 211 211 210 210 212 212 213 213 208 208 214 214 215 215 213 213 214 214 216 216 213 213 215 215 216 216 217 217 213 213 214 214 218 218 219 219 220 220 221 221 222 222 223 223 224 224 211 211 211 211 212 212 225 225 225 225 212 212 226 226 227 227 228 228 229 229 227 227 230 230 228 228 220 220 222 222 231 231 232 232 233 233 234 234 234 234 235 235 232 232 234 234 236 236 235 235 237 237 238 238 239 239 240 240 241 241 242 242 240 240 242 242 243 243 244 244 245 245 246 246 244 244 247 247 245 245 245 245 248 248 246 246 248 248 249 249 246 246 248 248 250 250 251 251 248 248 251 251 249 249</p>
                </polylist>
            </mesh>
        </geometry>
        <geometry id="meshMesh8_VC1">
            <mesh>
                <source id="pointsMesh8_VC1">
                    <float_array id="pointarrayMesh8_VC1" count="756">-3481 -1228 -3663 -3584 -869 -3151 -3583 -511 -3151 554 803 -2127 554 803 -3104 -553 803 -3104 -531 2120 -2047 -531 1967 -2127 532 1967 -2127 532 2120 -2047 -531 1967 -2127 -531 2120 -2047 -531 2173 -2127 -553 803 -2127 554 803 -2127 -553 803 -3104 532 2120 -2047 532 1967 -2127 532 2173 -2127 4370 545 -6149 4370 545 -7787 4370 2339 -7787 4370 2339 -6149 3482 2339 -7274 4370 2339 -6149 4370 2339 -7787 3482 2339 -6149 -4369 2339 -7760 -4369 2339 -6149 -3481 2339 -6149 -3481 2339 -7274 3482 545 -6149 4370 2339 -6149 3482 2339 -6149 4370 545 -6149 -3788 803 -3048 -3481 803 -3663 -3582 461 -3148 -3583 -511 -3151 -3582 461 -3148 -3481 -1228 -3663 -3481 803 -3663 -3788 803 -3048 -3788 2339 -3048 -3481 2339 -3663 -3481 803 -3663 -153 1059 -3206 -153 1059 -3104 -153 803 -3104 -3583 803 -2639 -3788 803 -3048 -3582 461 -3148 -348 1692 -3104 349 1692 -2127 -348 1692 -2127 349 1692 -3104 154 1059 -3206 -153 1059 -3104 -153 1059 -3206 154 1059 -3104 -153 803 -3206 -4369 -1228 -6149 -4369 2339 -6149 -4369 2339 -7760 154 1059 -3104 154 1059 -3206 154 803 -3206 154 803 -3104 349 1692 -2127 349 1692 -3151 554 1487 -3151 554 1487 -2127 -3481 -1228 -6149 -3481 -1228 -3663 -3481 2339 -3663 -3481 2339 -6149 -3481 2339 -6149 -4369 -1228 -6149 -3481 -1228 -6149 3584 803 -2639 3174 2339 -2434 3174 803 -2434 -3071 -511 -2639 -2559 -511 -2741 -3070 461 -2639 -2559 803 -2741 -2559 803 -2741 -3173 2339 -2434 -3173 803 -2434 -2559 2339 -2741 1536 2339 -2536 1024 2460 -2127 1536 -511 -2536 1024 -511 -2127 3072 -511 -2639 3274 -255 -2840 3071 461 -2639 3584 2339 -2639 3789 803 -3048 3789 2339 -3048 3584 2339 -2639 3584 803 -2639 3482 803 -3663 3583 461 -3148 3482 -511 -3663 3584 -511 -3151 3274 -511 -2841 3484 2339 -7274 3482 2339 -3663 3482 -511 -3663 3382 -255 -2949 3583 461 -3148 3382 -511 -2949 3584 -511 -3151 532 2652 -2846 532 2652 -2047 -553 803 -2127 -553 803 -3104 -553 1487 -2127 3484 -511 -7274 -3583 803 -2639 -3583 2339 -2639 -3788 2339 -3048 -3788 803 -3048 -3173 803 -2434 -3583 803 -2639 -3070 461 -2639 3583 461 -3148 3482 803 -3663 3789 803 -3048 3583 461 -3148 3789 803 -3048 3584 803 -2639 -553 1487 -2127 -553 1487 -3151 -348 1692 -2127 -348 1692 -3151 -3582 461 -3148 -3070 461 -2639 -3583 803 -2639 3584 803 -2639 3071 461 -2639 3583 461 -3148 554 1487 -2127 554 1487 -3104 554 803 -3104 3071 461 -2639 3584 803 -2639 3174 803 -2434 3071 461 -2639 3174 803 -2434 2555 798 -2732 -531 2120 -2047 -531 2652 -2047 -531 2652 -2846 554 803 -2127 154 803 -3104 154 803 -3206 -153 803 -3206 -153 803 -3104 -1023 -511 -2127 352 635 -2127 -553 803 -2127 83 -511 -2127 554 803 -2127 3274 -255 -2840 3310 -255 -3021 3382 -255 -2949 -3583 -511 -3151 -3071 -511 -2639 -3582 461 -3148 -3070 461 -2639 -1535 -511 -2536 -1023 2460 -2127 -1535 2339 -2536 -1023 -511 -2127 3174 2339 -2434 2560 2339 -2741 2555 798 -2732 3174 803 -2434 3201 -255 -2913 3274 -511 -2841 3201 -511 -2913 3201 -255 -2913 3274 -255 -2840 3382 -255 -2949 3310 -511 -3022 3382 -511 -2949 3310 -255 -3021 -553 1487 -3104 -553 1487 -2127 -553 803 -3104 -2559 -511 -2741 -1535 2339 -2536 -2559 2339 -2741 -1535 -511 -2536 3071 461 -2639 2560 -511 -2741 3072 -511 -2639 -3173 803 -2434 -3583 2339 -2639 -3583 803 -2639 -3173 2339 -2434 -2559 803 -2741 -3173 803 -2434 -3070 461 -2639 2555 798 -2732 -1023 2460 -2127 1024 1692 -2127 1024 2460 -2127 -1023 1692 -2127 -553 1692 -2127 -1023 803 -2127 1024 803 -2127 554 1692 -2127 554 803 -2127 83 -511 -2127 1024 -511 -2127 349 1692 -2127 554 1487 -2127 3482 803 -3663 3482 2339 -3663 3789 2339 -3048 -553 1487 -2127 -348 1692 -2127 -553 803 -2127 -1023 -511 -2127 2560 2339 -2741 1536 -511 -2536 2560 -511 -2741 1536 2339 -2536 3789 803 -3048 532 2652 -2047 0 3584 -2047 -531 2652 -2047 532 2120 -2047 -531 2120 -2047 -3481 2339 -6149 -4369 2339 -6149 -4369 -1228 -6149 3484 -511 -7274 4997 -511 -8085 4997 2339 -8085 3484 2339 -7274 -553 803 -3104 -153 1059 -3104 -553 1692 -3104 -153 803 -3104 154 1059 -3104 554 1692 -3104 154 803 -3104 554 803 -3104</float_array>
                    <technique_common>
                        <accessor count="252" source="#pointarrayMesh8_VC1" stride="3">
                            <param name="X" type="float"/>
                            <param name="Y" type="float"/>
                            <param name="Z" type="float"/>
                        </accessor>
                    </technique_common>
                </source>
                <source id="uvsMesh8_VC1">
                    <float_array id="uvarrayMesh8_VC1" count="732">0.4140625 0.75 0.4140625 0.75 0.4140625 0.75 0.0078125 0.75 0.0078125 0.75 0.0078125 0.75 0.0078125 0.75 0.0078125 0.75 0.0078125 0.75 0.0078125 0.75 0.0078125 0.75 0.0078125 0.75 0.0078125 0.75 0.0078125 0.75 0.0078125 0.75 0.0703125 0.75 0.0703125 0.75 0.0703125 0.75 0.0703125 0.75 0.0703125 0.75 0.0703125 0.75 0.0703125 0.75 0.0703125 0.75 0.0703125 0.75 0.0703125 0.75 0.0703125 0.75 0.0703125 0.75 0.0703125 0.75 0.0703125 0.75 0.0703125 0.75 0.0703125 0.75 0.0703125 0.75 0.0703125 0.75 0.2265625 0.75 0.2265625 0.75 0.2265625 0.75 0.2265625 0.75 0.2265625 0.75 0.2265625 0.75 0.2265625 0.75 0.2265625 0.75 0.2265625 0.75 0.2265625 0.75 0.2265625 0.75 0.2265625 0.75 0.4140625 0.75 0.4140625 0.75 0.4140625 0.75 0.4140625 0.75 0.4140625 0.75 0.4140625 0.75 0.4140625 0.75 0.4140625 0.75 0.4140625 0.75 0.4140625 0.75 0.4140625 0.75 0.4140625 0.75 0.4140625 0.75 0.4140625 0.75 0.4140625 0.75 0.0078125 0.75 0.0078125 0.75 0.0078125 0.75 0.0078125 0.75 0.0078125 0.75 0.0078125 0.75 0.0078125 0.75 0.0078125 0.75 0.0078125 0.75 0.0078125 0.75 0.0078125 0.75 0.0078125 0.75 0.0078125 0.75 0.0078125 0.75 0.0078125 0.75 0.0078125 0.75 0.0078125 0.75 0.0078125 0.75 0.0078125 0.75 0.0078125 0.75 0.0078125 0.75 0.0078125 0.75 0.0078125 0.75 0.0078125 0.75 0.0078125 0.75 0.0078125 0.75 0.0078125 0.75 0.0078125 0.75 0.0078125 0.75 0.0078125 0.75 0.0078125 0.75 0.0078125 0.75 0.0078125 0.75 0.0078125 0.75 0.0078125 0.75 0.0078125 0.75 0.0078125 0.75 0.0078125 0.75 0.0078125 0.75 0.0078125 0.75 0.0078125 0.75 0.0078125 0.75 0.0078125 0.75 0.0078125 0.75 0.0078125 0.75 0.0703125 0.75 0.0703125 0.75 0.0703125 0.75 0.0703125 0.75 0.0703125 0.75 0.0703125 0.75 0.0703125 0.75 0.0703125 0.75 0.0703125 0.75 0.0703125 0.75 0.0703125 0.75 0.0703125 0.75 0.0703125 0.75 0.0703125 0.75 0.0703125 0.75 0.0703125 0.75 0.0703125 0.75 0.0703125 0.75 0.0703125 0.75 0.0703125 0.75 0.0703125 0.75 0.0703125 0.75 0.0703125 0.75 0.0703125 0.75 0.0703125 0.75 0.0703125 0.75 0.0703125 0.75 0.0703125 0.75 0.0703125 0.75 0.0703125 0.75 0.0703125 0.75 0.0703125 0.75 0.0703125 0.75 0.0703125 0.75 0.0703125 0.75 0.0703125 0.75 0.0703125 0.75 0.0703125 0.75 0.0703125 0.75 0.0703125 0.75 0.0703125 0.75 0.0703125 0.75 0.0703125 0.75 0.0703125 0.75 0.0703125 0.75 0.0703125 0.75 0.0703125 0.75 0.0703125 0.75 0.0703125 0.75 0.0703125 0.75 0.0703125 0.75 0.0703125 0.75 0.0703125 0.75 0.0703125 0.75 0.0703125 0.75 0.0703125 0.75 0.0703125 0.75 0.0703125 0.75 0.0703125 0.75 0.0703125 0.75 0.0703125 0.75 0.0703125 0.75 0.0703125 0.75 0.0703125 0.75 0.0703125 0.75 0.0703125 0.75 0.2890625 0.75 0.2890625 0.75 0.2890625 0.75 0.2890625 0.75 0.2890625 0.75 0.2890625 0.75 0.2890625 0.75 0.2890625 0.75 0.2890625 0.75 0.2890625 0.75 0.2890625 0.75 0.2890625 0.75 0.1640625 0.75 0.1640625 0.75 0.1640625 0.75 0.1640625 0.75 0.1640625 0.75 0.1640625 0.75 0.1640625 0.75 0.1640625 0.75 0.1640625 0.75 0.1640625 0.75 0.1640625 0.75 0.1640625 0.75 0.1640625 0.75 0.1640625 0.75 0.1640625 0.75 0.1640625 0.75 0.1640625 0.75 0.1640625 0.75 0.1640625 0.75 0.1640625 0.75 0.1640625 0.75 0.1640625 0.75 0.1640625 0.75 0.1640625 0.75 0.1640625 0.75 0.1640625 0.75 0.1640625 0.75 0.1640625 0.75 0.1640625 0.75 0.1640625 0.75 0.1640625 0.75 0.1640625 0.75 0.1640625 0.75 0.1640625 0.75 0.1640625 0.75 0.1640625 0.75 0.1328125 0.75 0.1328125 0.75 0.1328125 0.75 0.1328125 0.75 0.1328125 0.75 0.1328125 0.75 0.1953125 0.75 0.1953125 0.75 0.1953125 0.75 0.1953125 0.75 0.1953125 0.75 0.1953125 0.75 0.1953125 0.75 0.1953125 0.75 0.1953125 0.75 0.1953125 0.75 0.1953125 0.75 0.1953125 0.75 0.1953125 0.75 0.1953125 0.75 0.1953125 0.75 0.1953125 0.75 0.1953125 0.75 0.1953125 0.75 0.1953125 0.75 0.1953125 0.75 0.1953125 0.75 0.1953125 0.75 0.1953125 0.75 0.1953125 0.75 0.1953125 0.75 0.1953125 0.75 0.1953125 0.75 0.1953125 0.75 0.1953125 0.75 0.1953125 0.75 0.1953125 0.75 0.1953125 0.75 0.1953125 0.75 0.1953125 0.75 0.1953125 0.75 0.1953125 0.75 0.1953125 0.75 0.1953125 0.75 0.1953125 0.75 0.2265625 0.75 0.2265625 0.75 0.2265625 0.75 0.2265625 0.75 0.2265625 0.75 0.2265625 0.75 0.3203125 0.75 0.3203125 0.75 0.3203125 0.75 0.3203125 0.75 0.3203125 0.75 0.3203125 0.75 0.3203125 0.75 0.3203125 0.75 0.3203125 0.75 0.3203125 0.75 0.3203125 0.75 0.3203125 0.75 0.3203125 0.75 0.3203125 0.75 0.3203125 0.75 0.3515625 0.75 0.3515625 0.75 0.3515625 0.75 0.3515625 0.75 0.3515625 0.75 0.3515625 0.75 0.3515625 0.75 0.3515625 0.75 0.3515625 0.75 0.3515625 0.75 0.3515625 0.75 0.3515625 0.75 0.3515625 0.75 0.3515625 0.75 0.3515625 0.75 0.3515625 0.75 0.3515625 0.75 0.3515625 0.75 0.3515625 0.75 0.3515625 0.75 0.3515625 0.75 0.3515625 0.75 0.3515625 0.75 0.3515625 0.75 0.3515625 0.75 0.3515625 0.75 0.3515625 0.75 0.3515625 0.75 0.3515625 0.75 0.3515625 0.75 0.3515625 0.75 0.3515625 0.75 0.3515625 0.75 0.3515625 0.75 0.3515625 0.75 0.3515625 0.75 0.3515625 0.75 0.3515625 0.75 0.3515625 0.75 0.3515625 0.75 0.3515625 0.75 0.3515625 0.75 0.3515625 0.75 0.3515625 0.75 0.3515625 0.75 0.3515625 0.75 0.3515625 0.75 0.3515625 0.75 0.3515625 0.75 0.3515625 0.75 0.3515625 0.75 0.3515625 0.75 0.3515625 0.75 0.3515625 0.75 0.3515625 0.75 0.3515625 0.75 0.3515625 0.75 0.3515625 0.75 0.3515625 0.75 0.3515625 0.75 0.3515625 0.75 0.3515625 0.75 0.3515625 0.75 0.2578125 0.75 0.2578125 0.75 0.2578125 0.75 0.2578125 0.75 0.2578125 0.75 0.2578125 0.75 0.2578125 0.75 0.2578125 0.75 0.2578125 0.75 0.2578125 0.75 0.2578125 0.75 0.2578125 0.75 0.2578125 0.75 0.2578125 0.75 0.2578125 0.75 0.2578125 0.75 0.2578125 0.75 0.2578125 0.75</float_array>
                    <technique_common>
                        <accessor count="366" source="#uvarrayMesh8_VC1" stride="2">
                            <param name="S" type="float"/>
                            <param name="T" type="float"/>
                        </accessor>
                    </technique_common>
                </source>
                <vertices id="verticesMesh8_VC1">
                    <input semantic="POSITION" source="#pointsMesh8_VC1"/>
                </vertices>
                <polylist count="122" material="Material1">
                    <input offset="0" semantic="VERTEX" source="#verticesMesh8_VC1"/>
                    <input offset="1" semantic="TEXCOORD" source="#uvsMesh8_VC1" set="0"/>
                    <vcount>3 3 3 3 3 3 3 3 3 3 3 3 3 3 3 3 3 3 3 3 3 3 3 3 3 3 3 3 3 3 3 3 3 3 3 3 3 3 3 3 3 3 3 3 3 3 3 3 3 3 3 3 3 3 3 3 3 3 3 3 3 3 3 3 3 3 3 3 3 3 3 3 3 3 3 3 3 3 3 3 3 3 3 3 3 3 3 3 3 3 3 3 3 3 3 3 3 3 3 3 3 3 3 3 3 3 3 3 3 3 3 3 3 3 3 3 3 3 3 3 3 3</vcount>
                    <p>0 0 1 1 2 2 3 3 4 4 5 5 6 6 7 7 8 8 6 9 8 10 9 11 10 12 11 13 12 14 13 15 14 16 15 17 16 18 17 19 18 20 19 21 20 22 21 23 19 24 21 25 22 26 23 27 24 28 25 29 23 30 26 31 24 32 27 33 28 34 29 35 27 36 29 37 30 38 31 39 32 40 33 41 31 42 34 43 32 44 35 45 36 46 37 47 38 48 39 49 40 50 40 51 39 52 41 53 42 54 43 55 44 56 42 57 44 58 45 59 46 60 47 61 48 62 49 63 50 64 51 65 52 66 53 67 54 68 52 69 55 70 53 71 56 72 57 73 58 74 56 75 59 76 57 77 46 78 48 79 60 80 61 81 62 82 63 83 64 84 65 85 66 86 64 87 66 88 67 89 68 90 69 91 70 92 68 93 70 94 71 95 72 96 73 97 74 98 72 99 74 100 75 101 76 102 77 103 78 104 79 105 80 106 81 107 82 108 83 109 84 110 84 111 83 112 85 113 86 114 87 115 88 116 86 117 89 118 87 119 90 120 91 121 92 122 91 123 93 124 92 125 94 126 95 127 96 128 79 129 97 130 80 131 98 132 99 133 100 134 98 135 100 136 101 137 102 138 103 139 104 140 104 141 103 142 105 143 94 144 106 145 95 146 107 147 108 148 109 149 95 150 110 151 96 152 110 153 111 154 96 155 110 156 112 157 113 158 110 159 113 160 111 161 114 162 115 163 16 164 116 165 117 166 118 167 107 168 109 169 119 170 120 171 121 172 122 173 120 174 122 175 123 176 124 177 125 178 126 179 127 180 128 181 129 182 130 183 131 184 132 185 133 186 134 187 135 188 134 189 136 190 135 191 137 192 138 193 139 194 140 195 141 196 142 197 143 198 144 199 145 200 146 201 147 202 148 203 149 204 150 205 151 206 152 207 153 208 154 209 155 210 143 211 145 212 156 213 157 214 158 215 156 216 158 217 159 218 160 219 161 220 162 221 160 222 163 223 164 224 165 225 166 226 167 227 168 228 169 229 170 230 169 231 171 232 170 233 172 234 173 235 174 236 172 237 175 238 173 239 176 240 177 241 178 242 179 243 176 244 178 245 165 246 180 247 166 248 181 249 182 250 183 251 181 252 183 253 184 254 185 255 186 256 187 257 185 258 188 259 186 260 189 261 190 262 191 263 192 264 193 265 194 266 192 267 195 268 193 269 196 270 197 271 198 272 199 273 200 274 201 275 199 276 202 277 200 278 203 279 204 280 205 281 206 282 197 283 196 284 207 285 208 286 209 287 207 288 210 289 208 290 211 291 210 292 212 293 213 294 208 295 214 296 215 297 213 298 214 299 216 300 213 301 215 302 216 303 217 304 213 305 214 306 218 307 219 308 220 309 221 310 222 311 223 312 224 313 211 314 211 315 212 316 225 317 225 318 212 319 226 320 227 321 228 322 229 323 227 324 230 325 228 326 220 327 222 328 231 329 232 330 233 331 234 332 234 333 235 334 232 335 234 336 236 337 235 338 237 339 238 340 239 341 240 342 241 343 242 344 240 345 242 346 243 347 244 348 245 349 246 350 244 351 247 352 245 353 245 354 248 355 246 356 248 357 249 358 246 359 248 360 250 361 251 362 248 363 251 364 249 365</p>
                </polylist>
            </mesh>
        </geometry>
        <geometry id="meshMesh9_1">
            <mesh>
                <source id="pointsMesh9_1">
                    <float_array id="pointarrayMesh9_1" count="84">-3541 -972 -3361 -4686 -972 -3361 -4686 -921 -3361 -3541 -921 -3361 4730 -869 -651 4730 -665 -651 3495 -665 -201 3495 -869 -201 3662 -972 254 4897 -972 -194 4897 -921 -194 3662 -921 254 -3788 -921 -3361 -3481 -716 -3361 -3481 -921 -3361 -3788 -716 -3361 -4686 -869 -3151 -4686 -511 -3151 -3583 -511 -3151 -3584 -869 -3151 -3912 -869 -3151 -3788 -716 -3361 -3788 -921 -3361 -3912 -716 -3151 3362 -665 -567 4597 -511 -1016 3362 -511 -567 4597 -665 -1016</float_array>
                    <technique_common>
                        <accessor count="28" source="#pointarrayMesh9_1" stride="3">
                            <param name="X" type="float"/>
                            <param name="Y" type="float"/>
                            <param name="Z" type="float"/>
                        </accessor>
                    </technique_common>
                </source>
                <source id="uvsMesh9_1">
                    <float_array id="uvarrayMesh9_1" count="56">-2.28125 0.53125 2.1796875 0.533203125 2.1796875 0.033203125 -2.28125 0.033203125 3.228515625 0.033203125 3.228515625 1 0.025390625 1 0.025390625 0.033203125 -2.21875 0.033203125 0.982421875 0.033203125 0.982421875 0.533203125 -2.21875 0.53125 0.732421875 0.283203125 0 1 0 0.283203125 0.732421875 1 2.669921875 0.2734375 2.671875 2.021484375 0 2.029296875 0 0.283203125 0.775390625 0.53125 0 1 0 0.365234375 0.775390625 1 -2.21875 0.033203125 0.982421875 1.017578125 -2.21875 1.017578125 0.982421875 0.033203125</float_array>
                    <technique_common>
                        <accessor count="28" source="#uvarrayMesh9_1" stride="2">
                            <param name="S" type="float"/>
                            <param name="T" type="float"/>
                        </accessor>
                    </technique_common>
                </source>
                <vertices id="verticesMesh9_1">
                    <input semantic="POSITION" source="#pointsMesh9_1"/>
                </vertices>
                <polylist count="14" material="Material1">
                    <input offset="0" semantic="VERTEX" source="#verticesMesh9_1"/>
                    <input offset="1" semantic="TEXCOORD" source="#uvsMesh9_1" set="0"/>
                    <vcount>3 3 3 3 3 3 3 3 3 3 3 3 3 3</vcount>
                    <p>0 0 1 1 2 2 0 0 2 2 3 3 4 4 5 5 6 6 4 4 6 6 7 7 8 8 9 9 10 10 8 8 10 10 11 11 12 12 13 13 14 14 12 12 15 15 13 13 16 16 17 17 18 18 16 16 18 18 19 19 20 20 21 21 22 22 20 20 23 23 21 21 24 24 25 25 26 26 24 24 27 27 25 25</p>
                </polylist>
            </mesh>
        </geometry>
        <geometry id="meshMesh9_VC1">
            <mesh>
                <source id="pointsMesh9_VC1">
                    <float_array id="pointarrayMesh9_VC1" count="84">-3541 -972 -3361 -4686 -972 -3361 -4686 -921 -3361 -3541 -921 -3361 4730 -869 -651 4730 -665 -651 3495 -665 -201 3495 -869 -201 3662 -972 254 4897 -972 -194 4897 -921 -194 3662 -921 254 -3788 -921 -3361 -3481 -716 -3361 -3481 -921 -3361 -3788 -716 -3361 -4686 -869 -3151 -4686 -511 -3151 -3583 -511 -3151 -3584 -869 -3151 -3912 -869 -3151 -3788 -716 -3361 -3788 -921 -3361 -3912 -716 -3151 3362 -665 -567 4597 -511 -1016 3362 -511 -567 4597 -665 -1016</float_array>
                    <technique_common>
                        <accessor count="28" source="#pointarrayMesh9_VC1" stride="3">
                            <param name="X" type="float"/>
                            <param name="Y" type="float"/>
                            <param name="Z" type="float"/>
                        </accessor>
                    </technique_common>
                </source>
                <source id="uvsMesh9_VC1">
                    <float_array id="uvarrayMesh9_VC1" count="84">0.1015625 0.75 0.1015625 0.75 0.1015625 0.75 0.1015625 0.75 0.1015625 0.75 0.1015625 0.75 0.2890625 0.75 0.2890625 0.75 0.2890625 0.75 0.2890625 0.75 0.2890625 0.75 0.2890625 0.75 0.2890625 0.75 0.2890625 0.75 0.2890625 0.75 0.2890625 0.75 0.2890625 0.75 0.2890625 0.75 0.1328125 0.75 0.1328125 0.75 0.1328125 0.75 0.1328125 0.75 0.1328125 0.75 0.1328125 0.75 0.1328125 0.75 0.1328125 0.75 0.1328125 0.75 0.1328125 0.75 0.1328125 0.75 0.1328125 0.75 0.4453125 0.75 0.4453125 0.75 0.4453125 0.75 0.4453125 0.75 0.4453125 0.75 0.4453125 0.75 0.1953125 0.75 0.1953125 0.75 0.1953125 0.75 0.1953125 0.75 0.1953125 0.75 0.1953125 0.75</float_array>
                    <technique_common>
                        <accessor count="42" source="#uvarrayMesh9_VC1" stride="2">
                            <param name="S" type="float"/>
                            <param name="T" type="float"/>
                        </accessor>
                    </technique_common>
                </source>
                <vertices id="verticesMesh9_VC1">
                    <input semantic="POSITION" source="#pointsMesh9_VC1"/>
                </vertices>
                <polylist count="14" material="Material1">
                    <input offset="0" semantic="VERTEX" source="#verticesMesh9_VC1"/>
                    <input offset="1" semantic="TEXCOORD" source="#uvsMesh9_VC1" set="0"/>
                    <vcount>3 3 3 3 3 3 3 3 3 3 3 3 3 3</vcount>
                    <p>0 0 1 1 2 2 0 3 2 4 3 5 4 6 5 7 6 8 4 9 6 10 7 11 8 12 9 13 10 14 8 15 10 16 11 17 12 18 13 19 14 20 12 21 15 22 13 23 16 24 17 25 18 26 16 27 18 28 19 29 20 30 21 31 22 32 20 33 23 34 21 35 24 36 25 37 26 38 24 39 27 40 25 41</p>
                </polylist>
            </mesh>
        </geometry>
        <geometry id="meshMesh10_VC1">
            <mesh>
                <source id="pointsMesh10_VC1">
                    <float_array id="pointarrayMesh10_VC1" count="78">3202 -101 -3347 2876 -506 -3022 3201 -506 -3348 -3225 -818 -2178 -3532 -818 -2178 -3532 -818 -1871 -3225 -818 -1871 2876 -101 -3021 3093 -101 -2804 3093 -511 -2804 3419 -101 -3130 3419 -511 -3130 -562 803 -3718 563 1936 -3718 -562 1936 -3718 -562 803 -3206 -562 1930 -3718 -562 1930 -3206 563 803 -3718 563 1930 -3206 563 1930 -3718 563 803 -3206 -4044 -1842 -6069 -4044 -1842 -5557 -3532 -1842 -5557 -3532 -1842 -6069</float_array>
                    <technique_common>
                        <accessor count="26" source="#pointarrayMesh10_VC1" stride="3">
                            <param name="X" type="float"/>
                            <param name="Y" type="float"/>
                            <param name="Z" type="float"/>
                        </accessor>
                    </technique_common>
                </source>
                <source id="uvsMesh10_VC1">
                    <float_array id="uvarrayMesh10_VC1" count="96">0.4765625 0.75 0.4765625 0.75 0.4765625 0.75 0.4765625 0.75 0.4765625 0.75 0.4765625 0.75 0.4765625 0.75 0.4765625 0.75 0.4765625 0.75 0.4765625 0.75 0.4765625 0.75 0.4765625 0.75 0.4765625 0.75 0.4765625 0.75 0.4765625 0.75 0.4765625 0.75 0.4765625 0.75 0.4765625 0.75 0.4765625 0.75 0.4765625 0.75 0.4765625 0.75 0.4765625 0.75 0.4765625 0.75 0.4765625 0.75 0.4765625 0.75 0.4765625 0.75 0.4765625 0.75 0.4765625 0.75 0.4765625 0.75 0.4765625 0.75 0.4765625 0.75 0.4765625 0.75 0.4765625 0.75 0.4765625 0.75 0.4765625 0.75 0.4765625 0.75 0.4765625 0.75 0.4765625 0.75 0.4765625 0.75 0.4765625 0.75 0.4765625 0.75 0.4765625 0.75 0.4765625 0.75 0.4765625 0.75 0.4765625 0.75 0.4765625 0.75 0.4765625 0.75 0.4765625 0.75</float_array>
                    <technique_common>
                        <accessor count="48" source="#uvarrayMesh10_VC1" stride="2">
                            <param name="S" type="float"/>
                            <param name="T" type="float"/>
                        </accessor>
                    </technique_common>
                </source>
                <vertices id="verticesMesh10_VC1">
                    <input semantic="POSITION" source="#pointsMesh10_VC1"/>
                </vertices>
                <polylist count="16" material="Material1">
                    <input offset="0" semantic="VERTEX" source="#verticesMesh10_VC1"/>
                    <input offset="1" semantic="TEXCOORD" source="#uvsMesh10_VC1" set="0"/>
                    <vcount>3 3 3 3 3 3 3 3 3 3 3 3 3 3 3 3</vcount>
                    <p>0 0 1 1 2 2 3 3 4 4 5 5 3 6 5 7 6 8 7 9 8 10 1 11 8 12 9 13 1 14 10 15 0 16 2 17 10 18 2 19 11 20 12 21 13 22 14 23 0 24 7 25 1 26 15 27 16 28 17 29 15 30 12 31 16 32 18 33 19 34 20 35 18 36 21 37 19 38 12 39 18 40 13 41 22 42 23 43 24 44 22 45 24 46 25 47</p>
                </polylist>
            </mesh>
        </geometry>
        <geometry id="meshMesh11_1">
            <mesh>
                <source id="pointsMesh11_1">
                    <float_array id="pointarrayMesh11_1" count="24">3555 343 -37 4791 343 -485 3556 405 -36 4791 405 -485 3363 343 -566 3362 405 -567 4597 343 -1016 4597 405 -1016</float_array>
                    <technique_common>
                        <accessor count="8" source="#pointarrayMesh11_1" stride="3">
                            <param name="X" type="float"/>
                            <param name="Y" type="float"/>
                            <param name="Z" type="float"/>
                        </accessor>
                    </technique_common>
                </source>
                <source id="uvsMesh11_1">
                    <float_array id="uvarrayMesh11_1" count="16">0 0.064453125 6.365234375 0.064453125 0 1 6.3671875 1 0 0.064453125 -0.037109375 1 6.404296875 0.064453125 6.396484375 1</float_array>
                    <technique_common>
                        <accessor count="8" source="#uvarrayMesh11_1" stride="2">
                            <param name="S" type="float"/>
                            <param name="T" type="float"/>
                        </accessor>
                    </technique_common>
                </source>
                <vertices id="verticesMesh11_1">
                    <input semantic="POSITION" source="#pointsMesh11_1"/>
                </vertices>
                <polylist count="4" material="Material1">
                    <input offset="0" semantic="VERTEX" source="#verticesMesh11_1"/>
                    <input offset="1" semantic="TEXCOORD" source="#uvsMesh11_1" set="0"/>
                    <vcount>3 3 3 3</vcount>
                    <p>0 0 1 1 2 2 3 3 2 2 1 1 4 4 5 5 6 6 7 7 6 6 5 5</p>
                </polylist>
            </mesh>
        </geometry>
        <geometry id="meshMesh11_2">
            <mesh>
                <source id="pointsMesh11_2">
                    <float_array id="pointarrayMesh11_2" count="24">3555 343 -37 4791 343 -485 3556 405 -36 4791 405 -485 3363 343 -566 3362 405 -567 4597 343 -1016 4597 405 -1016</float_array>
                    <technique_common>
                        <accessor count="8" source="#pointarrayMesh11_2" stride="3">
                            <param name="X" type="float"/>
                            <param name="Y" type="float"/>
                            <param name="Z" type="float"/>
                        </accessor>
                    </technique_common>
                </source>
                <source id="uvsMesh11_2">
                    <float_array id="uvarrayMesh11_2" count="16">0 0.064453125 6.365234375 0.064453125 0 1 6.3671875 1 0 0.064453125 -0.037109375 1 6.404296875 0.064453125 6.396484375 1</float_array>
                    <technique_common>
                        <accessor count="8" source="#uvarrayMesh11_2" stride="2">
                            <param name="S" type="float"/>
                            <param name="T" type="float"/>
                        </accessor>
                    </technique_common>
                </source>
                <vertices id="verticesMesh11_2">
                    <input semantic="POSITION" source="#pointsMesh11_2"/>
                </vertices>
                <polylist count="4" material="Material1">
                    <input offset="0" semantic="VERTEX" source="#verticesMesh11_2"/>
                    <input offset="1" semantic="TEXCOORD" source="#uvsMesh11_2" set="0"/>
                    <vcount>3 3 3 3</vcount>
                    <p>0 0 1 1 2 2 3 3 2 2 1 1 4 4 5 5 6 6 7 7 6 6 5 5</p>
                </polylist>
            </mesh>
        </geometry>
        <geometry id="meshMesh11_VC1">
            <mesh>
                <source id="pointsMesh11_VC1">
                    <float_array id="pointarrayMesh11_VC1" count="24">3555 343 -37 4791 343 -485 3556 405 -36 4791 405 -485 3363 343 -566 3362 405 -567 4597 343 -1016 4597 405 -1016</float_array>
                    <technique_common>
                        <accessor count="8" source="#pointarrayMesh11_VC1" stride="3">
                            <param name="X" type="float"/>
                            <param name="Y" type="float"/>
                            <param name="Z" type="float"/>
                        </accessor>
                    </technique_common>
                </source>
                <source id="uvsMesh11_VC1">
                    <float_array id="uvarrayMesh11_VC1" count="24">0.0703125 0.75 0.0703125 0.75 0.0703125 0.75 0.0703125 0.75 0.0703125 0.75 0.0703125 0.75 0.2265625 0.75 0.2265625 0.75 0.2265625 0.75 0.2265625 0.75 0.2265625 0.75 0.2265625 0.75</float_array>
                    <technique_common>
                        <accessor count="12" source="#uvarrayMesh11_VC1" stride="2">
                            <param name="S" type="float"/>
                            <param name="T" type="float"/>
                        </accessor>
                    </technique_common>
                </source>
                <vertices id="verticesMesh11_VC1">
                    <input semantic="POSITION" source="#pointsMesh11_VC1"/>
                </vertices>
                <polylist count="4" material="Material1">
                    <input offset="0" semantic="VERTEX" source="#verticesMesh11_VC1"/>
                    <input offset="1" semantic="TEXCOORD" source="#uvsMesh11_VC1" set="0"/>
                    <vcount>3 3 3 3</vcount>
                    <p>0 0 1 1 2 2 3 3 2 4 1 5 4 6 5 7 6 8 7 9 6 10 5 11</p>
                </polylist>
            </mesh>
        </geometry>
        <geometry id="meshMesh11_VC2">
            <mesh>
                <source id="pointsMesh11_VC2">
                    <float_array id="pointarrayMesh11_VC2" count="24">3555 343 -37 4791 343 -485 3556 405 -36 4791 405 -485 3363 343 -566 3362 405 -567 4597 343 -1016 4597 405 -1016</float_array>
                    <technique_common>
                        <accessor count="8" source="#pointarrayMesh11_VC2" stride="3">
                            <param name="X" type="float"/>
                            <param name="Y" type="float"/>
                            <param name="Z" type="float"/>
                        </accessor>
                    </technique_common>
                </source>
                <source id="uvsMesh11_VC2">
                    <float_array id="uvarrayMesh11_VC2" count="24">0.5078125 0.75 0.5078125 0.75 0.5078125 0.75 0.5078125 0.75 0.5078125 0.75 0.5078125 0.75 0.5390625 0.75 0.5390625 0.75 0.5390625 0.75 0.5390625 0.75 0.5390625 0.75 0.5390625 0.75</float_array>
                    <technique_common>
                        <accessor count="12" source="#uvarrayMesh11_VC2" stride="2">
                            <param name="S" type="float"/>
                            <param name="T" type="float"/>
                        </accessor>
                    </technique_common>
                </source>
                <vertices id="verticesMesh11_VC2">
                    <input semantic="POSITION" source="#pointsMesh11_VC2"/>
                </vertices>
                <polylist count="4" material="Material1">
                    <input offset="0" semantic="VERTEX" source="#verticesMesh11_VC2"/>
                    <input offset="1" semantic="TEXCOORD" source="#uvsMesh11_VC2" set="0"/>
                    <vcount>3 3 3 3</vcount>
                    <p>0 0 1 1 2 2 3 3 2 4 1 5 4 6 5 7 6 8 7 9 6 10 5 11</p>
                </polylist>
            </mesh>
        </geometry>
        <geometry id="meshMesh12_1">
            <mesh>
                <source id="pointsMesh12_1">
                    <float_array id="pointarrayMesh12_1" count="129">4989 545 -7072 4997 545 -8085 4065 545 -7585 -6899 371 -2047 -7685 260 0 -5438 405 -1522 -4825 553 5288 -4318 260 3323 -6678 590 4409 -2047 260 5792 -3471 260 4623 -4599 260 2299 -7415 508 3183 -7685 260 2269 -4666 260 1401 -4363 371 255 -2317 639 2048 -816 260 3370 0 727 2146 6623 371 0 7168 474 0 6301 474 -958 5249 397 -636 7203 627 -1945 5633 371 -2047 -2317 260 3579 -3372 260 2933 -3727 260 2048 -2317 518 929 -3360 420 1187 -1112 801 1396 -5307 543 -3479 -5864 543 -3689 -5220 422 -2744 -6641 543 -3573 7305 868 -4095 4963 544 -3762 -6479 543 -4496 6789 1022 -5679 5438 704 -5679 4981 545 -6167 5974 910 -7191 -5784 543 -4360</float_array>
                    <technique_common>
                        <accessor count="43" source="#pointarrayMesh12_1" stride="3">
                            <param name="X" type="float"/>
                            <param name="Y" type="float"/>
                            <param name="Z" type="float"/>
                        </accessor>
                    </technique_common>
                </source>
                <source id="uvsMesh12_1">
                    <float_array id="uvarrayMesh12_1" count="86">-3.099609375 1.45703125 -3.810546875 1.853515625 -3.8359375 0.95703125 3.501953125 7.53515625 1.060546875 6.3359375 4.076171875 5.6484375 -1.7578125 -1.421875 0.455078125 -0.01953125 -2.302734375 1.16796875 -0.16015625 -4.525390625 -0.12109375 -2.060546875 1.193359375 1.21875 -1.701171875 3.0390625 -1.025390625 4.17578125 1.96875 2.138671875 3.228515625 2.935546875 0.3515625 0.744140625 1.8046875 -0.712890625 2.966796875 0.53515625 2.556640625 -0.044921875 2.771484375 0.380859375 1.744140625 0.09375 1.55078125 -0.833984375 1.404296875 1.17578125 0.712890625 -0.005859375 0.060546875 -0.86328125 -1.013671875 -0.134765625 -1.24609375 0.810546875 0.56640625 1.921875 -0.666015625 1.697265625 1.845703125 1.375 5.953125 7.380859375 5.7421875 8.109375 5.357421875 6.603515625 5.068359375 8.736328125 -0.08203125 2.11328125 -0.775390625 0.16796875 6.03515625 9.4609375 -1.416015625 2.3515625 -1.9453125 1.28515625 -2.46484375 1.10546875 -2.8046875 2.30078125 6.416015625 8.671875</float_array>
                    <technique_common>
                        <accessor count="43" source="#uvarrayMesh12_1" stride="2">
                            <param name="S" type="float"/>
                            <param name="T" type="float"/>
                        </accessor>
                    </technique_common>
                </source>
                <vertices id="verticesMesh12_1">
                    <input semantic="POSITION" source="#pointsMesh12_1"/>
                </vertices>
                <polylist count="39" material="Material1">
                    <input offset="0" semantic="VERTEX" source="#verticesMesh12_1"/>
                    <input offset="1" semantic="TEXCOORD" source="#uvsMesh12_1" set="0"/>
                    <vcount>3 3 3 3 3 3 3 3 3 3 3 3 3 3 3 3 3 3 3 3 3 3 3 3 3 3 3 3 3 3 3 3 3 3 3 3 3 3 3</vcount>
                    <p>0 0 1 1 2 2 3 3 4 4 5 5 6 6 7 7 8 8 9 9 10 10 6 6 7 7 6 6 10 10 7 7 11 11 8 8 12 12 8 8 11 11 13 13 12 12 11 11 11 11 14 14 13 13 13 13 14 14 4 4 15 15 4 4 14 14 15 15 5 5 4 4 16 16 17 17 18 18 19 19 20 20 21 21 21 21 22 22 19 19 23 23 21 21 20 20 21 21 24 24 22 22 21 21 23 23 24 24 25 25 17 17 16 16 25 25 16 16 26 26 27 27 26 26 16 16 28 28 29 29 16 16 16 16 29 29 27 27 18 18 30 30 16 16 28 28 16 16 30 30 31 31 32 32 33 33 3 3 5 5 34 34 33 33 34 34 5 5 23 23 35 35 24 24 35 35 36 36 24 24 32 32 34 34 33 33 32 32 37 37 34 34 38 38 39 39 35 35 39 39 36 36 35 35 1 1 40 40 41 41 32 32 42 42 37 37 39 39 40 40 36 36 38 38 41 41 39 39 39 39 41 41 40 40</p>
                </polylist>
            </mesh>
        </geometry>
        <geometry id="meshMesh12_2">
            <mesh>
                <source id="pointsMesh12_2">
                    <float_array id="pointarrayMesh12_2" count="129">4989 545 -7072 4997 545 -8085 4065 545 -7585 -6899 371 -2047 -7685 260 0 -5438 405 -1522 -4825 553 5288 -4318 260 3323 -6678 590 4409 -2047 260 5792 -3471 260 4623 -4599 260 2299 -7415 508 3183 -7685 260 2269 -4666 260 1401 -4363 371 255 -2317 639 2048 -816 260 3370 0 727 2146 6623 371 0 7168 474 0 6301 474 -958 5249 397 -636 7203 627 -1945 5633 371 -2047 -2317 260 3579 -3372 260 2933 -3727 260 2048 -2317 518 929 -3360 420 1187 -1112 801 1396 -5307 543 -3479 -5864 543 -3689 -5220 422 -2744 -6641 543 -3573 7305 868 -4095 4963 544 -3762 -6479 543 -4496 6789 1022 -5679 5438 704 -5679 4981 545 -6167 5974 910 -7191 -5784 543 -4360</float_array>
                    <technique_common>
                        <accessor count="43" source="#pointarrayMesh12_2" stride="3">
                            <param name="X" type="float"/>
                            <param name="Y" type="float"/>
                            <param name="Z" type="float"/>
                        </accessor>
                    </technique_common>
                </source>
                <source id="uvsMesh12_2">
                    <float_array id="uvarrayMesh12_2" count="86">-3.099609375 1.45703125 -3.810546875 1.853515625 -3.8359375 0.95703125 3.501953125 7.53515625 1.060546875 6.3359375 4.076171875 5.6484375 -1.7578125 -1.421875 0.455078125 -0.01953125 -2.302734375 1.16796875 -0.16015625 -4.525390625 -0.12109375 -2.060546875 1.193359375 1.21875 -1.701171875 3.0390625 -1.025390625 4.17578125 1.96875 2.138671875 3.228515625 2.935546875 0.3515625 0.744140625 1.8046875 -0.712890625 2.966796875 0.53515625 2.556640625 -0.044921875 2.771484375 0.380859375 1.744140625 0.09375 1.55078125 -0.833984375 1.404296875 1.17578125 0.712890625 -0.005859375 0.060546875 -0.86328125 -1.013671875 -0.134765625 -1.24609375 0.810546875 0.56640625 1.921875 -0.666015625 1.697265625 1.845703125 1.375 5.953125 7.380859375 5.7421875 8.109375 5.357421875 6.603515625 5.068359375 8.736328125 -0.08203125 2.11328125 -0.775390625 0.16796875 6.03515625 9.4609375 -1.416015625 2.3515625 -1.9453125 1.28515625 -2.46484375 1.10546875 -2.8046875 2.30078125 6.416015625 8.671875</float_array>
                    <technique_common>
                        <accessor count="43" source="#uvarrayMesh12_2" stride="2">
                            <param name="S" type="float"/>
                            <param name="T" type="float"/>
                        </accessor>
                    </technique_common>
                </source>
                <vertices id="verticesMesh12_2">
                    <input semantic="POSITION" source="#pointsMesh12_2"/>
                </vertices>
                <polylist count="39" material="Material1">
                    <input offset="0" semantic="VERTEX" source="#verticesMesh12_2"/>
                    <input offset="1" semantic="TEXCOORD" source="#uvsMesh12_2" set="0"/>
                    <vcount>3 3 3 3 3 3 3 3 3 3 3 3 3 3 3 3 3 3 3 3 3 3 3 3 3 3 3 3 3 3 3 3 3 3 3 3 3 3 3</vcount>
                    <p>0 0 1 1 2 2 3 3 4 4 5 5 6 6 7 7 8 8 9 9 10 10 6 6 7 7 6 6 10 10 7 7 11 11 8 8 12 12 8 8 11 11 13 13 12 12 11 11 11 11 14 14 13 13 13 13 14 14 4 4 15 15 4 4 14 14 15 15 5 5 4 4 16 16 17 17 18 18 19 19 20 20 21 21 21 21 22 22 19 19 23 23 21 21 20 20 21 21 24 24 22 22 21 21 23 23 24 24 25 25 17 17 16 16 25 25 16 16 26 26 27 27 26 26 16 16 28 28 29 29 16 16 16 16 29 29 27 27 18 18 30 30 16 16 28 28 16 16 30 30 31 31 32 32 33 33 3 3 5 5 34 34 33 33 34 34 5 5 23 23 35 35 24 24 35 35 36 36 24 24 32 32 34 34 33 33 32 32 37 37 34 34 38 38 39 39 35 35 39 39 36 36 35 35 1 1 40 40 41 41 32 32 42 42 37 37 39 39 40 40 36 36 38 38 41 41 39 39 39 39 41 41 40 40</p>
                </polylist>
            </mesh>
        </geometry>
        <geometry id="meshMesh12_VC2">
            <mesh>
                <source id="pointsMesh12_VC2">
                    <float_array id="pointarrayMesh12_VC2" count="129">4989 545 -7072 4997 545 -8085 4065 545 -7585 -6899 371 -2047 -7685 260 0 -5438 405 -1522 -4825 553 5288 -4318 260 3323 -6678 590 4409 -2047 260 5792 -3471 260 4623 -4599 260 2299 -7415 508 3183 -7685 260 2269 -4666 260 1401 -4363 371 255 -2317 639 2048 -816 260 3370 0 727 2146 6623 371 0 7168 474 0 6301 474 -958 5249 397 -636 7203 627 -1945 5633 371 -2047 -2317 260 3579 -3372 260 2933 -3727 260 2048 -2317 518 929 -3360 420 1187 -1112 801 1396 -5307 543 -3479 -5864 543 -3689 -5220 422 -2744 -6641 543 -3573 7305 868 -4095 4963 544 -3762 -6479 543 -4496 6789 1022 -5679 5438 704 -5679 4981 545 -6167 5974 910 -7191 -5784 543 -4360</float_array>
                    <technique_common>
                        <accessor count="43" source="#pointarrayMesh12_VC2" stride="3">
                            <param name="X" type="float"/>
                            <param name="Y" type="float"/>
                            <param name="Z" type="float"/>
                        </accessor>
                    </technique_common>
                </source>
                <source id="uvsMesh12_VC2">
                    <float_array id="uvarrayMesh12_VC2" count="234">0.5078125 0.75 0.5078125 0.75 0.5078125 0.75 0.5078125 0.75 0.5078125 0.75 0.5078125 0.75 0.5078125 0.75 0.5078125 0.75 0.5078125 0.75 0.5078125 0.75 0.5078125 0.75 0.5078125 0.75 0.5078125 0.75 0.5078125 0.75 0.5078125 0.75 0.5078125 0.75 0.5078125 0.75 0.5078125 0.75 0.5078125 0.75 0.5078125 0.75 0.5078125 0.75 0.5078125 0.75 0.5078125 0.75 0.5078125 0.75 0.5078125 0.75 0.5078125 0.75 0.5078125 0.75 0.5078125 0.75 0.5078125 0.75 0.5078125 0.75 0.5078125 0.75 0.5078125 0.75 0.5078125 0.75 0.5078125 0.75 0.5078125 0.75 0.5078125 0.75 0.5078125 0.75 0.5078125 0.75 0.5078125 0.75 0.5078125 0.75 0.5078125 0.75 0.5078125 0.75 0.5078125 0.75 0.5078125 0.75 0.5078125 0.75 0.5078125 0.75 0.5078125 0.75 0.5078125 0.75 0.5078125 0.75 0.5078125 0.75 0.5078125 0.75 0.5078125 0.75 0.5078125 0.75 0.5078125 0.75 0.5078125 0.75 0.5078125 0.75 0.5078125 0.75 0.5078125 0.75 0.5078125 0.75 0.5078125 0.75 0.5078125 0.75 0.5078125 0.75 0.5078125 0.75 0.5078125 0.75 0.5078125 0.75 0.5078125 0.75 0.5078125 0.75 0.5078125 0.75 0.5078125 0.75 0.5078125 0.75 0.5078125 0.75 0.5078125 0.75 0.5078125 0.75 0.5078125 0.75 0.5078125 0.75 0.5078125 0.75 0.5078125 0.75 0.5078125 0.75 0.5078125 0.75 0.5078125 0.75 0.5078125 0.75 0.5078125 0.75 0.5078125 0.75 0.5078125 0.75 0.5078125 0.75 0.5078125 0.75 0.5078125 0.75 0.5078125 0.75 0.5078125 0.75 0.5078125 0.75 0.5078125 0.75 0.5078125 0.75 0.5078125 0.75 0.5078125 0.75 0.5078125 0.75 0.5078125 0.75 0.5078125 0.75 0.5078125 0.75 0.5078125 0.75 0.5078125 0.75 0.5078125 0.75 0.5078125 0.75 0.5078125 0.75 0.5078125 0.75 0.5078125 0.75 0.5078125 0.75 0.5078125 0.75 0.5078125 0.75 0.5078125 0.75 0.5078125 0.75 0.5078125 0.75 0.5078125 0.75 0.5078125 0.75 0.5078125 0.75 0.5078125 0.75 0.5078125 0.75 0.5078125 0.75</float_array>
                    <technique_common>
                        <accessor count="117" source="#uvarrayMesh12_VC2" stride="2">
                            <param name="S" type="float"/>
                            <param name="T" type="float"/>
                        </accessor>
                    </technique_common>
                </source>
                <vertices id="verticesMesh12_VC2">
                    <input semantic="POSITION" source="#pointsMesh12_VC2"/>
                </vertices>
                <polylist count="39" material="Material1">
                    <input offset="0" semantic="VERTEX" source="#verticesMesh12_VC2"/>
                    <input offset="1" semantic="TEXCOORD" source="#uvsMesh12_VC2" set="0"/>
                    <vcount>3 3 3 3 3 3 3 3 3 3 3 3 3 3 3 3 3 3 3 3 3 3 3 3 3 3 3 3 3 3 3 3 3 3 3 3 3 3 3</vcount>
                    <p>0 0 1 1 2 2 3 3 4 4 5 5 6 6 7 7 8 8 9 9 10 10 6 11 7 12 6 13 10 14 7 15 11 16 8 17 12 18 8 19 11 20 13 21 12 22 11 23 11 24 14 25 13 26 13 27 14 28 4 29 15 30 4 31 14 32 15 33 5 34 4 35 16 36 17 37 18 38 19 39 20 40 21 41 21 42 22 43 19 44 23 45 21 46 20 47 21 48 24 49 22 50 21 51 23 52 24 53 25 54 17 55 16 56 25 57 16 58 26 59 27 60 26 61 16 62 28 63 29 64 16 65 16 66 29 67 27 68 18 69 30 70 16 71 28 72 16 73 30 74 31 75 32 76 33 77 3 78 5 79 34 80 33 81 34 82 5 83 23 84 35 85 24 86 35 87 36 88 24 89 32 90 34 91 33 92 32 93 37 94 34 95 38 96 39 97 35 98 39 99 36 100 35 101 1 102 40 103 41 104 32 105 42 106 37 107 39 108 40 109 36 110 38 111 41 112 39 113 39 114 41 115 40 116</p>
                </polylist>
            </mesh>
        </geometry>
        <geometry id="meshMesh13_1">
            <mesh>
                <source id="pointsMesh13_1">
                    <float_array id="pointarrayMesh13_1" count="135">3468 545 -5438 4989 545 -7072 4065 545 -7585 4409 545 -5437 4981 545 -6167 -2317 518 929 -2047 518 -162 -3360 420 1187 -4318 260 3323 -3884 260 6005 -3372 260 2933 -4599 260 2299 -3727 260 2048 723 260 2933 723 260 6005 -4666 260 1401 -4363 371 255 -4132 371 -562 -4671 422 -2545 -5220 422 -2744 -4796 405 -1606 4791 405 -485 5249 397 -636 4597 405 -1016 5633 371 -2047 5052 371 -2053 4963 544 -3762 4407 545 -3689 -5438 405 -1522 -4132 371 -562 -4363 371 255 -5307 543 -3479 -4700 543 -3663 -553 811 -162 -1112 801 1396 2314 371 -162 554 811 -162 2318 371 683 91 801 1396 3556 405 -36 3362 405 -567 -4928 543 -4193 -5864 543 -3689 -5784 543 -4360 3484 545 -7274</float_array>
                    <technique_common>
                        <accessor count="45" source="#pointarrayMesh13_1" stride="3">
                            <param name="X" type="float"/>
                            <param name="Y" type="float"/>
                            <param name="Z" type="float"/>
                        </accessor>
                    </technique_common>
                </source>
                <source id="uvsMesh13_1">
                    <float_array id="uvarrayMesh13_1" count="90">0.353515625 7.87109375 3.373046875 9.51953125 2.2734375 10.720703125 1.728515625 7.412109375 2.921875 8.201171875 -1.912109375 5.7890625 -1.810546875 7.91796875 -3.841796875 5.28515625 -4.87890625 1.123046875 -2.986328125 -4.103515625 -3.185546875 1.8828125 -5.82421875 3.119140625 -4.22265625 3.607421875 4.796875 1.8828125 5.994140625 -4.103515625 -6.306640625 4.869140625 -6.16015625 7.1015625 -6.029296875 8.69921875 1.41796875 1.326171875 0.3515625 1.72265625 1.228515625 -0.23046875 -0.123046875 -0.01171875 0.6171875 -0.015625 -0.146484375 0.857421875 1.8671875 1.859375 1.01953125 2.150390625 1.72265625 4.693359375 0.875 4.857421875 0 0.033203125 2.431640625 -2.009765625 2.05078125 -3.36328125 0.26953125 2.919921875 1.333984375 3.193359375 1.1015625 7.91796875 0.6171875 4.87890625 6.69140625 7.91796875 3.259765625 7.91796875 7.029296875 6.26953125 2.966796875 4.87890625 8.783203125 7.60546875 8.576171875 8.70703125 0.916015625 4.08984375 -0.716796875 3.302734375 -0.59765625 4.416015625 1.2734375 10.546875</float_array>
                    <technique_common>
                        <accessor count="45" source="#uvarrayMesh13_1" stride="2">
                            <param name="S" type="float"/>
                            <param name="T" type="float"/>
                        </accessor>
                    </technique_common>
                </source>
                <vertices id="verticesMesh13_1">
                    <input semantic="POSITION" source="#pointsMesh13_1"/>
                </vertices>
                <polylist count="39" material="Material1">
                    <input offset="0" semantic="VERTEX" source="#verticesMesh13_1"/>
                    <input offset="1" semantic="TEXCOORD" source="#uvsMesh13_1" set="0"/>
                    <vcount>3 3 3 3 3 3 3 3 3 3 3 3 3 3 3 3 3 3 3 3 3 3 3 3 3 3 3 3 3 3 3 3 3 3 3 3 3 3 3</vcount>
                    <p>0 0 1 1 2 2 0 0 3 3 4 4 5 5 6 6 7 7 8 8 9 9 10 10 11 11 8 8 12 12 10 10 12 12 8 8 9 9 13 13 10 10 9 9 14 14 13 13 11 11 12 12 15 15 7 7 16 16 12 12 15 15 12 12 16 16 7 7 6 6 16 16 16 16 6 6 17 17 18 18 19 19 20 20 21 21 22 22 23 23 24 24 25 25 22 22 23 23 22 22 25 25 24 24 26 26 25 25 27 27 25 25 26 26 20 20 28 28 29 29 29 29 28 28 30 30 20 20 19 19 28 28 31 31 19 19 32 32 32 32 19 19 18 18 6 6 5 5 33 33 27 27 26 26 3 3 4 4 3 3 26 26 34 34 33 33 5 5 35 35 36 36 37 37 36 36 33 33 34 34 37 37 36 36 38 38 35 35 39 39 40 40 37 37 39 39 35 35 32 32 41 41 31 31 31 31 41 41 42 42 43 43 42 42 41 41 36 36 34 34 38 38 0 0 4 4 1 1 2 2 44 44 0 0</p>
                </polylist>
            </mesh>
        </geometry>
        <geometry id="meshMesh13_2">
            <mesh>
                <source id="pointsMesh13_2">
                    <float_array id="pointarrayMesh13_2" count="135">3468 545 -5438 4989 545 -7072 4065 545 -7585 4409 545 -5437 4981 545 -6167 -2317 518 929 -2047 518 -162 -3360 420 1187 -4318 260 3323 -3884 260 6005 -3372 260 2933 -4599 260 2299 -3727 260 2048 723 260 2933 723 260 6005 -4666 260 1401 -4363 371 255 -4132 371 -562 -4671 422 -2545 -5220 422 -2744 -4796 405 -1606 4791 405 -485 5249 397 -636 4597 405 -1016 5633 371 -2047 5052 371 -2053 4963 544 -3762 4407 545 -3689 -5438 405 -1522 -4132 371 -562 -4363 371 255 -5307 543 -3479 -4700 543 -3663 -553 811 -162 -1112 801 1396 2314 371 -162 554 811 -162 2318 371 683 91 801 1396 3556 405 -36 3362 405 -567 -4928 543 -4193 -5864 543 -3689 -5784 543 -4360 3484 545 -7274</float_array>
                    <technique_common>
                        <accessor count="45" source="#pointarrayMesh13_2" stride="3">
                            <param name="X" type="float"/>
                            <param name="Y" type="float"/>
                            <param name="Z" type="float"/>
                        </accessor>
                    </technique_common>
                </source>
                <source id="uvsMesh13_2">
                    <float_array id="uvarrayMesh13_2" count="90">0.353515625 7.87109375 3.373046875 9.51953125 2.2734375 10.720703125 1.728515625 7.412109375 2.921875 8.201171875 -1.912109375 5.7890625 -1.810546875 7.91796875 -3.841796875 5.28515625 -4.87890625 1.123046875 -2.986328125 -4.103515625 -3.185546875 1.8828125 -5.82421875 3.119140625 -4.22265625 3.607421875 4.796875 1.8828125 5.994140625 -4.103515625 -6.306640625 4.869140625 -6.16015625 7.1015625 -6.029296875 8.69921875 1.41796875 1.326171875 0.3515625 1.72265625 1.228515625 -0.23046875 -0.123046875 -0.01171875 0.6171875 -0.015625 -0.146484375 0.857421875 1.8671875 1.859375 1.01953125 2.150390625 1.72265625 4.693359375 0.875 4.857421875 0 0.033203125 2.431640625 -2.009765625 2.05078125 -3.36328125 0.26953125 2.919921875 1.333984375 3.193359375 1.1015625 7.91796875 0.6171875 4.87890625 6.69140625 7.91796875 3.259765625 7.91796875 7.029296875 6.26953125 2.966796875 4.87890625 8.783203125 7.60546875 8.576171875 8.70703125 0.916015625 4.08984375 -0.716796875 3.302734375 -0.59765625 4.416015625 1.2734375 10.546875</float_array>
                    <technique_common>
                        <accessor count="45" source="#uvarrayMesh13_2" stride="2">
                            <param name="S" type="float"/>
                            <param name="T" type="float"/>
                        </accessor>
                    </technique_common>
                </source>
                <vertices id="verticesMesh13_2">
                    <input semantic="POSITION" source="#pointsMesh13_2"/>
                </vertices>
                <polylist count="39" material="Material1">
                    <input offset="0" semantic="VERTEX" source="#verticesMesh13_2"/>
                    <input offset="1" semantic="TEXCOORD" source="#uvsMesh13_2" set="0"/>
                    <vcount>3 3 3 3 3 3 3 3 3 3 3 3 3 3 3 3 3 3 3 3 3 3 3 3 3 3 3 3 3 3 3 3 3 3 3 3 3 3 3</vcount>
                    <p>0 0 1 1 2 2 0 0 3 3 4 4 5 5 6 6 7 7 8 8 9 9 10 10 11 11 8 8 12 12 10 10 12 12 8 8 9 9 13 13 10 10 9 9 14 14 13 13 11 11 12 12 15 15 7 7 16 16 12 12 15 15 12 12 16 16 7 7 6 6 16 16 16 16 6 6 17 17 18 18 19 19 20 20 21 21 22 22 23 23 24 24 25 25 22 22 23 23 22 22 25 25 24 24 26 26 25 25 27 27 25 25 26 26 20 20 28 28 29 29 29 29 28 28 30 30 20 20 19 19 28 28 31 31 19 19 32 32 32 32 19 19 18 18 6 6 5 5 33 33 27 27 26 26 3 3 4 4 3 3 26 26 34 34 33 33 5 5 35 35 36 36 37 37 36 36 33 33 34 34 37 37 36 36 38 38 35 35 39 39 40 40 37 37 39 39 35 35 32 32 41 41 31 31 31 31 41 41 42 42 43 43 42 42 41 41 36 36 34 34 38 38 0 0 4 4 1 1 2 2 44 44 0 0</p>
                </polylist>
            </mesh>
        </geometry>
        <geometry id="meshMesh13_VC2">
            <mesh>
                <source id="pointsMesh13_VC2">
                    <float_array id="pointarrayMesh13_VC2" count="135">3468 545 -5438 4989 545 -7072 4065 545 -7585 4409 545 -5437 4981 545 -6167 -2317 518 929 -2047 518 -162 -3360 420 1187 -4318 260 3323 -3884 260 6005 -3372 260 2933 -4599 260 2299 -3727 260 2048 723 260 2933 723 260 6005 -4666 260 1401 -4363 371 255 -4132 371 -562 -4671 422 -2545 -5220 422 -2744 -4796 405 -1606 4791 405 -485 5249 397 -636 4597 405 -1016 5633 371 -2047 5052 371 -2053 4963 544 -3762 4407 545 -3689 -5438 405 -1522 -4132 371 -562 -4363 371 255 -5307 543 -3479 -4700 543 -3663 -553 811 -162 -1112 801 1396 2314 371 -162 554 811 -162 2318 371 683 91 801 1396 3556 405 -36 3362 405 -567 -4928 543 -4193 -5864 543 -3689 -5784 543 -4360 3484 545 -7274</float_array>
                    <technique_common>
                        <accessor count="45" source="#pointarrayMesh13_VC2" stride="3">
                            <param name="X" type="float"/>
                            <param name="Y" type="float"/>
                            <param name="Z" type="float"/>
                        </accessor>
                    </technique_common>
                </source>
                <source id="uvsMesh13_VC2">
                    <float_array id="uvarrayMesh13_VC2" count="234">0.5078125 0.75 0.5078125 0.75 0.5078125 0.75 0.5078125 0.75 0.5078125 0.75 0.5078125 0.75 0.5078125 0.75 0.5078125 0.75 0.5078125 0.75 0.5078125 0.75 0.5078125 0.75 0.5078125 0.75 0.5078125 0.75 0.5078125 0.75 0.5078125 0.75 0.5078125 0.75 0.5078125 0.75 0.5078125 0.75 0.5078125 0.75 0.5078125 0.75 0.5078125 0.75 0.5078125 0.75 0.5078125 0.75 0.5078125 0.75 0.5078125 0.75 0.5078125 0.75 0.5078125 0.75 0.5078125 0.75 0.5078125 0.75 0.5078125 0.75 0.5078125 0.75 0.5078125 0.75 0.5078125 0.75 0.5078125 0.75 0.5078125 0.75 0.5078125 0.75 0.5078125 0.75 0.5078125 0.75 0.5078125 0.75 0.5078125 0.75 0.5078125 0.75 0.5078125 0.75 0.5078125 0.75 0.5078125 0.75 0.5078125 0.75 0.5078125 0.75 0.5078125 0.75 0.5078125 0.75 0.5078125 0.75 0.5078125 0.75 0.5078125 0.75 0.5078125 0.75 0.5078125 0.75 0.5078125 0.75 0.5078125 0.75 0.5078125 0.75 0.5078125 0.75 0.5078125 0.75 0.5078125 0.75 0.5078125 0.75 0.5078125 0.75 0.5078125 0.75 0.5078125 0.75 0.5078125 0.75 0.5078125 0.75 0.5078125 0.75 0.5078125 0.75 0.5078125 0.75 0.5078125 0.75 0.5078125 0.75 0.5078125 0.75 0.5078125 0.75 0.5078125 0.75 0.5078125 0.75 0.5078125 0.75 0.5078125 0.75 0.5078125 0.75 0.5078125 0.75 0.5078125 0.75 0.5078125 0.75 0.5078125 0.75 0.5078125 0.75 0.5078125 0.75 0.5078125 0.75 0.5078125 0.75 0.5078125 0.75 0.5078125 0.75 0.5078125 0.75 0.5078125 0.75 0.5078125 0.75 0.5078125 0.75 0.5078125 0.75 0.5078125 0.75 0.5078125 0.75 0.5078125 0.75 0.5078125 0.75 0.5078125 0.75 0.5078125 0.75 0.5078125 0.75 0.5078125 0.75 0.5078125 0.75 0.5078125 0.75 0.5078125 0.75 0.5078125 0.75 0.5078125 0.75 0.5078125 0.75 0.5078125 0.75 0.5078125 0.75 0.5078125 0.75 0.5078125 0.75 0.5078125 0.75 0.5078125 0.75 0.5078125 0.75 0.5078125 0.75 0.5078125 0.75 0.5078125 0.75 0.5078125 0.75</float_array>
                    <technique_common>
                        <accessor count="117" source="#uvarrayMesh13_VC2" stride="2">
                            <param name="S" type="float"/>
                            <param name="T" type="float"/>
                        </accessor>
                    </technique_common>
                </source>
                <vertices id="verticesMesh13_VC2">
                    <input semantic="POSITION" source="#pointsMesh13_VC2"/>
                </vertices>
                <polylist count="39" material="Material1">
                    <input offset="0" semantic="VERTEX" source="#verticesMesh13_VC2"/>
                    <input offset="1" semantic="TEXCOORD" source="#uvsMesh13_VC2" set="0"/>
                    <vcount>3 3 3 3 3 3 3 3 3 3 3 3 3 3 3 3 3 3 3 3 3 3 3 3 3 3 3 3 3 3 3 3 3 3 3 3 3 3 3</vcount>
                    <p>0 0 1 1 2 2 0 3 3 4 4 5 5 6 6 7 7 8 8 9 9 10 10 11 11 12 8 13 12 14 10 15 12 16 8 17 9 18 13 19 10 20 9 21 14 22 13 23 11 24 12 25 15 26 7 27 16 28 12 29 15 30 12 31 16 32 7 33 6 34 16 35 16 36 6 37 17 38 18 39 19 40 20 41 21 42 22 43 23 44 24 45 25 46 22 47 23 48 22 49 25 50 24 51 26 52 25 53 27 54 25 55 26 56 20 57 28 58 29 59 29 60 28 61 30 62 20 63 19 64 28 65 31 66 19 67 32 68 32 69 19 70 18 71 6 72 5 73 33 74 27 75 26 76 3 77 4 78 3 79 26 80 34 81 33 82 5 83 35 84 36 85 37 86 36 87 33 88 34 89 37 90 36 91 38 92 35 93 39 94 40 95 37 96 39 97 35 98 32 99 41 100 31 101 31 102 41 103 42 104 43 105 42 106 41 107 36 108 34 109 38 110 0 111 4 112 1 113 2 114 44 115 0 116</p>
                </polylist>
            </mesh>
        </geometry>
        <geometry id="meshMesh14_1">
            <mesh>
                <source id="pointsMesh14_1">
                    <float_array id="pointarrayMesh14_1" count="30">5709 -1330 4034 5667 -1330 3225 5372 -924 3298 5384 -1330 2982 4832 -1330 3682 5125 -1330 4077 4994 -1330 4855 5385 -1330 4964 5255 -1125 4748 5400 -1330 4459</float_array>
                    <technique_common>
                        <accessor count="10" source="#pointarrayMesh14_1" stride="3">
                            <param name="X" type="float"/>
                            <param name="Y" type="float"/>
                            <param name="Z" type="float"/>
                        </accessor>
                    </technique_common>
                </source>
                <source id="uvsMesh14_1">
                    <float_array id="uvarrayMesh14_1" count="20">0.185546875 2.123046875 -0.0390625 0.74609375 0.552734375 0.81640625 0.41015625 0.283203125 1.736328125 1.365234375 1.322265625 2.087890625 0.521484375 1.673828125 0.578125 0.474609375 0.63671875 0.068359375 -0.09375 -0.515625</float_array>
                    <technique_common>
                        <accessor count="10" source="#uvarrayMesh14_1" stride="2">
                            <param name="S" type="float"/>
                            <param name="T" type="float"/>
                        </accessor>
                    </technique_common>
                </source>
                <vertices id="verticesMesh14_1">
                    <input semantic="POSITION" source="#pointsMesh14_1"/>
                </vertices>
                <polylist count="8" material="Material1">
                    <input offset="0" semantic="VERTEX" source="#verticesMesh14_1"/>
                    <input offset="1" semantic="TEXCOORD" source="#uvsMesh14_1" set="0"/>
                    <vcount>3 3 3 3 3 3 3 3</vcount>
                    <p>0 0 1 1 2 2 1 1 3 3 2 2 3 3 4 4 2 2 5 5 0 0 2 2 4 4 5 5 2 2 6 6 7 7 8 8 9 9 6 6 8 8 7 7 9 9 8 8</p>
                </polylist>
            </mesh>
        </geometry>
        <geometry id="meshMesh14_2">
            <mesh>
                <source id="pointsMesh14_2">
                    <float_array id="pointarrayMesh14_2" count="30">5709 -1330 4034 5667 -1330 3225 5372 -924 3298 5384 -1330 2982 4832 -1330 3682 5125 -1330 4077 4994 -1330 4855 5385 -1330 4964 5255 -1125 4748 5400 -1330 4459</float_array>
                    <technique_common>
                        <accessor count="10" source="#pointarrayMesh14_2" stride="3">
                            <param name="X" type="float"/>
                            <param name="Y" type="float"/>
                            <param name="Z" type="float"/>
                        </accessor>
                    </technique_common>
                </source>
                <source id="uvsMesh14_2">
                    <float_array id="uvarrayMesh14_2" count="20">0.185546875 2.123046875 -0.0390625 0.74609375 0.552734375 0.81640625 0.41015625 0.283203125 1.736328125 1.365234375 1.322265625 2.087890625 0.521484375 1.673828125 0.578125 0.474609375 0.63671875 0.068359375 -0.09375 -0.515625</float_array>
                    <technique_common>
                        <accessor count="10" source="#uvarrayMesh14_2" stride="2">
                            <param name="S" type="float"/>
                            <param name="T" type="float"/>
                        </accessor>
                    </technique_common>
                </source>
                <vertices id="verticesMesh14_2">
                    <input semantic="POSITION" source="#pointsMesh14_2"/>
                </vertices>
                <polylist count="8" material="Material1">
                    <input offset="0" semantic="VERTEX" source="#verticesMesh14_2"/>
                    <input offset="1" semantic="TEXCOORD" source="#uvsMesh14_2" set="0"/>
                    <vcount>3 3 3 3 3 3 3 3</vcount>
                    <p>0 0 1 1 2 2 1 1 3 3 2 2 3 3 4 4 2 2 5 5 0 0 2 2 4 4 5 5 2 2 6 6 7 7 8 8 9 9 6 6 8 8 7 7 9 9 8 8</p>
                </polylist>
            </mesh>
        </geometry>
        <geometry id="meshMesh14_VC1">
            <mesh>
                <source id="pointsMesh14_VC1">
                    <float_array id="pointarrayMesh14_VC1" count="30">5709 -1330 4034 5667 -1330 3225 5372 -924 3298 5384 -1330 2982 4832 -1330 3682 5125 -1330 4077 4994 -1330 4855 5385 -1330 4964 5255 -1125 4748 5400 -1330 4459</float_array>
                    <technique_common>
                        <accessor count="10" source="#pointarrayMesh14_VC1" stride="3">
                            <param name="X" type="float"/>
                            <param name="Y" type="float"/>
                            <param name="Z" type="float"/>
                        </accessor>
                    </technique_common>
                </source>
                <source id="uvsMesh14_VC1">
                    <float_array id="uvarrayMesh14_VC1" count="48">0.4453125 0.75 0.4453125 0.75 0.4453125 0.75 0.4453125 0.75 0.4453125 0.75 0.4453125 0.75 0.4453125 0.75 0.4453125 0.75 0.4453125 0.75 0.4453125 0.75 0.4453125 0.75 0.4453125 0.75 0.4453125 0.75 0.4453125 0.75 0.4453125 0.75 0.4453125 0.75 0.4453125 0.75 0.4453125 0.75 0.4453125 0.75 0.4453125 0.75 0.4453125 0.75 0.4453125 0.75 0.4453125 0.75 0.4453125 0.75</float_array>
                    <technique_common>
                        <accessor count="24" source="#uvarrayMesh14_VC1" stride="2">
                            <param name="S" type="float"/>
                            <param name="T" type="float"/>
                        </accessor>
                    </technique_common>
                </source>
                <vertices id="verticesMesh14_VC1">
                    <input semantic="POSITION" source="#pointsMesh14_VC1"/>
                </vertices>
                <polylist count="8" material="Material1">
                    <input offset="0" semantic="VERTEX" source="#verticesMesh14_VC1"/>
                    <input offset="1" semantic="TEXCOORD" source="#uvsMesh14_VC1" set="0"/>
                    <vcount>3 3 3 3 3 3 3 3</vcount>
                    <p>0 0 1 1 2 2 1 3 3 4 2 5 3 6 4 7 2 8 5 9 0 10 2 11 4 12 5 13 2 14 6 15 7 16 8 17 9 18 6 19 8 20 7 21 9 22 8 23</p>
                </polylist>
            </mesh>
        </geometry>
        <geometry id="meshMesh14_VC2">
            <mesh>
                <source id="pointsMesh14_VC2">
                    <float_array id="pointarrayMesh14_VC2" count="30">5709 -1330 4034 5667 -1330 3225 5372 -924 3298 5384 -1330 2982 4832 -1330 3682 5125 -1330 4077 4994 -1330 4855 5385 -1330 4964 5255 -1125 4748 5400 -1330 4459</float_array>
                    <technique_common>
                        <accessor count="10" source="#pointarrayMesh14_VC2" stride="3">
                            <param name="X" type="float"/>
                            <param name="Y" type="float"/>
                            <param name="Z" type="float"/>
                        </accessor>
                    </technique_common>
                </source>
                <source id="uvsMesh14_VC2">
                    <float_array id="uvarrayMesh14_VC2" count="48">0.5703125 0.75 0.5703125 0.75 0.5703125 0.75 0.5703125 0.75 0.5703125 0.75 0.5703125 0.75 0.5703125 0.75 0.5703125 0.75 0.5703125 0.75 0.5703125 0.75 0.5703125 0.75 0.5703125 0.75 0.5703125 0.75 0.5703125 0.75 0.5703125 0.75 0.5703125 0.75 0.5703125 0.75 0.5703125 0.75 0.5703125 0.75 0.5703125 0.75 0.5703125 0.75 0.5703125 0.75 0.5703125 0.75 0.5703125 0.75</float_array>
                    <technique_common>
                        <accessor count="24" source="#uvarrayMesh14_VC2" stride="2">
                            <param name="S" type="float"/>
                            <param name="T" type="float"/>
                        </accessor>
                    </technique_common>
                </source>
                <vertices id="verticesMesh14_VC2">
                    <input semantic="POSITION" source="#pointsMesh14_VC2"/>
                </vertices>
                <polylist count="8" material="Material1">
                    <input offset="0" semantic="VERTEX" source="#verticesMesh14_VC2"/>
                    <input offset="1" semantic="TEXCOORD" source="#uvsMesh14_VC2" set="0"/>
                    <vcount>3 3 3 3 3 3 3 3</vcount>
                    <p>0 0 1 1 2 2 1 3 3 4 2 5 3 6 4 7 2 8 5 9 0 10 2 11 4 12 5 13 2 14 6 15 7 16 8 17 9 18 6 19 8 20 7 21 9 22 8 23</p>
                </polylist>
            </mesh>
        </geometry>
        <geometry id="meshMesh15_1">
            <mesh>
                <source id="pointsMesh15_1">
                    <float_array id="pointarrayMesh15_1" count="57">1704 41 2512 2076 15 2280 2102 58 1692 2601 -101 2939 2103 89 1305 2757 -72 2338 2708 -10 1639 3238 -89 1787 1713 -7 3720 2967 -1330 5005 3587 -1330 4339 4402 -1330 3226 3362 0 725 2698 -1330 6144 7683 -1330 140 2698 -1330 140 7724 -1330 5997 3784 -1330 590 4099 -1330 1483</float_array>
                    <technique_common>
                        <accessor count="19" source="#pointarrayMesh15_1" stride="3">
                            <param name="X" type="float"/>
                            <param name="Y" type="float"/>
                            <param name="Z" type="float"/>
                        </accessor>
                    </technique_common>
                </source>
                <source id="uvsMesh15_1">
                    <float_array id="uvarrayMesh15_1" count="38">1.83984375 0.224609375 1.138671875 0.138671875 0.908203125 -0.8046875 0.4609375 1.64453125 0.783203125 -1.44140625 0.0078125 0.779296875 -0.12890625 -0.41015625 -0.9765625 0.2578125 2.21484375 2.208984375 0.306640625 5.57421875 -0.943359375 4.966796875 -2.66796875 3.783203125 -1.51953125 -1.39453125 2.146484375 4.009765625 -3.251953125 -0.712890625 3.22265625 -1.119140625 -4.353515625 4.29296875 -2.513671875 -0.98046875 -2.7421875 0.712890625</float_array>
                    <technique_common>
                        <accessor count="19" source="#uvarrayMesh15_1" stride="2">
                            <param name="S" type="float"/>
                            <param name="T" type="float"/>
                        </accessor>
                    </technique_common>
                </source>
                <vertices id="verticesMesh15_1">
                    <input semantic="POSITION" source="#pointsMesh15_1"/>
                </vertices>
                <polylist count="19" material="Material1">
                    <input offset="0" semantic="VERTEX" source="#verticesMesh15_1"/>
                    <input offset="1" semantic="TEXCOORD" source="#uvsMesh15_1" set="0"/>
                    <vcount>3 3 3 3 3 3 3 3 3 3 3 3 3 3 3 3 3 3 3</vcount>
                    <p>0 0 1 1 2 2 0 0 3 3 1 1 0 0 2 2 4 4 1 1 3 3 5 5 4 4 2 2 6 6 4 4 6 6 7 7 7 7 6 6 5 5 7 7 5 5 3 3 8 8 9 9 10 10 10 10 11 11 3 3 3 3 8 8 10 10 8 8 3 3 0 0 4 4 7 7 12 12 13 13 14 14 15 15 13 13 16 16 14 14 17 17 12 12 18 18 12 12 11 11 18 18 11 11 12 12 7 7 11 11 7 7 3 3</p>
                </polylist>
            </mesh>
        </geometry>
        <geometry id="meshMesh15_2">
            <mesh>
                <source id="pointsMesh15_2">
                    <float_array id="pointarrayMesh15_2" count="57">1704 41 2512 2076 15 2280 2102 58 1692 2601 -101 2939 2103 89 1305 2757 -72 2338 2708 -10 1639 3238 -89 1787 1713 -7 3720 2967 -1330 5005 3587 -1330 4339 4402 -1330 3226 3362 0 725 2698 -1330 6144 7683 -1330 140 2698 -1330 140 7724 -1330 5997 3784 -1330 590 4099 -1330 1483</float_array>
                    <technique_common>
                        <accessor count="19" source="#pointarrayMesh15_2" stride="3">
                            <param name="X" type="float"/>
                            <param name="Y" type="float"/>
                            <param name="Z" type="float"/>
                        </accessor>
                    </technique_common>
                </source>
                <source id="uvsMesh15_2">
                    <float_array id="uvarrayMesh15_2" count="38">1.83984375 0.224609375 1.138671875 0.138671875 0.908203125 -0.8046875 0.4609375 1.64453125 0.783203125 -1.44140625 0.0078125 0.779296875 -0.12890625 -0.41015625 -0.9765625 0.2578125 2.21484375 2.208984375 0.306640625 5.57421875 -0.943359375 4.966796875 -2.66796875 3.783203125 -1.51953125 -1.39453125 2.146484375 4.009765625 -3.251953125 -0.712890625 3.22265625 -1.119140625 -4.353515625 4.29296875 -2.513671875 -0.98046875 -2.7421875 0.712890625</float_array>
                    <technique_common>
                        <accessor count="19" source="#uvarrayMesh15_2" stride="2">
                            <param name="S" type="float"/>
                            <param name="T" type="float"/>
                        </accessor>
                    </technique_common>
                </source>
                <vertices id="verticesMesh15_2">
                    <input semantic="POSITION" source="#pointsMesh15_2"/>
                </vertices>
                <polylist count="19" material="Material1">
                    <input offset="0" semantic="VERTEX" source="#verticesMesh15_2"/>
                    <input offset="1" semantic="TEXCOORD" source="#uvsMesh15_2" set="0"/>
                    <vcount>3 3 3 3 3 3 3 3 3 3 3 3 3 3 3 3 3 3 3</vcount>
                    <p>0 0 1 1 2 2 0 0 3 3 1 1 0 0 2 2 4 4 1 1 3 3 5 5 4 4 2 2 6 6 4 4 6 6 7 7 7 7 6 6 5 5 7 7 5 5 3 3 8 8 9 9 10 10 10 10 11 11 3 3 3 3 8 8 10 10 8 8 3 3 0 0 4 4 7 7 12 12 13 13 14 14 15 15 13 13 16 16 14 14 17 17 12 12 18 18 12 12 11 11 18 18 11 11 12 12 7 7 11 11 7 7 3 3</p>
                </polylist>
            </mesh>
        </geometry>
        <geometry id="meshMesh15_VC1">
            <mesh>
                <source id="pointsMesh15_VC1">
                    <float_array id="pointarrayMesh15_VC1" count="57">1704 41 2512 2076 15 2280 2102 58 1692 2601 -101 2939 2103 89 1305 2757 -72 2338 2708 -10 1639 3238 -89 1787 1713 -7 3720 2967 -1330 5005 3587 -1330 4339 4402 -1330 3226 3362 0 725 2698 -1330 6144 7683 -1330 140 2698 -1330 140 7724 -1330 5997 3784 -1330 590 4099 -1330 1483</float_array>
                    <technique_common>
                        <accessor count="19" source="#pointarrayMesh15_VC1" stride="3">
                            <param name="X" type="float"/>
                            <param name="Y" type="float"/>
                            <param name="Z" type="float"/>
                        </accessor>
                    </technique_common>
                </source>
                <source id="uvsMesh15_VC1">
                    <float_array id="uvarrayMesh15_VC1" count="114">0.0703125 0.75 0.0703125 0.75 0.0703125 0.75 0.0703125 0.75 0.0703125 0.75 0.0703125 0.75 0.0703125 0.75 0.0703125 0.75 0.0703125 0.75 0.0703125 0.75 0.0703125 0.75 0.0703125 0.75 0.0703125 0.75 0.0703125 0.75 0.0703125 0.75 0.0703125 0.75 0.0703125 0.75 0.0703125 0.75 0.0703125 0.75 0.0703125 0.75 0.0703125 0.75 0.0703125 0.75 0.0703125 0.75 0.0703125 0.75 0.0703125 0.75 0.0703125 0.75 0.0703125 0.75 0.0703125 0.75 0.0703125 0.75 0.0703125 0.75 0.0703125 0.75 0.0703125 0.75 0.0703125 0.75 0.0703125 0.75 0.0703125 0.75 0.0703125 0.75 0.0703125 0.75 0.0703125 0.75 0.0703125 0.75 0.4453125 0.75 0.4453125 0.75 0.4453125 0.75 0.4453125 0.75 0.4453125 0.75 0.4453125 0.75 0.0703125 0.75 0.0703125 0.75 0.0703125 0.75 0.0703125 0.75 0.0703125 0.75 0.0703125 0.75 0.0703125 0.75 0.0703125 0.75 0.0703125 0.75 0.0703125 0.75 0.0703125 0.75 0.0703125 0.75</float_array>
                    <technique_common>
                        <accessor count="57" source="#uvarrayMesh15_VC1" stride="2">
                            <param name="S" type="float"/>
                            <param name="T" type="float"/>
                        </accessor>
                    </technique_common>
                </source>
                <vertices id="verticesMesh15_VC1">
                    <input semantic="POSITION" source="#pointsMesh15_VC1"/>
                </vertices>
                <polylist count="19" material="Material1">
                    <input offset="0" semantic="VERTEX" source="#verticesMesh15_VC1"/>
                    <input offset="1" semantic="TEXCOORD" source="#uvsMesh15_VC1" set="0"/>
                    <vcount>3 3 3 3 3 3 3 3 3 3 3 3 3 3 3 3 3 3 3</vcount>
                    <p>0 0 1 1 2 2 0 3 3 4 1 5 0 6 2 7 4 8 1 9 3 10 5 11 4 12 2 13 6 14 4 15 6 16 7 17 7 18 6 19 5 20 7 21 5 22 3 23 8 24 9 25 10 26 10 27 11 28 3 29 3 30 8 31 10 32 8 33 3 34 0 35 4 36 7 37 12 38 13 39 14 40 15 41 13 42 16 43 14 44 17 45 12 46 18 47 12 48 11 49 18 50 11 51 12 52 7 53 11 54 7 55 3 56</p>
                </polylist>
            </mesh>
        </geometry>
        <geometry id="meshMesh15_VC2">
            <mesh>
                <source id="pointsMesh15_VC2">
                    <float_array id="pointarrayMesh15_VC2" count="57">1704 41 2512 2076 15 2280 2102 58 1692 2601 -101 2939 2103 89 1305 2757 -72 2338 2708 -10 1639 3238 -89 1787 1713 -7 3720 2967 -1330 5005 3587 -1330 4339 4402 -1330 3226 3362 0 725 2698 -1330 6144 7683 -1330 140 2698 -1330 140 7724 -1330 5997 3784 -1330 590 4099 -1330 1483</float_array>
                    <technique_common>
                        <accessor count="19" source="#pointarrayMesh15_VC2" stride="3">
                            <param name="X" type="float"/>
                            <param name="Y" type="float"/>
                            <param name="Z" type="float"/>
                        </accessor>
                    </technique_common>
                </source>
                <source id="uvsMesh15_VC2">
                    <float_array id="uvarrayMesh15_VC2" count="114">0.5078125 0.75 0.5078125 0.75 0.5078125 0.75 0.5078125 0.75 0.5078125 0.75 0.5078125 0.75 0.5078125 0.75 0.5078125 0.75 0.5078125 0.75 0.5078125 0.75 0.5078125 0.75 0.5078125 0.75 0.5078125 0.75 0.5078125 0.75 0.5078125 0.75 0.5078125 0.75 0.5078125 0.75 0.5078125 0.75 0.5078125 0.75 0.5078125 0.75 0.5078125 0.75 0.5078125 0.75 0.5078125 0.75 0.5078125 0.75 0.5078125 0.75 0.5078125 0.75 0.5078125 0.75 0.5078125 0.75 0.5078125 0.75 0.5078125 0.75 0.5078125 0.75 0.5078125 0.75 0.5078125 0.75 0.5078125 0.75 0.5078125 0.75 0.5078125 0.75 0.5078125 0.75 0.5078125 0.75 0.5078125 0.75 0.5703125 0.75 0.5703125 0.75 0.5703125 0.75 0.5703125 0.75 0.5703125 0.75 0.5703125 0.75 0.5078125 0.75 0.5078125 0.75 0.5078125 0.75 0.5078125 0.75 0.5078125 0.75 0.5078125 0.75 0.5078125 0.75 0.5078125 0.75 0.5078125 0.75 0.5078125 0.75 0.5078125 0.75 0.5078125 0.75</float_array>
                    <technique_common>
                        <accessor count="57" source="#uvarrayMesh15_VC2" stride="2">
                            <param name="S" type="float"/>
                            <param name="T" type="float"/>
                        </accessor>
                    </technique_common>
                </source>
                <vertices id="verticesMesh15_VC2">
                    <input semantic="POSITION" source="#pointsMesh15_VC2"/>
                </vertices>
                <polylist count="19" material="Material1">
                    <input offset="0" semantic="VERTEX" source="#verticesMesh15_VC2"/>
                    <input offset="1" semantic="TEXCOORD" source="#uvsMesh15_VC2" set="0"/>
                    <vcount>3 3 3 3 3 3 3 3 3 3 3 3 3 3 3 3 3 3 3</vcount>
                    <p>0 0 1 1 2 2 0 3 3 4 1 5 0 6 2 7 4 8 1 9 3 10 5 11 4 12 2 13 6 14 4 15 6 16 7 17 7 18 6 19 5 20 7 21 5 22 3 23 8 24 9 25 10 26 10 27 11 28 3 29 3 30 8 31 10 32 8 33 3 34 0 35 4 36 7 37 12 38 13 39 14 40 15 41 13 42 16 43 14 44 17 45 12 46 18 47 12 48 11 49 18 50 11 51 12 52 7 53 11 54 7 55 3 56</p>
                </polylist>
            </mesh>
        </geometry>
        <geometry id="meshMesh16_1">
            <mesh>
                <source id="pointsMesh16_1">
                    <float_array id="pointarrayMesh16_1" count="24">3362 405 -567 3556 405 -36 4597 405 -1016 4791 405 -485 3363 343 -566 4597 343 -1016 3555 343 -37 4791 343 -485</float_array>
                    <technique_common>
                        <accessor count="8" source="#pointarrayMesh16_1" stride="3">
                            <param name="X" type="float"/>
                            <param name="Y" type="float"/>
                            <param name="Z" type="float"/>
                        </accessor>
                    </technique_common>
                </source>
                <source id="uvsMesh16_1">
                    <float_array id="uvarrayMesh16_1" count="16">0 1.03515625 0 0.033203125 3.97265625 1.03515625 3.97265625 0.033203125 0 1.033203125 3.97265625 1.03515625 0 0.03515625 3.97265625 0.033203125</float_array>
                    <technique_common>
                        <accessor count="8" source="#uvarrayMesh16_1" stride="2">
                            <param name="S" type="float"/>
                            <param name="T" type="float"/>
                        </accessor>
                    </technique_common>
                </source>
                <vertices id="verticesMesh16_1">
                    <input semantic="POSITION" source="#pointsMesh16_1"/>
                </vertices>
                <polylist count="4" material="Material1">
                    <input offset="0" semantic="VERTEX" source="#verticesMesh16_1"/>
                    <input offset="1" semantic="TEXCOORD" source="#uvsMesh16_1" set="0"/>
                    <vcount>3 3 3 3</vcount>
                    <p>0 0 1 1 2 2 3 3 2 2 1 1 4 4 5 5 6 6 6 6 5 5 7 7</p>
                </polylist>
            </mesh>
        </geometry>
        <geometry id="meshMesh16_2">
            <mesh>
                <source id="pointsMesh16_2">
                    <float_array id="pointarrayMesh16_2" count="24">3362 405 -567 3556 405 -36 4597 405 -1016 4791 405 -485 3363 343 -566 4597 343 -1016 3555 343 -37 4791 343 -485</float_array>
                    <technique_common>
                        <accessor count="8" source="#pointarrayMesh16_2" stride="3">
                            <param name="X" type="float"/>
                            <param name="Y" type="float"/>
                            <param name="Z" type="float"/>
                        </accessor>
                    </technique_common>
                </source>
                <source id="uvsMesh16_2">
                    <float_array id="uvarrayMesh16_2" count="16">0 1.03515625 0 0.033203125 3.97265625 1.03515625 3.97265625 0.033203125 0 1.033203125 3.97265625 1.03515625 0 0.03515625 3.97265625 0.033203125</float_array>
                    <technique_common>
                        <accessor count="8" source="#uvarrayMesh16_2" stride="2">
                            <param name="S" type="float"/>
                            <param name="T" type="float"/>
                        </accessor>
                    </technique_common>
                </source>
                <vertices id="verticesMesh16_2">
                    <input semantic="POSITION" source="#pointsMesh16_2"/>
                </vertices>
                <polylist count="4" material="Material1">
                    <input offset="0" semantic="VERTEX" source="#verticesMesh16_2"/>
                    <input offset="1" semantic="TEXCOORD" source="#uvsMesh16_2" set="0"/>
                    <vcount>3 3 3 3</vcount>
                    <p>0 0 1 1 2 2 3 3 2 2 1 1 4 4 5 5 6 6 6 6 5 5 7 7</p>
                </polylist>
            </mesh>
        </geometry>
        <geometry id="meshMesh16_VC1">
            <mesh>
                <source id="pointsMesh16_VC1">
                    <float_array id="pointarrayMesh16_VC1" count="24">3362 405 -567 3556 405 -36 4597 405 -1016 4791 405 -485 3363 343 -566 4597 343 -1016 3555 343 -37 4791 343 -485</float_array>
                    <technique_common>
                        <accessor count="8" source="#pointarrayMesh16_VC1" stride="3">
                            <param name="X" type="float"/>
                            <param name="Y" type="float"/>
                            <param name="Z" type="float"/>
                        </accessor>
                    </technique_common>
                </source>
                <source id="uvsMesh16_VC1">
                    <float_array id="uvarrayMesh16_VC1" count="24">0.0703125 0.75 0.0703125 0.75 0.0703125 0.75 0.0703125 0.75 0.0703125 0.75 0.0703125 0.75 0.1640625 0.75 0.1640625 0.75 0.1640625 0.75 0.1640625 0.75 0.1640625 0.75 0.1640625 0.75</float_array>
                    <technique_common>
                        <accessor count="12" source="#uvarrayMesh16_VC1" stride="2">
                            <param name="S" type="float"/>
                            <param name="T" type="float"/>
                        </accessor>
                    </technique_common>
                </source>
                <vertices id="verticesMesh16_VC1">
                    <input semantic="POSITION" source="#pointsMesh16_VC1"/>
                </vertices>
                <polylist count="4" material="Material1">
                    <input offset="0" semantic="VERTEX" source="#verticesMesh16_VC1"/>
                    <input offset="1" semantic="TEXCOORD" source="#uvsMesh16_VC1" set="0"/>
                    <vcount>3 3 3 3</vcount>
                    <p>0 0 1 1 2 2 3 3 2 4 1 5 4 6 5 7 6 8 6 9 5 10 7 11</p>
                </polylist>
            </mesh>
        </geometry>
        <geometry id="meshMesh16_VC2">
            <mesh>
                <source id="pointsMesh16_VC2">
                    <float_array id="pointarrayMesh16_VC2" count="24">3362 405 -567 3556 405 -36 4597 405 -1016 4791 405 -485 3363 343 -566 4597 343 -1016 3555 343 -37 4791 343 -485</float_array>
                    <technique_common>
                        <accessor count="8" source="#pointarrayMesh16_VC2" stride="3">
                            <param name="X" type="float"/>
                            <param name="Y" type="float"/>
                            <param name="Z" type="float"/>
                        </accessor>
                    </technique_common>
                </source>
                <source id="uvsMesh16_VC2">
                    <float_array id="uvarrayMesh16_VC2" count="24">0.5078125 0.75 0.5078125 0.75 0.5078125 0.75 0.5078125 0.75 0.5078125 0.75 0.5078125 0.75 0.6015625 0.75 0.6015625 0.75 0.6015625 0.75 0.6015625 0.75 0.6015625 0.75 0.6015625 0.75</float_array>
                    <technique_common>
                        <accessor count="12" source="#uvarrayMesh16_VC2" stride="2">
                            <param name="S" type="float"/>
                            <param name="T" type="float"/>
                        </accessor>
                    </technique_common>
                </source>
                <vertices id="verticesMesh16_VC2">
                    <input semantic="POSITION" source="#pointsMesh16_VC2"/>
                </vertices>
                <polylist count="4" material="Material1">
                    <input offset="0" semantic="VERTEX" source="#verticesMesh16_VC2"/>
                    <input offset="1" semantic="TEXCOORD" source="#uvsMesh16_VC2" set="0"/>
                    <vcount>3 3 3 3</vcount>
                    <p>0 0 1 1 2 2 3 3 2 4 1 5 4 6 5 7 6 8 6 9 5 10 7 11</p>
                </polylist>
            </mesh>
        </geometry>
        <geometry id="meshMesh17_1">
            <mesh>
                <source id="pointsMesh17_1">
                    <float_array id="pointarrayMesh17_1" count="60">7552 -58 2256 6623 371 0 6237 -52 823 7168 474 0 5249 397 -636 4791 405 -485 -816 260 3370 48 260 3912 512 925 3527 0 727 2146 1062 558 3465 2103 89 1305 2318 371 683 91 801 1396 -1112 801 1396 3556 405 -36 3362 0 725 1173 324 2385 1704 41 2512 1713 -7 3720</float_array>
                    <technique_common>
                        <accessor count="20" source="#pointarrayMesh17_1" stride="3">
                            <param name="X" type="float"/>
                            <param name="Y" type="float"/>
                            <param name="Z" type="float"/>
                        </accessor>
                    </technique_common>
                </source>
                <source id="uvsMesh17_1">
                    <float_array id="uvarrayMesh17_1" count="40">3.2109375 4.232421875 1.60546875 1.921875 2.388671875 1.94921875 1.45703125 2.533203125 1.455078125 0.01953125 1.705078125 -0.41015625 -1.16015625 1.2421875 -1.955078125 -0.078125 -1.509765625 -0.607421875 0.322265625 0.455078125 -1.4921875 -1.33984375 1.169921875 -2.18359375 1.947265625 -2.310546875 1.27734375 0.53125 1.412109375 2.171875 2.734375 -3.8046875 1.775390625 -3.744140625 -0.11328125 -1.203125 -0.337890625 -1.9609375 -1.892578125 -2.294921875</float_array>
                    <technique_common>
                        <accessor count="20" source="#uvarrayMesh17_1" stride="2">
                            <param name="S" type="float"/>
                            <param name="T" type="float"/>
                        </accessor>
                    </technique_common>
                </source>
                <vertices id="verticesMesh17_1">
                    <input semantic="POSITION" source="#pointsMesh17_1"/>
                </vertices>
                <polylist count="17" material="Material1">
                    <input offset="0" semantic="VERTEX" source="#verticesMesh17_1"/>
                    <input offset="1" semantic="TEXCOORD" source="#uvsMesh17_1" set="0"/>
                    <vcount>3 3 3 3 3 3 3 3 3 3 3 3 3 3 3 3 3</vcount>
                    <p>0 0 1 1 2 2 0 0 3 3 1 1 1 1 4 4 2 2 4 4 5 5 2 2 6 6 7 7 8 8 9 9 6 6 8 8 9 9 8 8 10 10 9 9 11 11 12 12 12 12 13 13 9 9 13 13 14 14 9 9 15 15 12 12 16 16 11 11 16 16 12 12 11 11 17 17 18 18 11 11 9 9 17 17 17 17 10 10 18 18 9 9 10 10 17 17 10 10 19 19 18 18</p>
                </polylist>
            </mesh>
        </geometry>
        <geometry id="meshMesh17_2">
            <mesh>
                <source id="pointsMesh17_2">
                    <float_array id="pointarrayMesh17_2" count="60">7552 -58 2256 6623 371 0 6237 -52 823 7168 474 0 5249 397 -636 4791 405 -485 -816 260 3370 48 260 3912 512 925 3527 0 727 2146 1062 558 3465 2103 89 1305 2318 371 683 91 801 1396 -1112 801 1396 3556 405 -36 3362 0 725 1173 324 2385 1704 41 2512 1713 -7 3720</float_array>
                    <technique_common>
                        <accessor count="20" source="#pointarrayMesh17_2" stride="3">
                            <param name="X" type="float"/>
                            <param name="Y" type="float"/>
                            <param name="Z" type="float"/>
                        </accessor>
                    </technique_common>
                </source>
                <source id="uvsMesh17_2">
                    <float_array id="uvarrayMesh17_2" count="40">3.2109375 4.232421875 1.60546875 1.921875 2.388671875 1.94921875 1.45703125 2.533203125 1.455078125 0.01953125 1.705078125 -0.41015625 -1.16015625 1.2421875 -1.955078125 -0.078125 -1.509765625 -0.607421875 0.322265625 0.455078125 -1.4921875 -1.33984375 1.169921875 -2.18359375 1.947265625 -2.310546875 1.27734375 0.53125 1.412109375 2.171875 2.734375 -3.8046875 1.775390625 -3.744140625 -0.11328125 -1.203125 -0.337890625 -1.9609375 -1.892578125 -2.294921875</float_array>
                    <technique_common>
                        <accessor count="20" source="#uvarrayMesh17_2" stride="2">
                            <param name="S" type="float"/>
                            <param name="T" type="float"/>
                        </accessor>
                    </technique_common>
                </source>
                <vertices id="verticesMesh17_2">
                    <input semantic="POSITION" source="#pointsMesh17_2"/>
                </vertices>
                <polylist count="17" material="Material1">
                    <input offset="0" semantic="VERTEX" source="#verticesMesh17_2"/>
                    <input offset="1" semantic="TEXCOORD" source="#uvsMesh17_2" set="0"/>
                    <vcount>3 3 3 3 3 3 3 3 3 3 3 3 3 3 3 3 3</vcount>
                    <p>0 0 1 1 2 2 0 0 3 3 1 1 1 1 4 4 2 2 4 4 5 5 2 2 6 6 7 7 8 8 9 9 6 6 8 8 9 9 8 8 10 10 9 9 11 11 12 12 12 12 13 13 9 9 13 13 14 14 9 9 15 15 12 12 16 16 11 11 16 16 12 12 11 11 17 17 18 18 11 11 9 9 17 17 17 17 10 10 18 18 9 9 10 10 17 17 10 10 19 19 18 18</p>
                </polylist>
            </mesh>
        </geometry>
        <geometry id="meshMesh17_VC2">
            <mesh>
                <source id="pointsMesh17_VC2">
                    <float_array id="pointarrayMesh17_VC2" count="60">7552 -58 2256 6623 371 0 6237 -52 823 7168 474 0 5249 397 -636 4791 405 -485 -816 260 3370 48 260 3912 512 925 3527 0 727 2146 1062 558 3465 2103 89 1305 2318 371 683 91 801 1396 -1112 801 1396 3556 405 -36 3362 0 725 1173 324 2385 1704 41 2512 1713 -7 3720</float_array>
                    <technique_common>
                        <accessor count="20" source="#pointarrayMesh17_VC2" stride="3">
                            <param name="X" type="float"/>
                            <param name="Y" type="float"/>
                            <param name="Z" type="float"/>
                        </accessor>
                    </technique_common>
                </source>
                <source id="uvsMesh17_VC2">
                    <float_array id="uvarrayMesh17_VC2" count="102">0.5078125 0.75 0.5078125 0.75 0.5078125 0.75 0.5078125 0.75 0.5078125 0.75 0.5078125 0.75 0.5078125 0.75 0.5078125 0.75 0.5078125 0.75 0.5078125 0.75 0.5078125 0.75 0.5078125 0.75 0.5078125 0.75 0.5078125 0.75 0.5078125 0.75 0.5078125 0.75 0.5078125 0.75 0.5078125 0.75 0.5078125 0.75 0.5078125 0.75 0.5078125 0.75 0.5078125 0.75 0.5078125 0.75 0.5078125 0.75 0.5078125 0.75 0.5078125 0.75 0.5078125 0.75 0.5078125 0.75 0.5078125 0.75 0.5078125 0.75 0.5078125 0.75 0.5078125 0.75 0.5078125 0.75 0.5078125 0.75 0.5078125 0.75 0.5078125 0.75 0.5078125 0.75 0.5078125 0.75 0.5078125 0.75 0.5078125 0.75 0.5078125 0.75 0.5078125 0.75 0.5078125 0.75 0.5078125 0.75 0.5078125 0.75 0.5078125 0.75 0.5078125 0.75 0.5078125 0.75 0.5078125 0.75 0.5078125 0.75 0.5078125 0.75</float_array>
                    <technique_common>
                        <accessor count="51" source="#uvarrayMesh17_VC2" stride="2">
                            <param name="S" type="float"/>
                            <param name="T" type="float"/>
                        </accessor>
                    </technique_common>
                </source>
                <vertices id="verticesMesh17_VC2">
                    <input semantic="POSITION" source="#pointsMesh17_VC2"/>
                </vertices>
                <polylist count="17" material="Material1">
                    <input offset="0" semantic="VERTEX" source="#verticesMesh17_VC2"/>
                    <input offset="1" semantic="TEXCOORD" source="#uvsMesh17_VC2" set="0"/>
                    <vcount>3 3 3 3 3 3 3 3 3 3 3 3 3 3 3 3 3</vcount>
                    <p>0 0 1 1 2 2 0 3 3 4 1 5 1 6 4 7 2 8 4 9 5 10 2 11 6 12 7 13 8 14 9 15 6 16 8 17 9 18 8 19 10 20 9 21 11 22 12 23 12 24 13 25 9 26 13 27 14 28 9 29 15 30 12 31 16 32 11 33 16 34 12 35 11 36 17 37 18 38 11 39 9 40 17 41 17 42 10 43 18 44 9 45 10 46 17 47 10 48 19 49 18 50</p>
                </polylist>
            </mesh>
        </geometry>
        <geometry id="meshMesh18_1">
            <mesh>
                <source id="pointsMesh18_1">
                    <float_array id="pointarrayMesh18_1" count="270">7245 -702 4780 5882 -1330 5370 6045 -554 5617 6659 -1330 4236 2816 -511 5376 2630 -448 4746 2048 236 4760 2967 -1330 5005 1713 -7 3720 3784 -1330 590 3362 -665 -567 3556 405 -36 3363 343 -566 -4132 -511 -562 -4132 371 -562 -2047 -511 -162 -2047 518 -162 -553 -511 -162 3362 405 -567 3362 -511 -567 2321 -511 -162 2314 371 -162 554 -511 -162 -553 811 -162 554 811 -162 -4928 543 -4193 -4700 543 -3663 -4702 -1228 -3663 -4929 -1228 -4194 4403 -657 5715 3510 0 6358 4302 -190 6316 6237 -52 823 6864 -1330 2905 7552 -58 2256 6045 -1330 1574 8018 -101 3280 -5940 1466 -6875 -7318 1567 -5405 -5900 533 -6711 5019 -1330 140 4791 405 -485 -5786 -1228 -4362 -5631 0 -6655 -6613 203 -5005 -4704 -1228 -5911 -4369 373 -6149 -5344 1494 -6924 -6230 1949 -7009 -7463 2074 -5749 -3906 -1228 -6149 -4796 -511 -1606 -4796 405 -1606 -4132 -511 -562 -4132 371 -562 -4671 422 -2545 -4671 -511 -2545 -5940 1466 -6875 -5344 1494 -6924 -6230 1949 -7009 -8191 3121 -6586 -7796 2569 -6392 -8191 3079 -7570 -7164 2688 -7336 -6922 2865 -7377 -4700 543 -3663 -4702 -1228 -3663 6045 -554 5617 5882 -1330 5370 7878 -101 4665 7552 -58 2256 8018 -101 3280 8192 1355 1650 6377 -101 5989 6377 -101 5989 3913 -1330 5495 -6613 203 -5005 -6479 543 -4496 -5784 543 -4360 -5786 -1228 -4362 -4928 543 -4193 -4929 -1228 -4194 -6479 543 -4496 -6613 203 -5005 -7318 1567 -5405 4597 405 -1016 4597 -665 -1016 4791 405 -485 5019 -1330 140 3362 0 725</float_array>
                    <technique_common>
                        <accessor count="90" source="#pointarrayMesh18_1" stride="3">
                            <param name="X" type="float"/>
                            <param name="Y" type="float"/>
                            <param name="Z" type="float"/>
                        </accessor>
                    </technique_common>
                </source>
                <source id="uvsMesh18_1">
                    <float_array id="uvarrayMesh18_1" count="180">1.4609375 0.5078125 0.5390625 0.126953125 0.58984375 0.638671875 1.5078125 0.078125 8.69140625 0.65625 8.3671875 0.669921875 8.205078125 1.11328125 8.623046875 0.111328125 7.6953125 0.912109375 0.515625 0.109375 1.939453125 0.298828125 1.115234375 0.99609375 1.8203125 0.837890625 3.015625 0.564453125 3.130859375 0.841796875 2.16796875 0.564453125 2.302734375 0.888671875 1.560546875 0.564453125 0.091796875 0.853515625 -0.029296875 0.564453125 0.39453125 0.564453125 0.51171875 0.841796875 1.111328125 0.564453125 1.734375 0.98046875 1.28515625 0.98046875 2.083984375 0.919921875 1.826171875 0.919921875 1.548828125 0.302734375 1.806640625 0.302734375 9.55859375 0.576171875 9.228515625 1.03125 9.578125 0.904296875 4.21875 0.7578125 2.65234375 0.01953125 3.037109375 0.814453125 4.04296875 -0.03515625 2.423828125 0.83203125 0.6875 0.798828125 -0.21484375 0.8203125 0.650390625 0.66796875 4.970703125 -0.09765625 5.06640625 0.99609375 -0.076171875 0.3984375 0.716796875 0.58984375 -0.125 0.6171875 0.76171875 0.396484375 0.93359375 0.61328125 0.884765625 0.79296875 0.640625 0.87109375 -0.1484375 0.896484375 1.08203125 0.38671875 0.658203125 0.552734375 0.82421875 0.919921875 0.150390625 0.552734375 0.287109375 0.859375 1.26171875 0.876953125 1.115234375 0.552734375 0.615234375 0.677734375 0.783203125 0.671875 0.583984375 0.7734375 -0.1015625 1.060546875 -0.041015625 0.9765625 0.220703125 1.06640625 0.458984375 0.9921875 0.544921875 1.013671875 1.826171875 0.919921875 1.548828125 0.302734375 10.5703125 0.638671875 10.51953125 0.126953125 1.708984375 0.890625 0.220703125 0.560546875 0.859375 0.5625 0.046875 0.9921875 0.681640625 0.94921875 10.662109375 0.94921875 9.2421875 0.1328125 0.9609375 0.697265625 0.87109375 0.79296875 0.53125 0.810546875 0.421875 0.345703125 0.111328125 0.833984375 0.001953125 0.369140625 0.87109375 0.79296875 0.9609375 0.697265625 1.416015625 1.03515625 0.326171875 0.9140625 0.203125 0.400390625 0.73828125 1.021484375 1.00390625 0.216796875 0.337890625 0.994140625</float_array>
                    <technique_common>
                        <accessor count="90" source="#uvarrayMesh18_1" stride="2">
                            <param name="S" type="float"/>
                            <param name="T" type="float"/>
                        </accessor>
                    </technique_common>
                </source>
                <vertices id="verticesMesh18_1">
                    <input semantic="POSITION" source="#pointsMesh18_1"/>
                </vertices>
                <polylist count="73" material="Material1">
                    <input offset="0" semantic="VERTEX" source="#verticesMesh18_1"/>
                    <input offset="1" semantic="TEXCOORD" source="#uvsMesh18_1" set="0"/>
                    <vcount>3 3 3 3 3 3 3 3 3 3 3 3 3 3 3 3 3 3 3 3 3 3 3 3 3 3 3 3 3 3 3 3 3 3 3 3 3 3 3 3 3 3 3 3 3 3 3 3 3 3 3 3 3 3 3 3 3 3 3 3 3 3 3 3 3 3 3 3 3 3 3 3 3</vcount>
                    <p>0 0 1 1 2 2 3 3 1 1 0 0 4 4 5 5 6 6 5 5 4 4 7 7 8 8 5 5 7 7 9 9 10 10 11 11 10 10 12 12 11 11 13 13 14 14 15 15 15 15 14 14 16 16 15 15 16 16 17 17 18 18 19 19 20 20 18 18 20 20 21 21 20 20 22 22 21 21 16 16 23 23 17 17 21 21 22 22 24 24 25 25 26 26 27 27 28 28 25 25 27 27 29 29 30 30 31 31 32 32 33 33 34 34 35 35 33 33 32 32 33 33 3 3 34 34 0 0 36 36 3 3 34 34 3 3 36 36 6 6 5 5 8 8 6 6 30 30 4 4 29 29 4 4 30 30 37 37 38 38 39 39 40 40 32 32 41 41 32 32 40 40 35 35 42 42 43 43 44 44 45 45 43 43 42 42 45 45 46 46 43 43 39 39 43 43 46 46 39 39 44 44 43 43 44 44 39 39 38 38 39 39 46 46 47 47 47 47 37 37 39 39 48 48 49 49 37 37 50 50 46 46 45 45 51 51 52 52 53 53 53 53 52 52 54 54 52 52 51 51 55 55 56 56 55 55 51 51 49 49 38 38 37 37 57 57 58 58 59 59 60 60 61 61 62 62 60 60 49 49 61 61 49 49 48 48 61 61 61 61 63 63 62 62 63 63 61 61 48 48 62 62 63 63 64 64 55 55 56 56 65 65 65 65 56 56 66 66 64 64 63 63 48 48 47 47 64 64 48 48 29 29 67 67 68 68 69 69 36 36 0 0 70 70 71 71 72 72 73 73 0 0 2 2 73 73 69 69 0 0 74 74 29 29 31 31 74 74 67 67 29 29 7 7 4 4 75 75 29 29 68 68 75 75 4 4 29 29 75 75 76 76 77 77 78 78 76 76 78 78 79 79 78 78 80 80 79 79 79 79 80 80 81 81 82 82 83 83 84 84 85 85 86 86 87 87 87 87 86 86 88 88 89 89 9 9 11 11</p>
                </polylist>
            </mesh>
        </geometry>
        <geometry id="meshMesh18_2">
            <mesh>
                <source id="pointsMesh18_2">
                    <float_array id="pointarrayMesh18_2" count="270">7245 -702 4780 5882 -1330 5370 6045 -554 5617 6659 -1330 4236 2816 -511 5376 2630 -448 4746 2048 236 4760 2967 -1330 5005 1713 -7 3720 3784 -1330 590 3362 -665 -567 3556 405 -36 3363 343 -566 -4132 -511 -562 -4132 371 -562 -2047 -511 -162 -2047 518 -162 -553 -511 -162 3362 405 -567 3362 -511 -567 2321 -511 -162 2314 371 -162 554 -511 -162 -553 811 -162 554 811 -162 -4928 543 -4193 -4700 543 -3663 -4702 -1228 -3663 -4929 -1228 -4194 4403 -657 5715 3510 0 6358 4302 -190 6316 6237 -52 823 6864 -1330 2905 7552 -58 2256 6045 -1330 1574 8018 -101 3280 -5940 1466 -6875 -7318 1567 -5405 -5900 533 -6711 5019 -1330 140 4791 405 -485 -5786 -1228 -4362 -5631 0 -6655 -6613 203 -5005 -4704 -1228 -5911 -4369 373 -6149 -5344 1494 -6924 -6230 1949 -7009 -7463 2074 -5749 -3906 -1228 -6149 -4796 -511 -1606 -4796 405 -1606 -4132 -511 -562 -4132 371 -562 -4671 422 -2545 -4671 -511 -2545 -5940 1466 -6875 -5344 1494 -6924 -6230 1949 -7009 -8191 3121 -6586 -7796 2569 -6392 -8191 3079 -7570 -7164 2688 -7336 -6922 2865 -7377 -4700 543 -3663 -4702 -1228 -3663 6045 -554 5617 5882 -1330 5370 7878 -101 4665 7552 -58 2256 8018 -101 3280 8192 1355 1650 6377 -101 5989 6377 -101 5989 3913 -1330 5495 -6613 203 -5005 -6479 543 -4496 -5784 543 -4360 -5786 -1228 -4362 -4928 543 -4193 -4929 -1228 -4194 -6479 543 -4496 -6613 203 -5005 -7318 1567 -5405 4597 405 -1016 4597 -665 -1016 4791 405 -485 5019 -1330 140 3362 0 725</float_array>
                    <technique_common>
                        <accessor count="90" source="#pointarrayMesh18_2" stride="3">
                            <param name="X" type="float"/>
                            <param name="Y" type="float"/>
                            <param name="Z" type="float"/>
                        </accessor>
                    </technique_common>
                </source>
                <source id="uvsMesh18_2">
                    <float_array id="uvarrayMesh18_2" count="180">1.4609375 0.5078125 0.5390625 0.126953125 0.58984375 0.638671875 1.5078125 0.078125 8.69140625 0.65625 8.3671875 0.669921875 8.205078125 1.11328125 8.623046875 0.111328125 7.6953125 0.912109375 0.515625 0.109375 1.939453125 0.298828125 1.115234375 0.99609375 1.8203125 0.837890625 3.015625 0.564453125 3.130859375 0.841796875 2.16796875 0.564453125 2.302734375 0.888671875 1.560546875 0.564453125 0.091796875 0.853515625 -0.029296875 0.564453125 0.39453125 0.564453125 0.51171875 0.841796875 1.111328125 0.564453125 1.734375 0.98046875 1.28515625 0.98046875 2.083984375 0.919921875 1.826171875 0.919921875 1.548828125 0.302734375 1.806640625 0.302734375 9.55859375 0.576171875 9.228515625 1.03125 9.578125 0.904296875 4.21875 0.7578125 2.65234375 0.01953125 3.037109375 0.814453125 4.04296875 -0.03515625 2.423828125 0.83203125 0.6875 0.798828125 -0.21484375 0.8203125 0.650390625 0.66796875 4.970703125 -0.09765625 5.06640625 0.99609375 -0.076171875 0.3984375 0.716796875 0.58984375 -0.125 0.6171875 0.76171875 0.396484375 0.93359375 0.61328125 0.884765625 0.79296875 0.640625 0.87109375 -0.1484375 0.896484375 1.08203125 0.38671875 0.658203125 0.552734375 0.82421875 0.919921875 0.150390625 0.552734375 0.287109375 0.859375 1.26171875 0.876953125 1.115234375 0.552734375 0.615234375 0.677734375 0.783203125 0.671875 0.583984375 0.7734375 -0.1015625 1.060546875 -0.041015625 0.9765625 0.220703125 1.06640625 0.458984375 0.9921875 0.544921875 1.013671875 1.826171875 0.919921875 1.548828125 0.302734375 10.5703125 0.638671875 10.51953125 0.126953125 1.708984375 0.890625 0.220703125 0.560546875 0.859375 0.5625 0.046875 0.9921875 0.681640625 0.94921875 10.662109375 0.94921875 9.2421875 0.1328125 0.9609375 0.697265625 0.87109375 0.79296875 0.53125 0.810546875 0.421875 0.345703125 0.111328125 0.833984375 0.001953125 0.369140625 0.87109375 0.79296875 0.9609375 0.697265625 1.416015625 1.03515625 0.326171875 0.9140625 0.203125 0.400390625 0.73828125 1.021484375 1.00390625 0.216796875 0.337890625 0.994140625</float_array>
                    <technique_common>
                        <accessor count="90" source="#uvarrayMesh18_2" stride="2">
                            <param name="S" type="float"/>
                            <param name="T" type="float"/>
                        </accessor>
                    </technique_common>
                </source>
                <vertices id="verticesMesh18_2">
                    <input semantic="POSITION" source="#pointsMesh18_2"/>
                </vertices>
                <polylist count="73" material="Material1">
                    <input offset="0" semantic="VERTEX" source="#verticesMesh18_2"/>
                    <input offset="1" semantic="TEXCOORD" source="#uvsMesh18_2" set="0"/>
                    <vcount>3 3 3 3 3 3 3 3 3 3 3 3 3 3 3 3 3 3 3 3 3 3 3 3 3 3 3 3 3 3 3 3 3 3 3 3 3 3 3 3 3 3 3 3 3 3 3 3 3 3 3 3 3 3 3 3 3 3 3 3 3 3 3 3 3 3 3 3 3 3 3 3 3</vcount>
                    <p>0 0 1 1 2 2 3 3 1 1 0 0 4 4 5 5 6 6 5 5 4 4 7 7 8 8 5 5 7 7 9 9 10 10 11 11 10 10 12 12 11 11 13 13 14 14 15 15 15 15 14 14 16 16 15 15 16 16 17 17 18 18 19 19 20 20 18 18 20 20 21 21 20 20 22 22 21 21 16 16 23 23 17 17 21 21 22 22 24 24 25 25 26 26 27 27 28 28 25 25 27 27 29 29 30 30 31 31 32 32 33 33 34 34 35 35 33 33 32 32 33 33 3 3 34 34 0 0 36 36 3 3 34 34 3 3 36 36 6 6 5 5 8 8 6 6 30 30 4 4 29 29 4 4 30 30 37 37 38 38 39 39 40 40 32 32 41 41 32 32 40 40 35 35 42 42 43 43 44 44 45 45 43 43 42 42 45 45 46 46 43 43 39 39 43 43 46 46 39 39 44 44 43 43 44 44 39 39 38 38 39 39 46 46 47 47 47 47 37 37 39 39 48 48 49 49 37 37 50 50 46 46 45 45 51 51 52 52 53 53 53 53 52 52 54 54 52 52 51 51 55 55 56 56 55 55 51 51 49 49 38 38 37 37 57 57 58 58 59 59 60 60 61 61 62 62 60 60 49 49 61 61 49 49 48 48 61 61 61 61 63 63 62 62 63 63 61 61 48 48 62 62 63 63 64 64 55 55 56 56 65 65 65 65 56 56 66 66 64 64 63 63 48 48 47 47 64 64 48 48 29 29 67 67 68 68 69 69 36 36 0 0 70 70 71 71 72 72 73 73 0 0 2 2 73 73 69 69 0 0 74 74 29 29 31 31 74 74 67 67 29 29 7 7 4 4 75 75 29 29 68 68 75 75 4 4 29 29 75 75 76 76 77 77 78 78 76 76 78 78 79 79 78 78 80 80 79 79 79 79 80 80 81 81 82 82 83 83 84 84 85 85 86 86 87 87 87 87 86 86 88 88 89 89 9 9 11 11</p>
                </polylist>
            </mesh>
        </geometry>
        <geometry id="meshMesh18_VC1">
            <mesh>
                <source id="pointsMesh18_VC1">
                    <float_array id="pointarrayMesh18_VC1" count="270">7245 -702 4780 5882 -1330 5370 6045 -554 5617 6659 -1330 4236 2816 -511 5376 2630 -448 4746 2048 236 4760 2967 -1330 5005 1713 -7 3720 3784 -1330 590 3362 -665 -567 3556 405 -36 3363 343 -566 -4132 -511 -562 -4132 371 -562 -2047 -511 -162 -2047 518 -162 -553 -511 -162 3362 405 -567 3362 -511 -567 2321 -511 -162 2314 371 -162 554 -511 -162 -553 811 -162 554 811 -162 -4928 543 -4193 -4700 543 -3663 -4702 -1228 -3663 -4929 -1228 -4194 4403 -657 5715 3510 0 6358 4302 -190 6316 6237 -52 823 6864 -1330 2905 7552 -58 2256 6045 -1330 1574 8018 -101 3280 -5940 1466 -6875 -7318 1567 -5405 -5900 533 -6711 5019 -1330 140 4791 405 -485 -5786 -1228 -4362 -5631 0 -6655 -6613 203 -5005 -4704 -1228 -5911 -4369 373 -6149 -5344 1494 -6924 -6230 1949 -7009 -7463 2074 -5749 -3906 -1228 -6149 -4796 -511 -1606 -4796 405 -1606 -4132 -511 -562 -4132 371 -562 -4671 422 -2545 -4671 -511 -2545 -5940 1466 -6875 -5344 1494 -6924 -6230 1949 -7009 -8191 3121 -6586 -7796 2569 -6392 -8191 3079 -7570 -7164 2688 -7336 -6922 2865 -7377 -4700 543 -3663 -4702 -1228 -3663 6045 -554 5617 5882 -1330 5370 7878 -101 4665 7552 -58 2256 8018 -101 3280 8192 1355 1650 6377 -101 5989 6377 -101 5989 3913 -1330 5495 -6613 203 -5005 -6479 543 -4496 -5784 543 -4360 -5786 -1228 -4362 -4928 543 -4193 -4929 -1228 -4194 -6479 543 -4496 -6613 203 -5005 -7318 1567 -5405 4597 405 -1016 4597 -665 -1016 4791 405 -485 5019 -1330 140 3362 0 725</float_array>
                    <technique_common>
                        <accessor count="90" source="#pointarrayMesh18_VC1" stride="3">
                            <param name="X" type="float"/>
                            <param name="Y" type="float"/>
                            <param name="Z" type="float"/>
                        </accessor>
                    </technique_common>
                </source>
                <source id="uvsMesh18_VC1">
                    <float_array id="uvarrayMesh18_VC1" count="438">0.0703125 0.75 0.0703125 0.75 0.0703125 0.75 0.0703125 0.75 0.0703125 0.75 0.0703125 0.75 0.0703125 0.75 0.0703125 0.75 0.0703125 0.75 0.0703125 0.75 0.0703125 0.75 0.0703125 0.75 0.0703125 0.75 0.0703125 0.75 0.0703125 0.75 0.0703125 0.75 0.0703125 0.75 0.0703125 0.75 0.0703125 0.75 0.0703125 0.75 0.0703125 0.75 0.1015625 0.75 0.1015625 0.75 0.1015625 0.75 0.1015625 0.75 0.1015625 0.75 0.1015625 0.75 0.1015625 0.75 0.1015625 0.75 0.1015625 0.75 0.1015625 0.75 0.1015625 0.75 0.1015625 0.75 0.1015625 0.75 0.1015625 0.75 0.1015625 0.75 0.1015625 0.75 0.1015625 0.75 0.1015625 0.75 0.1015625 0.75 0.1015625 0.75 0.1015625 0.75 0.1015625 0.75 0.1015625 0.75 0.1015625 0.75 0.3828125 0.75 0.3828125 0.75 0.3828125 0.75 0.3828125 0.75 0.3828125 0.75 0.3828125 0.75 0.0703125 0.75 0.0703125 0.75 0.0703125 0.75 0.0703125 0.75 0.0703125 0.75 0.0703125 0.75 0.0703125 0.75 0.0703125 0.75 0.0703125 0.75 0.0703125 0.75 0.0703125 0.75 0.0703125 0.75 0.0703125 0.75 0.0703125 0.75 0.0703125 0.75 0.0703125 0.75 0.0703125 0.75 0.0703125 0.75 0.0703125 0.75 0.0703125 0.75 0.0703125 0.75 0.0703125 0.75 0.0703125 0.75 0.0703125 0.75 0.0703125 0.75 0.0703125 0.75 0.0703125 0.75 0.0703125 0.75 0.0703125 0.75 0.0703125 0.75 0.0703125 0.75 0.0703125 0.75 0.0703125 0.75 0.0703125 0.75 0.0703125 0.75 0.0703125 0.75 0.0703125 0.75 0.0703125 0.75 0.0703125 0.75 0.0703125 0.75 0.0703125 0.75 0.0703125 0.75 0.0703125 0.75 0.0703125 0.75 0.0703125 0.75 0.0703125 0.75 0.0703125 0.75 0.0703125 0.75 0.0703125 0.75 0.0703125 0.75 0.0703125 0.75 0.0703125 0.75 0.0703125 0.75 0.0703125 0.75 0.0703125 0.75 0.0703125 0.75 0.0703125 0.75 0.0703125 0.75 0.0703125 0.75 0.0703125 0.75 0.0703125 0.75 0.0703125 0.75 0.0703125 0.75 0.0703125 0.75 0.0703125 0.75 0.0703125 0.75 0.0703125 0.75 0.0703125 0.75 0.0703125 0.75 0.0703125 0.75 0.0703125 0.75 0.0703125 0.75 0.0703125 0.75 0.0703125 0.75 0.0703125 0.75 0.0703125 0.75 0.0703125 0.75 0.0703125 0.75 0.0703125 0.75 0.0703125 0.75 0.0703125 0.75 0.0703125 0.75 0.0703125 0.75 0.0703125 0.75 0.0703125 0.75 0.0703125 0.75 0.0703125 0.75 0.0703125 0.75 0.0703125 0.75 0.0703125 0.75 0.0703125 0.75 0.0703125 0.75 0.0703125 0.75 0.0703125 0.75 0.0703125 0.75 0.0703125 0.75 0.0703125 0.75 0.0703125 0.75 0.0703125 0.75 0.0703125 0.75 0.0703125 0.75 0.0703125 0.75 0.0703125 0.75 0.0703125 0.75 0.0703125 0.75 0.0703125 0.75 0.0703125 0.75 0.0703125 0.75 0.0703125 0.75 0.0703125 0.75 0.0703125 0.75 0.0703125 0.75 0.0703125 0.75 0.0703125 0.75 0.0703125 0.75 0.0703125 0.75 0.0703125 0.75 0.0703125 0.75 0.0703125 0.75 0.0703125 0.75 0.0703125 0.75 0.0703125 0.75 0.0703125 0.75 0.0703125 0.75 0.0703125 0.75 0.0703125 0.75 0.0703125 0.75 0.0703125 0.75 0.0703125 0.75 0.0703125 0.75 0.0703125 0.75 0.0703125 0.75 0.0703125 0.75 0.0703125 0.75 0.0703125 0.75 0.0703125 0.75 0.0703125 0.75 0.0703125 0.75 0.0703125 0.75 0.0703125 0.75 0.0703125 0.75 0.0703125 0.75 0.0703125 0.75 0.0703125 0.75 0.1328125 0.75 0.1328125 0.75 0.1328125 0.75 0.1328125 0.75 0.1328125 0.75 0.1328125 0.75 0.1328125 0.75 0.1328125 0.75 0.1328125 0.75 0.1328125 0.75 0.1328125 0.75 0.1328125 0.75 0.4453125 0.75 0.4453125 0.75 0.4453125 0.75 0.4453125 0.75 0.4453125 0.75 0.4453125 0.75 0.4453125 0.75 0.4453125 0.75 0.4453125 0.75 0.0703125 0.75 0.0703125 0.75 0.0703125 0.75</float_array>
                    <technique_common>
                        <accessor count="219" source="#uvarrayMesh18_VC1" stride="2">
                            <param name="S" type="float"/>
                            <param name="T" type="float"/>
                        </accessor>
                    </technique_common>
                </source>
                <vertices id="verticesMesh18_VC1">
                    <input semantic="POSITION" source="#pointsMesh18_VC1"/>
                </vertices>
                <polylist count="73" material="Material1">
                    <input offset="0" semantic="VERTEX" source="#verticesMesh18_VC1"/>
                    <input offset="1" semantic="TEXCOORD" source="#uvsMesh18_VC1" set="0"/>
                    <vcount>3 3 3 3 3 3 3 3 3 3 3 3 3 3 3 3 3 3 3 3 3 3 3 3 3 3 3 3 3 3 3 3 3 3 3 3 3 3 3 3 3 3 3 3 3 3 3 3 3 3 3 3 3 3 3 3 3 3 3 3 3 3 3 3 3 3 3 3 3 3 3 3 3</vcount>
                    <p>0 0 1 1 2 2 3 3 1 4 0 5 4 6 5 7 6 8 5 9 4 10 7 11 8 12 5 13 7 14 9 15 10 16 11 17 10 18 12 19 11 20 13 21 14 22 15 23 15 24 14 25 16 26 15 27 16 28 17 29 18 30 19 31 20 32 18 33 20 34 21 35 20 36 22 37 21 38 16 39 23 40 17 41 21 42 22 43 24 44 25 45 26 46 27 47 28 48 25 49 27 50 29 51 30 52 31 53 32 54 33 55 34 56 35 57 33 58 32 59 33 60 3 61 34 62 0 63 36 64 3 65 34 66 3 67 36 68 6 69 5 70 8 71 6 72 30 73 4 74 29 75 4 76 30 77 37 78 38 79 39 80 40 81 32 82 41 83 32 84 40 85 35 86 42 87 43 88 44 89 45 90 43 91 42 92 45 93 46 94 43 95 39 96 43 97 46 98 39 99 44 100 43 101 44 102 39 103 38 104 39 105 46 106 47 107 47 108 37 109 39 110 48 111 49 112 37 113 50 114 46 115 45 116 51 117 52 118 53 119 53 120 52 121 54 122 52 123 51 124 55 125 56 126 55 127 51 128 49 129 38 130 37 131 57 132 58 133 59 134 60 135 61 136 62 137 60 138 49 139 61 140 49 141 48 142 61 143 61 144 63 145 62 146 63 147 61 148 48 149 62 150 63 151 64 152 55 153 56 154 65 155 65 156 56 157 66 158 64 159 63 160 48 161 47 162 64 163 48 164 29 165 67 166 68 167 69 168 36 169 0 170 70 171 71 172 72 173 73 174 0 175 2 176 73 177 69 178 0 179 74 180 29 181 31 182 74 183 67 184 29 185 7 186 4 187 75 188 29 189 68 190 75 191 4 192 29 193 75 194 76 195 77 196 78 197 76 198 78 199 79 200 78 201 80 202 79 203 79 204 80 205 81 206 82 207 83 208 84 209 85 210 86 211 87 212 87 213 86 214 88 215 89 216 9 217 11 218</p>
                </polylist>
            </mesh>
        </geometry>
        <geometry id="meshMesh18_VC2">
            <mesh>
                <source id="pointsMesh18_VC2">
                    <float_array id="pointarrayMesh18_VC2" count="270">7245 -702 4780 5882 -1330 5370 6045 -554 5617 6659 -1330 4236 2816 -511 5376 2630 -448 4746 2048 236 4760 2967 -1330 5005 1713 -7 3720 3784 -1330 590 3362 -665 -567 3556 405 -36 3363 343 -566 -4132 -511 -562 -4132 371 -562 -2047 -511 -162 -2047 518 -162 -553 -511 -162 3362 405 -567 3362 -511 -567 2321 -511 -162 2314 371 -162 554 -511 -162 -553 811 -162 554 811 -162 -4928 543 -4193 -4700 543 -3663 -4702 -1228 -3663 -4929 -1228 -4194 4403 -657 5715 3510 0 6358 4302 -190 6316 6237 -52 823 6864 -1330 2905 7552 -58 2256 6045 -1330 1574 8018 -101 3280 -5940 1466 -6875 -7318 1567 -5405 -5900 533 -6711 5019 -1330 140 4791 405 -485 -5786 -1228 -4362 -5631 0 -6655 -6613 203 -5005 -4704 -1228 -5911 -4369 373 -6149 -5344 1494 -6924 -6230 1949 -7009 -7463 2074 -5749 -3906 -1228 -6149 -4796 -511 -1606 -4796 405 -1606 -4132 -511 -562 -4132 371 -562 -4671 422 -2545 -4671 -511 -2545 -5940 1466 -6875 -5344 1494 -6924 -6230 1949 -7009 -8191 3121 -6586 -7796 2569 -6392 -8191 3079 -7570 -7164 2688 -7336 -6922 2865 -7377 -4700 543 -3663 -4702 -1228 -3663 6045 -554 5617 5882 -1330 5370 7878 -101 4665 7552 -58 2256 8018 -101 3280 8192 1355 1650 6377 -101 5989 6377 -101 5989 3913 -1330 5495 -6613 203 -5005 -6479 543 -4496 -5784 543 -4360 -5786 -1228 -4362 -4928 543 -4193 -4929 -1228 -4194 -6479 543 -4496 -6613 203 -5005 -7318 1567 -5405 4597 405 -1016 4597 -665 -1016 4791 405 -485 5019 -1330 140 3362 0 725</float_array>
                    <technique_common>
                        <accessor count="90" source="#pointarrayMesh18_VC2" stride="3">
                            <param name="X" type="float"/>
                            <param name="Y" type="float"/>
                            <param name="Z" type="float"/>
                        </accessor>
                    </technique_common>
                </source>
                <source id="uvsMesh18_VC2">
                    <float_array id="uvarrayMesh18_VC2" count="438">0.5078125 0.75 0.5078125 0.75 0.5078125 0.75 0.5078125 0.75 0.5078125 0.75 0.5078125 0.75 0.5078125 0.75 0.5078125 0.75 0.5078125 0.75 0.5078125 0.75 0.5078125 0.75 0.5078125 0.75 0.5078125 0.75 0.5078125 0.75 0.5078125 0.75 0.5078125 0.75 0.5078125 0.75 0.5078125 0.75 0.5078125 0.75 0.5078125 0.75 0.5078125 0.75 0.6328125 0.75 0.6328125 0.75 0.6328125 0.75 0.6328125 0.75 0.6328125 0.75 0.6328125 0.75 0.6328125 0.75 0.6328125 0.75 0.6328125 0.75 0.6328125 0.75 0.6328125 0.75 0.6328125 0.75 0.6328125 0.75 0.6328125 0.75 0.6328125 0.75 0.6328125 0.75 0.6328125 0.75 0.6328125 0.75 0.6328125 0.75 0.6328125 0.75 0.6328125 0.75 0.6328125 0.75 0.6328125 0.75 0.6328125 0.75 0.6640625 0.75 0.6640625 0.75 0.6640625 0.75 0.6640625 0.75 0.6640625 0.75 0.6640625 0.75 0.5078125 0.75 0.5078125 0.75 0.5078125 0.75 0.5078125 0.75 0.5078125 0.75 0.5078125 0.75 0.5078125 0.75 0.5078125 0.75 0.5078125 0.75 0.5078125 0.75 0.5078125 0.75 0.5078125 0.75 0.5078125 0.75 0.5078125 0.75 0.5078125 0.75 0.5078125 0.75 0.5078125 0.75 0.5078125 0.75 0.5078125 0.75 0.5078125 0.75 0.5078125 0.75 0.5078125 0.75 0.5078125 0.75 0.5078125 0.75 0.5078125 0.75 0.5078125 0.75 0.5078125 0.75 0.5078125 0.75 0.5078125 0.75 0.5078125 0.75 0.5078125 0.75 0.5078125 0.75 0.5078125 0.75 0.5078125 0.75 0.5078125 0.75 0.5078125 0.75 0.5078125 0.75 0.5078125 0.75 0.5078125 0.75 0.5078125 0.75 0.5078125 0.75 0.5078125 0.75 0.5078125 0.75 0.5078125 0.75 0.5078125 0.75 0.5078125 0.75 0.5078125 0.75 0.5078125 0.75 0.5078125 0.75 0.5078125 0.75 0.5078125 0.75 0.5078125 0.75 0.5078125 0.75 0.5078125 0.75 0.5078125 0.75 0.5078125 0.75 0.5078125 0.75 0.5078125 0.75 0.5078125 0.75 0.5078125 0.75 0.5078125 0.75 0.5078125 0.75 0.5078125 0.75 0.5078125 0.75 0.5078125 0.75 0.5078125 0.75 0.5078125 0.75 0.5078125 0.75 0.5078125 0.75 0.5078125 0.75 0.5078125 0.75 0.5078125 0.75 0.5078125 0.75 0.5078125 0.75 0.5078125 0.75 0.5078125 0.75 0.5078125 0.75 0.5078125 0.75 0.5078125 0.75 0.5078125 0.75 0.5078125 0.75 0.5078125 0.75 0.5078125 0.75 0.5078125 0.75 0.5078125 0.75 0.5078125 0.75 0.5078125 0.75 0.5078125 0.75 0.5078125 0.75 0.5078125 0.75 0.5078125 0.75 0.5078125 0.75 0.5078125 0.75 0.5078125 0.75 0.5078125 0.75 0.5078125 0.75 0.5078125 0.75 0.5078125 0.75 0.5078125 0.75 0.5078125 0.75 0.5078125 0.75 0.5078125 0.75 0.5078125 0.75 0.5078125 0.75 0.5078125 0.75 0.5078125 0.75 0.5078125 0.75 0.5078125 0.75 0.5078125 0.75 0.5078125 0.75 0.5078125 0.75 0.5078125 0.75 0.5078125 0.75 0.5078125 0.75 0.5078125 0.75 0.5078125 0.75 0.5078125 0.75 0.5078125 0.75 0.5078125 0.75 0.5078125 0.75 0.5078125 0.75 0.5078125 0.75 0.5078125 0.75 0.5078125 0.75 0.5078125 0.75 0.5078125 0.75 0.5078125 0.75 0.5078125 0.75 0.5078125 0.75 0.5078125 0.75 0.5078125 0.75 0.5078125 0.75 0.5078125 0.75 0.5078125 0.75 0.5078125 0.75 0.5078125 0.75 0.5078125 0.75 0.5078125 0.75 0.5078125 0.75 0.5078125 0.75 0.5078125 0.75 0.5078125 0.75 0.5078125 0.75 0.5078125 0.75 0.6953125 0.75 0.6953125 0.75 0.6953125 0.75 0.6953125 0.75 0.6953125 0.75 0.6953125 0.75 0.6953125 0.75 0.6953125 0.75 0.6953125 0.75 0.6953125 0.75 0.6953125 0.75 0.6953125 0.75 0.5703125 0.75 0.5703125 0.75 0.5703125 0.75 0.5703125 0.75 0.5703125 0.75 0.5703125 0.75 0.5703125 0.75 0.5703125 0.75 0.5703125 0.75 0.5078125 0.75 0.5078125 0.75 0.5078125 0.75</float_array>
                    <technique_common>
                        <accessor count="219" source="#uvarrayMesh18_VC2" stride="2">
                            <param name="S" type="float"/>
                            <param name="T" type="float"/>
                        </accessor>
                    </technique_common>
                </source>
                <vertices id="verticesMesh18_VC2">
                    <input semantic="POSITION" source="#pointsMesh18_VC2"/>
                </vertices>
                <polylist count="73" material="Material1">
                    <input offset="0" semantic="VERTEX" source="#verticesMesh18_VC2"/>
                    <input offset="1" semantic="TEXCOORD" source="#uvsMesh18_VC2" set="0"/>
                    <vcount>3 3 3 3 3 3 3 3 3 3 3 3 3 3 3 3 3 3 3 3 3 3 3 3 3 3 3 3 3 3 3 3 3 3 3 3 3 3 3 3 3 3 3 3 3 3 3 3 3 3 3 3 3 3 3 3 3 3 3 3 3 3 3 3 3 3 3 3 3 3 3 3 3</vcount>
                    <p>0 0 1 1 2 2 3 3 1 4 0 5 4 6 5 7 6 8 5 9 4 10 7 11 8 12 5 13 7 14 9 15 10 16 11 17 10 18 12 19 11 20 13 21 14 22 15 23 15 24 14 25 16 26 15 27 16 28 17 29 18 30 19 31 20 32 18 33 20 34 21 35 20 36 22 37 21 38 16 39 23 40 17 41 21 42 22 43 24 44 25 45 26 46 27 47 28 48 25 49 27 50 29 51 30 52 31 53 32 54 33 55 34 56 35 57 33 58 32 59 33 60 3 61 34 62 0 63 36 64 3 65 34 66 3 67 36 68 6 69 5 70 8 71 6 72 30 73 4 74 29 75 4 76 30 77 37 78 38 79 39 80 40 81 32 82 41 83 32 84 40 85 35 86 42 87 43 88 44 89 45 90 43 91 42 92 45 93 46 94 43 95 39 96 43 97 46 98 39 99 44 100 43 101 44 102 39 103 38 104 39 105 46 106 47 107 47 108 37 109 39 110 48 111 49 112 37 113 50 114 46 115 45 116 51 117 52 118 53 119 53 120 52 121 54 122 52 123 51 124 55 125 56 126 55 127 51 128 49 129 38 130 37 131 57 132 58 133 59 134 60 135 61 136 62 137 60 138 49 139 61 140 49 141 48 142 61 143 61 144 63 145 62 146 63 147 61 148 48 149 62 150 63 151 64 152 55 153 56 154 65 155 65 156 56 157 66 158 64 159 63 160 48 161 47 162 64 163 48 164 29 165 67 166 68 167 69 168 36 169 0 170 70 171 71 172 72 173 73 174 0 175 2 176 73 177 69 178 0 179 74 180 29 181 31 182 74 183 67 184 29 185 7 186 4 187 75 188 29 189 68 190 75 191 4 192 29 193 75 194 76 195 77 196 78 197 76 198 78 199 79 200 78 201 80 202 79 203 79 204 80 205 81 206 82 207 83 208 84 209 85 210 86 211 87 212 87 213 86 214 88 215 89 216 9 217 11 218</p>
                </polylist>
            </mesh>
        </geometry>
        <geometry id="meshMesh19_1">
            <mesh>
                <source id="pointsMesh19_1">
                    <float_array id="pointarrayMesh19_1" count="195">-8011 1630 3950 -7167 1937 5120 -6678 590 4409 7203 627 -1945 8192 1876 -2047 8192 2189 -4095 7305 868 -4095 8192 1710 0 7168 474 0 8192 1355 1650 7552 -58 2256 8192 2540 -6143 6789 1022 -5679 -7415 508 3183 -8191 1729 2324 -8191 1667 0 -7835 1019 0 -4090 1231 6630 -4825 553 5288 -5750 1704 6144 -6678 590 4409 -7167 1937 5120 -2047 260 5792 -7685 260 2269 -2069 1169 6155 -2064 1550 6813 2155 1057 6472 1536 718 4698 785 996 5113 2048 236 4760 3510 0 6358 -19 1473 6727 -7685 260 0 -265 1126 6164 -829 260 5658 512 925 3527 -24 260 5009 785 996 5113 -24 260 5009 -6899 371 -2047 -7867 1237 -1398 -8164 2413 -2679 1536 718 4698 1062 558 3465 48 260 3912 -7337 1521 -2854 -6641 543 -3573 -7091 1592 -4094 -8191 2574 -4095 -6479 543 -4496 -7318 1567 -5405 -7463 2074 -5749 -8191 3121 -6586 2048 236 4760 -5344 1494 -6924 -4369 373 -6149 -4369 2195 -7760 -6922 2865 -7377 4997 545 -8085 5974 910 -7191 4997 2201 -8085 6684 2540 -7764 5974 910 -7191 6684 2540 -7764 1713 -7 3720</float_array>
                    <technique_common>
                        <accessor count="65" source="#pointarrayMesh19_1" stride="3">
                            <param name="X" type="float"/>
                            <param name="Y" type="float"/>
                            <param name="Z" type="float"/>
                        </accessor>
                    </technique_common>
                </source>
                <source id="uvsMesh19_1">
                    <float_array id="uvarrayMesh19_1" count="130">0.703125 3.1171875 0.841796875 3.818359375 0.34765625 3.484375 0.13671875 0.662109375 0.78515625 0.47265625 0.83203125 1.64453125 0.140625 1.908203125 0.81640625 -0.724609375 0.16796875 -0.4765625 0.701171875 -1.87109375 0.125 -1.650390625 0.8984375 2.806640625 0.130859375 2.83203125 0.287109375 2.732421875 0.6953125 2.1015625 0.615234375 0.66796875 0.384765625 0.71875 0.603515625 -0.58203125 0.302734375 -1.072265625 0.75390625 -1.40625 0.267578125 -2.0625 0.8125 -2.13671875 0.2578125 0.376953125 0.17578125 2.185546875 0.6328125 0.494140625 0.791015625 0.548828125 0.703125 2.748046875 0.544921875 2.3671875 0.640625 2.001953125 0.359375 2.57421875 0.302734375 3.326171875 0.814453125 1.63671875 0.1171875 0.779296875 0.666015625 1.45703125 0.291015625 1.03125 0.671875 1.490234375 0.322265625 0.345703125 0.78515625 0.640625 0.3125 1.46484375 0.103515625 -0.49609375 0.42578125 -0.162109375 0.84375 -1.1328125 0.59375 0.73828125 0.44140625 1.34765625 0.275390625 0.95703125 0.48828125 -1.087890625 0.064453125 -1.44140625 0.482421875 -1.861328125 0.828125 -1.94140625 0.1015625 -2.02734375 0.439453125 -2.671875 0.609375 -2.92578125 0.95703125 -3.52734375 0.296875 0.47265625 0.3828125 0.130859375 -0.052734375 0.021484375 0.435546875 0.865234375 0.939453125 -0.0078125 0.046875 4.71484375 0.037109375 3.978515625 0.5 4.23828125 0.54296875 3.853515625 -0.015625 3.765625 0.806640625 3.783203125 0.146484375 1.158203125</float_array>
                    <technique_common>
                        <accessor count="65" source="#uvarrayMesh19_1" stride="2">
                            <param name="S" type="float"/>
                            <param name="T" type="float"/>
                        </accessor>
                    </technique_common>
                </source>
                <vertices id="verticesMesh19_1">
                    <input semantic="POSITION" source="#pointsMesh19_1"/>
                </vertices>
                <polylist count="59" material="Material1">
                    <input offset="0" semantic="VERTEX" source="#verticesMesh19_1"/>
                    <input offset="1" semantic="TEXCOORD" source="#uvsMesh19_1" set="0"/>
                    <vcount>3 3 3 3 3 3 3 3 3 3 3 3 3 3 3 3 3 3 3 3 3 3 3 3 3 3 3 3 3 3 3 3 3 3 3 3 3 3 3 3 3 3 3 3 3 3 3 3 3 3 3 3 3 3 3 3 3 3 3</vcount>
                    <p>0 0 1 1 2 2 3 3 4 4 5 5 3 3 5 5 6 6 3 3 7 7 4 4 3 3 8 8 7 7 7 7 8 8 9 9 10 10 9 9 8 8 6 6 5 5 11 11 6 6 11 11 12 12 2 2 13 13 0 0 0 0 13 13 14 14 15 15 14 14 16 16 17 17 18 18 19 19 20 20 19 19 18 18 19 19 20 20 21 21 22 22 18 18 17 17 23 23 14 14 13 13 17 17 24 24 22 22 25 25 24 24 17 17 23 23 16 16 14 14 26 26 27 27 28 28 26 26 29 29 27 27 26 26 30 30 29 29 26 26 28 28 31 31 23 23 32 32 16 16 24 24 25 25 33 33 31 31 33 33 25 25 22 22 24 24 34 34 33 33 34 34 24 24 31 31 28 28 33 33 35 35 36 36 37 37 34 34 33 33 38 38 28 28 38 38 33 33 32 32 39 39 40 40 32 32 40 40 16 16 16 16 40 40 15 15 41 41 15 15 40 40 35 35 37 37 42 42 43 43 35 35 42 42 36 36 35 35 44 44 45 45 41 41 40 40 39 39 45 45 40 40 46 46 45 45 39 39 46 46 47 47 45 45 48 48 45 45 47 47 41 41 45 45 48 48 46 46 49 49 47 47 47 47 50 50 48 48 50 50 47 47 49 49 51 51 52 52 48 48 50 50 51 51 48 48 43 43 42 42 53 53 54 54 55 55 56 56 54 54 56 56 57 57 58 58 59 59 60 60 59 59 61 61 60 60 62 62 12 12 11 11 62 62 11 11 63 63 64 64 43 43 53 53</p>
                </polylist>
            </mesh>
        </geometry>
        <geometry id="meshMesh19_2">
            <mesh>
                <source id="pointsMesh19_2">
                    <float_array id="pointarrayMesh19_2" count="195">-8011 1630 3950 -7167 1937 5120 -6678 590 4409 7203 627 -1945 8192 1876 -2047 8192 2189 -4095 7305 868 -4095 8192 1710 0 7168 474 0 8192 1355 1650 7552 -58 2256 8192 2540 -6143 6789 1022 -5679 -7415 508 3183 -8191 1729 2324 -8191 1667 0 -7835 1019 0 -4090 1231 6630 -4825 553 5288 -5750 1704 6144 -6678 590 4409 -7167 1937 5120 -2047 260 5792 -7685 260 2269 -2069 1169 6155 -2064 1550 6813 2155 1057 6472 1536 718 4698 785 996 5113 2048 236 4760 3510 0 6358 -19 1473 6727 -7685 260 0 -265 1126 6164 -829 260 5658 512 925 3527 -24 260 5009 785 996 5113 -24 260 5009 -6899 371 -2047 -7867 1237 -1398 -8164 2413 -2679 1536 718 4698 1062 558 3465 48 260 3912 -7337 1521 -2854 -6641 543 -3573 -7091 1592 -4094 -8191 2574 -4095 -6479 543 -4496 -7318 1567 -5405 -7463 2074 -5749 -8191 3121 -6586 2048 236 4760 -5344 1494 -6924 -4369 373 -6149 -4369 2195 -7760 -6922 2865 -7377 4997 545 -8085 5974 910 -7191 4997 2201 -8085 6684 2540 -7764 5974 910 -7191 6684 2540 -7764 1713 -7 3720</float_array>
                    <technique_common>
                        <accessor count="65" source="#pointarrayMesh19_2" stride="3">
                            <param name="X" type="float"/>
                            <param name="Y" type="float"/>
                            <param name="Z" type="float"/>
                        </accessor>
                    </technique_common>
                </source>
                <source id="uvsMesh19_2">
                    <float_array id="uvarrayMesh19_2" count="130">0.703125 3.1171875 0.841796875 3.818359375 0.34765625 3.484375 0.13671875 0.662109375 0.78515625 0.47265625 0.83203125 1.64453125 0.140625 1.908203125 0.81640625 -0.724609375 0.16796875 -0.4765625 0.701171875 -1.87109375 0.125 -1.650390625 0.8984375 2.806640625 0.130859375 2.83203125 0.287109375 2.732421875 0.6953125 2.1015625 0.615234375 0.66796875 0.384765625 0.71875 0.603515625 -0.58203125 0.302734375 -1.072265625 0.75390625 -1.40625 0.267578125 -2.0625 0.8125 -2.13671875 0.2578125 0.376953125 0.17578125 2.185546875 0.6328125 0.494140625 0.791015625 0.548828125 0.703125 2.748046875 0.544921875 2.3671875 0.640625 2.001953125 0.359375 2.57421875 0.302734375 3.326171875 0.814453125 1.63671875 0.1171875 0.779296875 0.666015625 1.45703125 0.291015625 1.03125 0.671875 1.490234375 0.322265625 0.345703125 0.78515625 0.640625 0.3125 1.46484375 0.103515625 -0.49609375 0.42578125 -0.162109375 0.84375 -1.1328125 0.59375 0.73828125 0.44140625 1.34765625 0.275390625 0.95703125 0.48828125 -1.087890625 0.064453125 -1.44140625 0.482421875 -1.861328125 0.828125 -1.94140625 0.1015625 -2.02734375 0.439453125 -2.671875 0.609375 -2.92578125 0.95703125 -3.52734375 0.296875 0.47265625 0.3828125 0.130859375 -0.052734375 0.021484375 0.435546875 0.865234375 0.939453125 -0.0078125 0.046875 4.71484375 0.037109375 3.978515625 0.5 4.23828125 0.54296875 3.853515625 -0.015625 3.765625 0.806640625 3.783203125 0.146484375 1.158203125</float_array>
                    <technique_common>
                        <accessor count="65" source="#uvarrayMesh19_2" stride="2">
                            <param name="S" type="float"/>
                            <param name="T" type="float"/>
                        </accessor>
                    </technique_common>
                </source>
                <vertices id="verticesMesh19_2">
                    <input semantic="POSITION" source="#pointsMesh19_2"/>
                </vertices>
                <polylist count="59" material="Material1">
                    <input offset="0" semantic="VERTEX" source="#verticesMesh19_2"/>
                    <input offset="1" semantic="TEXCOORD" source="#uvsMesh19_2" set="0"/>
                    <vcount>3 3 3 3 3 3 3 3 3 3 3 3 3 3 3 3 3 3 3 3 3 3 3 3 3 3 3 3 3 3 3 3 3 3 3 3 3 3 3 3 3 3 3 3 3 3 3 3 3 3 3 3 3 3 3 3 3 3 3</vcount>
                    <p>0 0 1 1 2 2 3 3 4 4 5 5 3 3 5 5 6 6 3 3 7 7 4 4 3 3 8 8 7 7 7 7 8 8 9 9 10 10 9 9 8 8 6 6 5 5 11 11 6 6 11 11 12 12 2 2 13 13 0 0 0 0 13 13 14 14 15 15 14 14 16 16 17 17 18 18 19 19 20 20 19 19 18 18 19 19 20 20 21 21 22 22 18 18 17 17 23 23 14 14 13 13 17 17 24 24 22 22 25 25 24 24 17 17 23 23 16 16 14 14 26 26 27 27 28 28 26 26 29 29 27 27 26 26 30 30 29 29 26 26 28 28 31 31 23 23 32 32 16 16 24 24 25 25 33 33 31 31 33 33 25 25 22 22 24 24 34 34 33 33 34 34 24 24 31 31 28 28 33 33 35 35 36 36 37 37 34 34 33 33 38 38 28 28 38 38 33 33 32 32 39 39 40 40 32 32 40 40 16 16 16 16 40 40 15 15 41 41 15 15 40 40 35 35 37 37 42 42 43 43 35 35 42 42 36 36 35 35 44 44 45 45 41 41 40 40 39 39 45 45 40 40 46 46 45 45 39 39 46 46 47 47 45 45 48 48 45 45 47 47 41 41 45 45 48 48 46 46 49 49 47 47 47 47 50 50 48 48 50 50 47 47 49 49 51 51 52 52 48 48 50 50 51 51 48 48 43 43 42 42 53 53 54 54 55 55 56 56 54 54 56 56 57 57 58 58 59 59 60 60 59 59 61 61 60 60 62 62 12 12 11 11 62 62 11 11 63 63 64 64 43 43 53 53</p>
                </polylist>
            </mesh>
        </geometry>
        <geometry id="meshMesh19_VC1">
            <mesh>
                <source id="pointsMesh19_VC1">
                    <float_array id="pointarrayMesh19_VC1" count="195">-8011 1630 3950 -7167 1937 5120 -6678 590 4409 7203 627 -1945 8192 1876 -2047 8192 2189 -4095 7305 868 -4095 8192 1710 0 7168 474 0 8192 1355 1650 7552 -58 2256 8192 2540 -6143 6789 1022 -5679 -7415 508 3183 -8191 1729 2324 -8191 1667 0 -7835 1019 0 -4090 1231 6630 -4825 553 5288 -5750 1704 6144 -6678 590 4409 -7167 1937 5120 -2047 260 5792 -7685 260 2269 -2069 1169 6155 -2064 1550 6813 2155 1057 6472 1536 718 4698 785 996 5113 2048 236 4760 3510 0 6358 -19 1473 6727 -7685 260 0 -265 1126 6164 -829 260 5658 512 925 3527 -24 260 5009 785 996 5113 -24 260 5009 -6899 371 -2047 -7867 1237 -1398 -8164 2413 -2679 1536 718 4698 1062 558 3465 48 260 3912 -7337 1521 -2854 -6641 543 -3573 -7091 1592 -4094 -8191 2574 -4095 -6479 543 -4496 -7318 1567 -5405 -7463 2074 -5749 -8191 3121 -6586 2048 236 4760 -5344 1494 -6924 -4369 373 -6149 -4369 2195 -7760 -6922 2865 -7377 4997 545 -8085 5974 910 -7191 4997 2201 -8085 6684 2540 -7764 5974 910 -7191 6684 2540 -7764 1713 -7 3720</float_array>
                    <technique_common>
                        <accessor count="65" source="#pointarrayMesh19_VC1" stride="3">
                            <param name="X" type="float"/>
                            <param name="Y" type="float"/>
                            <param name="Z" type="float"/>
                        </accessor>
                    </technique_common>
                </source>
                <source id="uvsMesh19_VC1">
                    <float_array id="uvarrayMesh19_VC1" count="354">0.7265625 0.75 0.7265625 0.75 0.7265625 0.75 0.7265625 0.75 0.7265625 0.75 0.7265625 0.75 0.7265625 0.75 0.7265625 0.75 0.7265625 0.75 0.7265625 0.75 0.7265625 0.75 0.7265625 0.75 0.7265625 0.75 0.7265625 0.75 0.7265625 0.75 0.7265625 0.75 0.7265625 0.75 0.7265625 0.75 0.7265625 0.75 0.7265625 0.75 0.7265625 0.75 0.7265625 0.75 0.7265625 0.75 0.7265625 0.75 0.7265625 0.75 0.7265625 0.75 0.7265625 0.75 0.7265625 0.75 0.7265625 0.75 0.7265625 0.75 0.7265625 0.75 0.7265625 0.75 0.7265625 0.75 0.7265625 0.75 0.7265625 0.75 0.7265625 0.75 0.7265625 0.75 0.7265625 0.75 0.7265625 0.75 0.7265625 0.75 0.7265625 0.75 0.7265625 0.75 0.7265625 0.75 0.7265625 0.75 0.7265625 0.75 0.7265625 0.75 0.7265625 0.75 0.7265625 0.75 0.7265625 0.75 0.7265625 0.75 0.7265625 0.75 0.7265625 0.75 0.7265625 0.75 0.7265625 0.75 0.7265625 0.75 0.7265625 0.75 0.7265625 0.75 0.7265625 0.75 0.7265625 0.75 0.7265625 0.75 0.7265625 0.75 0.7265625 0.75 0.7265625 0.75 0.7265625 0.75 0.7265625 0.75 0.7265625 0.75 0.7265625 0.75 0.7265625 0.75 0.7265625 0.75 0.7265625 0.75 0.7265625 0.75 0.7265625 0.75 0.7265625 0.75 0.7265625 0.75 0.7265625 0.75 0.7265625 0.75 0.7265625 0.75 0.7265625 0.75 0.7265625 0.75 0.7265625 0.75 0.7265625 0.75 0.7265625 0.75 0.7265625 0.75 0.7265625 0.75 0.7265625 0.75 0.7265625 0.75 0.7265625 0.75 0.7265625 0.75 0.7265625 0.75 0.7265625 0.75 0.7265625 0.75 0.7265625 0.75 0.7265625 0.75 0.7265625 0.75 0.7265625 0.75 0.7265625 0.75 0.7265625 0.75 0.7265625 0.75 0.7265625 0.75 0.7265625 0.75 0.7265625 0.75 0.7265625 0.75 0.7265625 0.75 0.7265625 0.75 0.7265625 0.75 0.7265625 0.75 0.7265625 0.75 0.7265625 0.75 0.7265625 0.75 0.7265625 0.75 0.7265625 0.75 0.7265625 0.75 0.7265625 0.75 0.7265625 0.75 0.7265625 0.75 0.7265625 0.75 0.7265625 0.75 0.7265625 0.75 0.7265625 0.75 0.7265625 0.75 0.7265625 0.75 0.7265625 0.75 0.7265625 0.75 0.7265625 0.75 0.7265625 0.75 0.7265625 0.75 0.7265625 0.75 0.7265625 0.75 0.7265625 0.75 0.7265625 0.75 0.7265625 0.75 0.7265625 0.75 0.7265625 0.75 0.7265625 0.75 0.7265625 0.75 0.7265625 0.75 0.7265625 0.75 0.7265625 0.75 0.7265625 0.75 0.7265625 0.75 0.7265625 0.75 0.7265625 0.75 0.7265625 0.75 0.7265625 0.75 0.7265625 0.75 0.7265625 0.75 0.7265625 0.75 0.7265625 0.75 0.7265625 0.75 0.7265625 0.75 0.7265625 0.75 0.7265625 0.75 0.7265625 0.75 0.7265625 0.75 0.7265625 0.75 0.7265625 0.75 0.7265625 0.75 0.7265625 0.75 0.7265625 0.75 0.7265625 0.75 0.7265625 0.75 0.7265625 0.75 0.7265625 0.75 0.7265625 0.75 0.7265625 0.75 0.7265625 0.75 0.7265625 0.75 0.7265625 0.75 0.7265625 0.75 0.7265625 0.75 0.7265625 0.75 0.7265625 0.75 0.7265625 0.75 0.7265625 0.75 0.7265625 0.75 0.7265625 0.75 0.7265625 0.75</float_array>
                    <technique_common>
                        <accessor count="177" source="#uvarrayMesh19_VC1" stride="2">
                            <param name="S" type="float"/>
                            <param name="T" type="float"/>
                        </accessor>
                    </technique_common>
                </source>
                <vertices id="verticesMesh19_VC1">
                    <input semantic="POSITION" source="#pointsMesh19_VC1"/>
                </vertices>
                <polylist count="59" material="Material1">
                    <input offset="0" semantic="VERTEX" source="#verticesMesh19_VC1"/>
                    <input offset="1" semantic="TEXCOORD" source="#uvsMesh19_VC1" set="0"/>
                    <vcount>3 3 3 3 3 3 3 3 3 3 3 3 3 3 3 3 3 3 3 3 3 3 3 3 3 3 3 3 3 3 3 3 3 3 3 3 3 3 3 3 3 3 3 3 3 3 3 3 3 3 3 3 3 3 3 3 3 3 3</vcount>
                    <p>0 0 1 1 2 2 3 3 4 4 5 5 3 6 5 7 6 8 3 9 7 10 4 11 3 12 8 13 7 14 7 15 8 16 9 17 10 18 9 19 8 20 6 21 5 22 11 23 6 24 11 25 12 26 2 27 13 28 0 29 0 30 13 31 14 32 15 33 14 34 16 35 17 36 18 37 19 38 20 39 19 40 18 41 19 42 20 43 21 44 22 45 18 46 17 47 23 48 14 49 13 50 17 51 24 52 22 53 25 54 24 55 17 56 23 57 16 58 14 59 26 60 27 61 28 62 26 63 29 64 27 65 26 66 30 67 29 68 26 69 28 70 31 71 23 72 32 73 16 74 24 75 25 76 33 77 31 78 33 79 25 80 22 81 24 82 34 83 33 84 34 85 24 86 31 87 28 88 33 89 35 90 36 91 37 92 34 93 33 94 38 95 28 96 38 97 33 98 32 99 39 100 40 101 32 102 40 103 16 104 16 105 40 106 15 107 41 108 15 109 40 110 35 111 37 112 42 113 43 114 35 115 42 116 36 117 35 118 44 119 45 120 41 121 40 122 39 123 45 124 40 125 46 126 45 127 39 128 46 129 47 130 45 131 48 132 45 133 47 134 41 135 45 136 48 137 46 138 49 139 47 140 47 141 50 142 48 143 50 144 47 145 49 146 51 147 52 148 48 149 50 150 51 151 48 152 43 153 42 154 53 155 54 156 55 157 56 158 54 159 56 160 57 161 58 162 59 163 60 164 59 165 61 166 60 167 62 168 12 169 11 170 62 171 11 172 63 173 64 174 43 175 53 176</p>
                </polylist>
            </mesh>
        </geometry>
        <geometry id="meshMesh19_VC2">
            <mesh>
                <source id="pointsMesh19_VC2">
                    <float_array id="pointarrayMesh19_VC2" count="195">-8011 1630 3950 -7167 1937 5120 -6678 590 4409 7203 627 -1945 8192 1876 -2047 8192 2189 -4095 7305 868 -4095 8192 1710 0 7168 474 0 8192 1355 1650 7552 -58 2256 8192 2540 -6143 6789 1022 -5679 -7415 508 3183 -8191 1729 2324 -8191 1667 0 -7835 1019 0 -4090 1231 6630 -4825 553 5288 -5750 1704 6144 -6678 590 4409 -7167 1937 5120 -2047 260 5792 -7685 260 2269 -2069 1169 6155 -2064 1550 6813 2155 1057 6472 1536 718 4698 785 996 5113 2048 236 4760 3510 0 6358 -19 1473 6727 -7685 260 0 -265 1126 6164 -829 260 5658 512 925 3527 -24 260 5009 785 996 5113 -24 260 5009 -6899 371 -2047 -7867 1237 -1398 -8164 2413 -2679 1536 718 4698 1062 558 3465 48 260 3912 -7337 1521 -2854 -6641 543 -3573 -7091 1592 -4094 -8191 2574 -4095 -6479 543 -4496 -7318 1567 -5405 -7463 2074 -5749 -8191 3121 -6586 2048 236 4760 -5344 1494 -6924 -4369 373 -6149 -4369 2195 -7760 -6922 2865 -7377 4997 545 -8085 5974 910 -7191 4997 2201 -8085 6684 2540 -7764 5974 910 -7191 6684 2540 -7764 1713 -7 3720</float_array>
                    <technique_common>
                        <accessor count="65" source="#pointarrayMesh19_VC2" stride="3">
                            <param name="X" type="float"/>
                            <param name="Y" type="float"/>
                            <param name="Z" type="float"/>
                        </accessor>
                    </technique_common>
                </source>
                <source id="uvsMesh19_VC2">
                    <float_array id="uvarrayMesh19_VC2" count="354">0.7578125 0.75 0.7578125 0.75 0.7578125 0.75 0.7578125 0.75 0.7578125 0.75 0.7578125 0.75 0.7578125 0.75 0.7578125 0.75 0.7578125 0.75 0.7578125 0.75 0.7578125 0.75 0.7578125 0.75 0.7578125 0.75 0.7578125 0.75 0.7578125 0.75 0.7578125 0.75 0.7578125 0.75 0.7578125 0.75 0.7578125 0.75 0.7578125 0.75 0.7578125 0.75 0.7578125 0.75 0.7578125 0.75 0.7578125 0.75 0.7578125 0.75 0.7578125 0.75 0.7578125 0.75 0.7578125 0.75 0.7578125 0.75 0.7578125 0.75 0.7578125 0.75 0.7578125 0.75 0.7578125 0.75 0.7578125 0.75 0.7578125 0.75 0.7578125 0.75 0.7578125 0.75 0.7578125 0.75 0.7578125 0.75 0.7578125 0.75 0.7578125 0.75 0.7578125 0.75 0.7578125 0.75 0.7578125 0.75 0.7578125 0.75 0.7578125 0.75 0.7578125 0.75 0.7578125 0.75 0.7578125 0.75 0.7578125 0.75 0.7578125 0.75 0.7578125 0.75 0.7578125 0.75 0.7578125 0.75 0.7578125 0.75 0.7578125 0.75 0.7578125 0.75 0.7578125 0.75 0.7578125 0.75 0.7578125 0.75 0.7578125 0.75 0.7578125 0.75 0.7578125 0.75 0.7578125 0.75 0.7578125 0.75 0.7578125 0.75 0.7578125 0.75 0.7578125 0.75 0.7578125 0.75 0.7578125 0.75 0.7578125 0.75 0.7578125 0.75 0.7578125 0.75 0.7578125 0.75 0.7578125 0.75 0.7578125 0.75 0.7578125 0.75 0.7578125 0.75 0.7578125 0.75 0.7578125 0.75 0.7578125 0.75 0.7578125 0.75 0.7578125 0.75 0.7578125 0.75 0.7578125 0.75 0.7578125 0.75 0.7578125 0.75 0.7578125 0.75 0.7578125 0.75 0.7578125 0.75 0.7578125 0.75 0.7578125 0.75 0.7578125 0.75 0.7578125 0.75 0.7578125 0.75 0.7578125 0.75 0.7578125 0.75 0.7578125 0.75 0.7578125 0.75 0.7578125 0.75 0.7578125 0.75 0.7578125 0.75 0.7578125 0.75 0.7578125 0.75 0.7578125 0.75 0.7578125 0.75 0.7578125 0.75 0.7578125 0.75 0.7578125 0.75 0.7578125 0.75 0.7578125 0.75 0.7578125 0.75 0.7578125 0.75 0.7578125 0.75 0.7578125 0.75 0.7578125 0.75 0.7578125 0.75 0.7578125 0.75 0.7578125 0.75 0.7578125 0.75 0.7578125 0.75 0.7578125 0.75 0.7578125 0.75 0.7578125 0.75 0.7578125 0.75 0.7578125 0.75 0.7578125 0.75 0.7578125 0.75 0.7578125 0.75 0.7578125 0.75 0.7578125 0.75 0.7578125 0.75 0.7578125 0.75 0.7578125 0.75 0.7578125 0.75 0.7578125 0.75 0.7578125 0.75 0.7578125 0.75 0.7578125 0.75 0.7578125 0.75 0.7578125 0.75 0.7578125 0.75 0.7578125 0.75 0.7578125 0.75 0.7578125 0.75 0.7578125 0.75 0.7578125 0.75 0.7578125 0.75 0.7578125 0.75 0.7578125 0.75 0.7578125 0.75 0.7578125 0.75 0.7578125 0.75 0.7578125 0.75 0.7578125 0.75 0.7578125 0.75 0.7578125 0.75 0.7578125 0.75 0.7578125 0.75 0.7578125 0.75 0.7578125 0.75 0.7578125 0.75 0.7578125 0.75 0.7578125 0.75 0.7578125 0.75 0.7578125 0.75 0.7578125 0.75 0.7578125 0.75 0.7578125 0.75 0.7578125 0.75 0.7578125 0.75 0.7578125 0.75 0.7578125 0.75 0.7578125 0.75 0.7578125 0.75 0.7578125 0.75 0.7578125 0.75</float_array>
                    <technique_common>
                        <accessor count="177" source="#uvarrayMesh19_VC2" stride="2">
                            <param name="S" type="float"/>
                            <param name="T" type="float"/>
                        </accessor>
                    </technique_common>
                </source>
                <vertices id="verticesMesh19_VC2">
                    <input semantic="POSITION" source="#pointsMesh19_VC2"/>
                </vertices>
                <polylist count="59" material="Material1">
                    <input offset="0" semantic="VERTEX" source="#verticesMesh19_VC2"/>
                    <input offset="1" semantic="TEXCOORD" source="#uvsMesh19_VC2" set="0"/>
                    <vcount>3 3 3 3 3 3 3 3 3 3 3 3 3 3 3 3 3 3 3 3 3 3 3 3 3 3 3 3 3 3 3 3 3 3 3 3 3 3 3 3 3 3 3 3 3 3 3 3 3 3 3 3 3 3 3 3 3 3 3</vcount>
                    <p>0 0 1 1 2 2 3 3 4 4 5 5 3 6 5 7 6 8 3 9 7 10 4 11 3 12 8 13 7 14 7 15 8 16 9 17 10 18 9 19 8 20 6 21 5 22 11 23 6 24 11 25 12 26 2 27 13 28 0 29 0 30 13 31 14 32 15 33 14 34 16 35 17 36 18 37 19 38 20 39 19 40 18 41 19 42 20 43 21 44 22 45 18 46 17 47 23 48 14 49 13 50 17 51 24 52 22 53 25 54 24 55 17 56 23 57 16 58 14 59 26 60 27 61 28 62 26 63 29 64 27 65 26 66 30 67 29 68 26 69 28 70 31 71 23 72 32 73 16 74 24 75 25 76 33 77 31 78 33 79 25 80 22 81 24 82 34 83 33 84 34 85 24 86 31 87 28 88 33 89 35 90 36 91 37 92 34 93 33 94 38 95 28 96 38 97 33 98 32 99 39 100 40 101 32 102 40 103 16 104 16 105 40 106 15 107 41 108 15 109 40 110 35 111 37 112 42 113 43 114 35 115 42 116 36 117 35 118 44 119 45 120 41 121 40 122 39 123 45 124 40 125 46 126 45 127 39 128 46 129 47 130 45 131 48 132 45 133 47 134 41 135 45 136 48 137 46 138 49 139 47 140 47 141 50 142 48 143 50 144 47 145 49 146 51 147 52 148 48 149 50 150 51 151 48 152 43 153 42 154 53 155 54 156 55 157 56 158 54 159 56 160 57 161 58 162 59 163 60 164 59 165 61 166 60 167 62 168 12 169 11 170 62 171 11 172 63 173 64 174 43 175 53 176</p>
                </polylist>
            </mesh>
        </geometry>
        <geometry id="meshMesh20_1">
            <mesh>
                <source id="pointsMesh20_1">
                    <float_array id="pointarrayMesh20_1" count="45">554 -511 -162 -553 -511 -162 -553 607 -162 5052 -511 -2053 4597 -511 -1016 4597 405 -1016 5052 371 -2053 4407 -511 -3689 4407 545 -3689 4409 545 -5437 554 607 -162 5052 -511 -2053 5052 371 -2053 4407 -511 -3689 4407 545 -3689</float_array>
                    <technique_common>
                        <accessor count="15" source="#pointarrayMesh20_1" stride="3">
                            <param name="X" type="float"/>
                            <param name="Y" type="float"/>
                            <param name="Z" type="float"/>
                        </accessor>
                    </technique_common>
                </source>
                <source id="uvsMesh20_1">
                    <float_array id="uvarrayMesh20_1" count="30">0.28125 0.033203125 2.978515625 0.033203125 2.978515625 6.478515625 -2.748046875 0.19921875 0.982421875 0.033203125 1.03125 4.5 -2.701171875 4.5 0.8515625 0.224609375 0.8515625 5.375 -3.40625 5.375 0.28125 6.478515625 1.177734375 0.208984375 1.177734375 4.509765625 -3.10546875 0.208984375 -3.10546875 5.357421875</float_array>
                    <technique_common>
                        <accessor count="15" source="#uvarrayMesh20_1" stride="2">
                            <param name="S" type="float"/>
                            <param name="T" type="float"/>
                        </accessor>
                    </technique_common>
                </source>
                <vertices id="verticesMesh20_1">
                    <input semantic="POSITION" source="#pointsMesh20_1"/>
                </vertices>
                <polylist count="7" material="Material1">
                    <input offset="0" semantic="VERTEX" source="#verticesMesh20_1"/>
                    <input offset="1" semantic="TEXCOORD" source="#uvsMesh20_1" set="0"/>
                    <vcount>3 3 3 3 3 3 3</vcount>
                    <p>0 0 1 1 2 2 3 3 4 4 5 5 3 3 5 5 6 6 7 7 8 8 9 9 0 0 2 2 10 10 11 11 12 12 13 13 13 13 12 12 14 14</p>
                </polylist>
            </mesh>
        </geometry>
        <geometry id="meshMesh20_2">
            <mesh>
                <source id="pointsMesh20_2">
                    <float_array id="pointarrayMesh20_2" count="45">554 -511 -162 -553 -511 -162 -553 607 -162 5052 -511 -2053 4597 -511 -1016 4597 405 -1016 5052 371 -2053 4407 -511 -3689 4407 545 -3689 4409 545 -5437 554 607 -162 5052 -511 -2053 5052 371 -2053 4407 -511 -3689 4407 545 -3689</float_array>
                    <technique_common>
                        <accessor count="15" source="#pointarrayMesh20_2" stride="3">
                            <param name="X" type="float"/>
                            <param name="Y" type="float"/>
                            <param name="Z" type="float"/>
                        </accessor>
                    </technique_common>
                </source>
                <source id="uvsMesh20_2">
                    <float_array id="uvarrayMesh20_2" count="30">0.28125 0.033203125 2.978515625 0.033203125 2.978515625 6.478515625 -2.748046875 0.19921875 0.982421875 0.033203125 1.03125 4.5 -2.701171875 4.5 0.8515625 0.224609375 0.8515625 5.375 -3.40625 5.375 0.28125 6.478515625 1.177734375 0.208984375 1.177734375 4.509765625 -3.10546875 0.208984375 -3.10546875 5.357421875</float_array>
                    <technique_common>
                        <accessor count="15" source="#uvarrayMesh20_2" stride="2">
                            <param name="S" type="float"/>
                            <param name="T" type="float"/>
                        </accessor>
                    </technique_common>
                </source>
                <vertices id="verticesMesh20_2">
                    <input semantic="POSITION" source="#pointsMesh20_2"/>
                </vertices>
                <polylist count="7" material="Material1">
                    <input offset="0" semantic="VERTEX" source="#verticesMesh20_2"/>
                    <input offset="1" semantic="TEXCOORD" source="#uvsMesh20_2" set="0"/>
                    <vcount>3 3 3 3 3 3 3</vcount>
                    <p>0 0 1 1 2 2 3 3 4 4 5 5 3 3 5 5 6 6 7 7 8 8 9 9 0 0 2 2 10 10 11 11 12 12 13 13 13 13 12 12 14 14</p>
                </polylist>
            </mesh>
        </geometry>
        <geometry id="meshMesh20_VC1">
            <mesh>
                <source id="pointsMesh20_VC1">
                    <float_array id="pointarrayMesh20_VC1" count="45">554 -511 -162 -553 -511 -162 -553 607 -162 5052 -511 -2053 4597 -511 -1016 4597 405 -1016 5052 371 -2053 4407 -511 -3689 4407 545 -3689 4409 545 -5437 554 607 -162 5052 -511 -2053 5052 371 -2053 4407 -511 -3689 4407 545 -3689</float_array>
                    <technique_common>
                        <accessor count="15" source="#pointarrayMesh20_VC1" stride="3">
                            <param name="X" type="float"/>
                            <param name="Y" type="float"/>
                            <param name="Z" type="float"/>
                        </accessor>
                    </technique_common>
                </source>
                <source id="uvsMesh20_VC1">
                    <float_array id="uvarrayMesh20_VC1" count="42">0.1015625 0.75 0.1015625 0.75 0.1015625 0.75 0.1015625 0.75 0.1015625 0.75 0.1015625 0.75 0.1015625 0.75 0.1015625 0.75 0.1015625 0.75 0.1015625 0.75 0.1015625 0.75 0.1015625 0.75 0.1015625 0.75 0.1015625 0.75 0.1015625 0.75 0.4453125 0.75 0.4453125 0.75 0.4453125 0.75 0.4453125 0.75 0.4453125 0.75 0.4453125 0.75</float_array>
                    <technique_common>
                        <accessor count="21" source="#uvarrayMesh20_VC1" stride="2">
                            <param name="S" type="float"/>
                            <param name="T" type="float"/>
                        </accessor>
                    </technique_common>
                </source>
                <vertices id="verticesMesh20_VC1">
                    <input semantic="POSITION" source="#pointsMesh20_VC1"/>
                </vertices>
                <polylist count="7" material="Material1">
                    <input offset="0" semantic="VERTEX" source="#verticesMesh20_VC1"/>
                    <input offset="1" semantic="TEXCOORD" source="#uvsMesh20_VC1" set="0"/>
                    <vcount>3 3 3 3 3 3 3</vcount>
                    <p>0 0 1 1 2 2 3 3 4 4 5 5 3 6 5 7 6 8 7 9 8 10 9 11 0 12 2 13 10 14 11 15 12 16 13 17 13 18 12 19 14 20</p>
                </polylist>
            </mesh>
        </geometry>
        <geometry id="meshMesh20_VC2">
            <mesh>
                <source id="pointsMesh20_VC2">
                    <float_array id="pointarrayMesh20_VC2" count="45">554 -511 -162 -553 -511 -162 -553 607 -162 5052 -511 -2053 4597 -511 -1016 4597 405 -1016 5052 371 -2053 4407 -511 -3689 4407 545 -3689 4409 545 -5437 554 607 -162 5052 -511 -2053 5052 371 -2053 4407 -511 -3689 4407 545 -3689</float_array>
                    <technique_common>
                        <accessor count="15" source="#pointarrayMesh20_VC2" stride="3">
                            <param name="X" type="float"/>
                            <param name="Y" type="float"/>
                            <param name="Z" type="float"/>
                        </accessor>
                    </technique_common>
                </source>
                <source id="uvsMesh20_VC2">
                    <float_array id="uvarrayMesh20_VC2" count="42">0.6328125 0.75 0.6328125 0.75 0.6328125 0.75 0.6328125 0.75 0.6328125 0.75 0.6328125 0.75 0.6328125 0.75 0.6328125 0.75 0.6328125 0.75 0.6328125 0.75 0.6328125 0.75 0.6328125 0.75 0.6328125 0.75 0.6328125 0.75 0.6328125 0.75 0.5703125 0.75 0.5703125 0.75 0.5703125 0.75 0.5703125 0.75 0.5703125 0.75 0.5703125 0.75</float_array>
                    <technique_common>
                        <accessor count="21" source="#uvarrayMesh20_VC2" stride="2">
                            <param name="S" type="float"/>
                            <param name="T" type="float"/>
                        </accessor>
                    </technique_common>
                </source>
                <vertices id="verticesMesh20_VC2">
                    <input semantic="POSITION" source="#pointsMesh20_VC2"/>
                </vertices>
                <polylist count="7" material="Material1">
                    <input offset="0" semantic="VERTEX" source="#verticesMesh20_VC2"/>
                    <input offset="1" semantic="TEXCOORD" source="#uvsMesh20_VC2" set="0"/>
                    <vcount>3 3 3 3 3 3 3</vcount>
                    <p>0 0 1 1 2 2 3 3 4 4 5 5 3 6 5 7 6 8 7 9 8 10 9 11 0 12 2 13 10 14 11 15 12 16 13 17 13 18 12 19 14 20</p>
                </polylist>
            </mesh>
        </geometry>
        <geometry id="meshMesh21_1">
            <mesh>
                <source id="pointsMesh21_1">
                    <float_array id="pointarrayMesh21_1" count="180">-4817 405 -1601 -4817 508 -1601 -4692 524 -2546 -5856 543 -4352 -4942 540 -4175 -5856 646 -4352 -4942 642 -4175 -4942 540 -4175 -4723 645 -3663 -4942 642 -4175 -4723 543 -3663 -4723 543 -3663 -4692 422 -2546 -4692 524 -2546 -4723 645 -3663 -4817 405 -1601 -4144 370 -544 -4144 473 -544 -4692 422 -2546 -4144 370 -544 -3098 444 -343 -3098 547 -343 -4144 473 -544 -3098 444 -343 -2051 518 -142 -2051 621 -142 -3098 547 -343 -4817 508 -1601 5231 387 -651 4795 394 -508 4795 497 -508 -1305 767 -142 -2051 518 -142 -1295 667 -142 -2051 621 -142 -612 903 -141 -1295 667 -142 -592 805 -141 -1305 767 -142 4616 404 -1008 5070 473 -2042 4617 507 -1011 5068 371 -2039 2316 371 -141 3323 403 -530 3323 506 -530 5232 489 -652 2316 473 -141 1459 584 -141 2316 371 -141 1471 684 -141 1471 684 -141 603 798 -141 1459 584 -141 628 894 -141 2316 473 -141 -5856 543 -4352 -5856 646 -4352 -6620 646 -3837 -6620 543 -3837</float_array>
                    <technique_common>
                        <accessor count="60" source="#pointarrayMesh21_1" stride="3">
                            <param name="X" type="float"/>
                            <param name="Y" type="float"/>
                            <param name="Z" type="float"/>
                        </accessor>
                    </technique_common>
                </source>
                <source id="uvsMesh21_1">
                    <float_array id="uvarrayMesh21_1" count="120">18.462890625 0.017578125 18.4296875 1 -0.150390625 1 0 0.017578125 18.12109375 0.017578125 -0.037109375 1 18.115234375 1 0 0.017578125 10.841796875 1 -0.01953125 1 10.830078125 0.017578125 0 0.017578125 21.865234375 0.017578125 21.6484375 1.009765625 -0.244140625 1.009765625 0.48828125 0.017578125 24.935546875 0.017578125 24.87890625 1 -0.115234375 0.017578125 0 0.017578125 20.796875 0.017578125 20.935546875 1.013671875 0.107421875 1.013671875 -0.037109375 0.01953125 20.7890625 0.01953125 20.927734375 1 0.099609375 1 0.431640625 1 -8.013671875 0.017578125 0.93359375 0.017578125 0.966796875 1 15.09765625 1 -0.095703125 0.037109375 14.908203125 0.037109375 0.287109375 1 13.90625 1 -0.060546875 0.037109375 13.90234375 0.037109375 0.126953125 1 0 0.017578125 21.92578125 1 0 1 21.92578125 0.017578125 0 0.017578125 20.927734375 0.017578125 20.927734375 1 -8.013671875 1 16.873046875 0.984375 0.1875 0.017578125 17.373046875 0.017578125 -0.052734375 0.984375 16.912109375 0.984375 0 0.017578125 17.154296875 0.017578125 -0.015625 0.984375 0.015625 1 17.93359375 0.017578125 17.93359375 1 0 1 0 0.017578125</float_array>
                    <technique_common>
                        <accessor count="60" source="#uvarrayMesh21_1" stride="2">
                            <param name="S" type="float"/>
                            <param name="T" type="float"/>
                        </accessor>
                    </technique_common>
                </source>
                <vertices id="verticesMesh21_1">
                    <input semantic="POSITION" source="#pointsMesh21_1"/>
                </vertices>
                <polylist count="30" material="Material1">
                    <input offset="0" semantic="VERTEX" source="#verticesMesh21_1"/>
                    <input offset="1" semantic="TEXCOORD" source="#uvsMesh21_1" set="0"/>
                    <vcount>3 3 3 3 3 3 3 3 3 3 3 3 3 3 3 3 3 3 3 3 3 3 3 3 3 3 3 3 3 3</vcount>
                    <p>0 0 1 1 2 2 3 3 4 4 5 5 4 4 6 6 5 5 7 7 8 8 9 9 7 7 10 10 8 8 11 11 12 12 13 13 11 11 13 13 14 14 15 15 16 16 17 17 18 18 0 0 2 2 19 19 20 20 21 21 19 19 21 21 22 22 23 23 24 24 25 25 23 23 25 25 26 26 15 15 17 17 27 27 28 28 29 29 30 30 31 31 32 32 33 33 31 31 34 34 32 32 35 35 36 36 37 37 35 35 38 38 36 36 39 39 40 40 41 41 39 39 42 42 40 40 43 43 44 44 45 45 28 28 30 30 46 46 47 47 48 48 49 49 47 47 50 50 48 48 51 51 52 52 53 53 51 51 54 54 52 52 43 43 45 45 55 55 56 56 57 57 58 58 56 56 58 58 59 59</p>
                </polylist>
            </mesh>
        </geometry>
        <geometry id="meshMesh22_1">
            <mesh>
                <source id="pointsMesh22_1">
                    <float_array id="pointarrayMesh22_1" count="312">-4998 316 603 -5397 265 1006 -4993 281 1006 -4857 316 3006 -5259 380 3413 -4855 330 3415 -5260 366 3004 -6012 435 3247 -6417 458 3248 -6414 499 3655 -6009 476 3654 -6303 260 1201 -6705 260 1608 -6300 260 1607 -6708 260 1202 -6070 452 -2345 -6473 427 -2347 -6468 386 -1945 -5402 299 602 -4507 367 226 -4906 317 629 -4502 333 630 -4911 351 226 -5311 382 -850 -5715 367 -850 -5711 351 -446 -5307 365 -446 -6064 411 -1944 -2355 535 2446 -2757 382 2818 -2358 439 2832 -5396 437 -2835 -5797 465 -2834 -5793 454 -2430 -5392 426 -2431 -5751 536 -3646 -6152 543 -3647 -6149 497 -3247 -5747 490 -3245 -1700 463 2673 -2113 381 3062 -1704 368 3059 -2109 476 2676 35 716 2812 -290 551 2805 -283 537 3214 -2753 478 2432 -1118 755 1671 -1524 672 2067 -1115 690 2070 -1527 737 1668 -1805 653 1265 -2220 615 1656 -1822 692 1653 -2203 577 1268 43 701 3221 2115 312 950 1723 265 1363 2078 112 1291 1612 100 3077 1333 325 3494 1605 92 3486 1340 333 3085 935 415 2391 574 558 2423 594 621 2820 955 478 2787 1315 318 1775 937 415 2191 1307 293 2183 945 439 1783 5978 431 -1320 5570 413 -910 5977 448 -911 1763 465 1020 3364 277 273 2993 377 310 2954 179 654 3327 80 614 6369 323 3 5984 112 334 6383 172 360 5970 263 -22 5572 396 -1319 6064 734 -4652 5661 681 -4649 5665 661 -4246 6604 528 -1890 6204 461 -1480 6605 526 -1481 6202 463 -1888 6154 580 -3051 5751 532 -3047 5759 474 -2647 6163 522 -2651 5664 584 -3471 5260 536 -3467 5268 478 -3066 5672 526 -3070 6597 947 -5509 6217 790 -5117 6610 882 -5114 6068 714 -4250 6203 855 -5512</float_array>
                    <technique_common>
                        <accessor count="104" source="#pointarrayMesh22_1" stride="3">
                            <param name="X" type="float"/>
                            <param name="Y" type="float"/>
                            <param name="Z" type="float"/>
                        </accessor>
                    </technique_common>
                </source>
                <source id="uvsMesh22_1">
                    <float_array id="uvarrayMesh22_1" count="208">0.966796875 1 0 0.033203125 0.966796875 0.033203125 0.966796875 1 0 0.033203125 0.966796875 0.033203125 0 1 0.966796875 1 0 1 0 0.033203125 0.966796875 0.033203125 0.966796875 1 0 0.033203125 0.966796875 0.033203125 0 1 0.966796875 1 0 1 0 0.033203125 0 1 0.966796875 1 0 0.033203125 0.966796875 0.033203125 0 1 0.966796875 1 0 1 0 0.033203125 0.966796875 0.033203125 0.966796875 0.033203125 0.966796875 1 0 0.033203125 0.966796875 0.033203125 0.966796875 1 0 1 0 0.033203125 0.966796875 0.033203125 0.966796875 1 0 1 0 0.033203125 0.966796875 0.033203125 0.966796875 1 0 0.033203125 0.966796875 0.033203125 0 1 0.966796875 1 0 1 0 0.033203125 0 1 0.966796875 1 0 0.033203125 0.966796875 0.033203125 0 1 0.966796875 1 0 0.033203125 0.966796875 0.033203125 0 1 0.966796875 0.033203125 0.966796875 1 0 0.033203125 0.966796875 0.033203125 0.966796875 1 0 0.033203125 0.966796875 0.033203125 0 1 0.966796875 1 0 1 0 0.033203125 0.966796875 0.033203125 0.966796875 1 0 0.033203125 0.966796875 0.033203125 0 1 0.966796875 1 0 0.033203125 0.966796875 0.033203125 0 1 0.966796875 1 0 1 0 0.033203125 0.966796875 0.033203125 0.966796875 1 0 0.033203125 0.966796875 0.033203125 0 1 0 1 0.966796875 1 0 1 0 0.033203125 0.966796875 1 0 0.033203125 0.966796875 0.033203125 0 1 0.966796875 1 0 1 0 0.033203125 0.966796875 0.033203125 0.966796875 1 0 1 0 0.033203125 0.966796875 0.033203125 0.966796875 1 0 0.033203125 0.966796875 0.033203125 0.966796875 0.033203125 0 1</float_array>
                    <technique_common>
                        <accessor count="104" source="#uvarrayMesh22_1" stride="2">
                            <param name="S" type="float"/>
                            <param name="T" type="float"/>
                        </accessor>
                    </technique_common>
                </source>
                <vertices id="verticesMesh22_1">
                    <input semantic="POSITION" source="#pointsMesh22_1"/>
                </vertices>
                <polylist count="52" material="Material1">
                    <input offset="0" semantic="VERTEX" source="#verticesMesh22_1"/>
                    <input offset="1" semantic="TEXCOORD" source="#uvsMesh22_1" set="0"/>
                    <vcount>3 3 3 3 3 3 3 3 3 3 3 3 3 3 3 3 3 3 3 3 3 3 3 3 3 3 3 3 3 3 3 3 3 3 3 3 3 3 3 3 3 3 3 3 3 3 3 3 3 3 3 3</vcount>
                    <p>0 0 1 1 2 2 3 3 4 4 5 5 3 3 6 6 4 4 7 7 8 8 9 9 7 7 9 9 10 10 11 11 12 12 13 13 11 11 14 14 12 12 15 15 16 16 17 17 0 0 18 18 1 1 19 19 20 20 21 21 19 19 22 22 20 20 23 23 24 24 25 25 23 23 25 25 26 26 15 15 17 17 27 27 28 28 29 29 30 30 31 31 32 32 33 33 31 31 33 33 34 34 35 35 36 36 37 37 35 35 37 37 38 38 39 39 40 40 41 41 39 39 42 42 40 40 43 43 44 44 45 45 28 28 46 46 29 29 47 47 48 48 49 49 47 47 50 50 48 48 51 51 52 52 53 53 51 51 54 54 52 52 43 43 45 45 55 55 56 56 57 57 58 58 59 59 60 60 61 61 59 59 62 62 60 60 63 63 64 64 65 65 63 63 65 65 66 66 67 67 68 68 69 69 67 67 70 70 68 68 71 71 72 72 73 73 56 56 74 74 57 57 75 75 76 76 77 77 75 75 77 77 78 78 79 79 80 80 81 81 79 79 82 82 80 80 71 71 83 83 72 72 84 84 85 85 86 86 87 87 88 88 89 89 87 87 90 90 88 88 91 91 92 92 93 93 91 91 93 93 94 94 95 95 96 96 97 97 95 95 97 97 98 98 99 99 100 100 101 101 84 84 86 86 102 102 99 99 103 103 100 100</p>
                </polylist>
            </mesh>
        </geometry>
        <geometry id="meshMesh23_1">
            <mesh>
                <source id="pointsMesh23_1">
                    <float_array id="pointarrayMesh23_1" count="240">-3491 1630 -5396 -3491 1630 -5716 -3491 1310 -5716 -3491 1310 -5396 -3491 1627 -4682 -3491 1627 -5002 -3491 1308 -5002 -3491 1308 -4682 -3491 1630 -3962 -3491 1630 -4282 -3491 1311 -4282 -3491 1311 -3962 -3766 1996 -2982 -3766 1689 -2982 -3628 1689 -2707 -3628 1996 -2707 -1945 1737 -2607 -1631 1737 -2544 -1631 2056 -2544 -1945 1020 -2607 -1631 1020 -2544 -1631 1340 -2544 -1945 1340 -2607 -2447 1020 -2707 -2133 1020 -2645 -2133 1340 -2645 -2447 1340 -2707 -2447 1737 -2707 -2133 1737 -2645 -2133 2056 -2645 -2447 2056 -2707 158 6094 -3403 -148 6094 -3403 -148 5787 -3392 -1945 2056 -2607 155 4467 -2988 -164 4467 -2988 -164 4147 -2988 155 4147 -2988 158 5787 -3392 -3525 1996 -2598 -3525 1689 -2598 -3250 1689 -2461 -3250 1996 -2461 3493 1309 -4681 3493 1309 -5001 3493 1629 -5001 3251 1996 -2461 3526 1689 -2598 3526 1996 -2598 3251 1689 -2461 3629 1996 -2707 3629 1689 -2707 3767 1996 -2982 3767 1689 -2982 3492 1310 -3965 3492 1629 -4284 3492 1629 -3965 3492 1310 -4284 3493 1309 -5397 3493 1628 -5717 3493 1628 -5397 3493 1629 -4681 3493 1309 -5717 2448 1340 -2707 2134 1020 -2645 2448 1020 -2707 1946 2056 -2607 1632 2056 -2544 1632 1737 -2544 1946 1737 -2607 2448 2056 -2707 2134 1737 -2645 2448 1737 -2707 2134 2056 -2645 1946 1340 -2607 1632 1020 -2544 1946 1020 -2607 1632 1340 -2544 2134 1340 -2645</float_array>
                    <technique_common>
                        <accessor count="80" source="#pointarrayMesh23_1" stride="3">
                            <param name="X" type="float"/>
                            <param name="Y" type="float"/>
                            <param name="Z" type="float"/>
                        </accessor>
                    </technique_common>
                </source>
                <source id="uvsMesh23_1">
                    <float_array id="uvarrayMesh23_1" count="160">0 1 0.966796875 1 0.966796875 0.033203125 0 0.033203125 0 1 0.966796875 1 0.966796875 0.033203125 0 0.033203125 0 1 0.966796875 1 0.966796875 0.033203125 0 0.033203125 0.966796875 1 0.966796875 0.033203125 0 0.033203125 0 1 0.966796875 0.033203125 0 0.033203125 0 1 0.966796875 0.033203125 0 0.033203125 0 1 0.966796875 1 0.966796875 0.033203125 0 0.033203125 0 1 0.966796875 1 0.966796875 0.033203125 0 0.033203125 0 1 0.966796875 1 0 1 0.966796875 1 0.966796875 0.033203125 0.966796875 1 0 1 0.966796875 1 0.966796875 0.033203125 0 0.033203125 0 0.033203125 0.966796875 1 0.966796875 0.033203125 0 0.033203125 0 1 0.966796875 0.033203125 0 0.033203125 0 1 0.966796875 1 0 0.033203125 0 1 0.966796875 0.033203125 0.966796875 1 0.966796875 0.033203125 0 1 0 0.033203125 0.966796875 0.033203125 0 1 0.966796875 1 0 0.033203125 0.966796875 0.033203125 0 1 0.966796875 1 0.966796875 1 0 0.033203125 0 1 0.966796875 0.033203125 0 0.033203125 0 1 0.966796875 1 0.966796875 0.033203125 0 0.033203125 0 1 0.966796875 0.033203125 0 0.033203125 0.966796875 1 0 1 0.966796875 0.033203125 0 0.033203125 0.966796875 1 0.966796875 1</float_array>
                    <technique_common>
                        <accessor count="80" source="#uvarrayMesh23_1" stride="2">
                            <param name="S" type="float"/>
                            <param name="T" type="float"/>
                        </accessor>
                    </technique_common>
                </source>
                <vertices id="verticesMesh23_1">
                    <input semantic="POSITION" source="#pointsMesh23_1"/>
                </vertices>
                <polylist count="40" material="Material1">
                    <input offset="0" semantic="VERTEX" source="#verticesMesh23_1"/>
                    <input offset="1" semantic="TEXCOORD" source="#uvsMesh23_1" set="0"/>
                    <vcount>3 3 3 3 3 3 3 3 3 3 3 3 3 3 3 3 3 3 3 3 3 3 3 3 3 3 3 3 3 3 3 3 3 3 3 3 3 3 3 3</vcount>
                    <p>0 0 1 1 2 2 0 0 2 2 3 3 4 4 5 5 6 6 4 4 6 6 7 7 8 8 9 9 10 10 8 8 10 10 11 11 12 12 13 13 14 14 12 12 14 14 15 15 16 16 17 17 18 18 19 19 20 20 21 21 19 19 21 21 22 22 23 23 24 24 25 25 23 23 25 25 26 26 27 27 28 28 29 29 27 27 29 29 30 30 31 31 32 32 33 33 16 16 18 18 34 34 35 35 36 36 37 37 35 35 37 37 38 38 31 31 33 33 39 39 40 40 41 41 42 42 40 40 42 42 43 43 44 44 45 45 46 46 47 47 48 48 49 49 47 47 50 50 48 48 51 51 52 52 53 53 52 52 54 54 53 53 55 55 56 56 57 57 55 55 58 58 56 56 59 59 60 60 61 61 44 44 46 46 62 62 59 59 63 63 60 60 64 64 65 65 66 66 67 67 68 68 69 69 67 67 69 69 70 70 71 71 72 72 73 73 71 71 74 74 72 72 75 75 76 76 77 77 75 75 78 78 76 76 64 64 79 79 65 65</p>
                </polylist>
            </mesh>
        </geometry>
        <geometry id="meshMesh23_VC1">
            <mesh>
                <source id="pointsMesh23_VC1">
                    <float_array id="pointarrayMesh23_VC1" count="240">-3491 1630 -5396 -3491 1630 -5716 -3491 1310 -5716 -3491 1310 -5396 -3491 1627 -4682 -3491 1627 -5002 -3491 1308 -5002 -3491 1308 -4682 -3491 1630 -3962 -3491 1630 -4282 -3491 1311 -4282 -3491 1311 -3962 -3766 1996 -2982 -3766 1689 -2982 -3628 1689 -2707 -3628 1996 -2707 -1945 1737 -2607 -1631 1737 -2544 -1631 2056 -2544 -1945 1020 -2607 -1631 1020 -2544 -1631 1340 -2544 -1945 1340 -2607 -2447 1020 -2707 -2133 1020 -2645 -2133 1340 -2645 -2447 1340 -2707 -2447 1737 -2707 -2133 1737 -2645 -2133 2056 -2645 -2447 2056 -2707 158 6094 -3403 -148 6094 -3403 -148 5787 -3392 -1945 2056 -2607 155 4467 -2988 -164 4467 -2988 -164 4147 -2988 155 4147 -2988 158 5787 -3392 -3525 1996 -2598 -3525 1689 -2598 -3250 1689 -2461 -3250 1996 -2461 3493 1309 -4681 3493 1309 -5001 3493 1629 -5001 3251 1996 -2461 3526 1689 -2598 3526 1996 -2598 3251 1689 -2461 3629 1996 -2707 3629 1689 -2707 3767 1996 -2982 3767 1689 -2982 3492 1310 -3965 3492 1629 -4284 3492 1629 -3965 3492 1310 -4284 3493 1309 -5397 3493 1628 -5717 3493 1628 -5397 3493 1629 -4681 3493 1309 -5717 2448 1340 -2707 2134 1020 -2645 2448 1020 -2707 1946 2056 -2607 1632 2056 -2544 1632 1737 -2544 1946 1737 -2607 2448 2056 -2707 2134 1737 -2645 2448 1737 -2707 2134 2056 -2645 1946 1340 -2607 1632 1020 -2544 1946 1020 -2607 1632 1340 -2544 2134 1340 -2645</float_array>
                    <technique_common>
                        <accessor count="80" source="#pointarrayMesh23_VC1" stride="3">
                            <param name="X" type="float"/>
                            <param name="Y" type="float"/>
                            <param name="Z" type="float"/>
                        </accessor>
                    </technique_common>
                </source>
                <source id="uvsMesh23_VC1">
                    <float_array id="uvarrayMesh23_VC1" count="240">0.2890625 0.75 0.2890625 0.75 0.2890625 0.75 0.2890625 0.75 0.2890625 0.75 0.2890625 0.75 0.2890625 0.75 0.2890625 0.75 0.2890625 0.75 0.2890625 0.75 0.2890625 0.75 0.2890625 0.75 0.2890625 0.75 0.2890625 0.75 0.2890625 0.75 0.2890625 0.75 0.2890625 0.75 0.2890625 0.75 0.1953125 0.75 0.1953125 0.75 0.1953125 0.75 0.1953125 0.75 0.1953125 0.75 0.1953125 0.75 0.2265625 0.75 0.2265625 0.75 0.2265625 0.75 0.2265625 0.75 0.2265625 0.75 0.2265625 0.75 0.2265625 0.75 0.2265625 0.75 0.2265625 0.75 0.2265625 0.75 0.2265625 0.75 0.2265625 0.75 0.2265625 0.75 0.2265625 0.75 0.2265625 0.75 0.2265625 0.75 0.2265625 0.75 0.2265625 0.75 0.2265625 0.75 0.2265625 0.75 0.2265625 0.75 0.2265625 0.75 0.2265625 0.75 0.2265625 0.75 0.2265625 0.75 0.2265625 0.75 0.2265625 0.75 0.2265625 0.75 0.2265625 0.75 0.2265625 0.75 0.2265625 0.75 0.2265625 0.75 0.2265625 0.75 0.2265625 0.75 0.2265625 0.75 0.2265625 0.75 0.3203125 0.75 0.3203125 0.75 0.3203125 0.75 0.3203125 0.75 0.3203125 0.75 0.3203125 0.75 0.0703125 0.75 0.0703125 0.75 0.0703125 0.75 0.0703125 0.75 0.0703125 0.75 0.0703125 0.75 0.0703125 0.75 0.0703125 0.75 0.0703125 0.75 0.0703125 0.75 0.0703125 0.75 0.0703125 0.75 0.0703125 0.75 0.0703125 0.75 0.0703125 0.75 0.0703125 0.75 0.0703125 0.75 0.0703125 0.75 0.0703125 0.75 0.0703125 0.75 0.0703125 0.75 0.0703125 0.75 0.0703125 0.75 0.0703125 0.75 0.0703125 0.75 0.0703125 0.75 0.0703125 0.75 0.0703125 0.75 0.0703125 0.75 0.0703125 0.75 0.0703125 0.75 0.0703125 0.75 0.0703125 0.75 0.0703125 0.75 0.0703125 0.75 0.0703125 0.75 0.0703125 0.75 0.0703125 0.75 0.0703125 0.75 0.0703125 0.75 0.0703125 0.75 0.0703125 0.75 0.0703125 0.75 0.0703125 0.75 0.0703125 0.75 0.0703125 0.75 0.0703125 0.75 0.0703125 0.75 0.0703125 0.75 0.0703125 0.75 0.0703125 0.75 0.0703125 0.75 0.0703125 0.75 0.0703125 0.75</float_array>
                    <technique_common>
                        <accessor count="120" source="#uvarrayMesh23_VC1" stride="2">
                            <param name="S" type="float"/>
                            <param name="T" type="float"/>
                        </accessor>
                    </technique_common>
                </source>
                <vertices id="verticesMesh23_VC1">
                    <input semantic="POSITION" source="#pointsMesh23_VC1"/>
                </vertices>
                <polylist count="40" material="Material1">
                    <input offset="0" semantic="VERTEX" source="#verticesMesh23_VC1"/>
                    <input offset="1" semantic="TEXCOORD" source="#uvsMesh23_VC1" set="0"/>
                    <vcount>3 3 3 3 3 3 3 3 3 3 3 3 3 3 3 3 3 3 3 3 3 3 3 3 3 3 3 3 3 3 3 3 3 3 3 3 3 3 3 3</vcount>
                    <p>0 0 1 1 2 2 0 3 2 4 3 5 4 6 5 7 6 8 4 9 6 10 7 11 8 12 9 13 10 14 8 15 10 16 11 17 12 18 13 19 14 20 12 21 14 22 15 23 16 24 17 25 18 26 19 27 20 28 21 29 19 30 21 31 22 32 23 33 24 34 25 35 23 36 25 37 26 38 27 39 28 40 29 41 27 42 29 43 30 44 31 45 32 46 33 47 16 48 18 49 34 50 35 51 36 52 37 53 35 54 37 55 38 56 31 57 33 58 39 59 40 60 41 61 42 62 40 63 42 64 43 65 44 66 45 67 46 68 47 69 48 70 49 71 47 72 50 73 48 74 51 75 52 76 53 77 52 78 54 79 53 80 55 81 56 82 57 83 55 84 58 85 56 86 59 87 60 88 61 89 44 90 46 91 62 92 59 93 63 94 60 95 64 96 65 97 66 98 67 99 68 100 69 101 67 102 69 103 70 104 71 105 72 106 73 107 71 108 74 109 72 110 75 111 76 112 77 113 75 114 78 115 76 116 64 117 79 118 65 119</p>
                </polylist>
            </mesh>
        </geometry>
        <geometry id="meshMesh24_1">
            <mesh>
                <source id="pointsMesh24_1">
                    <float_array id="pointarrayMesh24_1" count="12">-402 2604 -2037 402 2201 -2037 402 2604 -2037 -402 2201 -2037</float_array>
                    <technique_common>
                        <accessor count="4" source="#pointarrayMesh24_1" stride="3">
                            <param name="X" type="float"/>
                            <param name="Y" type="float"/>
                            <param name="Z" type="float"/>
                        </accessor>
                    </technique_common>
                </source>
                <source id="uvsMesh24_1">
                    <float_array id="uvarrayMesh24_1" count="8">0 1 0.982421875 0.033203125 0.982421875 1 0 0.033203125</float_array>
                    <technique_common>
                        <accessor count="4" source="#uvarrayMesh24_1" stride="2">
                            <param name="S" type="float"/>
                            <param name="T" type="float"/>
                        </accessor>
                    </technique_common>
                </source>
                <vertices id="verticesMesh24_1">
                    <input semantic="POSITION" source="#pointsMesh24_1"/>
                </vertices>
                <polylist count="2" material="Material1">
                    <input offset="0" semantic="VERTEX" source="#verticesMesh24_1"/>
                    <input offset="1" semantic="TEXCOORD" source="#uvsMesh24_1" set="0"/>
                    <vcount>3 3</vcount>
                    <p>0 0 1 1 2 2 0 0 3 3 1 1</p>
                </polylist>
            </mesh>
        </geometry>
        <geometry id="meshMesh25_1">
            <mesh>
                <source id="pointsMesh25_1">
                    <float_array id="pointarrayMesh25_1" count="12">402 3006 -2037 -402 3006 -2037 -402 2604 -2037 402 2604 -2037</float_array>
                    <technique_common>
                        <accessor count="4" source="#pointarrayMesh25_1" stride="3">
                            <param name="X" type="float"/>
                            <param name="Y" type="float"/>
                            <param name="Z" type="float"/>
                        </accessor>
                    </technique_common>
                </source>
                <source id="uvsMesh25_1">
                    <float_array id="uvarrayMesh25_1" count="8">0.982421875 1 0 1 0 0.033203125 0.982421875 0.033203125</float_array>
                    <technique_common>
                        <accessor count="4" source="#uvarrayMesh25_1" stride="2">
                            <param name="S" type="float"/>
                            <param name="T" type="float"/>
                        </accessor>
                    </technique_common>
                </source>
                <vertices id="verticesMesh25_1">
                    <input semantic="POSITION" source="#pointsMesh25_1"/>
                </vertices>
                <polylist count="2" material="Material1">
                    <input offset="0" semantic="VERTEX" source="#verticesMesh25_1"/>
                    <input offset="1" semantic="TEXCOORD" source="#uvsMesh25_1" set="0"/>
                    <vcount>3 3</vcount>
                    <p>0 0 1 1 2 2 0 0 2 2 3 3</p>
                </polylist>
            </mesh>
        </geometry>
        <geometry id="meshMesh26_1">
            <mesh>
                <source id="pointsMesh26_1">
                    <float_array id="pointarrayMesh26_1" count="12">268 803 -3206 -243 803 -3206 -245 803 -2844 266 803 -2844</float_array>
                    <technique_common>
                        <accessor count="4" source="#pointarrayMesh26_1" stride="3">
                            <param name="X" type="float"/>
                            <param name="Y" type="float"/>
                            <param name="Z" type="float"/>
                        </accessor>
                    </technique_common>
                </source>
                <source id="uvsMesh26_1">
                    <float_array id="uvarrayMesh26_1" count="8">0.966796875 0.6796875 0 0.677734375 0 0.052734375 0.966796875 0.056640625</float_array>
                    <technique_common>
                        <accessor count="4" source="#uvarrayMesh26_1" stride="2">
                            <param name="S" type="float"/>
                            <param name="T" type="float"/>
                        </accessor>
                    </technique_common>
                </source>
                <vertices id="verticesMesh26_1">
                    <input semantic="POSITION" source="#pointsMesh26_1"/>
                </vertices>
                <polylist count="2" material="Material1">
                    <input offset="0" semantic="VERTEX" source="#verticesMesh26_1"/>
                    <input offset="1" semantic="TEXCOORD" source="#uvsMesh26_1" set="0"/>
                    <vcount>3 3</vcount>
                    <p>0 0 1 1 2 2 0 0 2 2 3 3</p>
                </polylist>
            </mesh>
        </geometry>
        <geometry id="meshMesh26_VC1">
            <mesh>
                <source id="pointsMesh26_VC1">
                    <float_array id="pointarrayMesh26_VC1" count="12">268 803 -3206 -243 803 -3206 -245 803 -2844 266 803 -2844</float_array>
                    <technique_common>
                        <accessor count="4" source="#pointarrayMesh26_VC1" stride="3">
                            <param name="X" type="float"/>
                            <param name="Y" type="float"/>
                            <param name="Z" type="float"/>
                        </accessor>
                    </technique_common>
                </source>
                <source id="uvsMesh26_VC1">
                    <float_array id="uvarrayMesh26_VC1" count="12">0.2265625 0.75 0.2265625 0.75 0.2265625 0.75 0.2265625 0.75 0.2265625 0.75 0.2265625 0.75</float_array>
                    <technique_common>
                        <accessor count="6" source="#uvarrayMesh26_VC1" stride="2">
                            <param name="S" type="float"/>
                            <param name="T" type="float"/>
                        </accessor>
                    </technique_common>
                </source>
                <vertices id="verticesMesh26_VC1">
                    <input semantic="POSITION" source="#pointsMesh26_VC1"/>
                </vertices>
                <polylist count="2" material="Material1">
                    <input offset="0" semantic="VERTEX" source="#verticesMesh26_VC1"/>
                    <input offset="1" semantic="TEXCOORD" source="#uvsMesh26_VC1" set="0"/>
                    <vcount>3 3</vcount>
                    <p>0 0 1 1 2 2 0 3 2 4 3 5</p>
                </polylist>
            </mesh>
        </geometry>
        <geometry id="meshMesh27_1">
            <mesh>
                <source id="pointsMesh27_1">
                    <float_array id="pointarrayMesh27_1" count="36">205 1110 -3104 154 803 -3104 205 803 -3104 154 1059 -3104 205 1110 -3104 -153 1059 -3104 154 1059 -3104 -204 1110 -3104 -153 1059 -3104 -204 803 -3104 -153 803 -3104 -204 1110 -3104</float_array>
                    <technique_common>
                        <accessor count="12" source="#pointarrayMesh27_1" stride="3">
                            <param name="X" type="float"/>
                            <param name="Y" type="float"/>
                            <param name="Z" type="float"/>
                        </accessor>
                    </technique_common>
                </source>
                <source id="uvsMesh27_1">
                    <float_array id="uvarrayMesh27_1" count="24">-4.427734375 1 1.55859375 0.033203125 1.55859375 1 -3.4296875 0.033203125 6.455078125 1 -0.529296875 0.033203125 5.45703125 0.033203125 -1.52734375 1 4.45703125 0.033203125 -0.53125 1 -0.53125 0.033203125 5.455078125 1</float_array>
                    <technique_common>
                        <accessor count="12" source="#uvarrayMesh27_1" stride="2">
                            <param name="S" type="float"/>
                            <param name="T" type="float"/>
                        </accessor>
                    </technique_common>
                </source>
                <vertices id="verticesMesh27_1">
                    <input semantic="POSITION" source="#pointsMesh27_1"/>
                </vertices>
                <polylist count="6" material="Material1">
                    <input offset="0" semantic="VERTEX" source="#verticesMesh27_1"/>
                    <input offset="1" semantic="TEXCOORD" source="#uvsMesh27_1" set="0"/>
                    <vcount>3 3 3 3 3 3</vcount>
                    <p>0 0 1 1 2 2 0 0 3 3 1 1 4 4 5 5 6 6 4 4 7 7 5 5 8 8 9 9 10 10 8 8 11 11 9 9</p>
                </polylist>
            </mesh>
        </geometry>
        <geometry id="meshMesh27_VC1">
            <mesh>
                <source id="pointsMesh27_VC1">
                    <float_array id="pointarrayMesh27_VC1" count="36">205 1110 -3104 154 803 -3104 205 803 -3104 154 1059 -3104 205 1110 -3104 -153 1059 -3104 154 1059 -3104 -204 1110 -3104 -153 1059 -3104 -204 803 -3104 -153 803 -3104 -204 1110 -3104</float_array>
                    <technique_common>
                        <accessor count="12" source="#pointarrayMesh27_VC1" stride="3">
                            <param name="X" type="float"/>
                            <param name="Y" type="float"/>
                            <param name="Z" type="float"/>
                        </accessor>
                    </technique_common>
                </source>
                <source id="uvsMesh27_VC1">
                    <float_array id="uvarrayMesh27_VC1" count="36">0.2578125 0.75 0.2578125 0.75 0.2578125 0.75 0.2578125 0.75 0.2578125 0.75 0.2578125 0.75 0.2578125 0.75 0.2578125 0.75 0.2578125 0.75 0.2578125 0.75 0.2578125 0.75 0.2578125 0.75 0.2578125 0.75 0.2578125 0.75 0.2578125 0.75 0.2578125 0.75 0.2578125 0.75 0.2578125 0.75</float_array>
                    <technique_common>
                        <accessor count="18" source="#uvarrayMesh27_VC1" stride="2">
                            <param name="S" type="float"/>
                            <param name="T" type="float"/>
                        </accessor>
                    </technique_common>
                </source>
                <vertices id="verticesMesh27_VC1">
                    <input semantic="POSITION" source="#pointsMesh27_VC1"/>
                </vertices>
                <polylist count="6" material="Material1">
                    <input offset="0" semantic="VERTEX" source="#verticesMesh27_VC1"/>
                    <input offset="1" semantic="TEXCOORD" source="#uvsMesh27_VC1" set="0"/>
                    <vcount>3 3 3 3 3 3</vcount>
                    <p>0 0 1 1 2 2 0 3 3 4 1 5 4 6 5 7 6 8 4 9 7 10 5 11 8 12 9 13 10 14 8 15 11 16 9 17</p>
                </polylist>
            </mesh>
        </geometry>
        <geometry id="meshMesh28_1">
            <mesh>
                <source id="pointsMesh28_1">
                    <float_array id="pointarrayMesh28_1" count="60">2283 -422 2072 2485 -422 2072 2485 -422 1849 2283 -422 1849 2485 89 2072 2283 -422 2072 2283 89 2072 2485 -422 2072 2485 89 1849 2485 -422 2072 2485 89 2072 2485 -422 1849 2283 89 1849 2485 -422 1849 2485 89 1849 2283 -422 1849 2283 89 2072 2283 -422 1849 2283 89 1849 2283 -422 2072</float_array>
                    <technique_common>
                        <accessor count="20" source="#pointarrayMesh28_1" stride="3">
                            <param name="X" type="float"/>
                            <param name="Y" type="float"/>
                            <param name="Z" type="float"/>
                        </accessor>
                    </technique_common>
                </source>
                <source id="uvsMesh28_1">
                    <float_array id="uvarrayMesh28_1" count="40">0.005859375 0.109375 0.201171875 -0.02734375 0.29296875 0.21484375 0.09765625 0.353515625 0 0.025390625 0.421875 0.68359375 0 0.68359375 0.421875 0.025390625 0 0.017578125 0.80078125 0.73828125 0 0.73828125 0.80078125 0.017578125 0 0.025390625 0.5234375 0.68359375 0 0.68359375 0.5234375 0.025390625 0 0.017578125 0.32421875 1.11328125 0 1.099609375 0.32421875 0.03125</float_array>
                    <technique_common>
                        <accessor count="20" source="#uvarrayMesh28_1" stride="2">
                            <param name="S" type="float"/>
                            <param name="T" type="float"/>
                        </accessor>
                    </technique_common>
                </source>
                <vertices id="verticesMesh28_1">
                    <input semantic="POSITION" source="#pointsMesh28_1"/>
                </vertices>
                <polylist count="10" material="Material1">
                    <input offset="0" semantic="VERTEX" source="#verticesMesh28_1"/>
                    <input offset="1" semantic="TEXCOORD" source="#uvsMesh28_1" set="0"/>
                    <vcount>3 3 3 3 3 3 3 3 3 3</vcount>
                    <p>0 0 1 1 2 2 0 0 2 2 3 3 4 4 5 5 6 6 4 4 7 7 5 5 8 8 9 9 10 10 8 8 11 11 9 9 12 12 13 13 14 14 12 12 15 15 13 13 16 16 17 17 18 18 16 16 19 19 17 17</p>
                </polylist>
            </mesh>
        </geometry>
        <geometry id="meshMesh28_2">
            <mesh>
                <source id="pointsMesh28_2">
                    <float_array id="pointarrayMesh28_2" count="60">2283 -422 2072 2485 -422 2072 2485 -422 1849 2283 -422 1849 2485 89 2072 2283 -422 2072 2283 89 2072 2485 -422 2072 2485 89 1849 2485 -422 2072 2485 89 2072 2485 -422 1849 2283 89 1849 2485 -422 1849 2485 89 1849 2283 -422 1849 2283 89 2072 2283 -422 1849 2283 89 1849 2283 -422 2072</float_array>
                    <technique_common>
                        <accessor count="20" source="#pointarrayMesh28_2" stride="3">
                            <param name="X" type="float"/>
                            <param name="Y" type="float"/>
                            <param name="Z" type="float"/>
                        </accessor>
                    </technique_common>
                </source>
                <source id="uvsMesh28_2">
                    <float_array id="uvarrayMesh28_2" count="40">0.005859375 0.109375 0.201171875 -0.02734375 0.29296875 0.21484375 0.09765625 0.353515625 0 0.025390625 0.421875 0.68359375 0 0.68359375 0.421875 0.025390625 0 0.017578125 0.80078125 0.73828125 0 0.73828125 0.80078125 0.017578125 0 0.025390625 0.5234375 0.68359375 0 0.68359375 0.5234375 0.025390625 0 0.017578125 0.32421875 1.11328125 0 1.099609375 0.32421875 0.03125</float_array>
                    <technique_common>
                        <accessor count="20" source="#uvarrayMesh28_2" stride="2">
                            <param name="S" type="float"/>
                            <param name="T" type="float"/>
                        </accessor>
                    </technique_common>
                </source>
                <vertices id="verticesMesh28_2">
                    <input semantic="POSITION" source="#pointsMesh28_2"/>
                </vertices>
                <polylist count="10" material="Material1">
                    <input offset="0" semantic="VERTEX" source="#verticesMesh28_2"/>
                    <input offset="1" semantic="TEXCOORD" source="#uvsMesh28_2" set="0"/>
                    <vcount>3 3 3 3 3 3 3 3 3 3</vcount>
                    <p>0 0 1 1 2 2 0 0 2 2 3 3 4 4 5 5 6 6 4 4 7 7 5 5 8 8 9 9 10 10 8 8 11 11 9 9 12 12 13 13 14 14 12 12 15 15 13 13 16 16 17 17 18 18 16 16 19 19 17 17</p>
                </polylist>
            </mesh>
        </geometry>
        <geometry id="meshMesh28_VC1">
            <mesh>
                <source id="pointsMesh28_VC1">
                    <float_array id="pointarrayMesh28_VC1" count="60">2283 -422 2072 2485 -422 2072 2485 -422 1849 2283 -422 1849 2485 89 2072 2283 -422 2072 2283 89 2072 2485 -422 2072 2485 89 1849 2485 -422 2072 2485 89 2072 2485 -422 1849 2283 89 1849 2485 -422 1849 2485 89 1849 2283 -422 1849 2283 89 2072 2283 -422 1849 2283 89 1849 2283 -422 2072</float_array>
                    <technique_common>
                        <accessor count="20" source="#pointarrayMesh28_VC1" stride="3">
                            <param name="X" type="float"/>
                            <param name="Y" type="float"/>
                            <param name="Z" type="float"/>
                        </accessor>
                    </technique_common>
                </source>
                <source id="uvsMesh28_VC1">
                    <float_array id="uvarrayMesh28_VC1" count="60">0.1953125 0.75 0.1953125 0.75 0.1953125 0.75 0.1953125 0.75 0.1953125 0.75 0.1953125 0.75 0.1953125 0.75 0.1953125 0.75 0.1953125 0.75 0.1953125 0.75 0.1953125 0.75 0.1953125 0.75 0.1953125 0.75 0.1953125 0.75 0.1953125 0.75 0.1953125 0.75 0.1953125 0.75 0.1953125 0.75 0.7890625 0.75 0.7890625 0.75 0.7890625 0.75 0.7890625 0.75 0.7890625 0.75 0.7890625 0.75 0.7890625 0.75 0.7890625 0.75 0.7890625 0.75 0.7890625 0.75 0.7890625 0.75 0.7890625 0.75</float_array>
                    <technique_common>
                        <accessor count="30" source="#uvarrayMesh28_VC1" stride="2">
                            <param name="S" type="float"/>
                            <param name="T" type="float"/>
                        </accessor>
                    </technique_common>
                </source>
                <vertices id="verticesMesh28_VC1">
                    <input semantic="POSITION" source="#pointsMesh28_VC1"/>
                </vertices>
                <polylist count="10" material="Material1">
                    <input offset="0" semantic="VERTEX" source="#verticesMesh28_VC1"/>
                    <input offset="1" semantic="TEXCOORD" source="#uvsMesh28_VC1" set="0"/>
                    <vcount>3 3 3 3 3 3 3 3 3 3</vcount>
                    <p>0 0 1 1 2 2 0 3 2 4 3 5 4 6 5 7 6 8 4 9 7 10 5 11 8 12 9 13 10 14 8 15 11 16 9 17 12 18 13 19 14 20 12 21 15 22 13 23 16 24 17 25 18 26 16 27 19 28 17 29</p>
                </polylist>
            </mesh>
        </geometry>
        <geometry id="meshMesh28_VC2">
            <mesh>
                <source id="pointsMesh28_VC2">
                    <float_array id="pointarrayMesh28_VC2" count="60">2283 -422 2072 2485 -422 2072 2485 -422 1849 2283 -422 1849 2485 89 2072 2283 -422 2072 2283 89 2072 2485 -422 2072 2485 89 1849 2485 -422 2072 2485 89 2072 2485 -422 1849 2283 89 1849 2485 -422 1849 2485 89 1849 2283 -422 1849 2283 89 2072 2283 -422 1849 2283 89 1849 2283 -422 2072</float_array>
                    <technique_common>
                        <accessor count="20" source="#pointarrayMesh28_VC2" stride="3">
                            <param name="X" type="float"/>
                            <param name="Y" type="float"/>
                            <param name="Z" type="float"/>
                        </accessor>
                    </technique_common>
                </source>
                <source id="uvsMesh28_VC2">
                    <float_array id="uvarrayMesh28_VC2" count="60">0.8203125 0.75 0.8203125 0.75 0.8203125 0.75 0.8203125 0.75 0.8203125 0.75 0.8203125 0.75 0.8203125 0.75 0.8203125 0.75 0.8203125 0.75 0.8203125 0.75 0.8203125 0.75 0.8203125 0.75 0.8203125 0.75 0.8203125 0.75 0.8203125 0.75 0.8203125 0.75 0.8203125 0.75 0.8203125 0.75 0.8515625 0.75 0.8515625 0.75 0.8515625 0.75 0.8515625 0.75 0.8515625 0.75 0.8515625 0.75 0.8515625 0.75 0.8515625 0.75 0.8515625 0.75 0.8515625 0.75 0.8515625 0.75 0.8515625 0.75</float_array>
                    <technique_common>
                        <accessor count="30" source="#uvarrayMesh28_VC2" stride="2">
                            <param name="S" type="float"/>
                            <param name="T" type="float"/>
                        </accessor>
                    </technique_common>
                </source>
                <vertices id="verticesMesh28_VC2">
                    <input semantic="POSITION" source="#pointsMesh28_VC2"/>
                </vertices>
                <polylist count="10" material="Material1">
                    <input offset="0" semantic="VERTEX" source="#verticesMesh28_VC2"/>
                    <input offset="1" semantic="TEXCOORD" source="#uvsMesh28_VC2" set="0"/>
                    <vcount>3 3 3 3 3 3 3 3 3 3</vcount>
                    <p>0 0 1 1 2 2 0 3 2 4 3 5 4 6 5 7 6 8 4 9 7 10 5 11 8 12 9 13 10 14 8 15 11 16 9 17 12 18 13 19 14 20 12 21 15 22 13 23 16 24 17 25 18 26 16 27 19 28 17 29</p>
                </polylist>
            </mesh>
        </geometry>
        <geometry id="meshMesh29_1">
            <mesh>
                <source id="pointsMesh29_1">
                    <float_array id="pointarrayMesh29_1" count="72">2640 89 2223 2485 89 2072 2283 89 2072 2485 89 1849 2637 89 1711 2128 89 2226 2283 89 1849 2125 89 1714 2708 -10 1639 2637 89 1711 2757 -72 2338 2640 89 2223 2102 58 1692 2125 89 1714 2637 89 1711 2708 -10 1639 2076 15 2280 2125 89 1714 2102 58 1692 2128 89 2226 2757 -72 2338 2640 89 2223 2128 89 2226 2076 15 2280</float_array>
                    <technique_common>
                        <accessor count="24" source="#pointarrayMesh29_1" stride="3">
                            <param name="X" type="float"/>
                            <param name="Y" type="float"/>
                            <param name="Z" type="float"/>
                        </accessor>
                    </technique_common>
                </source>
                <source id="uvsMesh29_1">
                    <float_array id="uvarrayMesh29_1" count="48">0.982421875 2.029296875 0.685546875 1.4296875 0.68359375 0.640625 0.251953125 1.435546875 0 2.029296875 0.982421875 0.033203125 0.25 0.6484375 0 0.033203125 2.240234375 0.431640625 2.01953125 1 0.052734375 0.05859375 0.41796875 1 1.720703125 0.845703125 1.6484375 1 0 1 -0.24609375 0.431640625 1.728515625 0.5859375 -0.04296875 1 -0.11328125 0.845703125 1.5625 1 1.34375 0.05859375 0.982421875 1 -0.60546875 1.029296875 -0.76953125 0.5859375</float_array>
                    <technique_common>
                        <accessor count="24" source="#uvarrayMesh29_1" stride="2">
                            <param name="S" type="float"/>
                            <param name="T" type="float"/>
                        </accessor>
                    </technique_common>
                </source>
                <vertices id="verticesMesh29_1">
                    <input semantic="POSITION" source="#pointsMesh29_1"/>
                </vertices>
                <polylist count="16" material="Material1">
                    <input offset="0" semantic="VERTEX" source="#verticesMesh29_1"/>
                    <input offset="1" semantic="TEXCOORD" source="#uvsMesh29_1" set="0"/>
                    <vcount>3 3 3 3 3 3 3 3 3 3 3 3 3 3 3 3</vcount>
                    <p>0 0 1 1 2 2 0 0 3 3 1 1 0 0 4 4 3 3 0 0 2 2 5 5 6 6 4 4 7 7 6 6 3 3 4 4 2 2 6 6 7 7 5 5 2 2 7 7 8 8 9 9 10 10 9 9 11 11 10 10 12 12 13 13 14 14 12 12 14 14 15 15 16 16 17 17 18 18 16 16 19 19 17 17 20 20 21 21 22 22 20 20 22 22 23 23</p>
                </polylist>
            </mesh>
        </geometry>
        <geometry id="meshMesh29_2">
            <mesh>
                <source id="pointsMesh29_2">
                    <float_array id="pointarrayMesh29_2" count="72">2640 89 2223 2485 89 2072 2283 89 2072 2485 89 1849 2637 89 1711 2128 89 2226 2283 89 1849 2125 89 1714 2708 -10 1639 2637 89 1711 2757 -72 2338 2640 89 2223 2102 58 1692 2125 89 1714 2637 89 1711 2708 -10 1639 2076 15 2280 2125 89 1714 2102 58 1692 2128 89 2226 2757 -72 2338 2640 89 2223 2128 89 2226 2076 15 2280</float_array>
                    <technique_common>
                        <accessor count="24" source="#pointarrayMesh29_2" stride="3">
                            <param name="X" type="float"/>
                            <param name="Y" type="float"/>
                            <param name="Z" type="float"/>
                        </accessor>
                    </technique_common>
                </source>
                <source id="uvsMesh29_2">
                    <float_array id="uvarrayMesh29_2" count="48">0.982421875 2.029296875 0.685546875 1.4296875 0.68359375 0.640625 0.251953125 1.435546875 0 2.029296875 0.982421875 0.033203125 0.25 0.6484375 0 0.033203125 2.240234375 0.431640625 2.01953125 1 0.052734375 0.05859375 0.41796875 1 1.720703125 0.845703125 1.6484375 1 0 1 -0.24609375 0.431640625 1.728515625 0.5859375 -0.04296875 1 -0.11328125 0.845703125 1.5625 1 1.34375 0.05859375 0.982421875 1 -0.60546875 1.029296875 -0.76953125 0.5859375</float_array>
                    <technique_common>
                        <accessor count="24" source="#uvarrayMesh29_2" stride="2">
                            <param name="S" type="float"/>
                            <param name="T" type="float"/>
                        </accessor>
                    </technique_common>
                </source>
                <vertices id="verticesMesh29_2">
                    <input semantic="POSITION" source="#pointsMesh29_2"/>
                </vertices>
                <polylist count="16" material="Material1">
                    <input offset="0" semantic="VERTEX" source="#verticesMesh29_2"/>
                    <input offset="1" semantic="TEXCOORD" source="#uvsMesh29_2" set="0"/>
                    <vcount>3 3 3 3 3 3 3 3 3 3 3 3 3 3 3 3</vcount>
                    <p>0 0 1 1 2 2 0 0 3 3 1 1 0 0 4 4 3 3 0 0 2 2 5 5 6 6 4 4 7 7 6 6 3 3 4 4 2 2 6 6 7 7 5 5 2 2 7 7 8 8 9 9 10 10 9 9 11 11 10 10 12 12 13 13 14 14 12 12 14 14 15 15 16 16 17 17 18 18 16 16 19 19 17 17 20 20 21 21 22 22 20 20 22 22 23 23</p>
                </polylist>
            </mesh>
        </geometry>
        <geometry id="meshMesh29_VC1">
            <mesh>
                <source id="pointsMesh29_VC1">
                    <float_array id="pointarrayMesh29_VC1" count="72">2640 89 2223 2485 89 2072 2283 89 2072 2485 89 1849 2637 89 1711 2128 89 2226 2283 89 1849 2125 89 1714 2708 -10 1639 2637 89 1711 2757 -72 2338 2640 89 2223 2102 58 1692 2125 89 1714 2637 89 1711 2708 -10 1639 2076 15 2280 2125 89 1714 2102 58 1692 2128 89 2226 2757 -72 2338 2640 89 2223 2128 89 2226 2076 15 2280</float_array>
                    <technique_common>
                        <accessor count="24" source="#pointarrayMesh29_VC1" stride="3">
                            <param name="X" type="float"/>
                            <param name="Y" type="float"/>
                            <param name="Z" type="float"/>
                        </accessor>
                    </technique_common>
                </source>
                <source id="uvsMesh29_VC1">
                    <float_array id="uvarrayMesh29_VC1" count="96">0.0703125 0.75 0.0703125 0.75 0.0703125 0.75 0.0703125 0.75 0.0703125 0.75 0.0703125 0.75 0.0703125 0.75 0.0703125 0.75 0.0703125 0.75 0.0703125 0.75 0.0703125 0.75 0.0703125 0.75 0.0703125 0.75 0.0703125 0.75 0.0703125 0.75 0.0703125 0.75 0.0703125 0.75 0.0703125 0.75 0.0703125 0.75 0.0703125 0.75 0.0703125 0.75 0.0703125 0.75 0.0703125 0.75 0.0703125 0.75 0.0703125 0.75 0.0703125 0.75 0.0703125 0.75 0.0703125 0.75 0.0703125 0.75 0.0703125 0.75 0.2265625 0.75 0.2265625 0.75 0.2265625 0.75 0.2265625 0.75 0.2265625 0.75 0.2265625 0.75 0.3203125 0.75 0.3203125 0.75 0.3203125 0.75 0.3203125 0.75 0.3203125 0.75 0.3203125 0.75 0.7890625 0.75 0.7890625 0.75 0.7890625 0.75 0.7890625 0.75 0.7890625 0.75 0.7890625 0.75</float_array>
                    <technique_common>
                        <accessor count="48" source="#uvarrayMesh29_VC1" stride="2">
                            <param name="S" type="float"/>
                            <param name="T" type="float"/>
                        </accessor>
                    </technique_common>
                </source>
                <vertices id="verticesMesh29_VC1">
                    <input semantic="POSITION" source="#pointsMesh29_VC1"/>
                </vertices>
                <polylist count="16" material="Material1">
                    <input offset="0" semantic="VERTEX" source="#verticesMesh29_VC1"/>
                    <input offset="1" semantic="TEXCOORD" source="#uvsMesh29_VC1" set="0"/>
                    <vcount>3 3 3 3 3 3 3 3 3 3 3 3 3 3 3 3</vcount>
                    <p>0 0 1 1 2 2 0 3 3 4 1 5 0 6 4 7 3 8 0 9 2 10 5 11 6 12 4 13 7 14 6 15 3 16 4 17 2 18 6 19 7 20 5 21 2 22 7 23 8 24 9 25 10 26 9 27 11 28 10 29 12 30 13 31 14 32 12 33 14 34 15 35 16 36 17 37 18 38 16 39 19 40 17 41 20 42 21 43 22 44 20 45 22 46 23 47</p>
                </polylist>
            </mesh>
        </geometry>
        <geometry id="meshMesh29_VC2">
            <mesh>
                <source id="pointsMesh29_VC2">
                    <float_array id="pointarrayMesh29_VC2" count="72">2640 89 2223 2485 89 2072 2283 89 2072 2485 89 1849 2637 89 1711 2128 89 2226 2283 89 1849 2125 89 1714 2708 -10 1639 2637 89 1711 2757 -72 2338 2640 89 2223 2102 58 1692 2125 89 1714 2637 89 1711 2708 -10 1639 2076 15 2280 2125 89 1714 2102 58 1692 2128 89 2226 2757 -72 2338 2640 89 2223 2128 89 2226 2076 15 2280</float_array>
                    <technique_common>
                        <accessor count="24" source="#pointarrayMesh29_VC2" stride="3">
                            <param name="X" type="float"/>
                            <param name="Y" type="float"/>
                            <param name="Z" type="float"/>
                        </accessor>
                    </technique_common>
                </source>
                <source id="uvsMesh29_VC2">
                    <float_array id="uvarrayMesh29_VC2" count="96">0.5078125 0.75 0.5078125 0.75 0.5078125 0.75 0.5078125 0.75 0.5078125 0.75 0.5078125 0.75 0.5078125 0.75 0.5078125 0.75 0.5078125 0.75 0.5078125 0.75 0.5078125 0.75 0.5078125 0.75 0.5078125 0.75 0.5078125 0.75 0.5078125 0.75 0.5078125 0.75 0.5078125 0.75 0.5078125 0.75 0.5078125 0.75 0.5078125 0.75 0.5078125 0.75 0.5078125 0.75 0.5078125 0.75 0.5078125 0.75 0.5078125 0.75 0.5078125 0.75 0.5078125 0.75 0.5078125 0.75 0.5078125 0.75 0.5078125 0.75 0.5390625 0.75 0.5390625 0.75 0.5390625 0.75 0.5390625 0.75 0.5390625 0.75 0.5390625 0.75 0.8828125 0.75 0.8828125 0.75 0.8828125 0.75 0.8828125 0.75 0.8828125 0.75 0.8828125 0.75 0.8515625 0.75 0.8515625 0.75 0.8515625 0.75 0.8515625 0.75 0.8515625 0.75 0.8515625 0.75</float_array>
                    <technique_common>
                        <accessor count="48" source="#uvarrayMesh29_VC2" stride="2">
                            <param name="S" type="float"/>
                            <param name="T" type="float"/>
                        </accessor>
                    </technique_common>
                </source>
                <vertices id="verticesMesh29_VC2">
                    <input semantic="POSITION" source="#pointsMesh29_VC2"/>
                </vertices>
                <polylist count="16" material="Material1">
                    <input offset="0" semantic="VERTEX" source="#verticesMesh29_VC2"/>
                    <input offset="1" semantic="TEXCOORD" source="#uvsMesh29_VC2" set="0"/>
                    <vcount>3 3 3 3 3 3 3 3 3 3 3 3 3 3 3 3</vcount>
                    <p>0 0 1 1 2 2 0 3 3 4 1 5 0 6 4 7 3 8 0 9 2 10 5 11 6 12 4 13 7 14 6 15 3 16 4 17 2 18 6 19 7 20 5 21 2 22 7 23 8 24 9 25 10 26 9 27 11 28 10 29 12 30 13 31 14 32 12 33 14 34 15 35 16 36 17 37 18 38 16 39 19 40 17 41 20 42 21 43 22 44 20 45 22 46 23 47</p>
                </polylist>
            </mesh>
        </geometry>
        <geometry id="meshMesh30_1">
            <mesh>
                <source id="pointsMesh30_1">
                    <float_array id="pointarrayMesh30_1" count="45">-4469 -800 -6413 -5525 1171 -7026 -5547 1110 -6097 -4883 -800 -5690 -6292 2028 -7463 -6732 2587 -6770 -7302 2955 -7461 -7603 3004 -7160 -6205 1068 -5347 -5580 -800 -4740 -7249 2566 -6192 -7201 1083 -5071 -6895 -800 -4714 -7578 2042 -5766 -8132 2961 -6761</float_array>
                    <technique_common>
                        <accessor count="15" source="#pointarrayMesh30_1" stride="3">
                            <param name="X" type="float"/>
                            <param name="Y" type="float"/>
                            <param name="Z" type="float"/>
                        </accessor>
                    </technique_common>
                </source>
                <source id="uvsMesh30_1">
                    <float_array id="uvarrayMesh30_1" count="30">0 1 2 1 2 -2 0 -2 4 1 4 -2 6 1 6 -2 2 -5 0 -5 4 -5 2 -8 0 -8 4 -8 6 -8</float_array>
                    <technique_common>
                        <accessor count="15" source="#uvarrayMesh30_1" stride="2">
                            <param name="S" type="float"/>
                            <param name="T" type="float"/>
                        </accessor>
                    </technique_common>
                </source>
                <vertices id="verticesMesh30_1">
                    <input semantic="POSITION" source="#pointsMesh30_1"/>
                </vertices>
                <polylist count="17" material="Material1">
                    <input offset="0" semantic="VERTEX" source="#verticesMesh30_1"/>
                    <input offset="1" semantic="TEXCOORD" source="#uvsMesh30_1" set="0"/>
                    <vcount>3 3 3 3 3 3 3 3 3 3 3 3 3 3 3 3 3</vcount>
                    <p>0 0 1 1 2 2 0 0 2 2 3 3 1 1 4 4 5 5 1 1 5 5 2 2 4 4 6 6 5 5 6 6 7 7 5 5 3 3 2 2 8 8 3 3 8 8 9 9 2 2 5 5 8 8 5 5 10 10 8 8 5 5 7 7 10 10 9 9 8 8 11 11 9 9 11 11 12 12 8 8 10 10 13 13 8 8 13 13 11 11 10 10 7 7 14 14 10 10 14 14 13 13</p>
                </polylist>
            </mesh>
        </geometry>
        <geometry id="meshMesh30_VC1">
            <mesh>
                <source id="pointsMesh30_VC1">
                    <float_array id="pointarrayMesh30_VC1" count="45">-4469 -800 -6413 -5525 1171 -7026 -5547 1110 -6097 -4883 -800 -5690 -6292 2028 -7463 -6732 2587 -6770 -7302 2955 -7461 -7603 3004 -7160 -6205 1068 -5347 -5580 -800 -4740 -7249 2566 -6192 -7201 1083 -5071 -6895 -800 -4714 -7578 2042 -5766 -8132 2961 -6761</float_array>
                    <technique_common>
                        <accessor count="15" source="#pointarrayMesh30_VC1" stride="3">
                            <param name="X" type="float"/>
                            <param name="Y" type="float"/>
                            <param name="Z" type="float"/>
                        </accessor>
                    </technique_common>
                </source>
                <source id="uvsMesh30_VC1">
                    <float_array id="uvarrayMesh30_VC1" count="102">0.9140625 0.75 0.9140625 0.75 0.9140625 0.75 0.9140625 0.75 0.9140625 0.75 0.9140625 0.75 0.9140625 0.75 0.9140625 0.75 0.9140625 0.75 0.9140625 0.75 0.9140625 0.75 0.9140625 0.75 0.9140625 0.75 0.9140625 0.75 0.9140625 0.75 0.9140625 0.75 0.9140625 0.75 0.9140625 0.75 0.9140625 0.75 0.9140625 0.75 0.9140625 0.75 0.9140625 0.75 0.9140625 0.75 0.9140625 0.75 0.9140625 0.75 0.9140625 0.75 0.9140625 0.75 0.9140625 0.75 0.9140625 0.75 0.9140625 0.75 0.9140625 0.75 0.9140625 0.75 0.9140625 0.75 0.9140625 0.75 0.9140625 0.75 0.9140625 0.75 0.9140625 0.75 0.9140625 0.75 0.9140625 0.75 0.9140625 0.75 0.9140625 0.75 0.9140625 0.75 0.9140625 0.75 0.9140625 0.75 0.9140625 0.75 0.9140625 0.75 0.9140625 0.75 0.9140625 0.75 0.9140625 0.75 0.9140625 0.75 0.9140625 0.75</float_array>
                    <technique_common>
                        <accessor count="51" source="#uvarrayMesh30_VC1" stride="2">
                            <param name="S" type="float"/>
                            <param name="T" type="float"/>
                        </accessor>
                    </technique_common>
                </source>
                <vertices id="verticesMesh30_VC1">
                    <input semantic="POSITION" source="#pointsMesh30_VC1"/>
                </vertices>
                <polylist count="17" material="Material1">
                    <input offset="0" semantic="VERTEX" source="#verticesMesh30_VC1"/>
                    <input offset="1" semantic="TEXCOORD" source="#uvsMesh30_VC1" set="0"/>
                    <vcount>3 3 3 3 3 3 3 3 3 3 3 3 3 3 3 3 3</vcount>
                    <p>0 0 1 1 2 2 0 3 2 4 3 5 1 6 4 7 5 8 1 9 5 10 2 11 4 12 6 13 5 14 6 15 7 16 5 17 3 18 2 19 8 20 3 21 8 22 9 23 2 24 5 25 8 26 5 27 10 28 8 29 5 30 7 31 10 32 9 33 8 34 11 35 9 36 11 37 12 38 8 39 10 40 13 41 8 42 13 43 11 44 10 45 7 46 14 47 10 48 14 49 13 50</p>
                </polylist>
            </mesh>
        </geometry>
        <geometry id="meshMesh31_1">
            <mesh>
                <source id="pointsMesh31_1">
                    <float_array id="pointarrayMesh31_1" count="12">-7129 0 -7222 -7129 0 -58 8253 0 -58 8253 0 -7222</float_array>
                    <technique_common>
                        <accessor count="4" source="#pointarrayMesh31_1" stride="3">
                            <param name="X" type="float"/>
                            <param name="Y" type="float"/>
                            <param name="Z" type="float"/>
                        </accessor>
                    </technique_common>
                </source>
                <source id="uvsMesh31_1">
                    <float_array id="uvarrayMesh31_1" count="8">0 1 0 -13.96875 14.96875 -13.96875 14.96875 1</float_array>
                    <technique_common>
                        <accessor count="4" source="#uvarrayMesh31_1" stride="2">
                            <param name="S" type="float"/>
                            <param name="T" type="float"/>
                        </accessor>
                    </technique_common>
                </source>
                <vertices id="verticesMesh31_1">
                    <input semantic="POSITION" source="#pointsMesh31_1"/>
                </vertices>
                <polylist count="2" material="Material1">
                    <input offset="0" semantic="VERTEX" source="#verticesMesh31_1"/>
                    <input offset="1" semantic="TEXCOORD" source="#uvsMesh31_1" set="0"/>
                    <vcount>3 3</vcount>
                    <p>0 0 1 1 2 2 0 0 2 2 3 3</p>
                </polylist>
            </mesh>
        </geometry>
        <geometry id="meshMesh31_VC1">
            <mesh>
                <source id="pointsMesh31_VC1">
                    <float_array id="pointarrayMesh31_VC1" count="12">-7129 0 -7222 -7129 0 -58 8253 0 -58 8253 0 -7222</float_array>
                    <technique_common>
                        <accessor count="4" source="#pointarrayMesh31_VC1" stride="3">
                            <param name="X" type="float"/>
                            <param name="Y" type="float"/>
                            <param name="Z" type="float"/>
                        </accessor>
                    </technique_common>
                </source>
                <source id="uvsMesh31_VC1">
                    <float_array id="uvarrayMesh31_VC1" count="12">0.9453125 0.75 0.9453125 0.75 0.9453125 0.75 0.9453125 0.75 0.9453125 0.75 0.9453125 0.75</float_array>
                    <technique_common>
                        <accessor count="6" source="#uvarrayMesh31_VC1" stride="2">
                            <param name="S" type="float"/>
                            <param name="T" type="float"/>
                        </accessor>
                    </technique_common>
                </source>
                <vertices id="verticesMesh31_VC1">
                    <input semantic="POSITION" source="#pointsMesh31_VC1"/>
                </vertices>
                <polylist count="2" material="Material1">
                    <input offset="0" semantic="VERTEX" source="#verticesMesh31_VC1"/>
                    <input offset="1" semantic="TEXCOORD" source="#uvsMesh31_VC1" set="0"/>
                    <vcount>3 3</vcount>
                    <p>0 0 1 1 2 2 0 3 2 4 3 5</p>
                </polylist>
            </mesh>
        </geometry>
        <geometry id="meshMesh32_1">
            <mesh>
                <source id="pointsMesh32_1">
                    <float_array id="pointarrayMesh32_1" count="12">1024 0 -58 1024 0 8137 8230 0 8137 8230 0 -58</float_array>
                    <technique_common>
                        <accessor count="4" source="#pointarrayMesh32_1" stride="3">
                            <param name="X" type="float"/>
                            <param name="Y" type="float"/>
                            <param name="Z" type="float"/>
                        </accessor>
                    </technique_common>
                </source>
                <source id="uvsMesh32_1">
                    <float_array id="uvarrayMesh32_1" count="8">0 1 0 -8.96875 9.96875 -8.96875 9.96875 1</float_array>
                    <technique_common>
                        <accessor count="4" source="#uvarrayMesh32_1" stride="2">
                            <param name="S" type="float"/>
                            <param name="T" type="float"/>
                        </accessor>
                    </technique_common>
                </source>
                <vertices id="verticesMesh32_1">
                    <input semantic="POSITION" source="#pointsMesh32_1"/>
                </vertices>
                <polylist count="2" material="Material1">
                    <input offset="0" semantic="VERTEX" source="#verticesMesh32_1"/>
                    <input offset="1" semantic="TEXCOORD" source="#uvsMesh32_1" set="0"/>
                    <vcount>3 3</vcount>
                    <p>0 0 1 1 2 2 0 0 2 2 3 3</p>
                </polylist>
            </mesh>
        </geometry>
        <geometry id="meshMesh32_VC1">
            <mesh>
                <source id="pointsMesh32_VC1">
                    <float_array id="pointarrayMesh32_VC1" count="12">1024 0 -58 1024 0 8137 8230 0 8137 8230 0 -58</float_array>
                    <technique_common>
                        <accessor count="4" source="#pointarrayMesh32_VC1" stride="3">
                            <param name="X" type="float"/>
                            <param name="Y" type="float"/>
                            <param name="Z" type="float"/>
                        </accessor>
                    </technique_common>
                </source>
                <source id="uvsMesh32_VC1">
                    <float_array id="uvarrayMesh32_VC1" count="12">0.9453125 0.75 0.9453125 0.75 0.9453125 0.75 0.9453125 0.75 0.9453125 0.75 0.9453125 0.75</float_array>
                    <technique_common>
                        <accessor count="6" source="#uvarrayMesh32_VC1" stride="2">
                            <param name="S" type="float"/>
                            <param name="T" type="float"/>
                        </accessor>
                    </technique_common>
                </source>
                <vertices id="verticesMesh32_VC1">
                    <input semantic="POSITION" source="#pointsMesh32_VC1"/>
                </vertices>
                <polylist count="2" material="Material1">
                    <input offset="0" semantic="VERTEX" source="#verticesMesh32_VC1"/>
                    <input offset="1" semantic="TEXCOORD" source="#uvsMesh32_VC1" set="0"/>
                    <vcount>3 3</vcount>
                    <p>0 0 1 1 2 2 0 3 2 4 3 5</p>
                </polylist>
            </mesh>
        </geometry>
    </library_geometries>
    <library_visual_scenes>
        <visual_scene id="VisualSceneNode">
            <node id="node_Node0" name="Node0_root">
                <scale>0.01 0.01 0.01</scale>
                <node id="node_Node1" name="Node1_master_list">
                    <node id="node_Node2" name="Node2_BG">
                    </node>
                </node>
                <node id="node_Node3" name="Node3_master_list">
                    <node id="node_Node4" name="Node4_perspective">
                        <node id="node_Node5" name="Node5_camera">
                            <node id="node_Node6" name="Node6_display">
                                <node id="node_Node7" name="Node7_display">
                                    <node id="node_Mesh0_1" name="Mesh0">
                                        <instance_geometry url="#meshMesh0_1">
                                            <bind_material>
                                                <technique_common>
                                                    <instance_material symbol="Material1" target="#mat0">
                                                        <bind_vertex_input semantic="UVSET0" input_semantic="TEXCOORD" input_set="0"/>
                                                    </instance_material>
                                                </technique_common>
                                            </bind_material>
                                        </instance_geometry>
                                    </node>
                                    <node id="node_Mesh0_VC1" name="Mesh0_VC">
                                        <instance_geometry url="#meshMesh0_VC1">
                                            <bind_material>
                                                <technique_common>
                                                    <instance_material symbol="Material1" target="#mat25">
                                                        <bind_vertex_input semantic="UVSET0" input_semantic="TEXCOORD" input_set="0"/>
                                                    </instance_material>
                                                </technique_common>
                                            </bind_material>
                                        </instance_geometry>
                                    </node>
                                    <node id="node_Mesh1_1" name="Mesh1">
                                        <instance_geometry url="#meshMesh1_1">
                                            <bind_material>
                                                <technique_common>
                                                    <instance_material symbol="Material1" target="#mat1">
                                                        <bind_vertex_input semantic="UVSET0" input_semantic="TEXCOORD" input_set="0"/>
                                                    </instance_material>
                                                </technique_common>
                                            </bind_material>
                                        </instance_geometry>
                                    </node>
                                    <node id="node_Mesh1_VC1" name="Mesh1_VC">
                                        <instance_geometry url="#meshMesh1_VC1">
                                            <bind_material>
                                                <technique_common>
                                                    <instance_material symbol="Material1" target="#mat25">
                                                        <bind_vertex_input semantic="UVSET0" input_semantic="TEXCOORD" input_set="0"/>
                                                    </instance_material>
                                                </technique_common>
                                            </bind_material>
                                        </instance_geometry>
                                    </node>
                                    <node id="node_Mesh2_1" name="Mesh2">
                                        <instance_geometry url="#meshMesh2_1">
                                            <bind_material>
                                                <technique_common>
                                                    <instance_material symbol="Material1" target="#mat2">
                                                        <bind_vertex_input semantic="UVSET0" input_semantic="TEXCOORD" input_set="0"/>
                                                    </instance_material>
                                                </technique_common>
                                            </bind_material>
                                        </instance_geometry>
                                    </node>
                                    <node id="node_Mesh2_VC1" name="Mesh2_VC">
                                        <instance_geometry url="#meshMesh2_VC1">
                                            <bind_material>
                                                <technique_common>
                                                    <instance_material symbol="Material1" target="#mat25">
                                                        <bind_vertex_input semantic="UVSET0" input_semantic="TEXCOORD" input_set="0"/>
                                                    </instance_material>
                                                </technique_common>
                                            </bind_material>
                                        </instance_geometry>
                                    </node>
                                    <node id="node_Mesh3_1" name="Mesh3">
                                        <instance_geometry url="#meshMesh3_1">
                                            <bind_material>
                                                <technique_common>
                                                    <instance_material symbol="Material1" target="#mat3">
                                                        <bind_vertex_input semantic="UVSET0" input_semantic="TEXCOORD" input_set="0"/>
                                                    </instance_material>
                                                </technique_common>
                                            </bind_material>
                                        </instance_geometry>
                                    </node>
                                    <node id="node_Mesh3_VC1" name="Mesh3_VC">
                                        <instance_geometry url="#meshMesh3_VC1">
                                            <bind_material>
                                                <technique_common>
                                                    <instance_material symbol="Material1" target="#mat25">
                                                        <bind_vertex_input semantic="UVSET0" input_semantic="TEXCOORD" input_set="0"/>
                                                    </instance_material>
                                                </technique_common>
                                            </bind_material>
                                        </instance_geometry>
                                    </node>
                                    <node id="node_Mesh4_1" name="Mesh4">
                                        <instance_geometry url="#meshMesh4_1">
                                            <bind_material>
                                                <technique_common>
                                                    <instance_material symbol="Material1" target="#mat4">
                                                        <bind_vertex_input semantic="UVSET0" input_semantic="TEXCOORD" input_set="0"/>
                                                    </instance_material>
                                                </technique_common>
                                            </bind_material>
                                        </instance_geometry>
                                    </node>
                                    <node id="node_Mesh4_VC1" name="Mesh4_VC">
                                        <instance_geometry url="#meshMesh4_VC1">
                                            <bind_material>
                                                <technique_common>
                                                    <instance_material symbol="Material1" target="#mat25">
                                                        <bind_vertex_input semantic="UVSET0" input_semantic="TEXCOORD" input_set="0"/>
                                                    </instance_material>
                                                </technique_common>
                                            </bind_material>
                                        </instance_geometry>
                                    </node>
                                    <node id="node_Mesh5_1" name="Mesh5">
                                        <instance_geometry url="#meshMesh5_1">
                                            <bind_material>
                                                <technique_common>
                                                    <instance_material symbol="Material1" target="#mat5">
                                                        <bind_vertex_input semantic="UVSET0" input_semantic="TEXCOORD" input_set="0"/>
                                                    </instance_material>
                                                </technique_common>
                                            </bind_material>
                                        </instance_geometry>
                                    </node>
                                    <node id="node_Mesh5_VC1" name="Mesh5_VC">
                                        <instance_geometry url="#meshMesh5_VC1">
                                            <bind_material>
                                                <technique_common>
                                                    <instance_material symbol="Material1" target="#mat25">
                                                        <bind_vertex_input semantic="UVSET0" input_semantic="TEXCOORD" input_set="0"/>
                                                    </instance_material>
                                                </technique_common>
                                            </bind_material>
                                        </instance_geometry>
                                    </node>
                                    <node id="node_Mesh6_1" name="Mesh6">
                                        <instance_geometry url="#meshMesh6_1">
                                            <bind_material>
                                                <technique_common>
                                                    <instance_material symbol="Material1" target="#mat6">
                                                        <bind_vertex_input semantic="UVSET0" input_semantic="TEXCOORD" input_set="0"/>
                                                    </instance_material>
                                                </technique_common>
                                            </bind_material>
                                        </instance_geometry>
                                    </node>
                                    <node id="node_Mesh6_VC1" name="Mesh6_VC">
                                        <instance_geometry url="#meshMesh6_VC1">
                                            <bind_material>
                                                <technique_common>
                                                    <instance_material symbol="Material1" target="#mat25">
                                                        <bind_vertex_input semantic="UVSET0" input_semantic="TEXCOORD" input_set="0"/>
                                                    </instance_material>
                                                </technique_common>
                                            </bind_material>
                                        </instance_geometry>
                                    </node>
                                    <node id="node_Mesh7_1" name="Mesh7">
                                        <instance_geometry url="#meshMesh7_1">
                                            <bind_material>
                                                <technique_common>
                                                    <instance_material symbol="Material1" target="#mat7">
                                                        <bind_vertex_input semantic="UVSET0" input_semantic="TEXCOORD" input_set="0"/>
                                                    </instance_material>
                                                </technique_common>
                                            </bind_material>
                                        </instance_geometry>
                                    </node>
                                    <node id="node_Mesh7_VC1" name="Mesh7_VC">
                                        <instance_geometry url="#meshMesh7_VC1">
                                            <bind_material>
                                                <technique_common>
                                                    <instance_material symbol="Material1" target="#mat25">
                                                        <bind_vertex_input semantic="UVSET0" input_semantic="TEXCOORD" input_set="0"/>
                                                    </instance_material>
                                                </technique_common>
                                            </bind_material>
                                        </instance_geometry>
                                    </node>
                                    <node id="node_Mesh8_1" name="Mesh8">
                                        <instance_geometry url="#meshMesh8_1">
                                            <bind_material>
                                                <technique_common>
                                                    <instance_material symbol="Material1" target="#mat8">
                                                        <bind_vertex_input semantic="UVSET0" input_semantic="TEXCOORD" input_set="0"/>
                                                    </instance_material>
                                                </technique_common>
                                            </bind_material>
                                        </instance_geometry>
                                    </node>
                                    <node id="node_Mesh8_VC1" name="Mesh8_VC">
                                        <instance_geometry url="#meshMesh8_VC1">
                                            <bind_material>
                                                <technique_common>
                                                    <instance_material symbol="Material1" target="#mat25">
                                                        <bind_vertex_input semantic="UVSET0" input_semantic="TEXCOORD" input_set="0"/>
                                                    </instance_material>
                                                </technique_common>
                                            </bind_material>
                                        </instance_geometry>
                                    </node>
                                    <node id="node_Mesh9_1" name="Mesh9">
                                        <instance_geometry url="#meshMesh9_1">
                                            <bind_material>
                                                <technique_common>
                                                    <instance_material symbol="Material1" target="#mat9">
                                                        <bind_vertex_input semantic="UVSET0" input_semantic="TEXCOORD" input_set="0"/>
                                                    </instance_material>
                                                </technique_common>
                                            </bind_material>
                                        </instance_geometry>
                                    </node>
                                    <node id="node_Mesh9_VC1" name="Mesh9_VC">
                                        <instance_geometry url="#meshMesh9_VC1">
                                            <bind_material>
                                                <technique_common>
                                                    <instance_material symbol="Material1" target="#mat25">
                                                        <bind_vertex_input semantic="UVSET0" input_semantic="TEXCOORD" input_set="0"/>
                                                    </instance_material>
                                                </technique_common>
                                            </bind_material>
                                        </instance_geometry>
                                    </node>
                                    <node id="node_Mesh10_VC1" name="Mesh10_VC">
                                        <instance_geometry url="#meshMesh10_VC1">
                                            <bind_material>
                                                <technique_common>
                                                    <instance_material symbol="Material1" target="#mat25">
                                                        <bind_vertex_input semantic="UVSET0" input_semantic="TEXCOORD" input_set="0"/>
                                                    </instance_material>
                                                </technique_common>
                                            </bind_material>
                                        </instance_geometry>
                                    </node>
                                </node>
                                <node id="node_Node8" name="Node8_display">
                                    <node id="node_Mesh11_1" name="Mesh11">
                                        <instance_geometry url="#meshMesh11_1">
                                            <bind_material>
                                                <technique_common>
                                                    <instance_material symbol="Material1" target="#mat11">
                                                        <bind_vertex_input semantic="UVSET0" input_semantic="TEXCOORD" input_set="0"/>
                                                    </instance_material>
                                                </technique_common>
                                            </bind_material>
                                        </instance_geometry>
                                    </node>
                                    <node id="node_Mesh11_VC1" name="Mesh11_VC">
                                        <instance_geometry url="#meshMesh11_VC1">
                                            <bind_material>
                                                <technique_common>
                                                    <instance_material symbol="Material1" target="#mat25">
                                                        <bind_vertex_input semantic="UVSET0" input_semantic="TEXCOORD" input_set="0"/>
                                                    </instance_material>
                                                </technique_common>
                                            </bind_material>
                                        </instance_geometry>
                                    </node>
                                    <node id="node_Mesh11_VC2" name="Mesh11_VC_shade">
                                        <instance_geometry url="#meshMesh11_VC2">
                                            <bind_material>
                                                <technique_common>
                                                    <instance_material symbol="Material1" target="#mat25">
                                                        <bind_vertex_input semantic="UVSET0" input_semantic="TEXCOORD" input_set="0"/>
                                                    </instance_material>
                                                </technique_common>
                                            </bind_material>
                                        </instance_geometry>
                                    </node>
                                    <node id="node_Mesh12_1" name="Mesh12">
                                        <instance_geometry url="#meshMesh12_1">
                                            <bind_material>
                                                <technique_common>
                                                    <instance_material symbol="Material1" target="#mat12">
                                                        <bind_vertex_input semantic="UVSET0" input_semantic="TEXCOORD" input_set="0"/>
                                                    </instance_material>
                                                </technique_common>
                                            </bind_material>
                                        </instance_geometry>
                                    </node>
                                    <node id="node_Mesh12_VC2" name="Mesh12_VC_shade">
                                        <instance_geometry url="#meshMesh12_VC2">
                                            <bind_material>
                                                <technique_common>
                                                    <instance_material symbol="Material1" target="#mat25">
                                                        <bind_vertex_input semantic="UVSET0" input_semantic="TEXCOORD" input_set="0"/>
                                                    </instance_material>
                                                </technique_common>
                                            </bind_material>
                                        </instance_geometry>
                                    </node>
                                    <node id="node_Mesh13_1" name="Mesh13">
                                        <instance_geometry url="#meshMesh13_1">
                                            <bind_material>
                                                <technique_common>
                                                    <instance_material symbol="Material1" target="#mat13">
                                                        <bind_vertex_input semantic="UVSET0" input_semantic="TEXCOORD" input_set="0"/>
                                                    </instance_material>
                                                </technique_common>
                                            </bind_material>
                                        </instance_geometry>
                                    </node>
                                    <node id="node_Mesh13_VC2" name="Mesh13_VC_shade">
                                        <instance_geometry url="#meshMesh13_VC2">
                                            <bind_material>
                                                <technique_common>
                                                    <instance_material symbol="Material1" target="#mat25">
                                                        <bind_vertex_input semantic="UVSET0" input_semantic="TEXCOORD" input_set="0"/>
                                                    </instance_material>
                                                </technique_common>
                                            </bind_material>
                                        </instance_geometry>
                                    </node>
                                    <node id="node_Mesh14_1" name="Mesh14">
                                        <instance_geometry url="#meshMesh14_1">
                                            <bind_material>
                                                <technique_common>
                                                    <instance_material symbol="Material1" target="#mat5">
                                                        <bind_vertex_input semantic="UVSET0" input_semantic="TEXCOORD" input_set="0"/>
                                                    </instance_material>
                                                </technique_common>
                                            </bind_material>
                                        </instance_geometry>
                                    </node>
                                    <node id="node_Mesh14_VC1" name="Mesh14_VC">
                                        <instance_geometry url="#meshMesh14_VC1">
                                            <bind_material>
                                                <technique_common>
                                                    <instance_material symbol="Material1" target="#mat25">
                                                        <bind_vertex_input semantic="UVSET0" input_semantic="TEXCOORD" input_set="0"/>
                                                    </instance_material>
                                                </technique_common>
                                            </bind_material>
                                        </instance_geometry>
                                    </node>
                                    <node id="node_Mesh14_VC2" name="Mesh14_VC_shade">
                                        <instance_geometry url="#meshMesh14_VC2">
                                            <bind_material>
                                                <technique_common>
                                                    <instance_material symbol="Material1" target="#mat25">
                                                        <bind_vertex_input semantic="UVSET0" input_semantic="TEXCOORD" input_set="0"/>
                                                    </instance_material>
                                                </technique_common>
                                            </bind_material>
                                        </instance_geometry>
                                    </node>
                                    <node id="node_Mesh15_1" name="Mesh15">
                                        <instance_geometry url="#meshMesh15_1">
                                            <bind_material>
                                                <technique_common>
                                                    <instance_material symbol="Material1" target="#mat14">
                                                        <bind_vertex_input semantic="UVSET0" input_semantic="TEXCOORD" input_set="0"/>
                                                    </instance_material>
                                                </technique_common>
                                            </bind_material>
                                        </instance_geometry>
                                    </node>
                                    <node id="node_Mesh15_VC1" name="Mesh15_VC">
                                        <instance_geometry url="#meshMesh15_VC1">
                                            <bind_material>
                                                <technique_common>
                                                    <instance_material symbol="Material1" target="#mat25">
                                                        <bind_vertex_input semantic="UVSET0" input_semantic="TEXCOORD" input_set="0"/>
                                                    </instance_material>
                                                </technique_common>
                                            </bind_material>
                                        </instance_geometry>
                                    </node>
                                    <node id="node_Mesh15_VC2" name="Mesh15_VC_shade">
                                        <instance_geometry url="#meshMesh15_VC2">
                                            <bind_material>
                                                <technique_common>
                                                    <instance_material symbol="Material1" target="#mat25">
                                                        <bind_vertex_input semantic="UVSET0" input_semantic="TEXCOORD" input_set="0"/>
                                                    </instance_material>
                                                </technique_common>
                                            </bind_material>
                                        </instance_geometry>
                                    </node>
                                    <node id="node_Mesh16_1" name="Mesh16">
                                        <instance_geometry url="#meshMesh16_1">
                                            <bind_material>
                                                <technique_common>
                                                    <instance_material symbol="Material1" target="#mat15">
                                                        <bind_vertex_input semantic="UVSET0" input_semantic="TEXCOORD" input_set="0"/>
                                                    </instance_material>
                                                </technique_common>
                                            </bind_material>
                                        </instance_geometry>
                                    </node>
                                    <node id="node_Mesh16_VC1" name="Mesh16_VC">
                                        <instance_geometry url="#meshMesh16_VC1">
                                            <bind_material>
                                                <technique_common>
                                                    <instance_material symbol="Material1" target="#mat25">
                                                        <bind_vertex_input semantic="UVSET0" input_semantic="TEXCOORD" input_set="0"/>
                                                    </instance_material>
                                                </technique_common>
                                            </bind_material>
                                        </instance_geometry>
                                    </node>
                                    <node id="node_Mesh16_VC2" name="Mesh16_VC_shade">
                                        <instance_geometry url="#meshMesh16_VC2">
                                            <bind_material>
                                                <technique_common>
                                                    <instance_material symbol="Material1" target="#mat25">
                                                        <bind_vertex_input semantic="UVSET0" input_semantic="TEXCOORD" input_set="0"/>
                                                    </instance_material>
                                                </technique_common>
                                            </bind_material>
                                        </instance_geometry>
                                    </node>
                                    <node id="node_Mesh17_1" name="Mesh17">
                                        <instance_geometry url="#meshMesh17_1">
                                            <bind_material>
                                                <technique_common>
                                                    <instance_material symbol="Material1" target="#mat16">
                                                        <bind_vertex_input semantic="UVSET0" input_semantic="TEXCOORD" input_set="0"/>
                                                    </instance_material>
                                                </technique_common>
                                            </bind_material>
                                        </instance_geometry>
                                    </node>
                                    <node id="node_Mesh17_VC2" name="Mesh17_VC_shade">
                                        <instance_geometry url="#meshMesh17_VC2">
                                            <bind_material>
                                                <technique_common>
                                                    <instance_material symbol="Material1" target="#mat25">
                                                        <bind_vertex_input semantic="UVSET0" input_semantic="TEXCOORD" input_set="0"/>
                                                    </instance_material>
                                                </technique_common>
                                            </bind_material>
                                        </instance_geometry>
                                    </node>
                                    <node id="node_Mesh18_1" name="Mesh18">
                                        <instance_geometry url="#meshMesh18_1">
                                            <bind_material>
                                                <technique_common>
                                                    <instance_material symbol="Material1" target="#mat7">
                                                        <bind_vertex_input semantic="UVSET0" input_semantic="TEXCOORD" input_set="0"/>
                                                    </instance_material>
                                                </technique_common>
                                            </bind_material>
                                        </instance_geometry>
                                    </node>
                                    <node id="node_Mesh18_VC1" name="Mesh18_VC">
                                        <instance_geometry url="#meshMesh18_VC1">
                                            <bind_material>
                                                <technique_common>
                                                    <instance_material symbol="Material1" target="#mat25">
                                                        <bind_vertex_input semantic="UVSET0" input_semantic="TEXCOORD" input_set="0"/>
                                                    </instance_material>
                                                </technique_common>
                                            </bind_material>
                                        </instance_geometry>
                                    </node>
                                    <node id="node_Mesh18_VC2" name="Mesh18_VC_shade">
                                        <instance_geometry url="#meshMesh18_VC2">
                                            <bind_material>
                                                <technique_common>
                                                    <instance_material symbol="Material1" target="#mat25">
                                                        <bind_vertex_input semantic="UVSET0" input_semantic="TEXCOORD" input_set="0"/>
                                                    </instance_material>
                                                </technique_common>
                                            </bind_material>
                                        </instance_geometry>
                                    </node>
                                    <node id="node_Mesh19_1" name="Mesh19">
                                        <instance_geometry url="#meshMesh19_1">
                                            <bind_material>
                                                <technique_common>
                                                    <instance_material symbol="Material1" target="#mat6">
                                                        <bind_vertex_input semantic="UVSET0" input_semantic="TEXCOORD" input_set="0"/>
                                                    </instance_material>
                                                </technique_common>
                                            </bind_material>
                                        </instance_geometry>
                                    </node>
                                    <node id="node_Mesh19_VC1" name="Mesh19_VC">
                                        <instance_geometry url="#meshMesh19_VC1">
                                            <bind_material>
                                                <technique_common>
                                                    <instance_material symbol="Material1" target="#mat25">
                                                        <bind_vertex_input semantic="UVSET0" input_semantic="TEXCOORD" input_set="0"/>
                                                    </instance_material>
                                                </technique_common>
                                            </bind_material>
                                        </instance_geometry>
                                    </node>
                                    <node id="node_Mesh19_VC2" name="Mesh19_VC_shade">
                                        <instance_geometry url="#meshMesh19_VC2">
                                            <bind_material>
                                                <technique_common>
                                                    <instance_material symbol="Material1" target="#mat25">
                                                        <bind_vertex_input semantic="UVSET0" input_semantic="TEXCOORD" input_set="0"/>
                                                    </instance_material>
                                                </technique_common>
                                            </bind_material>
                                        </instance_geometry>
                                    </node>
                                    <node id="node_Mesh20_1" name="Mesh20">
                                        <instance_geometry url="#meshMesh20_1">
                                            <bind_material>
                                                <technique_common>
                                                    <instance_material symbol="Material1" target="#mat9">
                                                        <bind_vertex_input semantic="UVSET0" input_semantic="TEXCOORD" input_set="0"/>
                                                    </instance_material>
                                                </technique_common>
                                            </bind_material>
                                        </instance_geometry>
                                    </node>
                                    <node id="node_Mesh20_VC1" name="Mesh20_VC">
                                        <instance_geometry url="#meshMesh20_VC1">
                                            <bind_material>
                                                <technique_common>
                                                    <instance_material symbol="Material1" target="#mat25">
                                                        <bind_vertex_input semantic="UVSET0" input_semantic="TEXCOORD" input_set="0"/>
                                                    </instance_material>
                                                </technique_common>
                                            </bind_material>
                                        </instance_geometry>
                                    </node>
                                    <node id="node_Mesh20_VC2" name="Mesh20_VC_shade">
                                        <instance_geometry url="#meshMesh20_VC2">
                                            <bind_material>
                                                <technique_common>
                                                    <instance_material symbol="Material1" target="#mat25">
                                                        <bind_vertex_input semantic="UVSET0" input_semantic="TEXCOORD" input_set="0"/>
                                                    </instance_material>
                                                </technique_common>
                                            </bind_material>
                                        </instance_geometry>
                                    </node>
                                </node>
                                <node id="node_Node9" name="Node9_display">
                                    <node id="node_Mesh21_1" name="Mesh21">
                                        <instance_geometry url="#meshMesh21_1">
                                            <bind_material>
                                                <technique_common>
                                                    <instance_material symbol="Material1" target="#mat17">
                                                        <bind_vertex_input semantic="UVSET0" input_semantic="TEXCOORD" input_set="0"/>
                                                    </instance_material>
                                                </technique_common>
                                            </bind_material>
                                        </instance_geometry>
                                    </node>
                                </node>
                                <node id="node_Node10" name="Node10_display">
                                    <node id="node_Mesh22_1" name="Mesh22">
                                        <instance_geometry url="#meshMesh22_1">
                                            <bind_material>
                                                <technique_common>
                                                    <instance_material symbol="Material1" target="#mat18">
                                                        <bind_vertex_input semantic="UVSET0" input_semantic="TEXCOORD" input_set="0"/>
                                                    </instance_material>
                                                </technique_common>
                                            </bind_material>
                                        </instance_geometry>
                                    </node>
                                </node>
                                <node id="node_Node11" name="Node11_display">
                                    <node id="node_Mesh23_1" name="Mesh23">
                                        <instance_geometry url="#meshMesh23_1">
                                            <bind_material>
                                                <technique_common>
                                                    <instance_material symbol="Material1" target="#mat19">
                                                        <bind_vertex_input semantic="UVSET0" input_semantic="TEXCOORD" input_set="0"/>
                                                    </instance_material>
                                                </technique_common>
                                            </bind_material>
                                        </instance_geometry>
                                    </node>
                                    <node id="node_Mesh23_VC1" name="Mesh23_VC">
                                        <instance_geometry url="#meshMesh23_VC1">
                                            <bind_material>
                                                <technique_common>
                                                    <instance_material symbol="Material1" target="#mat25">
                                                        <bind_vertex_input semantic="UVSET0" input_semantic="TEXCOORD" input_set="0"/>
                                                    </instance_material>
                                                </technique_common>
                                            </bind_material>
                                        </instance_geometry>
                                    </node>
                                    <node id="node_Mesh24_1" name="Mesh24">
                                        <instance_geometry url="#meshMesh24_1">
                                            <bind_material>
                                                <technique_common>
                                                    <instance_material symbol="Material1" target="#mat20">
                                                        <bind_vertex_input semantic="UVSET0" input_semantic="TEXCOORD" input_set="0"/>
                                                    </instance_material>
                                                </technique_common>
                                            </bind_material>
                                        </instance_geometry>
                                    </node>
                                    <node id="node_Mesh25_1" name="Mesh25">
                                        <instance_geometry url="#meshMesh25_1">
                                            <bind_material>
                                                <technique_common>
                                                    <instance_material symbol="Material1" target="#mat21">
                                                        <bind_vertex_input semantic="UVSET0" input_semantic="TEXCOORD" input_set="0"/>
                                                    </instance_material>
                                                </technique_common>
                                            </bind_material>
                                        </instance_geometry>
                                    </node>
                                </node>
                                <node id="node_Node12" name="Node12_display">
                                    <node id="node_Mesh26_1" name="Mesh26">
                                        <instance_geometry url="#meshMesh26_1">
                                            <bind_material>
                                                <technique_common>
                                                    <instance_material symbol="Material1" target="#mat1">
                                                        <bind_vertex_input semantic="UVSET0" input_semantic="TEXCOORD" input_set="0"/>
                                                    </instance_material>
                                                </technique_common>
                                            </bind_material>
                                        </instance_geometry>
                                    </node>
                                    <node id="node_Mesh26_VC1" name="Mesh26_VC">
                                        <instance_geometry url="#meshMesh26_VC1">
                                            <bind_material>
                                                <technique_common>
                                                    <instance_material symbol="Material1" target="#mat25">
                                                        <bind_vertex_input semantic="UVSET0" input_semantic="TEXCOORD" input_set="0"/>
                                                    </instance_material>
                                                </technique_common>
                                            </bind_material>
                                        </instance_geometry>
                                    </node>
                                    <node id="node_Mesh27_1" name="Mesh27">
                                        <instance_geometry url="#meshMesh27_1">
                                            <bind_material>
                                                <technique_common>
                                                    <instance_material symbol="Material1" target="#mat4">
                                                        <bind_vertex_input semantic="UVSET0" input_semantic="TEXCOORD" input_set="0"/>
                                                    </instance_material>
                                                </technique_common>
                                            </bind_material>
                                        </instance_geometry>
                                    </node>
                                    <node id="node_Mesh27_VC1" name="Mesh27_VC">
                                        <instance_geometry url="#meshMesh27_VC1">
                                            <bind_material>
                                                <technique_common>
                                                    <instance_material symbol="Material1" target="#mat25">
                                                        <bind_vertex_input semantic="UVSET0" input_semantic="TEXCOORD" input_set="0"/>
                                                    </instance_material>
                                                </technique_common>
                                            </bind_material>
                                        </instance_geometry>
                                    </node>
                                </node>
                                <node id="node_Node13" name="Node13_display">
                                    <node id="node_Mesh28_1" name="Mesh28">
                                        <instance_geometry url="#meshMesh28_1">
                                            <bind_material>
                                                <technique_common>
                                                    <instance_material symbol="Material1" target="#mat6">
                                                        <bind_vertex_input semantic="UVSET0" input_semantic="TEXCOORD" input_set="0"/>
                                                    </instance_material>
                                                </technique_common>
                                            </bind_material>
                                        </instance_geometry>
                                    </node>
                                    <node id="node_Mesh28_VC1" name="Mesh28_VC">
                                        <instance_geometry url="#meshMesh28_VC1">
                                            <bind_material>
                                                <technique_common>
                                                    <instance_material symbol="Material1" target="#mat25">
                                                        <bind_vertex_input semantic="UVSET0" input_semantic="TEXCOORD" input_set="0"/>
                                                    </instance_material>
                                                </technique_common>
                                            </bind_material>
                                        </instance_geometry>
                                    </node>
                                    <node id="node_Mesh28_VC2" name="Mesh28_VC_shade">
                                        <instance_geometry url="#meshMesh28_VC2">
                                            <bind_material>
                                                <technique_common>
                                                    <instance_material symbol="Material1" target="#mat25">
                                                        <bind_vertex_input semantic="UVSET0" input_semantic="TEXCOORD" input_set="0"/>
                                                    </instance_material>
                                                </technique_common>
                                            </bind_material>
                                        </instance_geometry>
                                    </node>
                                    <node id="node_Mesh29_1" name="Mesh29">
                                        <instance_geometry url="#meshMesh29_1">
                                            <bind_material>
                                                <technique_common>
                                                    <instance_material symbol="Material1" target="#mat8">
                                                        <bind_vertex_input semantic="UVSET0" input_semantic="TEXCOORD" input_set="0"/>
                                                    </instance_material>
                                                </technique_common>
                                            </bind_material>
                                        </instance_geometry>
                                    </node>
                                    <node id="node_Mesh29_VC1" name="Mesh29_VC">
                                        <instance_geometry url="#meshMesh29_VC1">
                                            <bind_material>
                                                <technique_common>
                                                    <instance_material symbol="Material1" target="#mat25">
                                                        <bind_vertex_input semantic="UVSET0" input_semantic="TEXCOORD" input_set="0"/>
                                                    </instance_material>
                                                </technique_common>
                                            </bind_material>
                                        </instance_geometry>
                                    </node>
                                    <node id="node_Mesh29_VC2" name="Mesh29_VC_shade">
                                        <instance_geometry url="#meshMesh29_VC2">
                                            <bind_material>
                                                <technique_common>
                                                    <instance_material symbol="Material1" target="#mat25">
                                                        <bind_vertex_input semantic="UVSET0" input_semantic="TEXCOORD" input_set="0"/>
                                                    </instance_material>
                                                </technique_common>
                                            </bind_material>
                                        </instance_geometry>
                                    </node>
                                </node>
                            </node>
                            <node id="node_Node14" name="Node14_list">
                            </node>
                            <node id="node_Node15" name="Node15_list">
                                <node id="node_Mesh30_1" name="Mesh30">
                                    <instance_geometry url="#meshMesh30_1">
                                        <bind_material>
                                            <technique_common>
                                                <instance_material symbol="Material1" target="#mat22">
                                                    <bind_vertex_input semantic="UVSET0" input_semantic="TEXCOORD" input_set="0"/>
                                                </instance_material>
                                            </technique_common>
                                        </bind_material>
                                    </instance_geometry>
                                </node>
                                <node id="node_Mesh30_VC1" name="Mesh30_VC">
                                    <instance_geometry url="#meshMesh30_VC1">
                                        <bind_material>
                                            <technique_common>
                                                <instance_material symbol="Material1" target="#mat25">
                                                    <bind_vertex_input semantic="UVSET0" input_semantic="TEXCOORD" input_set="0"/>
                                                </instance_material>
                                            </technique_common>
                                        </bind_material>
                                    </instance_geometry>
                                </node>
                            </node>
                            <node id="node_Node16" name="Node16_list">
                                <node id="node_Mesh31_1" name="Mesh31">
                                    <translate sid="translate">0 -81 0</translate>
                                    <instance_geometry url="#meshMesh31_1">
                                        <bind_material>
                                            <technique_common>
                                                <instance_material symbol="Material1" target="#mat23">
                                                    <bind_vertex_input semantic="UVSET0" input_semantic="TEXCOORD" input_set="0"/>
                                                </instance_material>
                                            </technique_common>
                                        </bind_material>
                                    </instance_geometry>
                                </node>
                                <node id="node_Mesh31_VC1" name="Mesh31_VC">
                                    <translate sid="translate">0 -81 0</translate>
                                    <instance_geometry url="#meshMesh31_VC1">
                                        <bind_material>
                                            <technique_common>
                                                <instance_material symbol="Material1" target="#mat25">
                                                    <bind_vertex_input semantic="UVSET0" input_semantic="TEXCOORD" input_set="0"/>
                                                </instance_material>
                                            </technique_common>
                                        </bind_material>
                                    </instance_geometry>
                                </node>
                                <node id="node_Mesh32_1" name="Mesh32">
                                    <translate sid="translate">0 -81 0</translate>
                                    <instance_geometry url="#meshMesh32_1">
                                        <bind_material>
                                            <technique_common>
                                                <instance_material symbol="Material1" target="#mat24">
                                                    <bind_vertex_input semantic="UVSET0" input_semantic="TEXCOORD" input_set="0"/>
                                                </instance_material>
                                            </technique_common>
                                        </bind_material>
                                    </instance_geometry>
                                </node>
                                <node id="node_Mesh32_VC1" name="Mesh32_VC">
                                    <translate sid="translate">0 -81 0</translate>
                                    <instance_geometry url="#meshMesh32_VC1">
                                        <bind_material>
                                            <technique_common>
                                                <instance_material symbol="Material1" target="#mat25">
                                                    <bind_vertex_input semantic="UVSET0" input_semantic="TEXCOORD" input_set="0"/>
                                                </instance_material>
                                            </technique_common>
                                        </bind_material>
                                    </instance_geometry>
                                </node>
                            </node>
                            <node id="node_Node17" name="Node17_parent">
                            </node>
                            <node id="node_Node18" name="Node18_list">
                            </node>
                        </node>
                    </node>
                </node>
                <node id="node_Node19" name="Node19_master_list">
                    <node id="node_Node20" name="Node20_list">
                    </node>
                </node>
            </node>
            <node id="obj_group" name="Objects">
                <node id="obj_0" name="0x0_Warp_(Level_Exit,_Restore_Life)">
                    <translate sid="translate">0 900 -1710</translate>
                    <rotate sid="rotateZ">0 0 1 0</rotate>
                    <rotate sid="rotateY">0 1 0 180</rotate>
                    <rotate sid="rotateX">1 0 0 0</rotate>
                </node>
                <node id="obj_1" name="0x0_Warp_(Mario_Start_3)">
                    <translate sid="translate">-1328 260 4664</translate>
                    <rotate sid="rotateZ">0 0 1 0</rotate>
                    <rotate sid="rotateY">0 1 0 180</rotate>
                    <rotate sid="rotateX">1 0 0 0</rotate>
                </node>
                <node id="obj_2" name="0x0_Warp_Hole">
                    <translate sid="translate">-3379 -815 -2025</translate>
                </node>
                <node id="obj_3" name="0x0_Warp_(Level_Exit,_From_Hole)">
                    <translate sid="translate">-3379 -500 -2025</translate>
                    <rotate sid="rotateZ">0 0 1 0</rotate>
                    <rotate sid="rotateY">0 1 0 180</rotate>
                    <rotate sid="rotateX">1 0 0 0</rotate>
                </node>
                <node id="obj_4" name="0x0_Warp_(Mario_Start_in_water)">
                    <translate sid="translate">-3799 -1199 -5816</translate>
                </node>
                <node id="obj_5" name="0x0_Warp_(Level_Exit)">
                    <translate sid="translate">-3379 -500 -2025</translate>
                    <rotate sid="rotateZ">0 0 1 0</rotate>
                    <rotate sid="rotateY">0 1 0 180</rotate>
                    <rotate sid="rotateX">1 0 0 0</rotate>
                </node>
                <node id="obj_6" name="0x0_Warp_(Mario_Start_2)">
                    <translate sid="translate">5408 4500 3637</translate>
                    <rotate sid="rotateZ">0 0 1 0</rotate>
                    <rotate sid="rotateY">0 1 0 225</rotate>
                    <rotate sid="rotateX">1 0 0 0</rotate>
                </node>
                <node id="obj_7" name="0x0_Warp_(Mario_Start_2)">
                    <translate sid="translate">-6901 2376 -6509</translate>
                    <rotate sid="rotateZ">0 0 1 0</rotate>
                    <rotate sid="rotateY">0 1 0 230</rotate>
                    <rotate sid="rotateX">1 0 0 0</rotate>
                </node>
                <node id="obj_8" name="0x0_Warp_(Mario_Start_in_water)">
                    <translate sid="translate">4997 -1250 2258</translate>
                    <rotate sid="rotateZ">0 0 1 0</rotate>
                    <rotate sid="rotateY">0 1 0 210</rotate>
                    <rotate sid="rotateX">1 0 0 0</rotate>
                </node>
                <node id="obj_9" name="0x0_Waterfall_ambient_sounds">
                    <translate sid="translate">-5812 100 -5937</translate>
                </node>
                <node id="obj_10" name="0x0_Bird_ambient_sounds">
                    <translate sid="translate">-7430 1500 873</translate>
                </node>
                <node id="obj_11" name="0x0_Bird_ambient_sounds">
                    <translate sid="translate">-80 1500 5004</translate>
                </node>
                <node id="obj_12" name="0x0_Bird_ambient_sounds">
                    <translate sid="translate">7131 1500 -2989</translate>
                </node>
                <node id="obj_13" name="0x0_Cricket_ambient_sounds">
                    <translate sid="translate">-7430 1500 -5937</translate>
                </node>
                <node id="obj_14" name="0x36_Moat_Grills">
                </node>
                <node id="obj_15" name="0x0_Unknown_CG">
                </node>
                <node id="obj_16" name="0x8E_Water_Mist">
                    <translate sid="translate">-4878 -787 -5690</translate>
                </node>
                <node id="obj_17" name="0x8E_Water_Mist">
                    <translate sid="translate">-4996 -787 -5548</translate>
                </node>
                <node id="obj_18" name="0x8E_Water_Mist">
                    <translate sid="translate">-5114 -787 -5406</translate>
                </node>
                <node id="obj_19" name="0x8E_Water_Mist">
                    <translate sid="translate">-5212 -787 -5219</translate>
                </node>
                <node id="obj_20" name="0x8E_Water_Mist">
                    <translate sid="translate">-5311 -787 -5033</translate>
                </node>
                <node id="obj_21" name="0x8E_Water_Mist">
                    <translate sid="translate">-5419 -787 -4895</translate>
                </node>
                <node id="obj_22" name="0x8E_Water_Mist">
                    <translate sid="translate">-5527 -787 -4757</translate>
                </node>
                <node id="obj_23" name="0x8E_Water_Mist">
                    <translate sid="translate">-5686 -787 -4733</translate>
                </node>
                <node id="obj_24" name="0x8E_Water_Mist">
                    <translate sid="translate">-5845 -787 -4710</translate>
                </node>
                <node id="obj_25" name="0x0_Fish_2">
                    <translate sid="translate">5223 -975 1667</translate>
                </node>
                <node id="obj_26" name="0x54_Bird_Flock">
                    <translate sid="translate">-5069 850 3221</translate>
                </node>
                <node id="obj_27" name="0x54_Bird_Flock">
                    <translate sid="translate">-4711 742 433</translate>
                </node>
                <node id="obj_28" name="0x54_Bird_Flock">
                    <translate sid="translate">5774 913 -1114</translate>
                </node>
                <node id="obj_29" name="0x0_Warp_(Mario_Start_4)">
                    <translate sid="translate">-1328 260 4664</translate>
                    <rotate sid="rotateZ">0 0 1 0</rotate>
                    <rotate sid="rotateY">0 1 0 180</rotate>
                    <rotate sid="rotateX">1 0 0 0</rotate>
                </node>
                <node id="obj_30" name="0x38_Cannon_Grill_(Hidden,_120_stars)">
                </node>
                <node id="obj_31" name="0x66_Lakitu_Cam">
                    <translate sid="translate">11 803 -3015</translate>
                </node>
                <node id="obj_32" name="0x37_Castle_Flag">
                    <translate sid="translate">-3213 3348 -3011</translate>
                </node>
                <node id="obj_33" name="0x37_Castle_Flag">
                    <translate sid="translate">3213 3348 -3011</translate>
                </node>
                <node id="obj_34" name="0x37_Castle_Flag">
                    <translate sid="translate">-3835 3348 -6647</translate>
                </node>
                <node id="obj_35" name="0x37_Castle_Flag">
                    <translate sid="translate">3835 3348 -6647</translate>
                </node>
                <node id="obj_36" name="0xBB_Butterfly">
                    <translate sid="translate">-4508 406 4400</translate>
                </node>
                <node id="obj_37" name="0xBB_Butterfly">
                    <translate sid="translate">-4408 406 4500</translate>
                </node>
                <node id="obj_38" name="0xBB_Butterfly">
                    <translate sid="translate">-4708 406 4100</translate>
                </node>
                <node id="obj_39" name="0xBB_Butterfly">
                    <translate sid="translate">-6003 473 -2621</translate>
                </node>
                <node id="obj_40" name="0xBB_Butterfly">
                    <translate sid="translate">-6003 473 -2321</translate>
                </node>
                <node id="obj_41" name="0xBB_Butterfly">
                    <translate sid="translate">6543 461 -617</translate>
                </node>
                <node id="obj_42" name="0xBB_Butterfly">
                    <translate sid="translate">6143 461 -617</translate>
                </node>
                <node id="obj_43" name="0xBB_Butterfly">
                    <translate sid="translate">5773 775 -5722</translate>
                </node>
                <node id="obj_44" name="0xBB_Butterfly">
                    <translate sid="translate">5873 775 -5622</translate>
                </node>
                <node id="obj_45" name="0xBB_Butterfly">
                    <translate sid="translate">5473 775 -5322</translate>
                </node>
                <node id="obj_46" name="0xBB_Butterfly">
                    <translate sid="translate">-1504 326 3196</translate>
                </node>
                <node id="obj_47" name="0xBB_Butterfly">
                    <translate sid="translate">-1204 326 3296</translate>
                </node>
                <node id="obj_48" name="0x55_Yoshi">
                    <translate sid="translate">0 3174 -5625</translate>
                </node>
                <node id="obj_49" name="0x7C_Wooden_Signpost">
                    <translate sid="translate">5288 722 -800</translate>
                    <rotate sid="rotateZ">0 0 1 0</rotate>
                    <rotate sid="rotateY">0 1 0 261.5625</rotate>
                    <rotate sid="rotateX">1 0 0 0</rotate>
                </node>
                <node id="obj_50" name="0x7C_Wooden_Signpost">
                    <translate sid="translate">1740 35 2500</translate>
                    <rotate sid="rotateZ">0 0 1 0</rotate>
                    <rotate sid="rotateY">0 1 0 90</rotate>
                    <rotate sid="rotateX">1 0 0 0</rotate>
                </node>
                <node id="obj_51" name="0x7C_Wooden_Signpost">
                    <translate sid="translate">-1566 260 3503</translate>
                </node>
                <node id="obj_52" name="0x7C_Wooden_Signpost">
                    <translate sid="translate">-4666 260 922</translate>
                    <rotate sid="rotateZ">0 0 1 0</rotate>
                    <rotate sid="rotateY">0 1 0 81.5625</rotate>
                    <rotate sid="rotateX">1 0 0 0</rotate>
                </node>
                <node id="obj_53" name="0x0_1-up_Mushroom_(Hidden_in_tree_or_pole)">
                    <translate sid="translate">-6270 975 -2145</translate>
                </node>
                <node id="obj_54" name="0xD4_1-up_Mushroom">
                    <translate sid="translate">-440 3180 -5000</translate>
                </node>
                <node id="obj_55" name="0xD4_1-up_Mushroom">
                    <translate sid="translate">0 3180 -5200</translate>
                </node>
                <node id="obj_56" name="0xD4_1-up_Mushroom">
                    <translate sid="translate">440 3180 -5000</translate>
                </node>
                <node id="obj_57" name="0x89_[!]_Box">
                    <translate sid="translate">13 3476 -5646</translate>
                </node>
                <node id="obj_58" name="0x0_Hidden_1-up_Trigger">
                    <translate sid="translate">0 535 -500</translate>
                </node>
                <node id="obj_59" name="0x0_Hidden_1-up_Trigger">
                    <translate sid="translate">0 535 -1774</translate>
                </node>
                <node id="obj_60" name="0xD4_1-up_Mushroom_(hidden)">
                    <translate sid="translate">0 510 -1170</translate>
                </node>
                <node id="obj_61" name="0x74_Yellow_Coin_(for_triggers?)">
                    <translate sid="translate">0 540 -1774</translate>
                </node>
                <node id="obj_62" name="0x74_Yellow_Coin_(for_triggers?)">
                    <translate sid="translate">0 540 -500</translate>
                </node>
                <node id="obj_63" name="0x80_Cannon_(Opened)">
                    <translate sid="translate">2384 70 1961</translate>
                </node>
                <node id="obj_64" name="0xBB_Butterfly_(Spawn_1-up?)">
                    <translate sid="translate">-6240 295 320</translate>
                </node>
                <node id="obj_65" name="0xBB_Butterfly_(Spawn_1-up?)">
                    <translate sid="translate">6330 710 -3760</translate>
                </node>
                <node id="obj_66" name="0x3_Castle_Tower">
                    <translate sid="translate">0 2867 -3924</translate>
                </node>
                <node id="obj_67" name="0x17_Bubbly_Tree">
                    <translate sid="translate">-1333 711 1881</translate>
                </node>
                <node id="obj_68" name="0x17_Bubbly_Tree">
                    <translate sid="translate">-6220 468 3458</translate>
                </node>
                <node id="obj_69" name="0x17_Bubbly_Tree">
                    <translate sid="translate">-5069 350 3221</translate>
                </node>
                <node id="obj_70" name="0x17_Bubbly_Tree">
                    <translate sid="translate">-2566 438 2626</translate>
                </node>
                <node id="obj_71" name="0x17_Bubbly_Tree">
                    <translate sid="translate">-1900 401 2868</translate>
                </node>
                <node id="obj_72" name="0x17_Bubbly_Tree">
                    <translate sid="translate">6399 494 -1680</translate>
                </node>
                <node id="obj_73" name="0x17_Bubbly_Tree">
                    <translate sid="translate">767 498 2598</translate>
                </node>
                <node id="obj_74" name="0x17_Bubbly_Tree">
                    <translate sid="translate">1476 189 3280</translate>
                </node>
                <node id="obj_75" name="0x17_Bubbly_Tree">
                    <translate sid="translate">3153 206 469</translate>
                </node>
                <node id="obj_76" name="0x17_Bubbly_Tree">
                    <translate sid="translate">6178 219 167</translate>
                </node>
                <node id="obj_77" name="0x17_Bubbly_Tree">
                    <translate sid="translate">-6510 260 1411</translate>
                </node>
                <node id="obj_78" name="0x17_Bubbly_Tree">
                    <translate sid="translate">5457 528 -3259</translate>
                </node>
                <node id="obj_79" name="0x17_Bubbly_Tree">
                    <translate sid="translate">5868 698 -4453</translate>
                </node>
                <node id="obj_80" name="0x17_Bubbly_Tree">
                    <translate sid="translate">6408 869 -5314</translate>
                </node>
                <node id="obj_81" name="0x17_Bubbly_Tree">
                    <translate sid="translate">-4711 342 433</translate>
                </node>
                <node id="obj_82" name="0x17_Bubbly_Tree">
                    <translate sid="translate">1132 365 1977</translate>
                </node>
                <node id="obj_83" name="0x17_Bubbly_Tree">
                    <translate sid="translate">-5506 364 -661</translate>
                </node>
                <node id="obj_84" name="0x17_Bubbly_Tree">
                    <translate sid="translate">-6269 402 -2145</translate>
                </node>
                <node id="obj_85" name="0x17_Bubbly_Tree">
                    <translate sid="translate">-5600 440 -2627</translate>
                </node>
                <node id="obj_86" name="0x17_Bubbly_Tree">
                    <translate sid="translate">1919 268 1157</translate>
                </node>
                <node id="obj_87" name="0x17_Bubbly_Tree">
                    <translate sid="translate">-5957 517 -3447</translate>
                </node>
                <node id="obj_88" name="0x17_Bubbly_Tree">
                    <translate sid="translate">-2021 633 1468</translate>
                </node>
                <node id="obj_89" name="0x17_Bubbly_Tree">
                    <translate sid="translate">-109 613 3008</translate>
                </node>
                <node id="obj_90" name="0x17_Bubbly_Tree">
                    <translate sid="translate">5774 413 -1114</translate>
                </node>
                <node id="obj_91" name="0x17_Bubbly_Tree">
                    <translate sid="translate">5954 526 -2846</translate>
                </node>
                <node id="obj_92" name="0x17_Bubbly_Tree">
                    <translate sid="translate">-5204 296 811</translate>
                </node>
                <node id="obj_93" name="0x29_Door_(Metal)">
                    <translate sid="translate">3292 -511 -2931</translate>
                    <rotate sid="rotateZ">0 0 1 0</rotate>
                    <rotate sid="rotateY">0 1 0 225</rotate>
                    <rotate sid="rotateX">1 0 0 0</rotate>
                </node>
                <node id="obj_94" name="0x26_Door_(Castle)">
                    <translate sid="translate">-76 803 -3155</translate>
                </node>
                <node id="obj_95" name="0x26_Door_(Castle)">
                    <translate sid="translate">77 803 -3155</translate>
                    <rotate sid="rotateZ">0 0 1 0</rotate>
                    <rotate sid="rotateY">0 1 0 180</rotate>
                    <rotate sid="rotateX">1 0 0 0</rotate>
                </node>
            </node>
        </visual_scene>
    </library_visual_scenes>
    <scene>
        <instance_visual_scene url="#VisualSceneNode"/>
    </scene>
</COLLADA>
