<?xml version="1.0"?>
<COLLADA xmlns="http://www.collada.org/2005/11/COLLADASchema" version="1.4.1">
    <asset>
        <contributor>
            <authoring_tool>Supear Mardian SixDaeFour</authoring_tool>
        </contributor>
        <created>2026-03-12T00:11:17.450Z</created>
        <modified>2026-03-12T00:11:17.450Z</modified>
		<unit meter="0.01" name="centimeter" />
        <up_axis>Y_UP</up_axis>
    </asset>
    <library_images>
        <image id="tex_0">
            <init_from>tex_9005000.png</init_from>
        </image>
        <image id="tex_1">
            <init_from>tex_9004000.png</init_from>
        </image>
        <image id="tex_2">
            <init_from>tex_9003800.png</init_from>
        </image>
        <image id="tex_3">
            <init_from>tex_9001000.png</init_from>
        </image>
        <image id="tex_4">
            <init_from>tex_9000000.png</init_from>
        </image>
        <image id="tex_5">
            <init_from>tex_9008800.png</init_from>
        </image>
        <image id="tex_6">
            <init_from>tex_9008000.png</init_from>
        </image>
        <image id="tex_7">
            <init_from>tex_7000800.png</init_from>
        </image>
        <image id="tex_8">
            <init_from>tex_7002000.png</init_from>
        </image>
        <image id="tex_9">
            <init_from>tex_7000000.png</init_from>
        </image>
        <image id="tex_10">
            <init_from>tex_900B000.png</init_from>
        </image>
        <image id="tex_11">
            <init_from>tex_9003000.png</init_from>
        </image>
        <image id="tex_12">
            <init_from>tex_9007000.png</init_from>
        </image>
        <image id="tex_13">
            <init_from>tex_0.png</init_from>
        </image>
        <image id="tex_14">
            <init_from>tex_7006000.png</init_from>
        </image>
        <image id="tex_15">
            <init_from>tex_7006800.png</init_from>
        </image>
        <image id="tex_16">
            <init_from>tex_7007000.png</init_from>
        </image>
        <image id="tex_17">
            <init_from>tex_7007800.png</init_from>
        </image>
        <image id="tex_18">
            <init_from>tex_7003000.png</init_from>
        </image>
        <image id="tex_19">
            <init_from>tex_900A000.png</init_from>
        </image>
        <image id="tex_20">
            <init_from>tex_700D800.png</init_from>
        </image>
        <image id="tex_21">
            <init_from>tex_700C800.png</init_from>
        </image>
    </library_images>
    <library_effects>
        <effect id="effect0">
            <profile_COMMON>
                <newparam sid="surface0">
                    <surface type="2D">
                        <init_from>tex_0</init_from>
                    </surface>
                </newparam>
                <newparam sid="sampler0">
                    <sampler2D>
                        <source>surface0</source>
                    </sampler2D>
                </newparam>
                <technique sid="COMMON">
                    <blinn>
                        <diffuse>
                            <texture texture="sampler0" texcoord="UVSET0"></texture>
                        </diffuse>
                    </blinn>
                </technique>
            </profile_COMMON>
        </effect>
        <effect id="effect1">
            <profile_COMMON>
                <newparam sid="surface1">
                    <surface type="2D">
                        <init_from>tex_1</init_from>
                    </surface>
                </newparam>
                <newparam sid="sampler1">
                    <sampler2D>
                        <source>surface1</source>
                    </sampler2D>
                </newparam>
                <technique sid="COMMON">
                    <blinn>
                        <diffuse>
                            <texture texture="sampler1" texcoord="UVSET0"></texture>
                        </diffuse>
                    </blinn>
                </technique>
            </profile_COMMON>
        </effect>
        <effect id="effect2">
            <profile_COMMON>
                <newparam sid="surface2">
                    <surface type="2D">
                        <init_from>tex_2</init_from>
                    </surface>
                </newparam>
                <newparam sid="sampler2">
                    <sampler2D>
                        <source>surface2</source>
                    </sampler2D>
                </newparam>
                <technique sid="COMMON">
                    <blinn>
                        <diffuse>
                            <texture texture="sampler2" texcoord="UVSET0"></texture>
                        </diffuse>
                    </blinn>
                </technique>
            </profile_COMMON>
        </effect>
        <effect id="effect3">
            <profile_COMMON>
                <newparam sid="surface3">
                    <surface type="2D">
                        <init_from>tex_3</init_from>
                    </surface>
                </newparam>
                <newparam sid="sampler3">
                    <sampler2D>
                        <source>surface3</source>
                    </sampler2D>
                </newparam>
                <technique sid="COMMON">
                    <blinn>
                        <diffuse>
                            <texture texture="sampler3" texcoord="UVSET0"></texture>
                        </diffuse>
                    </blinn>
                </technique>
            </profile_COMMON>
        </effect>
        <effect id="effect4">
            <profile_COMMON>
                <newparam sid="surface4">
                    <surface type="2D">
                        <init_from>tex_4</init_from>
                    </surface>
                </newparam>
                <newparam sid="sampler4">
                    <sampler2D>
                        <source>surface4</source>
                    </sampler2D>
                </newparam>
                <technique sid="COMMON">
                    <blinn>
                        <diffuse>
                            <texture texture="sampler4" texcoord="UVSET0"></texture>
                        </diffuse>
                    </blinn>
                </technique>
            </profile_COMMON>
        </effect>
        <effect id="effect5">
            <profile_COMMON>
                <newparam sid="surface5">
                    <surface type="2D">
                        <init_from>tex_5</init_from>
                    </surface>
                </newparam>
                <newparam sid="sampler5">
                    <sampler2D>
                        <source>surface5</source>
                    </sampler2D>
                </newparam>
                <technique sid="COMMON">
                    <blinn>
                        <diffuse>
                            <texture texture="sampler5" texcoord="UVSET0"></texture>
                        </diffuse>
                    </blinn>
                </technique>
            </profile_COMMON>
        </effect>
        <effect id="effect6">
            <profile_COMMON>
                <newparam sid="surface6">
                    <surface type="2D">
                        <init_from>tex_6</init_from>
                    </surface>
                </newparam>
                <newparam sid="sampler6">
                    <sampler2D>
                        <source>surface6</source>
                    </sampler2D>
                </newparam>
                <technique sid="COMMON">
                    <blinn>
                        <diffuse>
                            <texture texture="sampler6" texcoord="UVSET0"></texture>
                        </diffuse>
                    </blinn>
                </technique>
            </profile_COMMON>
        </effect>
        <effect id="effect7">
            <profile_COMMON>
                <newparam sid="surface7">
                    <surface type="2D">
                        <init_from>tex_7</init_from>
                    </surface>
                </newparam>
                <newparam sid="sampler7">
                    <sampler2D>
                        <source>surface7</source>
                    </sampler2D>
                </newparam>
                <technique sid="COMMON">
                    <blinn>
                        <diffuse>
                            <texture texture="sampler7" texcoord="UVSET0"></texture>
                        </diffuse>
                    </blinn>
                </technique>
            </profile_COMMON>
        </effect>
        <effect id="effect8">
            <profile_COMMON>
                <newparam sid="surface8">
                    <surface type="2D">
                        <init_from>tex_8</init_from>
                    </surface>
                </newparam>
                <newparam sid="sampler8">
                    <sampler2D>
                        <source>surface8</source>
                    </sampler2D>
                </newparam>
                <technique sid="COMMON">
                    <blinn>
                        <diffuse>
                            <texture texture="sampler8" texcoord="UVSET0"></texture>
                        </diffuse>
                    </blinn>
                </technique>
            </profile_COMMON>
        </effect>
        <effect id="effect9">
            <profile_COMMON>
                <newparam sid="surface9">
                    <surface type="2D">
                        <init_from>tex_9</init_from>
                    </surface>
                </newparam>
                <newparam sid="sampler9">
                    <sampler2D>
                        <source>surface9</source>
                    </sampler2D>
                </newparam>
                <technique sid="COMMON">
                    <blinn>
                        <diffuse>
                            <texture texture="sampler9" texcoord="UVSET0"></texture>
                        </diffuse>
                    </blinn>
                </technique>
            </profile_COMMON>
        </effect>
        <effect id="effect10">
            <profile_COMMON>
                <newparam sid="surface10">
                    <surface type="2D">
                        <init_from>tex_10</init_from>
                    </surface>
                </newparam>
                <newparam sid="sampler10">
                    <sampler2D>
                        <source>surface10</source>
                    </sampler2D>
                </newparam>
                <technique sid="COMMON">
                    <blinn>
                        <diffuse>
                            <texture texture="sampler10" texcoord="UVSET0"></texture>
                        </diffuse>
                    </blinn>
                </technique>
            </profile_COMMON>
        </effect>
        <effect id="effect11">
            <profile_COMMON>
                <newparam sid="surface11">
                    <surface type="2D">
                        <init_from>tex_11</init_from>
                    </surface>
                </newparam>
                <newparam sid="sampler11">
                    <sampler2D>
                        <source>surface11</source>
                    </sampler2D>
                </newparam>
                <technique sid="COMMON">
                    <blinn>
                        <diffuse>
                            <texture texture="sampler11" texcoord="UVSET0"></texture>
                        </diffuse>
                    </blinn>
                </technique>
            </profile_COMMON>
        </effect>
        <effect id="effect12">
            <profile_COMMON>
                <newparam sid="surface12">
                    <surface type="2D">
                        <init_from>tex_12</init_from>
                    </surface>
                </newparam>
                <newparam sid="sampler12">
                    <sampler2D>
                        <source>surface12</source>
                    </sampler2D>
                </newparam>
                <technique sid="COMMON">
                    <blinn>
                        <diffuse>
                            <texture texture="sampler12" texcoord="UVSET0"></texture>
                        </diffuse>
                    </blinn>
                </technique>
            </profile_COMMON>
        </effect>
        <effect id="effect13">
            <profile_COMMON>
                <newparam sid="surface13">
                    <surface type="2D">
                        <init_from>tex_13</init_from>
                    </surface>
                </newparam>
                <newparam sid="sampler13">
                    <sampler2D>
                        <source>surface13</source>
                    </sampler2D>
                </newparam>
                <technique sid="COMMON">
                    <blinn>
                        <diffuse>
                            <texture texture="sampler13" texcoord="UVSET0"></texture>
                        </diffuse>
                    </blinn>
                </technique>
            </profile_COMMON>
        </effect>
        <effect id="effect14">
            <profile_COMMON>
                <newparam sid="surface14">
                    <surface type="2D">
                        <init_from>tex_14</init_from>
                    </surface>
                </newparam>
                <newparam sid="sampler14">
                    <sampler2D>
                        <source>surface14</source>
                    </sampler2D>
                </newparam>
                <technique sid="COMMON">
                    <blinn>
                        <diffuse>
                            <texture texture="sampler14" texcoord="UVSET0"></texture>
                        </diffuse>
                    </blinn>
                </technique>
            </profile_COMMON>
        </effect>
        <effect id="effect15">
            <profile_COMMON>
                <newparam sid="surface15">
                    <surface type="2D">
                        <init_from>tex_15</init_from>
                    </surface>
                </newparam>
                <newparam sid="sampler15">
                    <sampler2D>
                        <source>surface15</source>
                    </sampler2D>
                </newparam>
                <technique sid="COMMON">
                    <blinn>
                        <diffuse>
                            <texture texture="sampler15" texcoord="UVSET0"></texture>
                        </diffuse>
                    </blinn>
                </technique>
            </profile_COMMON>
        </effect>
        <effect id="effect16">
            <profile_COMMON>
                <newparam sid="surface16">
                    <surface type="2D">
                        <init_from>tex_16</init_from>
                    </surface>
                </newparam>
                <newparam sid="sampler16">
                    <sampler2D>
                        <source>surface16</source>
                    </sampler2D>
                </newparam>
                <technique sid="COMMON">
                    <blinn>
                        <diffuse>
                            <texture texture="sampler16" texcoord="UVSET0"></texture>
                        </diffuse>
                    </blinn>
                </technique>
            </profile_COMMON>
        </effect>
        <effect id="effect17">
            <profile_COMMON>
                <newparam sid="surface17">
                    <surface type="2D">
                        <init_from>tex_17</init_from>
                    </surface>
                </newparam>
                <newparam sid="sampler17">
                    <sampler2D>
                        <source>surface17</source>
                    </sampler2D>
                </newparam>
                <technique sid="COMMON">
                    <blinn>
                        <diffuse>
                            <texture texture="sampler17" texcoord="UVSET0"></texture>
                        </diffuse>
                    </blinn>
                </technique>
            </profile_COMMON>
        </effect>
        <effect id="effect18">
            <profile_COMMON>
                <newparam sid="surface18">
                    <surface type="2D">
                        <init_from>tex_18</init_from>
                    </surface>
                </newparam>
                <newparam sid="sampler18">
                    <sampler2D>
                        <source>surface18</source>
                    </sampler2D>
                </newparam>
                <technique sid="COMMON">
                    <blinn>
                        <diffuse>
                            <texture texture="sampler18" texcoord="UVSET0"></texture>
                        </diffuse>
                    </blinn>
                </technique>
            </profile_COMMON>
        </effect>
        <effect id="effect19">
            <profile_COMMON>
                <newparam sid="surface19">
                    <surface type="2D">
                        <init_from>tex_19</init_from>
                    </surface>
                </newparam>
                <newparam sid="sampler19">
                    <sampler2D>
                        <source>surface19</source>
                    </sampler2D>
                </newparam>
                <technique sid="COMMON">
                    <blinn>
                        <diffuse>
                            <texture texture="sampler19" texcoord="UVSET0"></texture>
                        </diffuse>
                    </blinn>
                </technique>
            </profile_COMMON>
        </effect>
        <effect id="effect20">
            <profile_COMMON>
                <newparam sid="surface20">
                    <surface type="2D">
                        <init_from>tex_20</init_from>
                    </surface>
                </newparam>
                <newparam sid="sampler20">
                    <sampler2D>
                        <source>surface20</source>
                    </sampler2D>
                </newparam>
                <technique sid="COMMON">
                    <blinn>
                        <diffuse>
                            <texture texture="sampler20" texcoord="UVSET0"></texture>
                        </diffuse>
                    </blinn>
                </technique>
            </profile_COMMON>
        </effect>
        <effect id="effect21">
            <profile_COMMON>
                <newparam sid="surface21">
                    <surface type="2D">
                        <init_from>tex_21</init_from>
                    </surface>
                </newparam>
                <newparam sid="sampler21">
                    <sampler2D>
                        <source>surface21</source>
                    </sampler2D>
                </newparam>
                <technique sid="COMMON">
                    <blinn>
                        <diffuse>
                            <texture texture="sampler21" texcoord="UVSET0"></texture>
                        </diffuse>
                    </blinn>
                </technique>
            </profile_COMMON>
        </effect>
    </library_effects>
    <library_materials>
        <material id="mat0" name="Mat0">
            <instance_effect url="#effect0"/>
        </material>
        <material id="mat1" name="Mat1">
            <instance_effect url="#effect1"/>
        </material>
        <material id="mat2" name="Mat2">
            <instance_effect url="#effect2"/>
        </material>
        <material id="mat3" name="Mat3">
            <instance_effect url="#effect3"/>
        </material>
        <material id="mat4" name="Mat4">
            <instance_effect url="#effect4"/>
        </material>
        <material id="mat5" name="Mat5">
            <instance_effect url="#effect5"/>
        </material>
        <material id="mat6" name="Mat6">
            <instance_effect url="#effect6"/>
        </material>
        <material id="mat7" name="Mat7">
            <instance_effect url="#effect7"/>
        </material>
        <material id="mat8" name="Mat8">
            <instance_effect url="#effect8"/>
        </material>
        <material id="mat9" name="Mat9">
            <instance_effect url="#effect9"/>
        </material>
        <material id="mat10" name="Mat10">
            <instance_effect url="#effect10"/>
        </material>
        <material id="mat11" name="Mat11">
            <instance_effect url="#effect11"/>
        </material>
        <material id="mat12" name="Mat12">
            <instance_effect url="#effect12"/>
        </material>
        <material id="mat13" name="Mat13">
            <instance_effect url="#effect13"/>
        </material>
        <material id="mat14" name="Mat14">
            <instance_effect url="#effect14"/>
        </material>
        <material id="mat15" name="Mat15">
            <instance_effect url="#effect15"/>
        </material>
        <material id="mat16" name="Mat16">
            <instance_effect url="#effect16"/>
        </material>
        <material id="mat17" name="Mat17">
            <instance_effect url="#effect17"/>
        </material>
        <material id="mat18" name="Mat18">
            <instance_effect url="#effect18"/>
        </material>
        <material id="mat19" name="Mat19">
            <instance_effect url="#effect19"/>
        </material>
        <material id="mat20" name="Mat20">
            <instance_effect url="#effect20"/>
        </material>
        <material id="mat21" name="Mat21">
            <instance_effect url="#effect21"/>
        </material>
    </library_materials>
    <library_geometries>
        <geometry id="meshMesh0_1">
            <mesh>
                <source id="pointsMesh0_1">
                    <float_array id="pointarrayMesh0_1" count="972">-2330 102 163 -2619 77 452 -2330 77 163 -2221 26 272 -2510 26 561 -2510 0 561 -2221 0 272 -2257 51 235 -2547 51 524 -2547 26 524 -2257 26 235 -2294 77 199 -2583 51 488 -2294 51 199 -2583 77 488 -2438 179 54 -2728 154 343 -2438 154 54 -2619 102 452 -2366 128 127 -2655 102 416 -2366 102 127 -2655 128 416 -2402 154 91 -2691 128 380 -2402 128 91 -2691 154 380 -2728 179 343 355 128 91 644 128 380 644 154 380 -2475 205 18 -2764 179 307 -2475 179 18 -2764 205 307 428 179 18 717 205 307 428 205 18 717 179 307 391 154 54 681 179 343 391 179 54 681 154 343 247 51 199 536 51 488 536 77 488 355 154 91 319 102 127 608 128 416 319 128 127 608 102 416 283 77 163 572 77 452 572 102 452 283 102 163 247 77 199 -869 205 -50 -1177 205 -50 -1177 179 -50 210 26 235 500 26 524 500 51 524 210 51 235 174 0 272 463 26 561 174 26 272 463 0 561 -869 230 -76 -1177 205 -76 -869 205 -76 -1177 230 -76 -869 128 26 -1177 102 26 -869 102 26 -869 179 -50 -869 179 -25 -1177 154 -25 -869 154 -25 -1177 179 -25 -869 154 0 -1177 128 0 -869 128 0 -1177 154 0 -1177 128 26 -869 26 128 -1177 0 128 -869 0 128 -869 102 51 -1177 102 51 -1177 77 51 -869 77 51 -869 77 77 -1177 51 77 -869 51 77 -1177 77 77 -869 51 102 -1177 26 102 -869 26 102 -1177 51 102 -869 435 -281 -1177 410 -281 -869 410 -281 -1177 26 128 -869 486 -332 -1177 486 -332 -1177 461 -332 -869 461 -332 -869 461 -306 -1177 435 -306 -869 435 -306 -1177 461 -306 -1177 435 -281 -869 333 -178 -1177 333 -178 -1177 307 -178 -869 410 -255 -1177 384 -255 -869 384 -255 -1177 410 -255 -869 384 -229 -1177 384 -229 -1177 358 -229 -869 358 -229 -869 358 -204 -1177 333 -204 -869 333 -204 -1177 358 -204 -869 256 -101 -1177 230 -101 -869 230 -101 -869 307 -178 -869 307 -153 -1177 282 -153 -869 282 -153 -1177 307 -153 -869 282 -127 -1177 256 -127 -869 256 -127 -1177 282 -127 -1177 256 -101 -869 512 -357 -1177 486 -357 -869 486 -357 -1177 512 -357 -2330 77 163 -2619 77 452 -2583 77 488 -562 0 2202 -1484 0 2202 -1484 0 2714 -562 0 2714 -2257 26 235 -2510 26 561 -2221 26 272 -2547 26 524 -2294 51 199 -2583 51 488 -2547 51 524 -2257 51 235 -2438 154 54 -2728 154 343 -2691 154 380 -2294 77 199 -2366 102 127 -2619 102 452 -2330 102 163 -2655 102 416 -2402 128 91 -2655 128 416 -2366 128 127 -2691 128 380 -2402 154 91 319 128 127 644 128 380 355 128 91 -2475 179 18 -2764 179 307 -2728 179 343 -2438 179 54 391 179 54 681 179 343 717 179 307 428 179 18 355 154 91 681 154 343 391 154 54 644 154 380 210 51 235 536 51 488 247 51 199 608 128 416 283 102 163 608 102 416 319 102 127 572 102 452 247 77 199 536 77 488 572 77 452 283 77 163 500 51 524 512 205 -101 717 205 307 1024 205 0 174 26 272 463 26 561 500 26 524 210 26 235 1024 205 -1023 819 205 -1228 512 205 -1023 410 205 0 1075 205 -306 1024 205 -153 1075 205 -153 1024 205 -306 -3122 205 -716 -3071 205 -716 -3071 205 -869 -3122 205 -869 -2559 205 -1023 -3071 205 0 -2559 205 -101 -3071 205 -1023 -2457 205 0 -2764 205 307 -2866 205 -1228 -1177 0 2202 -869 0 2202 -869 0 2150 -1177 0 2150 -1330 0 2150 -716 0 1536 -1330 0 1536 -716 0 2150 -818 0 1229 -1228 0 1229 -1535 0 1536 -511 0 1536 -2203 0 253 -1535 0 1536 -2510 0 561 463 0 561 156 0 253 -511 0 1536 -869 230 -101 -1177 230 -101 -1177 230 -76 -869 154 -25 -1177 154 0 -869 154 0 -869 230 -76 -869 205 -76 -1177 205 -76 -1177 205 -50 -869 205 -50 -869 179 -50 -1177 179 -50 -1177 179 -25 -869 179 -25 -1177 154 -25 -869 51 77 -1177 51 77 -1177 51 102 -869 128 0 -1177 128 0 -1177 128 26 -869 128 26 -869 102 26 -1177 102 51 -869 102 51 -1177 102 26 -869 77 51 -1177 77 51 -1177 77 77 -869 77 77 -869 461 -332 -1177 461 -306 -869 461 -306 -869 51 102 -869 26 102 -1177 26 128 -869 26 128 -1177 26 102 -869 486 -357 -1177 486 -357 -1177 486 -332 -869 486 -332 -1177 461 -332 -869 358 -229 -1177 358 -229 -1177 358 -204 -869 435 -306 -1177 435 -281 -869 435 -281 -1177 435 -306 -869 410 -281 -1177 410 -281 -1177 410 -255 -869 410 -255 -869 384 -255 -1177 384 -255 -1177 384 -229 -869 384 -229 -869 282 -153 -1177 282 -153 -1177 282 -127 -869 358 -204 -869 333 -204 -1177 333 -204 -1177 333 -178 -869 333 -178 -869 307 -178 -1177 307 -178 -1177 307 -153 -869 307 -153 -869 282 -127 -869 256 -127 -1177 256 -127 -1177 256 -101 -869 256 -101 -869 512 -409 -1177 512 -409 -1177 512 -357 -869 512 -357</float_array>
                    <technique_common>
                        <accessor count="324" source="#pointarrayMesh0_1" stride="3">
                            <param name="X" type="float"/>
                            <param name="Y" type="float"/>
                            <param name="Z" type="float"/>
                        </accessor>
                    </technique_common>
                </source>
                <source id="uvsMesh0_1">
                    <float_array id="uvarrayMesh0_1" count="648">1.96484375 -0.080078125 -0.02734375 -0.142578125 1.96484375 -0.142578125 1.96484375 -0.916015625 -0.02734375 -0.916015625 -0.02734375 -0.978515625 1.96484375 -0.978515625 1.96484375 -0.638671875 -0.02734375 -0.638671875 -0.02734375 -0.69921875 1.96484375 -0.69921875 1.96484375 -0.359375 -0.02734375 -0.421875 1.96484375 -0.421875 -0.02734375 -0.359375 1.96484375 0.751953125 -0.02734375 0.69140625 1.96484375 0.69140625 -0.02734375 -0.080078125 1.96484375 0.1953125 -0.02734375 0.1328125 1.96484375 0.1328125 -0.02734375 0.1953125 1.96484375 0.474609375 -0.02734375 0.412109375 1.96484375 0.412109375 -0.02734375 0.474609375 -0.02734375 0.751953125 -0.03515625 0.427734375 1.955078125 0.427734375 1.955078125 0.490234375 1.96484375 1 -0.02734375 0.96875 1.96484375 0.96875 -0.02734375 1 -0.03515625 0.984375 1.955078125 1.046875 -0.03515625 1.046875 1.955078125 0.984375 -0.03515625 0.70703125 1.955078125 0.767578125 -0.03515625 0.767578125 1.955078125 0.70703125 -0.03515625 -0.40625 1.955078125 -0.40625 1.955078125 -0.34375 -0.03515625 0.490234375 -0.03515625 0.1484375 1.955078125 0.2109375 -0.03515625 0.2109375 1.955078125 0.1484375 -0.03515625 -0.126953125 1.955078125 -0.126953125 1.955078125 -0.064453125 -0.03515625 -0.064453125 -0.03515625 -0.34375 1.71484375 0.7890625 -1.775390625 0.7890625 -1.775390625 0.61328125 -0.03515625 -0.68359375 1.955078125 -0.68359375 1.955078125 -0.623046875 -0.03515625 -0.623046875 -0.03515625 -0.962890625 1.955078125 -0.900390625 -0.03515625 -0.900390625 1.955078125 -0.962890625 1.71484375 1.142578125 -1.775390625 0.96484375 1.71484375 0.96484375 -1.775390625 1.142578125 1.71484375 -0.267578125 -1.775390625 -0.443359375 1.71484375 -0.443359375 1.71484375 0.61328125 1.71484375 0.435546875 -1.775390625 0.259765625 1.71484375 0.259765625 -1.775390625 0.435546875 1.71484375 0.083984375 -1.775390625 -0.091796875 1.71484375 -0.091796875 -1.775390625 0.083984375 -1.775390625 -0.267578125 1.71484375 -1.6796875 -1.775390625 -1.85546875 1.71484375 -1.85546875 1.71484375 -0.62109375 -1.775390625 -0.62109375 -1.775390625 -0.796875 1.71484375 -0.796875 1.71484375 -0.97265625 -1.775390625 -1.150390625 1.71484375 -1.150390625 -1.775390625 -0.97265625 1.71484375 -1.326171875 -1.775390625 -1.501953125 1.71484375 -1.501953125 -1.775390625 -1.326171875 1.71484375 3.96484375 -1.775390625 3.7890625 1.71484375 3.7890625 -1.775390625 -1.6796875 1.71484375 4.669921875 -1.775390625 4.669921875 -1.775390625 4.494140625 1.71484375 4.494140625 1.71484375 4.318359375 -1.775390625 4.140625 1.71484375 4.140625 -1.775390625 4.318359375 -1.775390625 3.96484375 1.71484375 2.552734375 -1.775390625 2.552734375 -1.775390625 2.376953125 1.71484375 3.611328125 -1.775390625 3.435546875 1.71484375 3.435546875 -1.775390625 3.611328125 1.71484375 3.259765625 -1.775390625 3.259765625 -1.775390625 3.08203125 1.71484375 3.08203125 1.71484375 2.90625 -1.775390625 2.73046875 1.71484375 2.73046875 -1.775390625 2.90625 1.71484375 1.494140625 -1.775390625 1.318359375 1.71484375 1.318359375 1.71484375 2.376953125 1.71484375 2.201171875 -1.775390625 2.0234375 1.71484375 2.0234375 -1.775390625 2.201171875 1.71484375 1.84765625 -1.775390625 1.671875 1.71484375 1.671875 -1.775390625 1.84765625 -1.775390625 1.494140625 1.71484375 5.0234375 -1.775390625 4.84765625 1.71484375 4.84765625 -1.775390625 5.0234375 1.96484375 -0.142578125 -0.02734375 -0.142578125 -0.02734375 -0.359375 2.462890625 1 -2.025390625 1 -2.025390625 -1.4609375 2.462890625 -1.4609375 1.96484375 -0.69921875 -0.02734375 -0.916015625 1.96484375 -0.916015625 -0.02734375 -0.69921875 1.96484375 -0.421875 -0.02734375 -0.421875 -0.02734375 -0.638671875 1.96484375 -0.638671875 1.96484375 0.69140625 -0.02734375 0.69140625 -0.02734375 0.474609375 1.96484375 -0.359375 1.96484375 0.1328125 -0.02734375 -0.080078125 1.96484375 -0.080078125 -0.02734375 0.1328125 1.96484375 0.412109375 -0.02734375 0.1953125 1.96484375 0.1953125 -0.02734375 0.412109375 1.96484375 0.474609375 -0.03515625 0.2109375 1.955078125 0.427734375 -0.03515625 0.427734375 1.96484375 0.96875 -0.02734375 0.96875 -0.02734375 0.751953125 1.96484375 0.751953125 -0.03515625 0.767578125 1.955078125 0.767578125 1.955078125 0.984375 -0.03515625 0.984375 -0.03515625 0.490234375 1.955078125 0.70703125 -0.03515625 0.70703125 1.955078125 0.490234375 -0.03515625 -0.623046875 1.955078125 -0.40625 -0.03515625 -0.40625 1.955078125 0.2109375 -0.03515625 -0.064453125 1.955078125 0.1484375 -0.03515625 0.1484375 1.955078125 -0.064453125 -0.03515625 -0.34375 1.955078125 -0.34375 1.955078125 -0.126953125 -0.03515625 -0.126953125 1.955078125 -0.623046875 6.455078125 0.533203125 7.453125 -1.4609375 8.951171875 0.033203125 -0.03515625 -0.900390625 1.955078125 -0.900390625 1.955078125 -0.68359375 -0.03515625 -0.68359375 8.951171875 5.0234375 7.953125 6.021484375 6.455078125 5.0234375 5.95703125 0.033203125 0 -1.7109375 0.716796875 -1.9609375 0.716796875 -1.7109375 0 -1.9609375 2.21484375 0.283203125 2.462890625 0.283203125 2.462890625 1 2.21484375 1 -8.51171875 5.0234375 -11.0078125 0.033203125 -8.51171875 0.533203125 -11.0078125 5.0234375 -8.013671875 0.033203125 -9.509765625 -1.4609375 -10.009765625 6.021484375 0 0.78125 1.466796875 0.78125 1.466796875 1 0 1 -0.52734375 -9.447265625 2.462890625 -6.451171875 -0.52734375 -6.451171875 2.462890625 -9.447265625 1.96484375 -4.955078125 0 -4.955078125 -1.525390625 -6.453125 3.4609375 -6.453125 -4.783203125 -0.201171875 -1.525390625 -6.451171875 -6.279296875 -1.69921875 8.21484375 -1.69921875 6.71875 -0.201171875 3.4609375 -6.451171875 1.71484375 1.318359375 -1.775390625 1.318359375 -1.775390625 1.142578125 1.71484375 0.259765625 -1.775390625 0.083984375 1.71484375 0.083984375 1.71484375 1.142578125 1.71484375 0.96484375 -1.775390625 0.96484375 -1.775390625 0.7890625 1.71484375 0.7890625 1.71484375 0.61328125 -1.775390625 0.61328125 -1.775390625 0.435546875 1.71484375 0.435546875 -1.775390625 0.259765625 1.71484375 -1.150390625 -1.775390625 -1.150390625 -1.775390625 -1.326171875 1.71484375 -0.091796875 -1.775390625 -0.091796875 -1.775390625 -0.267578125 1.71484375 -0.267578125 1.71484375 -0.443359375 -1.775390625 -0.62109375 1.71484375 -0.62109375 -1.775390625 -0.443359375 1.71484375 -0.796875 -1.775390625 -0.796875 -1.775390625 -0.97265625 1.71484375 -0.97265625 1.71484375 4.494140625 -1.775390625 4.318359375 1.71484375 4.318359375 1.71484375 -1.326171875 1.71484375 -1.501953125 -1.775390625 -1.6796875 1.71484375 -1.6796875 -1.775390625 -1.501953125 1.71484375 4.84765625 -1.775390625 4.84765625 -1.775390625 4.669921875 1.71484375 4.669921875 -1.775390625 4.494140625 1.71484375 3.08203125 -1.775390625 3.08203125 -1.775390625 2.90625 1.71484375 4.140625 -1.775390625 3.96484375 1.71484375 3.96484375 -1.775390625 4.140625 1.71484375 3.7890625 -1.775390625 3.7890625 -1.775390625 3.611328125 1.71484375 3.611328125 1.71484375 3.435546875 -1.775390625 3.435546875 -1.775390625 3.259765625 1.71484375 3.259765625 1.71484375 2.0234375 -1.775390625 2.0234375 -1.775390625 1.84765625 1.71484375 2.90625 1.71484375 2.73046875 -1.775390625 2.73046875 -1.775390625 2.552734375 1.71484375 2.552734375 1.71484375 2.376953125 -1.775390625 2.376953125 -1.775390625 2.201171875 1.71484375 2.201171875 1.71484375 1.84765625 1.71484375 1.671875 -1.775390625 1.671875 -1.775390625 1.494140625 1.71484375 1.494140625 1.46484375 5.376953125 -1.52734375 5.376953125 -1.52734375 5.0234375 1.46484375 5.0234375</float_array>
                    <technique_common>
                        <accessor count="324" source="#uvarrayMesh0_1" stride="2">
                            <param name="S" type="float"/>
                            <param name="T" type="float"/>
                        </accessor>
                    </technique_common>
                </source>
                <source id="colorsMesh0_1">
                    <float_array id="colorarrayMesh0_1" count="1296">0.8666666666666667 0.8666666666666667 0.8666666666666667 1 0.8666666666666667 0.8666666666666667 0.8666666666666667 1 0.8666666666666667 0.8666666666666667 0.8666666666666667 1 0.8666666666666667 0.8666666666666667 0.8666666666666667 1 0.8666666666666667 0.8666666666666667 0.8666666666666667 1 0.8666666666666667 0.8666666666666667 0.8666666666666667 1 0.8666666666666667 0.8666666666666667 0.8666666666666667 1 0.8666666666666667 0.8666666666666667 0.8666666666666667 1 0.8666666666666667 0.8666666666666667 0.8666666666666667 1 0.8666666666666667 0.8666666666666667 0.8666666666666667 1 0.8666666666666667 0.8666666666666667 0.8666666666666667 1 0.8666666666666667 0.8666666666666667 0.8666666666666667 1 0.8666666666666667 0.8666666666666667 0.8666666666666667 1 0.8666666666666667 0.8666666666666667 0.8666666666666667 1 0.8666666666666667 0.8666666666666667 0.8666666666666667 1 0.8666666666666667 0.8666666666666667 0.8666666666666667 1 0.8666666666666667 0.8666666666666667 0.8666666666666667 1 0.8666666666666667 0.8666666666666667 0.8666666666666667 1 0.8666666666666667 0.8666666666666667 0.8666666666666667 1 0.8666666666666667 0.8666666666666667 0.8666666666666667 1 0.8666666666666667 0.8666666666666667 0.8666666666666667 1 0.8666666666666667 0.8666666666666667 0.8666666666666667 1 0.8666666666666667 0.8666666666666667 0.8666666666666667 1 0.8666666666666667 0.8666666666666667 0.8666666666666667 1 0.8666666666666667 0.8666666666666667 0.8666666666666667 1 0.8666666666666667 0.8666666666666667 0.8666666666666667 1 0.8666666666666667 0.8666666666666667 0.8666666666666667 1 0.8666666666666667 0.8666666666666667 0.8666666666666667 1 0.8666666666666667 0.8666666666666667 0.8666666666666667 1 0.8666666666666667 0.8666666666666667 0.8666666666666667 1 0.8666666666666667 0.8666666666666667 0.8666666666666667 1 0.8666666666666667 0.8666666666666667 0.8666666666666667 1 0.8666666666666667 0.8666666666666667 0.8666666666666667 1 0.8666666666666667 0.8666666666666667 0.8666666666666667 1 0.8666666666666667 0.8666666666666667 0.8666666666666667 1 0.8666666666666667 0.8666666666666667 0.8666666666666667 1 0.8666666666666667 0.8666666666666667 0.8666666666666667 1 0.8666666666666667 0.8666666666666667 0.8666666666666667 1 0.8666666666666667 0.8666666666666667 0.8666666666666667 1 0.8666666666666667 0.8666666666666667 0.8666666666666667 1 0.8666666666666667 0.8666666666666667 0.8666666666666667 1 0.8666666666666667 0.8666666666666667 0.8666666666666667 1 0.8666666666666667 0.8666666666666667 0.8666666666666667 1 0.8666666666666667 0.8666666666666667 0.8666666666666667 1 0.8666666666666667 0.8666666666666667 0.8666666666666667 1 0.8666666666666667 0.8666666666666667 0.8666666666666667 1 0.8666666666666667 0.8666666666666667 0.8666666666666667 1 0.8666666666666667 0.8666666666666667 0.8666666666666667 1 0.8666666666666667 0.8666666666666667 0.8666666666666667 1 0.8666666666666667 0.8666666666666667 0.8666666666666667 1 0.8666666666666667 0.8666666666666667 0.8666666666666667 1 0.8666666666666667 0.8666666666666667 0.8666666666666667 1 0.8666666666666667 0.8666666666666667 0.8666666666666667 1 0.8666666666666667 0.8666666666666667 0.8666666666666667 1 0.8666666666666667 0.8666666666666667 0.8666666666666667 1 0.8666666666666667 0.8666666666666667 0.8666666666666667 1 0.8666666666666667 0.8666666666666667 0.8666666666666667 1 0.8666666666666667 0.8666666666666667 0.8666666666666667 1 0.8666666666666667 0.8666666666666667 0.8666666666666667 1 0.8666666666666667 0.8666666666666667 0.8666666666666667 1 0.8666666666666667 0.8666666666666667 0.8666666666666667 1 0.8666666666666667 0.8666666666666667 0.8666666666666667 1 0.8666666666666667 0.8666666666666667 0.8666666666666667 1 0.8666666666666667 0.8666666666666667 0.8666666666666667 1 0.8666666666666667 0.8666666666666667 0.8666666666666667 1 0.8666666666666667 0.8666666666666667 0.8666666666666667 1 0.8666666666666667 0.8666666666666667 0.8666666666666667 1 0.8666666666666667 0.8666666666666667 0.8666666666666667 1 0.8666666666666667 0.8666666666666667 0.8666666666666667 1 0.8666666666666667 0.8666666666666667 0.8666666666666667 1 0.8666666666666667 0.8666666666666667 0.8666666666666667 1 0.8666666666666667 0.8666666666666667 0.8666666666666667 1 0.8666666666666667 0.8666666666666667 0.8666666666666667 1 0.8666666666666667 0.8666666666666667 0.8666666666666667 1 0.8666666666666667 0.8666666666666667 0.8666666666666667 1 0.8666666666666667 0.8666666666666667 0.8666666666666667 1 0.8666666666666667 0.8666666666666667 0.8666666666666667 1 0.8666666666666667 0.8666666666666667 0.8666666666666667 1 0.8666666666666667 0.8666666666666667 0.8666666666666667 1 0.8666666666666667 0.8666666666666667 0.8666666666666667 1 0.8666666666666667 0.8666666666666667 0.8666666666666667 1 0.8666666666666667 0.8666666666666667 0.8666666666666667 1 0.8666666666666667 0.8666666666666667 0.8666666666666667 1 0.8666666666666667 0.8666666666666667 0.8666666666666667 1 0.8666666666666667 0.8666666666666667 0.8666666666666667 1 0.8666666666666667 0.8666666666666667 0.8666666666666667 1 0.8666666666666667 0.8666666666666667 0.8666666666666667 1 0.8666666666666667 0.8666666666666667 0.8666666666666667 1 0.8666666666666667 0.8666666666666667 0.8666666666666667 1 0.8666666666666667 0.8666666666666667 0.8666666666666667 1 0.8666666666666667 0.8666666666666667 0.8666666666666667 1 0.8666666666666667 0.8666666666666667 0.8666666666666667 1 0.8666666666666667 0.8666666666666667 0.8666666666666667 1 0.8666666666666667 0.8666666666666667 0.8666666666666667 1 0.8666666666666667 0.8666666666666667 0.8666666666666667 1 0.8666666666666667 0.8666666666666667 0.8666666666666667 1 0.8666666666666667 0.8666666666666667 0.8666666666666667 1 0.8666666666666667 0.8666666666666667 0.8666666666666667 1 0.8666666666666667 0.8666666666666667 0.8666666666666667 1 0.8666666666666667 0.8666666666666667 0.8666666666666667 1 0.8666666666666667 0.8666666666666667 0.8666666666666667 1 0.8666666666666667 0.8666666666666667 0.8666666666666667 1 0.8666666666666667 0.8666666666666667 0.8666666666666667 1 0.8666666666666667 0.8666666666666667 0.8666666666666667 1 0.8666666666666667 0.8666666666666667 0.8666666666666667 1 0.8666666666666667 0.8666666666666667 0.8666666666666667 1 0.8666666666666667 0.8666666666666667 0.8666666666666667 1 0.8666666666666667 0.8666666666666667 0.8666666666666667 1 0.8666666666666667 0.8666666666666667 0.8666666666666667 1 0.8666666666666667 0.8666666666666667 0.8666666666666667 1 0.8666666666666667 0.8666666666666667 0.8666666666666667 1 0.8666666666666667 0.8666666666666667 0.8666666666666667 1 0.8666666666666667 0.8666666666666667 0.8666666666666667 1 0.8666666666666667 0.8666666666666667 0.8666666666666667 1 0.8666666666666667 0.8666666666666667 0.8666666666666667 1 0.8666666666666667 0.8666666666666667 0.8666666666666667 1 0.8666666666666667 0.8666666666666667 0.8666666666666667 1 0.8666666666666667 0.8666666666666667 0.8666666666666667 1 0.8666666666666667 0.8666666666666667 0.8666666666666667 1 0.8666666666666667 0.8666666666666667 0.8666666666666667 1 0.8666666666666667 0.8666666666666667 0.8666666666666667 1 0.8666666666666667 0.8666666666666667 0.8666666666666667 1 0.8666666666666667 0.8666666666666667 0.8666666666666667 1 0.8666666666666667 0.8666666666666667 0.8666666666666667 1 0.8666666666666667 0.8666666666666667 0.8666666666666667 1 0.8666666666666667 0.8666666666666667 0.8666666666666667 1 0.8666666666666667 0.8666666666666667 0.8666666666666667 1 0.8666666666666667 0.8666666666666667 0.8666666666666667 1 0.8666666666666667 0.8666666666666667 0.8666666666666667 1 0.8666666666666667 0.8666666666666667 0.8666666666666667 1 0.8666666666666667 0.8666666666666667 0.8666666666666667 1 0.8666666666666667 0.8666666666666667 0.8666666666666667 1 0.8666666666666667 0.8666666666666667 0.8666666666666667 1 0.8666666666666667 0.8666666666666667 0.8666666666666667 1 0.8666666666666667 0.8666666666666667 0.8666666666666667 1 0.8666666666666667 0.8666666666666667 0.8666666666666667 1 0.8666666666666667 0.8666666666666667 0.8666666666666667 1 0.8666666666666667 0.8666666666666667 0.8666666666666667 1 0.8666666666666667 0.8666666666666667 0.8666666666666667 1 0.8666666666666667 0.8666666666666667 0.8666666666666667 1 0.8666666666666667 0.8666666666666667 0.8666666666666667 1 0.8666666666666667 0.8666666666666667 0.8666666666666667 1 0.8666666666666667 0.8666666666666667 0.8666666666666667 1 0.8666666666666667 0.8666666666666667 0.8666666666666667 1 1 1 1 1 1 1 1 1 1 1 1 1 1 1 1 1 1 1 1 1 1 1 1 1 1 1 1 1 1 1 1 1 1 1 1 1 1 1 1 1 1 1 1 1 1 1 1 1 1 1 1 1 1 1 1 1 1 1 1 1 1 1 1 1 1 1 1 1 1 1 1 1 1 1 1 1 1 1 1 1 1 1 1 1 1 1 1 1 1 1 1 1 1 1 1 1 1 1 1 1 1 1 1 1 1 1 1 1 1 1 1 1 1 1 1 1 1 1 1 1 1 1 1 1 1 1 1 1 1 1 1 1 1 1 1 1 1 1 1 1 1 1 1 1 1 1 1 1 1 1 1 1 1 1 1 1 1 1 1 1 1 1 1 1 1 1 1 1 1 1 1 1 1 1 1 1 1 1 1 1 1 1 1 1 1 1 1 1 1 1 1 1 1 1 1 1 1 1 1 1 1 1 1 1 1 1 1 1 1 1 1 1 1 1 1 1 1 1 1 1 1 1 1 1 1 1 1 1 1 1 1 1 1 1 1 1 1 1 1 1 1 1 1 1 1 1 1 1 1 1 1 1 1 1 1 1 1 1 1 1 1 1 1 1 1 1 1 1 1 1 1 1 1 1 1 1 1 1 1 1 1 1 1 1 1 1 1 1 1 1 1 1 1 1 1 1 1 1 1 1 1 1 1 1 1 1 1 1 1 1 1 1 1 1 1 1 1 1 1 1 1 1 1 1 1 1 1 1 1 1 1 1 1 1 1 1 1 1 1 1 1 1 1 1 1 1 1 1 1 1 1 1 1 1 1 1 1 1 1 1 1 1 1 1 1 1 1 1 1 1 1 1 1 1 1 1 1 1 1 1 1 1 1 1 1 1 1 1 1 1 1 1 1 1 1 1 1 1 1 1 1 1 1 1 1 1 1 1 1 1 1 1 1 1 1 1 1 1 1 1 1 1 1 1 1 1 1 1 1 1 1 1 1 1 1 1 1 1 1 1 1 1 1 1 1 1 1 1 1 1 1 1 1 1 1 1 1 1 1 1 1 1 1 1 1 1 1 1 1 1 1 1 1 1 1 1 1 1 1 1 1 1 1 1 1 1 1 1 1 1 1 1 1 1 1 1 1 1 1 1 1 1 1 1 1 1 1 1 1 1 1 1 1 1 1 1 1 1 1 1 1 1 1 1 1 1 1 1 1 1 1 1 1 1 1 1 1 1 1 1 1 1 1 1 1 1 1 1 1 1 1 1 1 1 1 1 1 1 1 1 1 1 1 1 1 1 1 1 1 1 1 1 1 1 1 1 1 1 1 1 1 1 1 1 1 1 1 1 1 1 1 1 1 1 1 1 1 1 1 1 1 1 1 1 1 1 1 1 1 1 1 1 1 1 1 1 1 1 1 1 1 1 1 1 1 1 1 1 1 1 1 1 1 1 1 1 1 1 1 1 1 1 1 1 1 1 1 1 1 1 1 1 1 1 1 1 1 1 1 1 1 1 1 1 1 1 1 1 1 1 1 1 1 1 1 1 1 1 1 1 1 1 1 1 1 1 1 1 1 1 1 1 1 1 1 1 1 1 1 1 1 1 1 1 1 1 1 1 1 1 1 1 1 1 1 1 1 1 1 1</float_array>
                    <technique_common>
                        <accessor count="324" source="#colorarrayMesh0_1" stride="4">
                            <param name="R" type="float"/>
                            <param name="G" type="float"/>
                            <param name="B" type="float"/>
                            <param name="A" type="float"/>
                        </accessor>
                    </technique_common>
                </source>
                <vertices id="verticesMesh0_1">
                    <input semantic="POSITION" source="#pointsMesh0_1"/>
                </vertices>
                <polylist count="166" material="Material1">
                    <input offset="0" semantic="VERTEX" source="#verticesMesh0_1"/>
                    <input offset="1" semantic="TEXCOORD" source="#uvsMesh0_1" set="0"/>
                    <input offset="2" semantic="COLOR" source="#colorsMesh0_1" set="0"/>
                    <vcount>3 3 3 3 3 3 3 3 3 3 3 3 3 3 3 3 3 3 3 3 3 3 3 3 3 3 3 3 3 3 3 3 3 3 3 3 3 3 3 3 3 3 3 3 3 3 3 3 3 3 3 3 3 3 3 3 3 3 3 3 3 3 3 3 3 3 3 3 3 3 3 3 3 3 3 3 3 3 3 3 3 3 3 3 3 3 3 3 3 3 3 3 3 3 3 3 3 3 3 3 3 3 3 3 3 3 3 3 3 3 3 3 3 3 3 3 3 3 3 3 3 3 3 3 3 3 3 3 3 3 3 3 3 3 3 3 3 3 3 3 3 3 3 3 3 3 3 3 3 3 3 3 3 3 3 3 3 3 3 3 3 3 3 3 3 3</vcount>
                    <p>0 0 0 1 1 1 2 2 2 3 3 3 4 4 4 5 5 5 3 3 3 5 5 5 6 6 6 7 7 7 8 8 8 9 9 9 7 7 7 9 9 9 10 10 10 11 11 11 12 12 12 13 13 13 11 11 11 14 14 14 12 12 12 15 15 15 16 16 16 17 17 17 0 0 0 18 18 18 1 1 1 19 19 19 20 20 20 21 21 21 19 19 19 22 22 22 20 20 20 23 23 23 24 24 24 25 25 25 23 23 23 26 26 26 24 24 24 15 15 15 27 27 27 16 16 16 28 28 28 29 29 29 30 30 30 31 31 31 32 32 32 33 33 33 31 31 31 34 34 34 32 32 32 35 35 35 36 36 36 37 37 37 35 35 35 38 38 38 36 36 36 39 39 39 40 40 40 41 41 41 39 39 39 42 42 42 40 40 40 43 43 43 44 44 44 45 45 45 28 28 28 30 30 30 46 46 46 47 47 47 48 48 48 49 49 49 47 47 47 50 50 50 48 48 48 51 51 51 52 52 52 53 53 53 51 51 51 53 53 53 54 54 54 43 43 43 45 45 45 55 55 55 56 56 56 57 57 57 58 58 58 59 59 59 60 60 60 61 61 61 59 59 59 61 61 61 62 62 62 63 63 63 64 64 64 65 65 65 63 63 63 66 66 66 64 64 64 67 67 67 68 68 68 69 69 69 67 67 67 70 70 70 68 68 68 71 71 71 72 72 72 73 73 73 56 56 56 58 58 58 74 74 74 75 75 75 76 76 76 77 77 77 75 75 75 78 78 78 76 76 76 79 79 79 80 80 80 81 81 81 79 79 79 82 82 82 80 80 80 71 71 71 83 83 83 72 72 72 84 84 84 85 85 85 86 86 86 87 87 87 88 88 88 89 89 89 87 87 87 89 89 89 90 90 90 91 91 91 92 92 92 93 93 93 91 91 91 94 94 94 92 92 92 95 95 95 96 96 96 97 97 97 95 95 95 98 98 98 96 96 96 99 99 99 100 100 100 101 101 101 84 84 84 102 102 102 85 85 85 103 103 103 104 104 104 105 105 105 103 103 103 105 105 105 106 106 106 107 107 107 108 108 108 109 109 109 107 107 107 110 110 110 108 108 108 99 99 99 111 111 111 100 100 100 112 112 112 113 113 113 114 114 114 115 115 115 116 116 116 117 117 117 115 115 115 118 118 118 116 116 116 119 119 119 120 120 120 121 121 121 119 119 119 121 121 121 122 122 122 123 123 123 124 124 124 125 125 125 123 123 123 126 126 126 124 124 124 127 127 127 128 128 128 129 129 129 112 112 112 114 114 114 130 130 130 131 131 131 132 132 132 133 133 133 131 131 131 134 134 134 132 132 132 135 135 135 136 136 136 137 137 137 135 135 135 138 138 138 136 136 136 127 127 127 139 139 139 128 128 128 140 140 140 141 141 141 142 142 142 140 140 140 143 143 143 141 141 141 144 144 144 145 145 145 146 146 146 147 147 147 148 148 148 149 149 149 147 147 147 149 149 149 150 150 150 151 151 151 152 152 152 153 153 153 151 151 151 154 154 154 152 152 152 155 155 155 156 156 156 157 157 157 155 155 155 157 157 157 158 158 158 159 159 159 160 160 160 161 161 161 144 144 144 146 146 146 162 162 162 163 163 163 164 164 164 165 165 165 163 163 163 166 166 166 164 164 164 167 167 167 168 168 168 169 169 169 167 167 167 170 170 170 168 168 168 159 159 159 161 161 161 171 171 171 172 172 172 173 173 173 174 174 174 175 175 175 176 176 176 177 177 177 175 175 175 177 177 177 178 178 178 179 179 179 180 180 180 181 181 181 179 179 179 181 181 181 182 182 182 183 183 183 184 184 184 185 185 185 183 183 183 186 186 186 184 184 184 187 187 187 188 188 188 189 189 189 172 172 172 190 190 190 173 173 173 191 191 191 192 192 192 193 193 193 191 191 191 194 194 194 192 192 192 195 195 195 196 196 196 197 197 197 195 195 195 197 197 197 198 198 198 187 187 187 199 199 199 188 188 188 200 200 200 201 201 201 202 202 202 203 203 203 204 204 204 205 205 205 203 203 203 205 205 205 206 206 206 207 207 207 208 208 208 209 209 209 200 200 200 202 202 202 207 207 207 200 200 200 207 207 207 209 209 209 200 200 200 210 210 210 201 201 201 211 211 211 212 212 212 213 213 213 211 211 211 214 214 214 212 212 212 215 215 215 216 216 216 217 217 217 215 215 215 217 217 217 218 218 218 219 219 219 220 220 220 221 221 221 219 219 219 222 222 222 220 220 220 220 220 220 223 223 223 221 221 221 220 220 220 224 224 224 223 223 223 219 219 219 225 225 225 222 222 222 226 226 226 227 227 227 228 228 228 226 226 226 228 228 228 229 229 229 230 230 230 231 231 231 232 232 232 230 230 230 233 233 233 231 231 231 234 234 234 235 235 235 236 236 236 234 234 234 236 236 236 237 237 237 238 238 238 239 239 239 235 235 235 238 238 238 240 240 240 236 236 236 241 241 241 242 242 242 237 237 237 234 234 234 243 243 243 242 242 242 244 244 244 245 245 245 246 246 246 247 247 247 248 248 248 249 249 249 244 244 244 246 246 246 250 250 250 251 251 251 252 252 252 253 253 253 251 251 251 253 253 253 254 254 254 255 255 255 256 256 256 257 257 257 255 255 255 257 257 257 258 258 258 247 247 247 259 259 259 248 248 248 260 260 260 261 261 261 262 262 262 263 263 263 264 264 264 265 265 265 263 263 263 265 265 265 266 266 266 267 267 267 268 268 268 269 269 269 267 267 267 270 270 270 268 268 268 271 271 271 272 272 272 273 273 273 271 271 271 273 273 273 274 274 274 275 275 275 276 276 276 277 277 277 260 260 260 262 262 262 278 278 278 279 279 279 280 280 280 281 281 281 279 279 279 282 282 282 280 280 280 283 283 283 284 284 284 285 285 285 283 283 283 285 285 285 286 286 286 275 275 275 287 287 287 276 276 276 288 288 288 289 289 289 290 290 290 291 291 291 292 292 292 293 293 293 291 291 291 294 294 294 292 292 292 295 295 295 296 296 296 297 297 297 295 295 295 297 297 297 298 298 298 299 299 299 300 300 300 301 301 301 299 299 299 301 301 301 302 302 302 303 303 303 304 304 304 305 305 305 288 288 288 290 290 290 306 306 306 307 307 307 308 308 308 309 309 309 307 307 307 309 309 309 310 310 310 311 311 311 312 312 312 313 313 313 311 311 311 313 313 313 314 314 314 303 303 303 305 305 305 315 315 315 316 316 316 317 317 317 318 318 318 316 316 316 318 318 318 319 319 319 320 320 320 321 321 321 322 322 322 320 320 320 322 322 322 323 323 323</p>
                </polylist>
            </mesh>
        </geometry>
        <geometry id="meshMesh0_2">
            <mesh>
                <source id="pointsMesh0_2">
                    <float_array id="pointarrayMesh0_2" count="972">-2330 102 163 -2619 77 452 -2330 77 163 -2221 26 272 -2510 26 561 -2510 0 561 -2221 0 272 -2257 51 235 -2547 51 524 -2547 26 524 -2257 26 235 -2294 77 199 -2583 51 488 -2294 51 199 -2583 77 488 -2438 179 54 -2728 154 343 -2438 154 54 -2619 102 452 -2366 128 127 -2655 102 416 -2366 102 127 -2655 128 416 -2402 154 91 -2691 128 380 -2402 128 91 -2691 154 380 -2728 179 343 355 128 91 644 128 380 644 154 380 -2475 205 18 -2764 179 307 -2475 179 18 -2764 205 307 428 179 18 717 205 307 428 205 18 717 179 307 391 154 54 681 179 343 391 179 54 681 154 343 247 51 199 536 51 488 536 77 488 355 154 91 319 102 127 608 128 416 319 128 127 608 102 416 283 77 163 572 77 452 572 102 452 283 102 163 247 77 199 -869 205 -50 -1177 205 -50 -1177 179 -50 210 26 235 500 26 524 500 51 524 210 51 235 174 0 272 463 26 561 174 26 272 463 0 561 -869 230 -76 -1177 205 -76 -869 205 -76 -1177 230 -76 -869 128 26 -1177 102 26 -869 102 26 -869 179 -50 -869 179 -25 -1177 154 -25 -869 154 -25 -1177 179 -25 -869 154 0 -1177 128 0 -869 128 0 -1177 154 0 -1177 128 26 -869 26 128 -1177 0 128 -869 0 128 -869 102 51 -1177 102 51 -1177 77 51 -869 77 51 -869 77 77 -1177 51 77 -869 51 77 -1177 77 77 -869 51 102 -1177 26 102 -869 26 102 -1177 51 102 -869 435 -281 -1177 410 -281 -869 410 -281 -1177 26 128 -869 486 -332 -1177 486 -332 -1177 461 -332 -869 461 -332 -869 461 -306 -1177 435 -306 -869 435 -306 -1177 461 -306 -1177 435 -281 -869 333 -178 -1177 333 -178 -1177 307 -178 -869 410 -255 -1177 384 -255 -869 384 -255 -1177 410 -255 -869 384 -229 -1177 384 -229 -1177 358 -229 -869 358 -229 -869 358 -204 -1177 333 -204 -869 333 -204 -1177 358 -204 -869 256 -101 -1177 230 -101 -869 230 -101 -869 307 -178 -869 307 -153 -1177 282 -153 -869 282 -153 -1177 307 -153 -869 282 -127 -1177 256 -127 -869 256 -127 -1177 282 -127 -1177 256 -101 -869 512 -357 -1177 486 -357 -869 486 -357 -1177 512 -357 -2330 77 163 -2619 77 452 -2583 77 488 -562 0 2202 -1484 0 2202 -1484 0 2714 -562 0 2714 -2257 26 235 -2510 26 561 -2221 26 272 -2547 26 524 -2294 51 199 -2583 51 488 -2547 51 524 -2257 51 235 -2438 154 54 -2728 154 343 -2691 154 380 -2294 77 199 -2366 102 127 -2619 102 452 -2330 102 163 -2655 102 416 -2402 128 91 -2655 128 416 -2366 128 127 -2691 128 380 -2402 154 91 319 128 127 644 128 380 355 128 91 -2475 179 18 -2764 179 307 -2728 179 343 -2438 179 54 391 179 54 681 179 343 717 179 307 428 179 18 355 154 91 681 154 343 391 154 54 644 154 380 210 51 235 536 51 488 247 51 199 608 128 416 283 102 163 608 102 416 319 102 127 572 102 452 247 77 199 536 77 488 572 77 452 283 77 163 500 51 524 512 205 -101 717 205 307 1024 205 0 174 26 272 463 26 561 500 26 524 210 26 235 1024 205 -1023 819 205 -1228 512 205 -1023 410 205 0 1075 205 -306 1024 205 -153 1075 205 -153 1024 205 -306 -3122 205 -716 -3071 205 -716 -3071 205 -869 -3122 205 -869 -2559 205 -1023 -3071 205 0 -2559 205 -101 -3071 205 -1023 -2457 205 0 -2764 205 307 -2866 205 -1228 -1177 0 2202 -869 0 2202 -869 0 2150 -1177 0 2150 -1330 0 2150 -716 0 1536 -1330 0 1536 -716 0 2150 -818 0 1229 -1228 0 1229 -1535 0 1536 -511 0 1536 -2203 0 253 -1535 0 1536 -2510 0 561 463 0 561 156 0 253 -511 0 1536 -869 230 -101 -1177 230 -101 -1177 230 -76 -869 154 -25 -1177 154 0 -869 154 0 -869 230 -76 -869 205 -76 -1177 205 -76 -1177 205 -50 -869 205 -50 -869 179 -50 -1177 179 -50 -1177 179 -25 -869 179 -25 -1177 154 -25 -869 51 77 -1177 51 77 -1177 51 102 -869 128 0 -1177 128 0 -1177 128 26 -869 128 26 -869 102 26 -1177 102 51 -869 102 51 -1177 102 26 -869 77 51 -1177 77 51 -1177 77 77 -869 77 77 -869 461 -332 -1177 461 -306 -869 461 -306 -869 51 102 -869 26 102 -1177 26 128 -869 26 128 -1177 26 102 -869 486 -357 -1177 486 -357 -1177 486 -332 -869 486 -332 -1177 461 -332 -869 358 -229 -1177 358 -229 -1177 358 -204 -869 435 -306 -1177 435 -281 -869 435 -281 -1177 435 -306 -869 410 -281 -1177 410 -281 -1177 410 -255 -869 410 -255 -869 384 -255 -1177 384 -255 -1177 384 -229 -869 384 -229 -869 282 -153 -1177 282 -153 -1177 282 -127 -869 358 -204 -869 333 -204 -1177 333 -204 -1177 333 -178 -869 333 -178 -869 307 -178 -1177 307 -178 -1177 307 -153 -869 307 -153 -869 282 -127 -869 256 -127 -1177 256 -127 -1177 256 -101 -869 256 -101 -869 512 -409 -1177 512 -409 -1177 512 -357 -869 512 -357</float_array>
                    <technique_common>
                        <accessor count="324" source="#pointarrayMesh0_2" stride="3">
                            <param name="X" type="float"/>
                            <param name="Y" type="float"/>
                            <param name="Z" type="float"/>
                        </accessor>
                    </technique_common>
                </source>
                <source id="uvsMesh0_2">
                    <float_array id="uvarrayMesh0_2" count="648">1.96484375 -0.080078125 -0.02734375 -0.142578125 1.96484375 -0.142578125 1.96484375 -0.916015625 -0.02734375 -0.916015625 -0.02734375 -0.978515625 1.96484375 -0.978515625 1.96484375 -0.638671875 -0.02734375 -0.638671875 -0.02734375 -0.69921875 1.96484375 -0.69921875 1.96484375 -0.359375 -0.02734375 -0.421875 1.96484375 -0.421875 -0.02734375 -0.359375 1.96484375 0.751953125 -0.02734375 0.69140625 1.96484375 0.69140625 -0.02734375 -0.080078125 1.96484375 0.1953125 -0.02734375 0.1328125 1.96484375 0.1328125 -0.02734375 0.1953125 1.96484375 0.474609375 -0.02734375 0.412109375 1.96484375 0.412109375 -0.02734375 0.474609375 -0.02734375 0.751953125 -0.03515625 0.427734375 1.955078125 0.427734375 1.955078125 0.490234375 1.96484375 1 -0.02734375 0.96875 1.96484375 0.96875 -0.02734375 1 -0.03515625 0.984375 1.955078125 1.046875 -0.03515625 1.046875 1.955078125 0.984375 -0.03515625 0.70703125 1.955078125 0.767578125 -0.03515625 0.767578125 1.955078125 0.70703125 -0.03515625 -0.40625 1.955078125 -0.40625 1.955078125 -0.34375 -0.03515625 0.490234375 -0.03515625 0.1484375 1.955078125 0.2109375 -0.03515625 0.2109375 1.955078125 0.1484375 -0.03515625 -0.126953125 1.955078125 -0.126953125 1.955078125 -0.064453125 -0.03515625 -0.064453125 -0.03515625 -0.34375 1.71484375 0.7890625 -1.775390625 0.7890625 -1.775390625 0.61328125 -0.03515625 -0.68359375 1.955078125 -0.68359375 1.955078125 -0.623046875 -0.03515625 -0.623046875 -0.03515625 -0.962890625 1.955078125 -0.900390625 -0.03515625 -0.900390625 1.955078125 -0.962890625 1.71484375 1.142578125 -1.775390625 0.96484375 1.71484375 0.96484375 -1.775390625 1.142578125 1.71484375 -0.267578125 -1.775390625 -0.443359375 1.71484375 -0.443359375 1.71484375 0.61328125 1.71484375 0.435546875 -1.775390625 0.259765625 1.71484375 0.259765625 -1.775390625 0.435546875 1.71484375 0.083984375 -1.775390625 -0.091796875 1.71484375 -0.091796875 -1.775390625 0.083984375 -1.775390625 -0.267578125 1.71484375 -1.6796875 -1.775390625 -1.85546875 1.71484375 -1.85546875 1.71484375 -0.62109375 -1.775390625 -0.62109375 -1.775390625 -0.796875 1.71484375 -0.796875 1.71484375 -0.97265625 -1.775390625 -1.150390625 1.71484375 -1.150390625 -1.775390625 -0.97265625 1.71484375 -1.326171875 -1.775390625 -1.501953125 1.71484375 -1.501953125 -1.775390625 -1.326171875 1.71484375 3.96484375 -1.775390625 3.7890625 1.71484375 3.7890625 -1.775390625 -1.6796875 1.71484375 4.669921875 -1.775390625 4.669921875 -1.775390625 4.494140625 1.71484375 4.494140625 1.71484375 4.318359375 -1.775390625 4.140625 1.71484375 4.140625 -1.775390625 4.318359375 -1.775390625 3.96484375 1.71484375 2.552734375 -1.775390625 2.552734375 -1.775390625 2.376953125 1.71484375 3.611328125 -1.775390625 3.435546875 1.71484375 3.435546875 -1.775390625 3.611328125 1.71484375 3.259765625 -1.775390625 3.259765625 -1.775390625 3.08203125 1.71484375 3.08203125 1.71484375 2.90625 -1.775390625 2.73046875 1.71484375 2.73046875 -1.775390625 2.90625 1.71484375 1.494140625 -1.775390625 1.318359375 1.71484375 1.318359375 1.71484375 2.376953125 1.71484375 2.201171875 -1.775390625 2.0234375 1.71484375 2.0234375 -1.775390625 2.201171875 1.71484375 1.84765625 -1.775390625 1.671875 1.71484375 1.671875 -1.775390625 1.84765625 -1.775390625 1.494140625 1.71484375 5.0234375 -1.775390625 4.84765625 1.71484375 4.84765625 -1.775390625 5.0234375 1.96484375 -0.142578125 -0.02734375 -0.142578125 -0.02734375 -0.359375 2.462890625 1 -2.025390625 1 -2.025390625 -1.4609375 2.462890625 -1.4609375 1.96484375 -0.69921875 -0.02734375 -0.916015625 1.96484375 -0.916015625 -0.02734375 -0.69921875 1.96484375 -0.421875 -0.02734375 -0.421875 -0.02734375 -0.638671875 1.96484375 -0.638671875 1.96484375 0.69140625 -0.02734375 0.69140625 -0.02734375 0.474609375 1.96484375 -0.359375 1.96484375 0.1328125 -0.02734375 -0.080078125 1.96484375 -0.080078125 -0.02734375 0.1328125 1.96484375 0.412109375 -0.02734375 0.1953125 1.96484375 0.1953125 -0.02734375 0.412109375 1.96484375 0.474609375 -0.03515625 0.2109375 1.955078125 0.427734375 -0.03515625 0.427734375 1.96484375 0.96875 -0.02734375 0.96875 -0.02734375 0.751953125 1.96484375 0.751953125 -0.03515625 0.767578125 1.955078125 0.767578125 1.955078125 0.984375 -0.03515625 0.984375 -0.03515625 0.490234375 1.955078125 0.70703125 -0.03515625 0.70703125 1.955078125 0.490234375 -0.03515625 -0.623046875 1.955078125 -0.40625 -0.03515625 -0.40625 1.955078125 0.2109375 -0.03515625 -0.064453125 1.955078125 0.1484375 -0.03515625 0.1484375 1.955078125 -0.064453125 -0.03515625 -0.34375 1.955078125 -0.34375 1.955078125 -0.126953125 -0.03515625 -0.126953125 1.955078125 -0.623046875 6.455078125 0.533203125 7.453125 -1.4609375 8.951171875 0.033203125 -0.03515625 -0.900390625 1.955078125 -0.900390625 1.955078125 -0.68359375 -0.03515625 -0.68359375 8.951171875 5.0234375 7.953125 6.021484375 6.455078125 5.0234375 5.95703125 0.033203125 0 -1.7109375 0.716796875 -1.9609375 0.716796875 -1.7109375 0 -1.9609375 2.21484375 0.283203125 2.462890625 0.283203125 2.462890625 1 2.21484375 1 -8.51171875 5.0234375 -11.0078125 0.033203125 -8.51171875 0.533203125 -11.0078125 5.0234375 -8.013671875 0.033203125 -9.509765625 -1.4609375 -10.009765625 6.021484375 0 0.78125 1.466796875 0.78125 1.466796875 1 0 1 -0.52734375 -9.447265625 2.462890625 -6.451171875 -0.52734375 -6.451171875 2.462890625 -9.447265625 1.96484375 -4.955078125 0 -4.955078125 -1.525390625 -6.453125 3.4609375 -6.453125 -4.783203125 -0.201171875 -1.525390625 -6.451171875 -6.279296875 -1.69921875 8.21484375 -1.69921875 6.71875 -0.201171875 3.4609375 -6.451171875 1.71484375 1.318359375 -1.775390625 1.318359375 -1.775390625 1.142578125 1.71484375 0.259765625 -1.775390625 0.083984375 1.71484375 0.083984375 1.71484375 1.142578125 1.71484375 0.96484375 -1.775390625 0.96484375 -1.775390625 0.7890625 1.71484375 0.7890625 1.71484375 0.61328125 -1.775390625 0.61328125 -1.775390625 0.435546875 1.71484375 0.435546875 -1.775390625 0.259765625 1.71484375 -1.150390625 -1.775390625 -1.150390625 -1.775390625 -1.326171875 1.71484375 -0.091796875 -1.775390625 -0.091796875 -1.775390625 -0.267578125 1.71484375 -0.267578125 1.71484375 -0.443359375 -1.775390625 -0.62109375 1.71484375 -0.62109375 -1.775390625 -0.443359375 1.71484375 -0.796875 -1.775390625 -0.796875 -1.775390625 -0.97265625 1.71484375 -0.97265625 1.71484375 4.494140625 -1.775390625 4.318359375 1.71484375 4.318359375 1.71484375 -1.326171875 1.71484375 -1.501953125 -1.775390625 -1.6796875 1.71484375 -1.6796875 -1.775390625 -1.501953125 1.71484375 4.84765625 -1.775390625 4.84765625 -1.775390625 4.669921875 1.71484375 4.669921875 -1.775390625 4.494140625 1.71484375 3.08203125 -1.775390625 3.08203125 -1.775390625 2.90625 1.71484375 4.140625 -1.775390625 3.96484375 1.71484375 3.96484375 -1.775390625 4.140625 1.71484375 3.7890625 -1.775390625 3.7890625 -1.775390625 3.611328125 1.71484375 3.611328125 1.71484375 3.435546875 -1.775390625 3.435546875 -1.775390625 3.259765625 1.71484375 3.259765625 1.71484375 2.0234375 -1.775390625 2.0234375 -1.775390625 1.84765625 1.71484375 2.90625 1.71484375 2.73046875 -1.775390625 2.73046875 -1.775390625 2.552734375 1.71484375 2.552734375 1.71484375 2.376953125 -1.775390625 2.376953125 -1.775390625 2.201171875 1.71484375 2.201171875 1.71484375 1.84765625 1.71484375 1.671875 -1.775390625 1.671875 -1.775390625 1.494140625 1.71484375 1.494140625 1.46484375 5.376953125 -1.52734375 5.376953125 -1.52734375 5.0234375 1.46484375 5.0234375</float_array>
                    <technique_common>
                        <accessor count="324" source="#uvarrayMesh0_2" stride="2">
                            <param name="S" type="float"/>
                            <param name="T" type="float"/>
                        </accessor>
                    </technique_common>
                </source>
                <source id="colorsMesh0_2">
                    <float_array id="colorarrayMesh0_2" count="1296">0.3215686274509804 0.3215686274509804 0.3215686274509804 1 0.3215686274509804 0.3215686274509804 0.3215686274509804 1 0.3215686274509804 0.3215686274509804 0.3215686274509804 1 0.3215686274509804 0.3215686274509804 0.3215686274509804 1 0.3215686274509804 0.3215686274509804 0.3215686274509804 1 0.3215686274509804 0.3215686274509804 0.3215686274509804 1 0.3215686274509804 0.3215686274509804 0.3215686274509804 1 0.3215686274509804 0.3215686274509804 0.3215686274509804 1 0.3215686274509804 0.3215686274509804 0.3215686274509804 1 0.3215686274509804 0.3215686274509804 0.3215686274509804 1 0.3215686274509804 0.3215686274509804 0.3215686274509804 1 0.3215686274509804 0.3215686274509804 0.3215686274509804 1 0.3215686274509804 0.3215686274509804 0.3215686274509804 1 0.3215686274509804 0.3215686274509804 0.3215686274509804 1 0.3215686274509804 0.3215686274509804 0.3215686274509804 1 0.3215686274509804 0.3215686274509804 0.3215686274509804 1 0.3215686274509804 0.3215686274509804 0.3215686274509804 1 0.3215686274509804 0.3215686274509804 0.3215686274509804 1 0.3215686274509804 0.3215686274509804 0.3215686274509804 1 0.3215686274509804 0.3215686274509804 0.3215686274509804 1 0.3215686274509804 0.3215686274509804 0.3215686274509804 1 0.3215686274509804 0.3215686274509804 0.3215686274509804 1 0.3215686274509804 0.3215686274509804 0.3215686274509804 1 0.3215686274509804 0.3215686274509804 0.3215686274509804 1 0.3215686274509804 0.3215686274509804 0.3215686274509804 1 0.3215686274509804 0.3215686274509804 0.3215686274509804 1 0.3215686274509804 0.3215686274509804 0.3215686274509804 1 0.3215686274509804 0.3215686274509804 0.3215686274509804 1 0.3215686274509804 0.3215686274509804 0.3215686274509804 1 0.3215686274509804 0.3215686274509804 0.3215686274509804 1 0.3215686274509804 0.3215686274509804 0.3215686274509804 1 0.3215686274509804 0.3215686274509804 0.3215686274509804 1 0.3215686274509804 0.3215686274509804 0.3215686274509804 1 0.3215686274509804 0.3215686274509804 0.3215686274509804 1 0.3215686274509804 0.3215686274509804 0.3215686274509804 1 0.3215686274509804 0.3215686274509804 0.3215686274509804 1 0.3215686274509804 0.3215686274509804 0.3215686274509804 1 0.3215686274509804 0.3215686274509804 0.3215686274509804 1 0.3215686274509804 0.3215686274509804 0.3215686274509804 1 0.3215686274509804 0.3215686274509804 0.3215686274509804 1 0.3215686274509804 0.3215686274509804 0.3215686274509804 1 0.3215686274509804 0.3215686274509804 0.3215686274509804 1 0.3215686274509804 0.3215686274509804 0.3215686274509804 1 0.3215686274509804 0.3215686274509804 0.3215686274509804 1 0.3215686274509804 0.3215686274509804 0.3215686274509804 1 0.3215686274509804 0.3215686274509804 0.3215686274509804 1 0.3215686274509804 0.3215686274509804 0.3215686274509804 1 0.3215686274509804 0.3215686274509804 0.3215686274509804 1 0.3215686274509804 0.3215686274509804 0.3215686274509804 1 0.3215686274509804 0.3215686274509804 0.3215686274509804 1 0.3215686274509804 0.3215686274509804 0.3215686274509804 1 0.3215686274509804 0.3215686274509804 0.3215686274509804 1 0.3215686274509804 0.3215686274509804 0.3215686274509804 1 0.3215686274509804 0.3215686274509804 0.3215686274509804 1 0.3215686274509804 0.3215686274509804 0.3215686274509804 1 0.3215686274509804 0.3215686274509804 0.3215686274509804 1 0.3215686274509804 0.3215686274509804 0.3215686274509804 1 0.3215686274509804 0.3215686274509804 0.3215686274509804 1 0.3215686274509804 0.3215686274509804 0.3215686274509804 1 0.3215686274509804 0.3215686274509804 0.3215686274509804 1 0.3215686274509804 0.3215686274509804 0.3215686274509804 1 0.3215686274509804 0.3215686274509804 0.3215686274509804 1 0.3215686274509804 0.3215686274509804 0.3215686274509804 1 0.3215686274509804 0.3215686274509804 0.3215686274509804 1 0.3215686274509804 0.3215686274509804 0.3215686274509804 1 0.3215686274509804 0.3215686274509804 0.3215686274509804 1 0.3215686274509804 0.3215686274509804 0.3215686274509804 1 0.3215686274509804 0.3215686274509804 0.3215686274509804 1 0.3215686274509804 0.3215686274509804 0.3215686274509804 1 0.3215686274509804 0.3215686274509804 0.3215686274509804 1 0.3215686274509804 0.3215686274509804 0.3215686274509804 1 0.3215686274509804 0.3215686274509804 0.3215686274509804 1 0.3215686274509804 0.3215686274509804 0.3215686274509804 1 0.3215686274509804 0.3215686274509804 0.3215686274509804 1 0.3215686274509804 0.3215686274509804 0.3215686274509804 1 0.3215686274509804 0.3215686274509804 0.3215686274509804 1 0.3215686274509804 0.3215686274509804 0.3215686274509804 1 0.3215686274509804 0.3215686274509804 0.3215686274509804 1 0.3215686274509804 0.3215686274509804 0.3215686274509804 1 0.3215686274509804 0.3215686274509804 0.3215686274509804 1 0.3215686274509804 0.3215686274509804 0.3215686274509804 1 0.3215686274509804 0.3215686274509804 0.3215686274509804 1 0.3215686274509804 0.3215686274509804 0.3215686274509804 1 0.3215686274509804 0.3215686274509804 0.3215686274509804 1 0.3215686274509804 0.3215686274509804 0.3215686274509804 1 0.3215686274509804 0.3215686274509804 0.3215686274509804 1 0.3215686274509804 0.3215686274509804 0.3215686274509804 1 0.3215686274509804 0.3215686274509804 0.3215686274509804 1 0.3215686274509804 0.3215686274509804 0.3215686274509804 1 0.3215686274509804 0.3215686274509804 0.3215686274509804 1 0.3215686274509804 0.3215686274509804 0.3215686274509804 1 0.3215686274509804 0.3215686274509804 0.3215686274509804 1 0.3215686274509804 0.3215686274509804 0.3215686274509804 1 0.3215686274509804 0.3215686274509804 0.3215686274509804 1 0.3215686274509804 0.3215686274509804 0.3215686274509804 1 0.3215686274509804 0.3215686274509804 0.3215686274509804 1 0.3215686274509804 0.3215686274509804 0.3215686274509804 1 0.3215686274509804 0.3215686274509804 0.3215686274509804 1 0.3215686274509804 0.3215686274509804 0.3215686274509804 1 0.3215686274509804 0.3215686274509804 0.3215686274509804 1 0.3215686274509804 0.3215686274509804 0.3215686274509804 1 0.3215686274509804 0.3215686274509804 0.3215686274509804 1 0.3215686274509804 0.3215686274509804 0.3215686274509804 1 0.3215686274509804 0.3215686274509804 0.3215686274509804 1 0.3215686274509804 0.3215686274509804 0.3215686274509804 1 0.3215686274509804 0.3215686274509804 0.3215686274509804 1 0.3215686274509804 0.3215686274509804 0.3215686274509804 1 0.3215686274509804 0.3215686274509804 0.3215686274509804 1 0.3215686274509804 0.3215686274509804 0.3215686274509804 1 0.3215686274509804 0.3215686274509804 0.3215686274509804 1 0.3215686274509804 0.3215686274509804 0.3215686274509804 1 0.3215686274509804 0.3215686274509804 0.3215686274509804 1 0.3215686274509804 0.3215686274509804 0.3215686274509804 1 0.3215686274509804 0.3215686274509804 0.3215686274509804 1 0.3215686274509804 0.3215686274509804 0.3215686274509804 1 0.3215686274509804 0.3215686274509804 0.3215686274509804 1 0.3215686274509804 0.3215686274509804 0.3215686274509804 1 0.3215686274509804 0.3215686274509804 0.3215686274509804 1 0.3215686274509804 0.3215686274509804 0.3215686274509804 1 0.3215686274509804 0.3215686274509804 0.3215686274509804 1 0.3215686274509804 0.3215686274509804 0.3215686274509804 1 0.3215686274509804 0.3215686274509804 0.3215686274509804 1 0.3215686274509804 0.3215686274509804 0.3215686274509804 1 0.3215686274509804 0.3215686274509804 0.3215686274509804 1 0.3215686274509804 0.3215686274509804 0.3215686274509804 1 0.3215686274509804 0.3215686274509804 0.3215686274509804 1 0.3215686274509804 0.3215686274509804 0.3215686274509804 1 0.3215686274509804 0.3215686274509804 0.3215686274509804 1 0.3215686274509804 0.3215686274509804 0.3215686274509804 1 0.3215686274509804 0.3215686274509804 0.3215686274509804 1 0.3215686274509804 0.3215686274509804 0.3215686274509804 1 0.3215686274509804 0.3215686274509804 0.3215686274509804 1 0.3215686274509804 0.3215686274509804 0.3215686274509804 1 0.3215686274509804 0.3215686274509804 0.3215686274509804 1 0.3215686274509804 0.3215686274509804 0.3215686274509804 1 0.3215686274509804 0.3215686274509804 0.3215686274509804 1 0.3215686274509804 0.3215686274509804 0.3215686274509804 1 0.3215686274509804 0.3215686274509804 0.3215686274509804 1 0.3215686274509804 0.3215686274509804 0.3215686274509804 1 0.3215686274509804 0.3215686274509804 0.3215686274509804 1 0.3215686274509804 0.3215686274509804 0.3215686274509804 1 0.3215686274509804 0.3215686274509804 0.3215686274509804 1 0.3215686274509804 0.3215686274509804 0.3215686274509804 1 0.3215686274509804 0.3215686274509804 0.3215686274509804 1 0.37254901960784315 0.37254901960784315 0.37254901960784315 1 0.37254901960784315 0.37254901960784315 0.37254901960784315 1 0.37254901960784315 0.37254901960784315 0.37254901960784315 1 0.37254901960784315 0.37254901960784315 0.37254901960784315 1 0.37254901960784315 0.37254901960784315 0.37254901960784315 1 0.37254901960784315 0.37254901960784315 0.37254901960784315 1 0.37254901960784315 0.37254901960784315 0.37254901960784315 1 0.37254901960784315 0.37254901960784315 0.37254901960784315 1 0.37254901960784315 0.37254901960784315 0.37254901960784315 1 0.37254901960784315 0.37254901960784315 0.37254901960784315 1 0.37254901960784315 0.37254901960784315 0.37254901960784315 1 0.37254901960784315 0.37254901960784315 0.37254901960784315 1 0.37254901960784315 0.37254901960784315 0.37254901960784315 1 0.37254901960784315 0.37254901960784315 0.37254901960784315 1 0.37254901960784315 0.37254901960784315 0.37254901960784315 1 0.37254901960784315 0.37254901960784315 0.37254901960784315 1 0.37254901960784315 0.37254901960784315 0.37254901960784315 1 0.37254901960784315 0.37254901960784315 0.37254901960784315 1 0.37254901960784315 0.37254901960784315 0.37254901960784315 1 0.37254901960784315 0.37254901960784315 0.37254901960784315 1 0.37254901960784315 0.37254901960784315 0.37254901960784315 1 0.37254901960784315 0.37254901960784315 0.37254901960784315 1 0.37254901960784315 0.37254901960784315 0.37254901960784315 1 0.37254901960784315 0.37254901960784315 0.37254901960784315 1 0.37254901960784315 0.37254901960784315 0.37254901960784315 1 0.37254901960784315 0.37254901960784315 0.37254901960784315 1 0.37254901960784315 0.37254901960784315 0.37254901960784315 1 0.37254901960784315 0.37254901960784315 0.37254901960784315 1 0.37254901960784315 0.37254901960784315 0.37254901960784315 1 0.37254901960784315 0.37254901960784315 0.37254901960784315 1 0.37254901960784315 0.37254901960784315 0.37254901960784315 1 0.37254901960784315 0.37254901960784315 0.37254901960784315 1 0.37254901960784315 0.37254901960784315 0.37254901960784315 1 0.37254901960784315 0.37254901960784315 0.37254901960784315 1 0.37254901960784315 0.37254901960784315 0.37254901960784315 1 0.37254901960784315 0.37254901960784315 0.37254901960784315 1 0.37254901960784315 0.37254901960784315 0.37254901960784315 1 0.37254901960784315 0.37254901960784315 0.37254901960784315 1 0.37254901960784315 0.37254901960784315 0.37254901960784315 1 0.37254901960784315 0.37254901960784315 0.37254901960784315 1 0.37254901960784315 0.37254901960784315 0.37254901960784315 1 0.37254901960784315 0.37254901960784315 0.37254901960784315 1 0.37254901960784315 0.37254901960784315 0.37254901960784315 1 0.37254901960784315 0.37254901960784315 0.37254901960784315 1 0.37254901960784315 0.37254901960784315 0.37254901960784315 1 0.37254901960784315 0.37254901960784315 0.37254901960784315 1 0.37254901960784315 0.37254901960784315 0.37254901960784315 1 0.37254901960784315 0.37254901960784315 0.37254901960784315 1 0.37254901960784315 0.37254901960784315 0.37254901960784315 1 0.37254901960784315 0.37254901960784315 0.37254901960784315 1 0.37254901960784315 0.37254901960784315 0.37254901960784315 1 0.37254901960784315 0.37254901960784315 0.37254901960784315 1 0.37254901960784315 0.37254901960784315 0.37254901960784315 1 0.37254901960784315 0.37254901960784315 0.37254901960784315 1 0.37254901960784315 0.37254901960784315 0.37254901960784315 1 0.37254901960784315 0.37254901960784315 0.37254901960784315 1 0.37254901960784315 0.37254901960784315 0.37254901960784315 1 0.37254901960784315 0.37254901960784315 0.37254901960784315 1 0.37254901960784315 0.37254901960784315 0.37254901960784315 1 0.37254901960784315 0.37254901960784315 0.37254901960784315 1 0.37254901960784315 0.37254901960784315 0.37254901960784315 1 0.37254901960784315 0.37254901960784315 0.37254901960784315 1 0.37254901960784315 0.37254901960784315 0.37254901960784315 1 0.37254901960784315 0.37254901960784315 0.37254901960784315 1 0.37254901960784315 0.37254901960784315 0.37254901960784315 1 0.37254901960784315 0.37254901960784315 0.37254901960784315 1 0.37254901960784315 0.37254901960784315 0.37254901960784315 1 0.37254901960784315 0.37254901960784315 0.37254901960784315 1 0.37254901960784315 0.37254901960784315 0.37254901960784315 1 0.37254901960784315 0.37254901960784315 0.37254901960784315 1 0.37254901960784315 0.37254901960784315 0.37254901960784315 1 0.37254901960784315 0.37254901960784315 0.37254901960784315 1 0.37254901960784315 0.37254901960784315 0.37254901960784315 1 0.37254901960784315 0.37254901960784315 0.37254901960784315 1 0.37254901960784315 0.37254901960784315 0.37254901960784315 1 0.37254901960784315 0.37254901960784315 0.37254901960784315 1 0.37254901960784315 0.37254901960784315 0.37254901960784315 1 0.37254901960784315 0.37254901960784315 0.37254901960784315 1 0.37254901960784315 0.37254901960784315 0.37254901960784315 1 0.37254901960784315 0.37254901960784315 0.37254901960784315 1 0.37254901960784315 0.37254901960784315 0.37254901960784315 1 0.37254901960784315 0.37254901960784315 0.37254901960784315 1 0.37254901960784315 0.37254901960784315 0.37254901960784315 1 0.37254901960784315 0.37254901960784315 0.37254901960784315 1 0.37254901960784315 0.37254901960784315 0.37254901960784315 1 0.37254901960784315 0.37254901960784315 0.37254901960784315 1 0.37254901960784315 0.37254901960784315 0.37254901960784315 1 0.37254901960784315 0.37254901960784315 0.37254901960784315 1 0.37254901960784315 0.37254901960784315 0.37254901960784315 1 0.37254901960784315 0.37254901960784315 0.37254901960784315 1 0.37254901960784315 0.37254901960784315 0.37254901960784315 1 0.37254901960784315 0.37254901960784315 0.37254901960784315 1 0.37254901960784315 0.37254901960784315 0.37254901960784315 1 0.37254901960784315 0.37254901960784315 0.37254901960784315 1 0.37254901960784315 0.37254901960784315 0.37254901960784315 1 0.37254901960784315 0.37254901960784315 0.37254901960784315 1 0.37254901960784315 0.37254901960784315 0.37254901960784315 1 0.37254901960784315 0.37254901960784315 0.37254901960784315 1 0.37254901960784315 0.37254901960784315 0.37254901960784315 1 0.37254901960784315 0.37254901960784315 0.37254901960784315 1 0.37254901960784315 0.37254901960784315 0.37254901960784315 1 0.37254901960784315 0.37254901960784315 0.37254901960784315 1 0.37254901960784315 0.37254901960784315 0.37254901960784315 1 0.37254901960784315 0.37254901960784315 0.37254901960784315 1 0.37254901960784315 0.37254901960784315 0.37254901960784315 1 0.37254901960784315 0.37254901960784315 0.37254901960784315 1 0.37254901960784315 0.37254901960784315 0.37254901960784315 1 0.37254901960784315 0.37254901960784315 0.37254901960784315 1 0.37254901960784315 0.37254901960784315 0.37254901960784315 1 0.37254901960784315 0.37254901960784315 0.37254901960784315 1 0.37254901960784315 0.37254901960784315 0.37254901960784315 1 0.37254901960784315 0.37254901960784315 0.37254901960784315 1 0.37254901960784315 0.37254901960784315 0.37254901960784315 1 0.37254901960784315 0.37254901960784315 0.37254901960784315 1 0.37254901960784315 0.37254901960784315 0.37254901960784315 1 0.37254901960784315 0.37254901960784315 0.37254901960784315 1 0.37254901960784315 0.37254901960784315 0.37254901960784315 1 0.37254901960784315 0.37254901960784315 0.37254901960784315 1 0.37254901960784315 0.37254901960784315 0.37254901960784315 1 0.37254901960784315 0.37254901960784315 0.37254901960784315 1 0.37254901960784315 0.37254901960784315 0.37254901960784315 1 0.37254901960784315 0.37254901960784315 0.37254901960784315 1 0.37254901960784315 0.37254901960784315 0.37254901960784315 1 0.37254901960784315 0.37254901960784315 0.37254901960784315 1 0.37254901960784315 0.37254901960784315 0.37254901960784315 1 0.37254901960784315 0.37254901960784315 0.37254901960784315 1 0.37254901960784315 0.37254901960784315 0.37254901960784315 1 0.37254901960784315 0.37254901960784315 0.37254901960784315 1 0.37254901960784315 0.37254901960784315 0.37254901960784315 1 0.37254901960784315 0.37254901960784315 0.37254901960784315 1 0.37254901960784315 0.37254901960784315 0.37254901960784315 1 0.37254901960784315 0.37254901960784315 0.37254901960784315 1 0.37254901960784315 0.37254901960784315 0.37254901960784315 1 0.37254901960784315 0.37254901960784315 0.37254901960784315 1 0.37254901960784315 0.37254901960784315 0.37254901960784315 1 0.37254901960784315 0.37254901960784315 0.37254901960784315 1 0.37254901960784315 0.37254901960784315 0.37254901960784315 1 0.37254901960784315 0.37254901960784315 0.37254901960784315 1 0.37254901960784315 0.37254901960784315 0.37254901960784315 1 0.37254901960784315 0.37254901960784315 0.37254901960784315 1 0.37254901960784315 0.37254901960784315 0.37254901960784315 1 0.37254901960784315 0.37254901960784315 0.37254901960784315 1 0.37254901960784315 0.37254901960784315 0.37254901960784315 1 0.37254901960784315 0.37254901960784315 0.37254901960784315 1 0.37254901960784315 0.37254901960784315 0.37254901960784315 1 0.37254901960784315 0.37254901960784315 0.37254901960784315 1 0.37254901960784315 0.37254901960784315 0.37254901960784315 1 0.37254901960784315 0.37254901960784315 0.37254901960784315 1 0.37254901960784315 0.37254901960784315 0.37254901960784315 1 0.37254901960784315 0.37254901960784315 0.37254901960784315 1 0.37254901960784315 0.37254901960784315 0.37254901960784315 1 0.37254901960784315 0.37254901960784315 0.37254901960784315 1 0.37254901960784315 0.37254901960784315 0.37254901960784315 1 0.37254901960784315 0.37254901960784315 0.37254901960784315 1 0.37254901960784315 0.37254901960784315 0.37254901960784315 1 0.37254901960784315 0.37254901960784315 0.37254901960784315 1 0.37254901960784315 0.37254901960784315 0.37254901960784315 1 0.37254901960784315 0.37254901960784315 0.37254901960784315 1 0.37254901960784315 0.37254901960784315 0.37254901960784315 1 0.37254901960784315 0.37254901960784315 0.37254901960784315 1 0.37254901960784315 0.37254901960784315 0.37254901960784315 1 0.37254901960784315 0.37254901960784315 0.37254901960784315 1 0.37254901960784315 0.37254901960784315 0.37254901960784315 1 0.37254901960784315 0.37254901960784315 0.37254901960784315 1 0.37254901960784315 0.37254901960784315 0.37254901960784315 1 0.37254901960784315 0.37254901960784315 0.37254901960784315 1 0.37254901960784315 0.37254901960784315 0.37254901960784315 1 0.37254901960784315 0.37254901960784315 0.37254901960784315 1 0.37254901960784315 0.37254901960784315 0.37254901960784315 1 0.37254901960784315 0.37254901960784315 0.37254901960784315 1 0.37254901960784315 0.37254901960784315 0.37254901960784315 1 0.37254901960784315 0.37254901960784315 0.37254901960784315 1 0.37254901960784315 0.37254901960784315 0.37254901960784315 1 0.37254901960784315 0.37254901960784315 0.37254901960784315 1 0.37254901960784315 0.37254901960784315 0.37254901960784315 1 0.37254901960784315 0.37254901960784315 0.37254901960784315 1 0.37254901960784315 0.37254901960784315 0.37254901960784315 1 0.37254901960784315 0.37254901960784315 0.37254901960784315 1 0.37254901960784315 0.37254901960784315 0.37254901960784315 1 0.37254901960784315 0.37254901960784315 0.37254901960784315 1</float_array>
                    <technique_common>
                        <accessor count="324" source="#colorarrayMesh0_2" stride="4">
                            <param name="R" type="float"/>
                            <param name="G" type="float"/>
                            <param name="B" type="float"/>
                            <param name="A" type="float"/>
                        </accessor>
                    </technique_common>
                </source>
                <vertices id="verticesMesh0_2">
                    <input semantic="POSITION" source="#pointsMesh0_2"/>
                </vertices>
                <polylist count="166" material="Material1">
                    <input offset="0" semantic="VERTEX" source="#verticesMesh0_2"/>
                    <input offset="1" semantic="TEXCOORD" source="#uvsMesh0_2" set="0"/>
                    <input offset="2" semantic="COLOR" source="#colorsMesh0_2" set="0"/>
                    <vcount>3 3 3 3 3 3 3 3 3 3 3 3 3 3 3 3 3 3 3 3 3 3 3 3 3 3 3 3 3 3 3 3 3 3 3 3 3 3 3 3 3 3 3 3 3 3 3 3 3 3 3 3 3 3 3 3 3 3 3 3 3 3 3 3 3 3 3 3 3 3 3 3 3 3 3 3 3 3 3 3 3 3 3 3 3 3 3 3 3 3 3 3 3 3 3 3 3 3 3 3 3 3 3 3 3 3 3 3 3 3 3 3 3 3 3 3 3 3 3 3 3 3 3 3 3 3 3 3 3 3 3 3 3 3 3 3 3 3 3 3 3 3 3 3 3 3 3 3 3 3 3 3 3 3 3 3 3 3 3 3 3 3 3 3 3 3</vcount>
                    <p>0 0 0 1 1 1 2 2 2 3 3 3 4 4 4 5 5 5 3 3 3 5 5 5 6 6 6 7 7 7 8 8 8 9 9 9 7 7 7 9 9 9 10 10 10 11 11 11 12 12 12 13 13 13 11 11 11 14 14 14 12 12 12 15 15 15 16 16 16 17 17 17 0 0 0 18 18 18 1 1 1 19 19 19 20 20 20 21 21 21 19 19 19 22 22 22 20 20 20 23 23 23 24 24 24 25 25 25 23 23 23 26 26 26 24 24 24 15 15 15 27 27 27 16 16 16 28 28 28 29 29 29 30 30 30 31 31 31 32 32 32 33 33 33 31 31 31 34 34 34 32 32 32 35 35 35 36 36 36 37 37 37 35 35 35 38 38 38 36 36 36 39 39 39 40 40 40 41 41 41 39 39 39 42 42 42 40 40 40 43 43 43 44 44 44 45 45 45 28 28 28 30 30 30 46 46 46 47 47 47 48 48 48 49 49 49 47 47 47 50 50 50 48 48 48 51 51 51 52 52 52 53 53 53 51 51 51 53 53 53 54 54 54 43 43 43 45 45 45 55 55 55 56 56 56 57 57 57 58 58 58 59 59 59 60 60 60 61 61 61 59 59 59 61 61 61 62 62 62 63 63 63 64 64 64 65 65 65 63 63 63 66 66 66 64 64 64 67 67 67 68 68 68 69 69 69 67 67 67 70 70 70 68 68 68 71 71 71 72 72 72 73 73 73 56 56 56 58 58 58 74 74 74 75 75 75 76 76 76 77 77 77 75 75 75 78 78 78 76 76 76 79 79 79 80 80 80 81 81 81 79 79 79 82 82 82 80 80 80 71 71 71 83 83 83 72 72 72 84 84 84 85 85 85 86 86 86 87 87 87 88 88 88 89 89 89 87 87 87 89 89 89 90 90 90 91 91 91 92 92 92 93 93 93 91 91 91 94 94 94 92 92 92 95 95 95 96 96 96 97 97 97 95 95 95 98 98 98 96 96 96 99 99 99 100 100 100 101 101 101 84 84 84 102 102 102 85 85 85 103 103 103 104 104 104 105 105 105 103 103 103 105 105 105 106 106 106 107 107 107 108 108 108 109 109 109 107 107 107 110 110 110 108 108 108 99 99 99 111 111 111 100 100 100 112 112 112 113 113 113 114 114 114 115 115 115 116 116 116 117 117 117 115 115 115 118 118 118 116 116 116 119 119 119 120 120 120 121 121 121 119 119 119 121 121 121 122 122 122 123 123 123 124 124 124 125 125 125 123 123 123 126 126 126 124 124 124 127 127 127 128 128 128 129 129 129 112 112 112 114 114 114 130 130 130 131 131 131 132 132 132 133 133 133 131 131 131 134 134 134 132 132 132 135 135 135 136 136 136 137 137 137 135 135 135 138 138 138 136 136 136 127 127 127 139 139 139 128 128 128 140 140 140 141 141 141 142 142 142 140 140 140 143 143 143 141 141 141 144 144 144 145 145 145 146 146 146 147 147 147 148 148 148 149 149 149 147 147 147 149 149 149 150 150 150 151 151 151 152 152 152 153 153 153 151 151 151 154 154 154 152 152 152 155 155 155 156 156 156 157 157 157 155 155 155 157 157 157 158 158 158 159 159 159 160 160 160 161 161 161 144 144 144 146 146 146 162 162 162 163 163 163 164 164 164 165 165 165 163 163 163 166 166 166 164 164 164 167 167 167 168 168 168 169 169 169 167 167 167 170 170 170 168 168 168 159 159 159 161 161 161 171 171 171 172 172 172 173 173 173 174 174 174 175 175 175 176 176 176 177 177 177 175 175 175 177 177 177 178 178 178 179 179 179 180 180 180 181 181 181 179 179 179 181 181 181 182 182 182 183 183 183 184 184 184 185 185 185 183 183 183 186 186 186 184 184 184 187 187 187 188 188 188 189 189 189 172 172 172 190 190 190 173 173 173 191 191 191 192 192 192 193 193 193 191 191 191 194 194 194 192 192 192 195 195 195 196 196 196 197 197 197 195 195 195 197 197 197 198 198 198 187 187 187 199 199 199 188 188 188 200 200 200 201 201 201 202 202 202 203 203 203 204 204 204 205 205 205 203 203 203 205 205 205 206 206 206 207 207 207 208 208 208 209 209 209 200 200 200 202 202 202 207 207 207 200 200 200 207 207 207 209 209 209 200 200 200 210 210 210 201 201 201 211 211 211 212 212 212 213 213 213 211 211 211 214 214 214 212 212 212 215 215 215 216 216 216 217 217 217 215 215 215 217 217 217 218 218 218 219 219 219 220 220 220 221 221 221 219 219 219 222 222 222 220 220 220 220 220 220 223 223 223 221 221 221 220 220 220 224 224 224 223 223 223 219 219 219 225 225 225 222 222 222 226 226 226 227 227 227 228 228 228 226 226 226 228 228 228 229 229 229 230 230 230 231 231 231 232 232 232 230 230 230 233 233 233 231 231 231 234 234 234 235 235 235 236 236 236 234 234 234 236 236 236 237 237 237 238 238 238 239 239 239 235 235 235 238 238 238 240 240 240 236 236 236 241 241 241 242 242 242 237 237 237 234 234 234 243 243 243 242 242 242 244 244 244 245 245 245 246 246 246 247 247 247 248 248 248 249 249 249 244 244 244 246 246 246 250 250 250 251 251 251 252 252 252 253 253 253 251 251 251 253 253 253 254 254 254 255 255 255 256 256 256 257 257 257 255 255 255 257 257 257 258 258 258 247 247 247 259 259 259 248 248 248 260 260 260 261 261 261 262 262 262 263 263 263 264 264 264 265 265 265 263 263 263 265 265 265 266 266 266 267 267 267 268 268 268 269 269 269 267 267 267 270 270 270 268 268 268 271 271 271 272 272 272 273 273 273 271 271 271 273 273 273 274 274 274 275 275 275 276 276 276 277 277 277 260 260 260 262 262 262 278 278 278 279 279 279 280 280 280 281 281 281 279 279 279 282 282 282 280 280 280 283 283 283 284 284 284 285 285 285 283 283 283 285 285 285 286 286 286 275 275 275 287 287 287 276 276 276 288 288 288 289 289 289 290 290 290 291 291 291 292 292 292 293 293 293 291 291 291 294 294 294 292 292 292 295 295 295 296 296 296 297 297 297 295 295 295 297 297 297 298 298 298 299 299 299 300 300 300 301 301 301 299 299 299 301 301 301 302 302 302 303 303 303 304 304 304 305 305 305 288 288 288 290 290 290 306 306 306 307 307 307 308 308 308 309 309 309 307 307 307 309 309 309 310 310 310 311 311 311 312 312 312 313 313 313 311 311 311 313 313 313 314 314 314 303 303 303 305 305 305 315 315 315 316 316 316 317 317 317 318 318 318 316 316 316 318 318 318 319 319 319 320 320 320 321 321 321 322 322 322 320 320 320 322 322 322 323 323 323</p>
                </polylist>
            </mesh>
        </geometry>
        <geometry id="meshMesh1_1">
            <mesh>
                <source id="pointsMesh1_1">
                    <float_array id="pointarrayMesh1_1" count="294">-818 0 102 -1228 0 205 -818 0 205 -1228 0 102 -613 -50 307 -1433 -50 307 -1433 -50 1126 -613 -50 1126 -2761 512 -1355 -2724 512 -1318 -2507 512 -1536 -2543 512 -1572 -2661 512 -1023 -2493 512 -1550 553 614 -1494 662 614 -1385 698 614 -1421 -2779 512 -1264 -2866 512 -1228 -2047 512 -1023 -2149 512 -1637 -2457 512 -1637 -1535 512 -1023 -1433 512 -409 590 614 -1530 -613 512 -409 -511 512 -1023 -255 512 -767 -255 614 -1279 0 614 -1023 102 614 -1637 410 614 -1637 614 614 -1023 819 614 -1228 -289 0 -733 -216 0 -878 -325 0 -770 333 0 -1074 179 0 -1023 333 0 -1023 179 0 -1074 -2380 0 -1023 -2226 0 -1023 -2226 0 -1074 -2380 0 -1074 -869 512 -1074 -1177 512 -1074 -1177 512 -1023 -869 512 -1023 -1433 -50 563 -1228 0 205 -1535 0 512 -180 0 -842 -1721 0 -770 -1830 0 -878 -1866 0 -842 -1757 0 -733 -1535 0 922 -1433 -50 870 -1177 -50 307 -869 -50 307 -818 0 205 -1228 0 1229 -1177 -50 1126 -818 0 1229 -869 -50 1126 -511 0 922 -613 -50 870 -511 0 512 512 0 -101 512 0 -1023 0 0 -1023 -613 -50 563 -1535 0 512 -2047 0 -1023 -2559 0 -101 -2559 0 -1023 -1228 0 -204 -2203 0 253 -1535 0 922 -1228 0 205 -1433 384 -409 -1228 384 -204 -1228 384 -409 156 0 253 -511 0 512 -818 0 -204 -818 0 205 -511 0 922 -1535 384 -511 -1535 384 -306 -1433 384 -204 -613 384 -409 -613 384 -204 -511 384 -306 -511 384 -511 -818 384 -204 -818 384 -409</float_array>
                    <technique_common>
                        <accessor count="98" source="#pointarrayMesh1_1" stride="3">
                            <param name="X" type="float"/>
                            <param name="Y" type="float"/>
                            <param name="Z" type="float"/>
                        </accessor>
                    </technique_common>
                </source>
                <source id="uvsMesh1_1">
                    <float_array id="uvarrayMesh1_1" count="196">1.46484375 1 -0.529296875 0.53125 1.46484375 0.53125 -0.529296875 1 2.962890625 -1.462890625 -1.02734375 -1.462890625 -1.02734375 -5.455078125 2.962890625 -5.455078125 -6.501953125 4.642578125 -6.32421875 4.466796875 -5.265625 5.525390625 -5.443359375 5.701171875 -6.017578125 3.02734375 -5.1953125 5.595703125 7.65625 3.32421875 8.185546875 2.794921875 8.361328125 2.97265625 -6.58984375 4.201171875 -7.015625 4.025390625 -3.0234375 3.02734375 -3.5234375 6.021484375 -5.01953125 6.021484375 -0.52734375 3.02734375 0 0.033203125 7.83203125 3.501953125 3.9609375 0.033203125 4.4609375 3.02734375 5.70703125 1.779296875 5.70703125 4.275390625 6.955078125 3.02734375 7.453125 6.021484375 8.951171875 6.021484375 9.94921875 3.02734375 10.947265625 4.025390625 3.546875 -0.37890625 3.900390625 0.326171875 3.37109375 -0.201171875 6.580078125 1.28125 5.83203125 1 6.580078125 1 5.83203125 1.28125 -6.640625 1 -5.892578125 1 -5.892578125 1.28125 -6.640625 1.28125 0.716796875 1.28125 -0.77734375 1.28125 -0.77734375 1 0.716796875 1 -1.02734375 -1.7109375 0 0.033203125 -1.525390625 -1.4609375 4.076171875 0.1484375 -3.431640625 -0.201171875 -3.9609375 0.326171875 -4.13671875 0.1484375 -3.607421875 -0.37890625 -1.525390625 -3.458984375 -1.02734375 -3.208984375 0.21875 -0.46484375 1.71484375 -0.46484375 1.96484375 0.033203125 0 -4.955078125 0.21875 -4.45703125 1.96484375 -4.955078125 1.71484375 -4.45703125 3.4609375 -3.458984375 2.962890625 -3.208984375 3.4609375 -1.4609375 8.451171875 0.533203125 8.451171875 5.0234375 5.95703125 5.0234375 2.962890625 -1.7109375 -1.525390625 -2.458984375 -4.021484375 5.0234375 -6.515625 0.533203125 -6.515625 5.0234375 0 1 -4.783203125 -1.19921875 -1.525390625 -4.45703125 0 -0.962890625 0.466796875 1.529296875 1.46484375 0.53125 1.46484375 1.529296875 6.71875 -1.19921875 3.4609375 -2.458984375 1.96484375 1 1.96484375 -0.962890625 3.4609375 -4.45703125 0 2.029296875 0 1 0.466796875 0.53125 4.458984375 1.529296875 4.458984375 0.53125 4.958984375 1 4.958984375 2.029296875 3.4609375 0.53125 3.4609375 1.529296875</float_array>
                    <technique_common>
                        <accessor count="98" source="#uvarrayMesh1_1" stride="2">
                            <param name="S" type="float"/>
                            <param name="T" type="float"/>
                        </accessor>
                    </technique_common>
                </source>
                <vertices id="verticesMesh1_1">
                    <input semantic="POSITION" source="#pointsMesh1_1"/>
                </vertices>
                <polylist count="72" material="Material1">
                    <input offset="0" semantic="VERTEX" source="#verticesMesh1_1"/>
                    <input offset="1" semantic="TEXCOORD" source="#uvsMesh1_1" set="0"/>
                    <vcount>3 3 3 3 3 3 3 3 3 3 3 3 3 3 3 3 3 3 3 3 3 3 3 3 3 3 3 3 3 3 3 3 3 3 3 3 3 3 3 3 3 3 3 3 3 3 3 3 3 3 3 3 3 3 3 3 3 3 3 3 3 3 3 3 3 3 3 3 3 3 3 3</vcount>
                    <p>0 0 1 1 2 2 0 0 3 3 1 1 4 4 5 5 6 6 4 4 6 6 7 7 8 8 9 9 10 10 8 8 10 10 11 11 12 12 13 13 10 10 12 12 10 10 9 9 14 14 15 15 16 16 9 9 17 17 12 12 17 17 18 18 12 12 13 13 12 12 19 19 20 20 13 13 19 19 20 20 21 21 13 13 22 22 19 19 23 23 22 22 20 20 19 19 14 14 16 16 24 24 25 25 26 26 22 22 27 27 28 28 26 26 27 27 29 29 28 28 25 25 27 27 26 26 30 30 28 28 29 29 31 31 30 30 29 29 31 31 29 29 32 32 33 33 31 31 32 32 25 25 22 22 23 23 34 34 35 35 36 36 37 37 38 38 39 39 37 37 40 40 38 38 41 41 42 42 43 43 41 41 43 43 44 44 45 45 46 46 47 47 45 45 47 47 48 48 49 49 50 50 51 51 34 34 52 52 35 35 53 53 54 54 55 55 53 53 55 55 56 56 57 57 58 58 49 49 57 57 49 49 51 51 49 49 59 59 50 50 50 50 60 60 61 61 50 50 59 59 60 60 62 62 58 58 57 57 62 62 63 63 58 58 64 64 63 63 62 62 64 64 65 65 63 63 66 66 65 65 64 64 66 66 67 67 65 65 68 68 67 67 66 66 60 60 68 68 61 61 69 69 70 70 71 71 68 68 72 72 67 67 60 60 72 72 68 68 73 73 74 74 75 75 74 74 76 76 75 75 73 73 77 77 74 74 73 73 75 75 78 78 79 79 73 73 78 78 73 73 80 80 77 77 81 81 82 82 83 83 84 84 69 69 85 85 69 69 71 71 85 85 71 71 86 86 85 85 86 86 87 87 85 85 84 84 85 85 88 88 81 81 89 89 90 90 81 81 90 90 91 91 81 81 91 91 82 82 92 92 93 93 94 94 92 92 94 94 95 95 92 92 96 96 93 93 92 92 97 97 96 96</p>
                </polylist>
            </mesh>
        </geometry>
        <geometry id="meshMesh1_2">
            <mesh>
                <source id="pointsMesh1_2">
                    <float_array id="pointarrayMesh1_2" count="294">-818 0 102 -1228 0 205 -818 0 205 -1228 0 102 -613 -50 307 -1433 -50 307 -1433 -50 1126 -613 -50 1126 -2761 512 -1355 -2724 512 -1318 -2507 512 -1536 -2543 512 -1572 -2661 512 -1023 -2493 512 -1550 553 614 -1494 662 614 -1385 698 614 -1421 -2779 512 -1264 -2866 512 -1228 -2047 512 -1023 -2149 512 -1637 -2457 512 -1637 -1535 512 -1023 -1433 512 -409 590 614 -1530 -613 512 -409 -511 512 -1023 -255 512 -767 -255 614 -1279 0 614 -1023 102 614 -1637 410 614 -1637 614 614 -1023 819 614 -1228 -289 0 -733 -216 0 -878 -325 0 -770 333 0 -1074 179 0 -1023 333 0 -1023 179 0 -1074 -2380 0 -1023 -2226 0 -1023 -2226 0 -1074 -2380 0 -1074 -869 512 -1074 -1177 512 -1074 -1177 512 -1023 -869 512 -1023 -1433 -50 563 -1228 0 205 -1535 0 512 -180 0 -842 -1721 0 -770 -1830 0 -878 -1866 0 -842 -1757 0 -733 -1535 0 922 -1433 -50 870 -1177 -50 307 -869 -50 307 -818 0 205 -1228 0 1229 -1177 -50 1126 -818 0 1229 -869 -50 1126 -511 0 922 -613 -50 870 -511 0 512 512 0 -101 512 0 -1023 0 0 -1023 -613 -50 563 -1535 0 512 -2047 0 -1023 -2559 0 -101 -2559 0 -1023 -1228 0 -204 -2203 0 253 -1535 0 922 -1228 0 205 -1433 384 -409 -1228 384 -204 -1228 384 -409 156 0 253 -511 0 512 -818 0 -204 -818 0 205 -511 0 922 -1535 384 -511 -1535 384 -306 -1433 384 -204 -613 384 -409 -613 384 -204 -511 384 -306 -511 384 -511 -818 384 -204 -818 384 -409</float_array>
                    <technique_common>
                        <accessor count="98" source="#pointarrayMesh1_2" stride="3">
                            <param name="X" type="float"/>
                            <param name="Y" type="float"/>
                            <param name="Z" type="float"/>
                        </accessor>
                    </technique_common>
                </source>
                <source id="uvsMesh1_2">
                    <float_array id="uvarrayMesh1_2" count="196">1.46484375 1 -0.529296875 0.53125 1.46484375 0.53125 -0.529296875 1 2.962890625 -1.462890625 -1.02734375 -1.462890625 -1.02734375 -5.455078125 2.962890625 -5.455078125 -6.501953125 4.642578125 -6.32421875 4.466796875 -5.265625 5.525390625 -5.443359375 5.701171875 -6.017578125 3.02734375 -5.1953125 5.595703125 7.65625 3.32421875 8.185546875 2.794921875 8.361328125 2.97265625 -6.58984375 4.201171875 -7.015625 4.025390625 -3.0234375 3.02734375 -3.5234375 6.021484375 -5.01953125 6.021484375 -0.52734375 3.02734375 0 0.033203125 7.83203125 3.501953125 3.9609375 0.033203125 4.4609375 3.02734375 5.70703125 1.779296875 5.70703125 4.275390625 6.955078125 3.02734375 7.453125 6.021484375 8.951171875 6.021484375 9.94921875 3.02734375 10.947265625 4.025390625 3.546875 -0.37890625 3.900390625 0.326171875 3.37109375 -0.201171875 6.580078125 1.28125 5.83203125 1 6.580078125 1 5.83203125 1.28125 -6.640625 1 -5.892578125 1 -5.892578125 1.28125 -6.640625 1.28125 0.716796875 1.28125 -0.77734375 1.28125 -0.77734375 1 0.716796875 1 -1.02734375 -1.7109375 0 0.033203125 -1.525390625 -1.4609375 4.076171875 0.1484375 -3.431640625 -0.201171875 -3.9609375 0.326171875 -4.13671875 0.1484375 -3.607421875 -0.37890625 -1.525390625 -3.458984375 -1.02734375 -3.208984375 0.21875 -0.46484375 1.71484375 -0.46484375 1.96484375 0.033203125 0 -4.955078125 0.21875 -4.45703125 1.96484375 -4.955078125 1.71484375 -4.45703125 3.4609375 -3.458984375 2.962890625 -3.208984375 3.4609375 -1.4609375 8.451171875 0.533203125 8.451171875 5.0234375 5.95703125 5.0234375 2.962890625 -1.7109375 -1.525390625 -2.458984375 -4.021484375 5.0234375 -6.515625 0.533203125 -6.515625 5.0234375 0 1 -4.783203125 -1.19921875 -1.525390625 -4.45703125 0 -0.962890625 0.466796875 1.529296875 1.46484375 0.53125 1.46484375 1.529296875 6.71875 -1.19921875 3.4609375 -2.458984375 1.96484375 1 1.96484375 -0.962890625 3.4609375 -4.45703125 0 2.029296875 0 1 0.466796875 0.53125 4.458984375 1.529296875 4.458984375 0.53125 4.958984375 1 4.958984375 2.029296875 3.4609375 0.53125 3.4609375 1.529296875</float_array>
                    <technique_common>
                        <accessor count="98" source="#uvarrayMesh1_2" stride="2">
                            <param name="S" type="float"/>
                            <param name="T" type="float"/>
                        </accessor>
                    </technique_common>
                </source>
                <source id="colorsMesh1_2">
                    <float_array id="colorarrayMesh1_2" count="392">0.37254901960784315 0.37254901960784315 0.37254901960784315 1 0.37254901960784315 0.37254901960784315 0.37254901960784315 1 0.37254901960784315 0.37254901960784315 0.37254901960784315 1 0.37254901960784315 0.37254901960784315 0.37254901960784315 1 0.37254901960784315 0.37254901960784315 0.37254901960784315 1 0.37254901960784315 0.37254901960784315 0.37254901960784315 1 0.37254901960784315 0.37254901960784315 0.37254901960784315 1 0.37254901960784315 0.37254901960784315 0.37254901960784315 1 0.37254901960784315 0.37254901960784315 0.37254901960784315 1 0.37254901960784315 0.37254901960784315 0.37254901960784315 1 0.37254901960784315 0.37254901960784315 0.37254901960784315 1 0.37254901960784315 0.37254901960784315 0.37254901960784315 1 0.37254901960784315 0.37254901960784315 0.37254901960784315 1 0.37254901960784315 0.37254901960784315 0.37254901960784315 1 0.37254901960784315 0.37254901960784315 0.37254901960784315 1 0.37254901960784315 0.37254901960784315 0.37254901960784315 1 0.37254901960784315 0.37254901960784315 0.37254901960784315 1 0.37254901960784315 0.37254901960784315 0.37254901960784315 1 0.37254901960784315 0.37254901960784315 0.37254901960784315 1 0.37254901960784315 0.37254901960784315 0.37254901960784315 1 0.37254901960784315 0.37254901960784315 0.37254901960784315 1 0.37254901960784315 0.37254901960784315 0.37254901960784315 1 0.37254901960784315 0.37254901960784315 0.37254901960784315 1 0.37254901960784315 0.37254901960784315 0.37254901960784315 1 0.37254901960784315 0.37254901960784315 0.37254901960784315 1 0.37254901960784315 0.37254901960784315 0.37254901960784315 1 0.37254901960784315 0.37254901960784315 0.37254901960784315 1 0.37254901960784315 0.37254901960784315 0.37254901960784315 1 0.37254901960784315 0.37254901960784315 0.37254901960784315 1 0.37254901960784315 0.37254901960784315 0.37254901960784315 1 0.37254901960784315 0.37254901960784315 0.37254901960784315 1 0.37254901960784315 0.37254901960784315 0.37254901960784315 1 0.37254901960784315 0.37254901960784315 0.37254901960784315 1 0.37254901960784315 0.37254901960784315 0.37254901960784315 1 0.37254901960784315 0.37254901960784315 0.37254901960784315 1 0.37254901960784315 0.37254901960784315 0.37254901960784315 1 0.37254901960784315 0.37254901960784315 0.37254901960784315 1 0.37254901960784315 0.37254901960784315 0.37254901960784315 1 0.37254901960784315 0.37254901960784315 0.37254901960784315 1 0.37254901960784315 0.37254901960784315 0.37254901960784315 1 0.37254901960784315 0.37254901960784315 0.37254901960784315 1 0.37254901960784315 0.37254901960784315 0.37254901960784315 1 0.37254901960784315 0.37254901960784315 0.37254901960784315 1 0.37254901960784315 0.37254901960784315 0.37254901960784315 1 0.37254901960784315 0.37254901960784315 0.37254901960784315 1 0.37254901960784315 0.37254901960784315 0.37254901960784315 1 0.37254901960784315 0.37254901960784315 0.37254901960784315 1 0.37254901960784315 0.37254901960784315 0.37254901960784315 1 0.37254901960784315 0.37254901960784315 0.37254901960784315 1 0.37254901960784315 0.37254901960784315 0.37254901960784315 1 0.37254901960784315 0.37254901960784315 0.37254901960784315 1 0.37254901960784315 0.37254901960784315 0.37254901960784315 1 0.37254901960784315 0.37254901960784315 0.37254901960784315 1 0.37254901960784315 0.37254901960784315 0.37254901960784315 1 0.37254901960784315 0.37254901960784315 0.37254901960784315 1 0.37254901960784315 0.37254901960784315 0.37254901960784315 1 0.37254901960784315 0.37254901960784315 0.37254901960784315 1 0.37254901960784315 0.37254901960784315 0.37254901960784315 1 0.37254901960784315 0.37254901960784315 0.37254901960784315 1 0.37254901960784315 0.37254901960784315 0.37254901960784315 1 0.37254901960784315 0.37254901960784315 0.37254901960784315 1 0.37254901960784315 0.37254901960784315 0.37254901960784315 1 0.37254901960784315 0.37254901960784315 0.37254901960784315 1 0.37254901960784315 0.37254901960784315 0.37254901960784315 1 0.37254901960784315 0.37254901960784315 0.37254901960784315 1 0.37254901960784315 0.37254901960784315 0.37254901960784315 1 0.37254901960784315 0.37254901960784315 0.37254901960784315 1 0.37254901960784315 0.37254901960784315 0.37254901960784315 1 0.37254901960784315 0.37254901960784315 0.37254901960784315 1 0.37254901960784315 0.37254901960784315 0.37254901960784315 1 0.37254901960784315 0.37254901960784315 0.37254901960784315 1 0.37254901960784315 0.37254901960784315 0.37254901960784315 1 0.37254901960784315 0.37254901960784315 0.37254901960784315 1 0.37254901960784315 0.37254901960784315 0.37254901960784315 1 0.37254901960784315 0.37254901960784315 0.37254901960784315 1 0.37254901960784315 0.37254901960784315 0.37254901960784315 1 0.37254901960784315 0.37254901960784315 0.37254901960784315 1 0.37254901960784315 0.37254901960784315 0.37254901960784315 1 0.37254901960784315 0.37254901960784315 0.37254901960784315 1 0.37254901960784315 0.37254901960784315 0.37254901960784315 1 0.37254901960784315 0.37254901960784315 0.37254901960784315 1 0.37254901960784315 0.37254901960784315 0.37254901960784315 1 0.37254901960784315 0.37254901960784315 0.37254901960784315 1 0.37254901960784315 0.37254901960784315 0.37254901960784315 1 0.37254901960784315 0.37254901960784315 0.37254901960784315 1 0.37254901960784315 0.37254901960784315 0.37254901960784315 1 0.37254901960784315 0.37254901960784315 0.37254901960784315 1 0.37254901960784315 0.37254901960784315 0.37254901960784315 1 0.37254901960784315 0.37254901960784315 0.37254901960784315 1 0.37254901960784315 0.37254901960784315 0.37254901960784315 1 0.37254901960784315 0.37254901960784315 0.37254901960784315 1 0.37254901960784315 0.37254901960784315 0.37254901960784315 1 0.37254901960784315 0.37254901960784315 0.37254901960784315 1 0.37254901960784315 0.37254901960784315 0.37254901960784315 1 0.37254901960784315 0.37254901960784315 0.37254901960784315 1 0.37254901960784315 0.37254901960784315 0.37254901960784315 1 0.37254901960784315 0.37254901960784315 0.37254901960784315 1 0.37254901960784315 0.37254901960784315 0.37254901960784315 1</float_array>
                    <technique_common>
                        <accessor count="98" source="#colorarrayMesh1_2" stride="4">
                            <param name="R" type="float"/>
                            <param name="G" type="float"/>
                            <param name="B" type="float"/>
                            <param name="A" type="float"/>
                        </accessor>
                    </technique_common>
                </source>
                <vertices id="verticesMesh1_2">
                    <input semantic="POSITION" source="#pointsMesh1_2"/>
                </vertices>
                <polylist count="72" material="Material1">
                    <input offset="0" semantic="VERTEX" source="#verticesMesh1_2"/>
                    <input offset="1" semantic="TEXCOORD" source="#uvsMesh1_2" set="0"/>
                    <input offset="2" semantic="COLOR" source="#colorsMesh1_2" set="0"/>
                    <vcount>3 3 3 3 3 3 3 3 3 3 3 3 3 3 3 3 3 3 3 3 3 3 3 3 3 3 3 3 3 3 3 3 3 3 3 3 3 3 3 3 3 3 3 3 3 3 3 3 3 3 3 3 3 3 3 3 3 3 3 3 3 3 3 3 3 3 3 3 3 3 3 3</vcount>
                    <p>0 0 0 1 1 1 2 2 2 0 0 0 3 3 3 1 1 1 4 4 4 5 5 5 6 6 6 4 4 4 6 6 6 7 7 7 8 8 8 9 9 9 10 10 10 8 8 8 10 10 10 11 11 11 12 12 12 13 13 13 10 10 10 12 12 12 10 10 10 9 9 9 14 14 14 15 15 15 16 16 16 9 9 9 17 17 17 12 12 12 17 17 17 18 18 18 12 12 12 13 13 13 12 12 12 19 19 19 20 20 20 13 13 13 19 19 19 20 20 20 21 21 21 13 13 13 22 22 22 19 19 19 23 23 23 22 22 22 20 20 20 19 19 19 14 14 14 16 16 16 24 24 24 25 25 25 26 26 26 22 22 22 27 27 27 28 28 28 26 26 26 27 27 27 29 29 29 28 28 28 25 25 25 27 27 27 26 26 26 30 30 30 28 28 28 29 29 29 31 31 31 30 30 30 29 29 29 31 31 31 29 29 29 32 32 32 33 33 33 31 31 31 32 32 32 25 25 25 22 22 22 23 23 23 34 34 34 35 35 35 36 36 36 37 37 37 38 38 38 39 39 39 37 37 37 40 40 40 38 38 38 41 41 41 42 42 42 43 43 43 41 41 41 43 43 43 44 44 44 45 45 45 46 46 46 47 47 47 45 45 45 47 47 47 48 48 48 49 49 49 50 50 50 51 51 51 34 34 34 52 52 52 35 35 35 53 53 53 54 54 54 55 55 55 53 53 53 55 55 55 56 56 56 57 57 57 58 58 58 49 49 49 57 57 57 49 49 49 51 51 51 49 49 49 59 59 59 50 50 50 50 50 50 60 60 60 61 61 61 50 50 50 59 59 59 60 60 60 62 62 62 58 58 58 57 57 57 62 62 62 63 63 63 58 58 58 64 64 64 63 63 63 62 62 62 64 64 64 65 65 65 63 63 63 66 66 66 65 65 65 64 64 64 66 66 66 67 67 67 65 65 65 68 68 68 67 67 67 66 66 66 60 60 60 68 68 68 61 61 61 69 69 69 70 70 70 71 71 71 68 68 68 72 72 72 67 67 67 60 60 60 72 72 72 68 68 68 73 73 73 74 74 74 75 75 75 74 74 74 76 76 76 75 75 75 73 73 73 77 77 77 74 74 74 73 73 73 75 75 75 78 78 78 79 79 79 73 73 73 78 78 78 73 73 73 80 80 80 77 77 77 81 81 81 82 82 82 83 83 83 84 84 84 69 69 69 85 85 85 69 69 69 71 71 71 85 85 85 71 71 71 86 86 86 85 85 85 86 86 86 87 87 87 85 85 85 84 84 84 85 85 85 88 88 88 81 81 81 89 89 89 90 90 90 81 81 81 90 90 90 91 91 91 81 81 81 91 91 91 82 82 82 92 92 92 93 93 93 94 94 94 92 92 92 94 94 94 95 95 95 92 92 92 96 96 96 93 93 93 92 92 92 97 97 97 96 96 96</p>
                </polylist>
            </mesh>
        </geometry>
        <geometry id="meshMesh2_1">
            <mesh>
                <source id="pointsMesh2_1">
                    <float_array id="pointarrayMesh2_1" count="90">-1177 256 2150 -869 256 2150 -869 256 2202 -869 0 2202 -716 410 2150 -716 0 2150 -869 0 2150 -1177 256 2202 -1177 0 2202 -1177 0 2150 -1330 0 2150 -1330 410 2150 -716 410 1562 -921 717 2150 -921 717 1562 -1125 717 2150 -921 717 2150 -716 0 1562 -716 0 2150 -716 410 2150 -921 717 1562 -921 717 2150 -1125 717 2150 -1125 717 1562 -1125 717 1562 -1125 717 2150 -1330 410 2150 -1330 410 1562 -1330 0 2150 -1330 0 1562</float_array>
                    <technique_common>
                        <accessor count="30" source="#pointarrayMesh2_1" stride="3">
                            <param name="X" type="float"/>
                            <param name="Y" type="float"/>
                            <param name="Z" type="float"/>
                        </accessor>
                    </technique_common>
                </source>
                <source id="uvsMesh2_1">
                    <float_array id="uvarrayMesh2_1" count="60">2.21484375 1.28125 0.716796875 1.28125 0.716796875 1.28125 0.716796875 0.033203125 0 2.029296875 0 0.033203125 0.716796875 0.033203125 2.21484375 1.28125 2.21484375 0.033203125 2.21484375 0.033203125 2.962890625 0.033203125 2.962890625 2.029296875 0 2.029296875 2.962890625 3.52734375 0 3.52734375 1.96484375 3.52734375 0.966796875 3.52734375 0 0.033203125 2.962890625 0.033203125 2.962890625 2.029296875 1.96484375 1 -1.02734375 1 -1.02734375 0.033203125 1.96484375 0.033203125 0.966796875 3.525390625 -2.025390625 3.525390625 -2.025390625 2.029296875 0.966796875 2.029296875 -2.025390625 0.033203125 0.966796875 0.033203125</float_array>
                    <technique_common>
                        <accessor count="30" source="#uvarrayMesh2_1" stride="2">
                            <param name="S" type="float"/>
                            <param name="T" type="float"/>
                        </accessor>
                    </technique_common>
                </source>
                <vertices id="verticesMesh2_1">
                    <input semantic="POSITION" source="#pointsMesh2_1"/>
                </vertices>
                <polylist count="24" material="Material1">
                    <input offset="0" semantic="VERTEX" source="#verticesMesh2_1"/>
                    <input offset="1" semantic="TEXCOORD" source="#uvsMesh2_1" set="0"/>
                    <vcount>3 3 3 3 3 3 3 3 3 3 3 3 3 3 3 3 3 3 3 3 3 3 3 3</vcount>
                    <p>0 0 1 1 2 2 1 1 3 3 2 2 4 4 1 1 0 0 4 4 5 5 1 1 5 5 6 6 1 1 1 1 6 6 3 3 7 7 8 8 9 9 7 7 9 9 0 0 0 0 9 9 10 10 4 4 0 0 11 11 0 0 10 10 11 11 12 12 13 13 14 14 0 0 2 2 7 7 4 4 11 11 15 15 4 4 15 15 16 16 17 17 18 18 19 19 17 17 19 19 12 12 12 12 19 19 13 13 20 20 21 21 22 22 20 20 22 22 23 23 24 24 25 25 26 26 24 24 26 26 27 27 27 27 26 26 28 28 27 27 28 28 29 29</p>
                </polylist>
            </mesh>
        </geometry>
        <geometry id="meshMesh2_2">
            <mesh>
                <source id="pointsMesh2_2">
                    <float_array id="pointarrayMesh2_2" count="90">-1177 256 2150 -869 256 2150 -869 256 2202 -869 0 2202 -716 410 2150 -716 0 2150 -869 0 2150 -1177 256 2202 -1177 0 2202 -1177 0 2150 -1330 0 2150 -1330 410 2150 -716 410 1562 -921 717 2150 -921 717 1562 -1125 717 2150 -921 717 2150 -716 0 1562 -716 0 2150 -716 410 2150 -921 717 1562 -921 717 2150 -1125 717 2150 -1125 717 1562 -1125 717 1562 -1125 717 2150 -1330 410 2150 -1330 410 1562 -1330 0 2150 -1330 0 1562</float_array>
                    <technique_common>
                        <accessor count="30" source="#pointarrayMesh2_2" stride="3">
                            <param name="X" type="float"/>
                            <param name="Y" type="float"/>
                            <param name="Z" type="float"/>
                        </accessor>
                    </technique_common>
                </source>
                <source id="uvsMesh2_2">
                    <float_array id="uvarrayMesh2_2" count="60">2.21484375 1.28125 0.716796875 1.28125 0.716796875 1.28125 0.716796875 0.033203125 0 2.029296875 0 0.033203125 0.716796875 0.033203125 2.21484375 1.28125 2.21484375 0.033203125 2.21484375 0.033203125 2.962890625 0.033203125 2.962890625 2.029296875 0 2.029296875 2.962890625 3.52734375 0 3.52734375 1.96484375 3.52734375 0.966796875 3.52734375 0 0.033203125 2.962890625 0.033203125 2.962890625 2.029296875 1.96484375 1 -1.02734375 1 -1.02734375 0.033203125 1.96484375 0.033203125 0.966796875 3.525390625 -2.025390625 3.525390625 -2.025390625 2.029296875 0.966796875 2.029296875 -2.025390625 0.033203125 0.966796875 0.033203125</float_array>
                    <technique_common>
                        <accessor count="30" source="#uvarrayMesh2_2" stride="2">
                            <param name="S" type="float"/>
                            <param name="T" type="float"/>
                        </accessor>
                    </technique_common>
                </source>
                <source id="colorsMesh2_2">
                    <float_array id="colorarrayMesh2_2" count="120">0.37254901960784315 0.37254901960784315 0.37254901960784315 1 0.37254901960784315 0.37254901960784315 0.37254901960784315 1 0.37254901960784315 0.37254901960784315 0.37254901960784315 1 0.37254901960784315 0.37254901960784315 0.37254901960784315 1 0.37254901960784315 0.37254901960784315 0.37254901960784315 1 0.37254901960784315 0.37254901960784315 0.37254901960784315 1 0.37254901960784315 0.37254901960784315 0.37254901960784315 1 0.37254901960784315 0.37254901960784315 0.37254901960784315 1 0.37254901960784315 0.37254901960784315 0.37254901960784315 1 0.37254901960784315 0.37254901960784315 0.37254901960784315 1 0.37254901960784315 0.37254901960784315 0.37254901960784315 1 0.37254901960784315 0.37254901960784315 0.37254901960784315 1 0.37254901960784315 0.37254901960784315 0.37254901960784315 1 0.37254901960784315 0.37254901960784315 0.37254901960784315 1 0.37254901960784315 0.37254901960784315 0.37254901960784315 1 0.37254901960784315 0.37254901960784315 0.37254901960784315 1 0.37254901960784315 0.37254901960784315 0.37254901960784315 1 0.37254901960784315 0.37254901960784315 0.37254901960784315 1 0.37254901960784315 0.37254901960784315 0.37254901960784315 1 0.37254901960784315 0.37254901960784315 0.37254901960784315 1 0.37254901960784315 0.37254901960784315 0.37254901960784315 1 0.37254901960784315 0.37254901960784315 0.37254901960784315 1 0.37254901960784315 0.37254901960784315 0.37254901960784315 1 0.37254901960784315 0.37254901960784315 0.37254901960784315 1 0.37254901960784315 0.37254901960784315 0.37254901960784315 1 0.37254901960784315 0.37254901960784315 0.37254901960784315 1 0.37254901960784315 0.37254901960784315 0.37254901960784315 1 0.37254901960784315 0.37254901960784315 0.37254901960784315 1 0.37254901960784315 0.37254901960784315 0.37254901960784315 1 0.37254901960784315 0.37254901960784315 0.37254901960784315 1</float_array>
                    <technique_common>
                        <accessor count="30" source="#colorarrayMesh2_2" stride="4">
                            <param name="R" type="float"/>
                            <param name="G" type="float"/>
                            <param name="B" type="float"/>
                            <param name="A" type="float"/>
                        </accessor>
                    </technique_common>
                </source>
                <vertices id="verticesMesh2_2">
                    <input semantic="POSITION" source="#pointsMesh2_2"/>
                </vertices>
                <polylist count="24" material="Material1">
                    <input offset="0" semantic="VERTEX" source="#verticesMesh2_2"/>
                    <input offset="1" semantic="TEXCOORD" source="#uvsMesh2_2" set="0"/>
                    <input offset="2" semantic="COLOR" source="#colorsMesh2_2" set="0"/>
                    <vcount>3 3 3 3 3 3 3 3 3 3 3 3 3 3 3 3 3 3 3 3 3 3 3 3</vcount>
                    <p>0 0 0 1 1 1 2 2 2 1 1 1 3 3 3 2 2 2 4 4 4 1 1 1 0 0 0 4 4 4 5 5 5 1 1 1 5 5 5 6 6 6 1 1 1 1 1 1 6 6 6 3 3 3 7 7 7 8 8 8 9 9 9 7 7 7 9 9 9 0 0 0 0 0 0 9 9 9 10 10 10 4 4 4 0 0 0 11 11 11 0 0 0 10 10 10 11 11 11 12 12 12 13 13 13 14 14 14 0 0 0 2 2 2 7 7 7 4 4 4 11 11 11 15 15 15 4 4 4 15 15 15 16 16 16 17 17 17 18 18 18 19 19 19 17 17 17 19 19 19 12 12 12 12 12 12 19 19 19 13 13 13 20 20 20 21 21 21 22 22 22 20 20 20 22 22 22 23 23 23 24 24 24 25 25 25 26 26 26 24 24 24 26 26 26 27 27 27 27 27 27 26 26 26 28 28 28 27 27 27 28 28 28 29 29 29</p>
                </polylist>
            </mesh>
        </geometry>
        <geometry id="meshMesh3_1">
            <mesh>
                <source id="pointsMesh3_1">
                    <float_array id="pointarrayMesh3_1" count="219">-869 512 -306 -869 614 -460 -869 512 -460 -869 614 -409 -1177 614 -460 -1177 614 -409 -1177 512 -306 -1177 512 -460 0 614 -1023 0 512 -1023 614 512 -1023 -784 512 1562 -921 717 1562 -921 717 1536 -784 512 1536 -1125 717 1562 -1125 717 1536 -1262 512 1562 -1262 512 1536 614 614 -1023 819 512 -1228 819 614 -1228 -255 512 -767 -2761 768 -1355 -2724 768 -1318 -2761 512 -1355 -2724 512 -1318 -2543 512 -1572 -2507 512 -1536 -2507 768 -1536 -2543 768 -1572 -869 768 -1023 -1177 768 -1023 -1177 768 -1074 698 614 -1421 662 614 -1385 662 870 -1385 698 870 -1421 553 870 -1494 590 870 -1530 553 614 -1494 590 614 -1530 -869 768 -1074 -869 512 -1023 -869 512 -1074 -1177 512 -1023 -1177 512 -1074 -818 512 -306 -818 614 -409 -869 614 -409 -818 614 -460 -1228 512 -306 -1228 614 -460 -1228 512 -460 -869 614 -460 -818 512 -460 -869 512 -306 -1228 614 -409 -1177 614 -460 -1177 614 -409 -1177 512 -306 -1177 512 -460 -869 512 -460 -2493 973 -1550 -2457 1024 -1637 -2866 1024 -1228 -2779 973 -1264 -2866 512 -1228 -2779 512 -1264 -2724 768 -1318 -2507 768 -1536 -2493 512 -1550 -2457 512 -1637</float_array>
                    <technique_common>
                        <accessor count="73" source="#pointarrayMesh3_1" stride="3">
                            <param name="X" type="float"/>
                            <param name="Y" type="float"/>
                            <param name="Z" type="float"/>
                        </accessor>
                    </technique_common>
                </source>
                <source id="uvsMesh3_1">
                    <float_array id="uvarrayMesh3_1" count="146">0.83203125 0.033203125 0.982421875 0.232421875 0.982421875 0.033203125 0.931640625 0.232421875 0.982421875 0.232421875 0.931640625 0.232421875 0.83203125 0.033203125 0.982421875 0.033203125 2.978515625 0.232421875 2.978515625 0.033203125 3.578125 0.033203125 0.25 0.033203125 0.3828125 0.431640625 0.3828125 0.431640625 0.25 0.033203125 0.583984375 0.431640625 0.583984375 0.431640625 0.716796875 0.033203125 0.716796875 0.033203125 3.578125 0.232421875 3.77734375 0.033203125 3.77734375 0.232421875 2.728515625 0.033203125 0.287109375 0.533203125 0.322265625 0.533203125 0.287109375 0.033203125 0.322265625 0.033203125 0.498046875 0.033203125 0.533203125 0.033203125 0.533203125 0.533203125 0.498046875 0.533203125 2.130859375 0.533203125 1.830078125 0.533203125 1.830078125 0.533203125 3.658203125 0.232421875 3.623046875 0.232421875 3.623046875 0.732421875 3.658203125 0.732421875 3.517578125 0.732421875 3.552734375 0.732421875 3.517578125 0.232421875 3.552734375 0.232421875 2.130859375 0.533203125 2.130859375 0.033203125 2.130859375 0.033203125 1.830078125 0.033203125 1.830078125 0.033203125 0.83203125 0.033203125 0.931640625 0.232421875 0.931640625 0.232421875 0.982421875 0.232421875 0.83203125 0.033203125 0.982421875 0.232421875 0.982421875 0.033203125 0.982421875 0.232421875 0.982421875 0.033203125 0.83203125 0.033203125 0.931640625 0.232421875 0.982421875 0.232421875 0.931640625 0.232421875 0.83203125 0.033203125 0.982421875 0.033203125 0.982421875 0.033203125 0.548828125 0.931640625 0.583984375 1 0.18359375 1 0.26953125 0.931640625 0.18359375 0.033203125 0.26953125 0.033203125 0.322265625 0.53125 0.533203125 0.53125 0.548828125 0.033203125 0.583984375 0.033203125</float_array>
                    <technique_common>
                        <accessor count="73" source="#uvarrayMesh3_1" stride="2">
                            <param name="S" type="float"/>
                            <param name="T" type="float"/>
                        </accessor>
                    </technique_common>
                </source>
                <source id="colorsMesh3_1">
                    <float_array id="colorarrayMesh3_1" count="292">0.4666666666666667 0.4666666666666667 0.4666666666666667 1 0.4666666666666667 0.4666666666666667 0.4666666666666667 1 0.4666666666666667 0.4666666666666667 0.4666666666666667 1 0.4666666666666667 0.4666666666666667 0.4666666666666667 1 0.4666666666666667 0.4666666666666667 0.4666666666666667 1 0.4666666666666667 0.4666666666666667 0.4666666666666667 1 0.4666666666666667 0.4666666666666667 0.4666666666666667 1 0.4666666666666667 0.4666666666666667 0.4666666666666667 1 1 1 1 1 1 1 1 1 1 1 1 1 1 1 1 1 1 1 1 1 1 1 1 1 1 1 1 1 1 1 1 1 1 1 1 1 1 1 1 1 1 1 1 1 1 1 1 1 1 1 1 1 1 1 1 1 1 1 1 1 1 1 1 1 1 1 1 1 1 1 1 1 1 1 1 1 1 1 1 1 1 1 1 1 1 1 1 1 1 1 1 1 1 1 1 1 1 1 1 1 1 1 1 1 1 1 1 1 1 1 1 1 1 1 1 1 1 1 1 1 1 1 1 1 1 1 1 1 1 1 1 1 1 1 1 1 1 1 1 1 1 1 1 1 1 1 1 1 1 1 1 1 1 1 1 1 1 1 1 1 1 1 1 1 1 1 1 1 1 1 1 1 1 1 1 1 1 1 1 1 1 1 1 1 1 1 1 1 1 1 1 1 1 1 1 1 1 1 1 1 1 1 1 1 1 1 1 1 1 1 1 1 1 1 1 1 1 1 1 1 1 1 1 1 1 1 1 1 1 1 1 1 1 1 1 1 1 1 1 1 1 1 1 1 1 1 1 1 1 1 1 1 1 1 1 1 1 1 1 1</float_array>
                    <technique_common>
                        <accessor count="73" source="#colorarrayMesh3_1" stride="4">
                            <param name="R" type="float"/>
                            <param name="G" type="float"/>
                            <param name="B" type="float"/>
                            <param name="A" type="float"/>
                        </accessor>
                    </technique_common>
                </source>
                <vertices id="verticesMesh3_1">
                    <input semantic="POSITION" source="#pointsMesh3_1"/>
                </vertices>
                <polylist count="61" material="Material1">
                    <input offset="0" semantic="VERTEX" source="#verticesMesh3_1"/>
                    <input offset="1" semantic="TEXCOORD" source="#uvsMesh3_1" set="0"/>
                    <input offset="2" semantic="COLOR" source="#colorsMesh3_1" set="0"/>
                    <vcount>3 3 3 3 3 3 3 3 3 3 3 3 3 3 3 3 3 3 3 3 3 3 3 3 3 3 3 3 3 3 3 3 3 3 3 3 3 3 3 3 3 3 3 3 3 3 3 3 3 3 3 3 3 3 3 3 3 3 3 3 3</vcount>
                    <p>0 0 0 1 1 1 2 2 2 0 0 0 3 3 3 1 1 1 4 4 4 5 5 5 6 6 6 4 4 4 6 6 6 7 7 7 8 8 8 9 9 9 10 10 10 11 11 11 12 12 12 13 13 13 11 11 11 13 13 13 14 14 14 13 13 13 12 12 12 15 15 15 13 13 13 15 15 15 16 16 16 16 16 16 15 15 15 17 17 17 18 18 18 16 16 16 17 17 17 19 19 19 20 20 20 21 21 21 19 19 19 10 10 10 20 20 20 8 8 8 10 10 10 19 19 19 22 22 22 9 9 9 8 8 8 23 23 23 24 24 24 25 25 25 24 24 24 26 26 26 25 25 25 27 27 27 28 28 28 29 29 29 27 27 27 29 29 29 30 30 30 31 31 31 32 32 32 33 33 33 29 29 29 23 23 23 30 30 30 29 29 29 24 24 24 23 23 23 34 34 34 35 35 35 36 36 36 34 34 34 36 36 36 37 37 37 36 36 36 38 38 38 39 39 39 36 36 36 39 39 39 37 37 37 40 40 40 41 41 41 39 39 39 40 40 40 39 39 39 38 38 38 31 31 31 33 33 33 42 42 42 42 42 42 43 43 43 31 31 31 42 42 42 44 44 44 43 43 43 32 32 32 45 45 45 46 46 46 32 32 32 46 46 46 33 33 33 47 47 47 48 48 48 49 49 49 49 49 49 48 48 48 50 50 50 50 50 50 48 48 48 47 47 47 51 51 51 52 52 52 53 53 53 49 49 49 50 50 50 54 54 54 50 50 50 47 47 47 55 55 55 47 47 47 49 49 49 56 56 56 57 57 57 58 58 58 52 52 52 57 57 57 59 59 59 58 58 58 60 60 60 59 59 59 57 57 57 60 60 60 57 57 57 51 51 51 51 51 51 57 57 57 52 52 52 52 52 52 58 58 58 61 61 61 52 52 52 61 61 61 53 53 53 54 54 54 50 50 50 55 55 55 54 54 54 55 55 55 62 62 62 63 63 63 64 64 64 65 65 65 66 66 66 63 63 63 65 65 65 65 65 65 67 67 67 68 68 68 65 65 65 68 68 68 66 66 66 69 69 69 63 63 63 66 66 66 69 69 69 66 66 66 68 68 68 70 70 70 71 71 71 63 63 63 69 69 69 70 70 70 63 63 63 72 72 72 64 64 64 63 63 63 72 72 72 63 63 63 71 71 71 70 70 70 28 28 28 71 71 71 68 68 68 26 26 26 69 69 69</p>
                </polylist>
            </mesh>
        </geometry>
        <geometry id="meshMesh3_2">
            <mesh>
                <source id="pointsMesh3_2">
                    <float_array id="pointarrayMesh3_2" count="219">-869 512 -306 -869 614 -460 -869 512 -460 -869 614 -409 -1177 614 -460 -1177 614 -409 -1177 512 -306 -1177 512 -460 0 614 -1023 0 512 -1023 614 512 -1023 -784 512 1562 -921 717 1562 -921 717 1536 -784 512 1536 -1125 717 1562 -1125 717 1536 -1262 512 1562 -1262 512 1536 614 614 -1023 819 512 -1228 819 614 -1228 -255 512 -767 -2761 768 -1355 -2724 768 -1318 -2761 512 -1355 -2724 512 -1318 -2543 512 -1572 -2507 512 -1536 -2507 768 -1536 -2543 768 -1572 -869 768 -1023 -1177 768 -1023 -1177 768 -1074 698 614 -1421 662 614 -1385 662 870 -1385 698 870 -1421 553 870 -1494 590 870 -1530 553 614 -1494 590 614 -1530 -869 768 -1074 -869 512 -1023 -869 512 -1074 -1177 512 -1023 -1177 512 -1074 -818 512 -306 -818 614 -409 -869 614 -409 -818 614 -460 -1228 512 -306 -1228 614 -460 -1228 512 -460 -869 614 -460 -818 512 -460 -869 512 -306 -1228 614 -409 -1177 614 -460 -1177 614 -409 -1177 512 -306 -1177 512 -460 -869 512 -460 -2493 973 -1550 -2457 1024 -1637 -2866 1024 -1228 -2779 973 -1264 -2866 512 -1228 -2779 512 -1264 -2724 768 -1318 -2507 768 -1536 -2493 512 -1550 -2457 512 -1637</float_array>
                    <technique_common>
                        <accessor count="73" source="#pointarrayMesh3_2" stride="3">
                            <param name="X" type="float"/>
                            <param name="Y" type="float"/>
                            <param name="Z" type="float"/>
                        </accessor>
                    </technique_common>
                </source>
                <source id="uvsMesh3_2">
                    <float_array id="uvarrayMesh3_2" count="146">0.83203125 0.033203125 0.982421875 0.232421875 0.982421875 0.033203125 0.931640625 0.232421875 0.982421875 0.232421875 0.931640625 0.232421875 0.83203125 0.033203125 0.982421875 0.033203125 2.978515625 0.232421875 2.978515625 0.033203125 3.578125 0.033203125 0.25 0.033203125 0.3828125 0.431640625 0.3828125 0.431640625 0.25 0.033203125 0.583984375 0.431640625 0.583984375 0.431640625 0.716796875 0.033203125 0.716796875 0.033203125 3.578125 0.232421875 3.77734375 0.033203125 3.77734375 0.232421875 2.728515625 0.033203125 0.287109375 0.533203125 0.322265625 0.533203125 0.287109375 0.033203125 0.322265625 0.033203125 0.498046875 0.033203125 0.533203125 0.033203125 0.533203125 0.533203125 0.498046875 0.533203125 2.130859375 0.533203125 1.830078125 0.533203125 1.830078125 0.533203125 3.658203125 0.232421875 3.623046875 0.232421875 3.623046875 0.732421875 3.658203125 0.732421875 3.517578125 0.732421875 3.552734375 0.732421875 3.517578125 0.232421875 3.552734375 0.232421875 2.130859375 0.533203125 2.130859375 0.033203125 2.130859375 0.033203125 1.830078125 0.033203125 1.830078125 0.033203125 0.83203125 0.033203125 0.931640625 0.232421875 0.931640625 0.232421875 0.982421875 0.232421875 0.83203125 0.033203125 0.982421875 0.232421875 0.982421875 0.033203125 0.982421875 0.232421875 0.982421875 0.033203125 0.83203125 0.033203125 0.931640625 0.232421875 0.982421875 0.232421875 0.931640625 0.232421875 0.83203125 0.033203125 0.982421875 0.033203125 0.982421875 0.033203125 0.548828125 0.931640625 0.583984375 1 0.18359375 1 0.26953125 0.931640625 0.18359375 0.033203125 0.26953125 0.033203125 0.322265625 0.53125 0.533203125 0.53125 0.548828125 0.033203125 0.583984375 0.033203125</float_array>
                    <technique_common>
                        <accessor count="73" source="#uvarrayMesh3_2" stride="2">
                            <param name="S" type="float"/>
                            <param name="T" type="float"/>
                        </accessor>
                    </technique_common>
                </source>
                <source id="colorsMesh3_2">
                    <float_array id="colorarrayMesh3_2" count="292">0.17254901960784313 0.17254901960784313 0.17254901960784313 1 0.17254901960784313 0.17254901960784313 0.17254901960784313 1 0.17254901960784313 0.17254901960784313 0.17254901960784313 1 0.17254901960784313 0.17254901960784313 0.17254901960784313 1 0.17254901960784313 0.17254901960784313 0.17254901960784313 1 0.17254901960784313 0.17254901960784313 0.17254901960784313 1 0.17254901960784313 0.17254901960784313 0.17254901960784313 1 0.17254901960784313 0.17254901960784313 0.17254901960784313 1 0.37254901960784315 0.37254901960784315 0.37254901960784315 1 0.37254901960784315 0.37254901960784315 0.37254901960784315 1 0.37254901960784315 0.37254901960784315 0.37254901960784315 1 0.37254901960784315 0.37254901960784315 0.37254901960784315 1 0.37254901960784315 0.37254901960784315 0.37254901960784315 1 0.37254901960784315 0.37254901960784315 0.37254901960784315 1 0.37254901960784315 0.37254901960784315 0.37254901960784315 1 0.37254901960784315 0.37254901960784315 0.37254901960784315 1 0.37254901960784315 0.37254901960784315 0.37254901960784315 1 0.37254901960784315 0.37254901960784315 0.37254901960784315 1 0.37254901960784315 0.37254901960784315 0.37254901960784315 1 0.37254901960784315 0.37254901960784315 0.37254901960784315 1 0.37254901960784315 0.37254901960784315 0.37254901960784315 1 0.37254901960784315 0.37254901960784315 0.37254901960784315 1 0.37254901960784315 0.37254901960784315 0.37254901960784315 1 0.37254901960784315 0.37254901960784315 0.37254901960784315 1 0.37254901960784315 0.37254901960784315 0.37254901960784315 1 0.37254901960784315 0.37254901960784315 0.37254901960784315 1 0.37254901960784315 0.37254901960784315 0.37254901960784315 1 0.37254901960784315 0.37254901960784315 0.37254901960784315 1 0.37254901960784315 0.37254901960784315 0.37254901960784315 1 0.37254901960784315 0.37254901960784315 0.37254901960784315 1 0.37254901960784315 0.37254901960784315 0.37254901960784315 1 0.37254901960784315 0.37254901960784315 0.37254901960784315 1 0.37254901960784315 0.37254901960784315 0.37254901960784315 1 0.37254901960784315 0.37254901960784315 0.37254901960784315 1 0.37254901960784315 0.37254901960784315 0.37254901960784315 1 0.37254901960784315 0.37254901960784315 0.37254901960784315 1 0.37254901960784315 0.37254901960784315 0.37254901960784315 1 0.37254901960784315 0.37254901960784315 0.37254901960784315 1 0.37254901960784315 0.37254901960784315 0.37254901960784315 1 0.37254901960784315 0.37254901960784315 0.37254901960784315 1 0.37254901960784315 0.37254901960784315 0.37254901960784315 1 0.37254901960784315 0.37254901960784315 0.37254901960784315 1 0.37254901960784315 0.37254901960784315 0.37254901960784315 1 0.37254901960784315 0.37254901960784315 0.37254901960784315 1 0.37254901960784315 0.37254901960784315 0.37254901960784315 1 0.37254901960784315 0.37254901960784315 0.37254901960784315 1 0.37254901960784315 0.37254901960784315 0.37254901960784315 1 0.37254901960784315 0.37254901960784315 0.37254901960784315 1 0.37254901960784315 0.37254901960784315 0.37254901960784315 1 0.37254901960784315 0.37254901960784315 0.37254901960784315 1 0.37254901960784315 0.37254901960784315 0.37254901960784315 1 0.37254901960784315 0.37254901960784315 0.37254901960784315 1 0.37254901960784315 0.37254901960784315 0.37254901960784315 1 0.37254901960784315 0.37254901960784315 0.37254901960784315 1 0.37254901960784315 0.37254901960784315 0.37254901960784315 1 0.37254901960784315 0.37254901960784315 0.37254901960784315 1 0.37254901960784315 0.37254901960784315 0.37254901960784315 1 0.37254901960784315 0.37254901960784315 0.37254901960784315 1 0.37254901960784315 0.37254901960784315 0.37254901960784315 1 0.37254901960784315 0.37254901960784315 0.37254901960784315 1 0.37254901960784315 0.37254901960784315 0.37254901960784315 1 0.37254901960784315 0.37254901960784315 0.37254901960784315 1 0.37254901960784315 0.37254901960784315 0.37254901960784315 1 0.37254901960784315 0.37254901960784315 0.37254901960784315 1 0.37254901960784315 0.37254901960784315 0.37254901960784315 1 0.37254901960784315 0.37254901960784315 0.37254901960784315 1 0.37254901960784315 0.37254901960784315 0.37254901960784315 1 0.37254901960784315 0.37254901960784315 0.37254901960784315 1 0.37254901960784315 0.37254901960784315 0.37254901960784315 1 0.37254901960784315 0.37254901960784315 0.37254901960784315 1 0.37254901960784315 0.37254901960784315 0.37254901960784315 1 0.37254901960784315 0.37254901960784315 0.37254901960784315 1 0.37254901960784315 0.37254901960784315 0.37254901960784315 1</float_array>
                    <technique_common>
                        <accessor count="73" source="#colorarrayMesh3_2" stride="4">
                            <param name="R" type="float"/>
                            <param name="G" type="float"/>
                            <param name="B" type="float"/>
                            <param name="A" type="float"/>
                        </accessor>
                    </technique_common>
                </source>
                <vertices id="verticesMesh3_2">
                    <input semantic="POSITION" source="#pointsMesh3_2"/>
                </vertices>
                <polylist count="61" material="Material1">
                    <input offset="0" semantic="VERTEX" source="#verticesMesh3_2"/>
                    <input offset="1" semantic="TEXCOORD" source="#uvsMesh3_2" set="0"/>
                    <input offset="2" semantic="COLOR" source="#colorsMesh3_2" set="0"/>
                    <vcount>3 3 3 3 3 3 3 3 3 3 3 3 3 3 3 3 3 3 3 3 3 3 3 3 3 3 3 3 3 3 3 3 3 3 3 3 3 3 3 3 3 3 3 3 3 3 3 3 3 3 3 3 3 3 3 3 3 3 3 3 3</vcount>
                    <p>0 0 0 1 1 1 2 2 2 0 0 0 3 3 3 1 1 1 4 4 4 5 5 5 6 6 6 4 4 4 6 6 6 7 7 7 8 8 8 9 9 9 10 10 10 11 11 11 12 12 12 13 13 13 11 11 11 13 13 13 14 14 14 13 13 13 12 12 12 15 15 15 13 13 13 15 15 15 16 16 16 16 16 16 15 15 15 17 17 17 18 18 18 16 16 16 17 17 17 19 19 19 20 20 20 21 21 21 19 19 19 10 10 10 20 20 20 8 8 8 10 10 10 19 19 19 22 22 22 9 9 9 8 8 8 23 23 23 24 24 24 25 25 25 24 24 24 26 26 26 25 25 25 27 27 27 28 28 28 29 29 29 27 27 27 29 29 29 30 30 30 31 31 31 32 32 32 33 33 33 29 29 29 23 23 23 30 30 30 29 29 29 24 24 24 23 23 23 34 34 34 35 35 35 36 36 36 34 34 34 36 36 36 37 37 37 36 36 36 38 38 38 39 39 39 36 36 36 39 39 39 37 37 37 40 40 40 41 41 41 39 39 39 40 40 40 39 39 39 38 38 38 31 31 31 33 33 33 42 42 42 42 42 42 43 43 43 31 31 31 42 42 42 44 44 44 43 43 43 32 32 32 45 45 45 46 46 46 32 32 32 46 46 46 33 33 33 47 47 47 48 48 48 49 49 49 49 49 49 48 48 48 50 50 50 50 50 50 48 48 48 47 47 47 51 51 51 52 52 52 53 53 53 49 49 49 50 50 50 54 54 54 50 50 50 47 47 47 55 55 55 47 47 47 49 49 49 56 56 56 57 57 57 58 58 58 52 52 52 57 57 57 59 59 59 58 58 58 60 60 60 59 59 59 57 57 57 60 60 60 57 57 57 51 51 51 51 51 51 57 57 57 52 52 52 52 52 52 58 58 58 61 61 61 52 52 52 61 61 61 53 53 53 54 54 54 50 50 50 55 55 55 54 54 54 55 55 55 62 62 62 63 63 63 64 64 64 65 65 65 66 66 66 63 63 63 65 65 65 65 65 65 67 67 67 68 68 68 65 65 65 68 68 68 66 66 66 69 69 69 63 63 63 66 66 66 69 69 69 66 66 66 68 68 68 70 70 70 71 71 71 63 63 63 69 69 69 70 70 70 63 63 63 72 72 72 64 64 64 63 63 63 72 72 72 63 63 63 71 71 71 70 70 70 28 28 28 71 71 71 68 68 68 26 26 26 69 69 69</p>
                </polylist>
            </mesh>
        </geometry>
        <geometry id="meshMesh4_1">
            <mesh>
                <source id="pointsMesh4_1">
                    <float_array id="pointarrayMesh4_1" count="540">-869 512 -460 -869 0 154 -869 51 154 -869 512 -306 -869 0 -460 -1177 0 154 -1177 512 -306 -1177 51 154 -1177 0 -460 -1177 512 -460 -1637 0 1434 -1637 102 1434 -1586 102 1382 -716 410 1562 -716 410 1536 -716 0 1536 -716 0 1562 -784 512 1562 -784 512 1536 -1330 0 1562 -1330 410 1536 -1330 410 1562 -1262 512 1536 -1262 512 1562 -1330 0 1536 -1586 0 1382 -1433 102 1382 -1535 205 1536 -1535 205 1536 -1433 0 1382 -1535 205 1536 -1381 102 1536 -1381 0 1536 -665 0 1536 -665 102 1536 -613 102 1382 -613 0 1382 -1757 0 -733 -1433 0 -409 -1433 256 -409 -460 102 1382 -511 205 1536 -511 205 1536 -409 102 1434 -460 0 1382 -511 205 1536 -409 0 1434 -1757 256 -733 512 0 -101 156 0 253 156 26 253 -1433 512 -409 -613 256 -409 -289 0 -733 -289 256 -733 -613 512 -409 -613 0 -409 410 205 0 512 205 -101 512 205 -1023 512 0 -1023 -2559 0 -1023 -2559 205 -101 -2559 0 -101 -2559 205 -1023 -2457 205 0 -2203 26 253 -2203 0 253 614 512 -1023 614 205 -1023 819 205 -1228 819 512 -1228 333 256 -1074 333 0 -1023 333 256 -1023 0 512 -1023 614 0 -1023 0 0 -1023 179 0 -1023 179 256 -1023 333 0 -1074 179 0 -1074 179 256 -1074 -255 512 -767 -180 256 -842 0 0 -1023 0 512 -1023 -325 256 -770 -216 256 -878 -180 0 -842 174 26 272 428 205 18 428 179 18 174 0 272 -2221 0 272 -2475 205 18 -2475 179 18 -2221 26 272 -2047 512 -1023 -2047 0 -1023 -1866 256 -842 -1866 0 -842 -1830 256 -878 1075 461 -153 1024 461 -153 1024 461 -306 1075 461 -306 1075 205 -153 1024 205 -153 1024 205 -306 1075 205 -306 -2661 512 -1023 -2661 0 -1023 -2380 256 -1023 -2226 256 -1023 -2380 256 -1074 -2226 256 -1074 -2380 0 -1023 -2380 0 -1074 -2226 0 -1074 -2226 0 -1023 -2047 512 -1023 -2047 0 -1023 -3122 205 -869 -3071 205 -869 -3071 461 -869 -3122 461 -869 -3122 461 -716 -3071 205 -716 -3122 205 -716 -3071 461 -716 -2866 512 -1228 -2661 205 -1023 -2661 512 -1023 -2866 205 -1228 -1721 256 -770 -1721 0 -770 -325 0 -770 -216 0 -878 -1830 0 -878 -1535 384 -306 -1535 0 -306 -1433 384 -204 -613 512 -409 -1433 512 -409 -1433 256 -409 -613 256 -409 -1433 384 -204 -1433 0 -204 -1228 0 -204 -1228 384 -204 -1433 0 -204 -511 384 -306 -511 0 -511 -511 384 -511 -1535 384 -511 -1535 0 -511 -818 384 -204 -818 0 -204 -613 0 -204 -613 384 -204 -613 384 -204 -511 0 -306 -613 0 -204 -869 0 154 -818 0 154 -818 51 154 -869 51 154 -818 0 -460 -818 512 -460 -818 512 -306 -869 512 -306 -1228 0 154 -1177 0 154 -1177 51 154 -1228 51 154 -1228 512 -460 -1228 0 -460 -1177 512 -306 -1228 512 -306</float_array>
                    <technique_common>
                        <accessor count="180" source="#pointarrayMesh4_1" stride="3">
                            <param name="X" type="float"/>
                            <param name="Y" type="float"/>
                            <param name="Z" type="float"/>
                        </accessor>
                    </technique_common>
                </source>
                <source id="uvsMesh4_1">
                    <float_array id="uvarrayMesh4_1" count="360">0.982421875 1 0.3828125 0.033203125 0.3828125 0.1328125 0.83203125 1 0.982421875 0.033203125 0.3828125 0.033203125 0.83203125 1 0.3828125 0.1328125 0.982421875 0.033203125 0.982421875 1 0.607421875 0.033203125 0.607421875 0.232421875 0.681640625 0.232421875 0.18359375 0.83203125 0.18359375 0.83203125 0.18359375 0.033203125 0.18359375 0.033203125 0.25 1 0.25 1 0.783203125 0.033203125 0.783203125 0.83203125 0.783203125 0.83203125 0.716796875 1 0.716796875 1 0.783203125 0.033203125 0.681640625 0.033203125 0.826171875 0.232421875 0.64453125 0.431640625 0.75390625 0.431640625 0.826171875 0.033203125 0.904296875 0.431640625 0.982421875 0.232421875 0.982421875 0.033203125 0.982421875 0.033203125 0.982421875 0.232421875 0.826171875 0.232421875 0.826171875 0.033203125 0.3828125 0.033203125 0.83203125 0.033203125 0.83203125 0.533203125 0.681640625 0.232421875 0.904296875 0.431640625 0.64453125 0.431640625 0.607421875 0.232421875 0.681640625 0.033203125 0.75390625 0.431640625 0.607421875 0.033203125 0.3828125 0.53125 0.8828125 0.033203125 1.228515625 0.033203125 1.228515625 0.083984375 0.83203125 1 0 0.533203125 0.51171875 0.033203125 0.51171875 0.53125 0 1 0 0.033203125 0.982421875 0.431640625 0.8828125 0.431640625 0 0.431640625 0 0.033203125 0.982421875 0.033203125 0.083984375 0.431640625 0.083984375 0.033203125 0.982421875 0.431640625 0 0.431640625 -0.259765625 0.083984375 -0.259765625 0.033203125 0.583984375 1 0.583984375 0.431640625 0.783203125 0.431640625 0.783203125 1 0.30859375 0.533203125 0.30859375 0.033203125 0.30859375 0.533203125 0 1 0.583984375 0.033203125 0 0.033203125 0.158203125 0.033203125 0.158203125 0.533203125 0.30859375 0.033203125 0.158203125 0.033203125 0.158203125 0.533203125 0.56640625 1 0.6875 0.53125 0.982421875 0.033203125 0.982421875 1 0.51171875 0.53125 0.6875 0.53125 0.6875 0.033203125 1.24609375 0.083984375 1 0.431640625 1 0.3828125 1.24609375 0.033203125 -0.27734375 0.033203125 -0.03125 0.431640625 -0.03125 0.3828125 -0.27734375 0.083984375 0 1 0 0.033203125 0.234375 0.53125 0.234375 0.033203125 0.234375 0.53125 0.83203125 0.931640625 0.83203125 0.931640625 0.68359375 0.931640625 0.68359375 0.931640625 0.83203125 0.431640625 0.83203125 0.431640625 0.68359375 0.431640625 0.68359375 0.431640625 0.4375 1 0.4375 0.033203125 0.6875 0.533203125 0.82421875 0.533203125 0.6875 0.533203125 0.82421875 0.533203125 0.6875 0.033203125 0.6875 0.033203125 0.82421875 0.033203125 0.82421875 0.033203125 0.982421875 1 0.982421875 0.033203125 0.83203125 0.431640625 0.83203125 0.431640625 0.83203125 0.931640625 0.83203125 0.931640625 0.68359375 0.931640625 0.68359375 0.431640625 0.68359375 0.431640625 0.68359375 0.931640625 0.18359375 1 0.466796875 0.431640625 0.466796875 1 0.18359375 0.431640625 0.3828125 0.53125 0.3828125 0.033203125 0.51171875 0.033203125 0.6875 0.033203125 0.234375 0.033203125 0.83203125 0.78125 0.83203125 0.033203125 0.97265625 0.78125 0.982421875 1 0 1 0 0.533203125 0.982421875 0.533203125 0 0.78125 0 0.033203125 0.234375 0.033203125 0.234375 0.78125 0.97265625 0.033203125 0 0.78125 0.150390625 0.033203125 0.150390625 0.78125 0.689453125 0.78125 0.689453125 0.033203125 0.732421875 0.78125 0.732421875 0.033203125 0.982421875 0.033203125 0.982421875 0.78125 -0.1796875 0.78125 0 0.033203125 -0.1796875 0.033203125 0.3828125 0.033203125 0.3828125 0.033203125 0.3828125 0.1328125 0.3828125 0.1328125 0.982421875 0.033203125 0.982421875 1 0.83203125 1 0.83203125 1 0.3828125 0.033203125 0.3828125 0.033203125 0.3828125 0.1328125 0.3828125 0.1328125 0.982421875 1 0.982421875 0.033203125 0.83203125 1 0.83203125 1</float_array>
                    <technique_common>
                        <accessor count="180" source="#uvarrayMesh4_1" stride="2">
                            <param name="S" type="float"/>
                            <param name="T" type="float"/>
                        </accessor>
                    </technique_common>
                </source>
                <source id="colorsMesh4_1">
                    <float_array id="colorarrayMesh4_1" count="720">0.4666666666666667 0.4666666666666667 0.4666666666666667 1 0.4666666666666667 0.4666666666666667 0.4666666666666667 1 0.4666666666666667 0.4666666666666667 0.4666666666666667 1 0.4666666666666667 0.4666666666666667 0.4666666666666667 1 0.4666666666666667 0.4666666666666667 0.4666666666666667 1 0.4666666666666667 0.4666666666666667 0.4666666666666667 1 0.4666666666666667 0.4666666666666667 0.4666666666666667 1 0.4666666666666667 0.4666666666666667 0.4666666666666667 1 0.4666666666666667 0.4666666666666667 0.4666666666666667 1 0.4666666666666667 0.4666666666666667 0.4666666666666667 1 1 1 1 1 1 1 1 1 1 1 1 1 1 1 1 1 1 1 1 1 1 1 1 1 1 1 1 1 1 1 1 1 1 1 1 1 1 1 1 1 1 1 1 1 1 1 1 1 1 1 1 1 1 1 1 1 1 1 1 1 1 1 1 1 1 1 1 1 1 1 1 1 1 1 1 1 1 1 1 1 1 1 1 1 1 1 1 1 1 1 1 1 1 1 1 1 1 1 1 1 1 1 1 1 1 1 1 1 1 1 1 1 1 1 1 1 1 1 1 1 1 1 1 1 1 1 1 1 1 1 1 1 1 1 1 1 1 1 1 1 1 1 1 1 1 1 1 1 1 1 1 1 1 1 1 1 1 1 1 1 1 1 1 1 1 1 1 1 1 1 1 1 1 1 1 1 1 1 1 1 1 1 1 1 1 1 1 1 1 1 1 1 1 1 1 1 1 1 1 1 1 1 1 1 1 1 1 1 1 1 1 1 1 1 1 1 1 1 1 1 1 1 1 1 1 1 1 1 1 1 1 1 1 1 1 1 1 1 1 1 1 1 1 1 1 1 1 1 1 1 1 1 1 1 1 1 1 1 1 1 1 1 1 1 1 1 1 1 1 1 1 1 1 1 1 1 1 1 1 1 1 1 1 1 1 1 1 1 1 1 1 1 1 1 1 1 1 1 1 1 1 1 1 1 1 1 1 1 1 1 1 1 1 1 1 1 1 1 1 1 1 1 1 1 1 1 1 1 1 1 1 1 1 1 1 1 1 1 1 1 1 1 1 1 1 1 1 1 1 1 1 1 1 1 1 1 1 1 1 1 1 1 1 1 1 1 1 1 1 1 1 1 1 1 1 1 1 1 1 1 1 1 1 1 1 1 1 1 1 1 1 1 1 1 1 1 1 1 1 1 1 1 1 1 1 1 1 1 1 1 1 1 1 1 1 1 1 1 1 1 1 1 1 1 1 1 1 1 1 1 1 1 1 1 1 1 1 1 1 1 1 1 1 1 1 1 1 1 1 1 1 1 1 1 1 1 1 1 1 1 1 1 1 1 1 1 1 1 1 1 1 1 1 1 1 1 1 1 1 1 1 1 1 1 1 1 1 1 1 1 1 1 1 1 1 1 1 1 1 1 1 1 1 1 1 1 1 1 1 1 1 1 1 1 1 1 1 1 1 1 1 1 1 1 1 1 1 1 1 1 1 1 1 1 1 1 1 1 1 1 1 1 1 1 1 1 1 1 1 1 1 1 1 1 1 1 1 1 1 1 1 1 1 1 1 1 1 1 1 1 1 1 1 1 1 1 1 1 1 1 1 1 1 1 1 1 1 1 1 1 1 1 1 1 1 1 1 1 1 1 1 1 1 1 1 1 1 1 1 1 1 1 1 1 1 1 1 1 1 1 1 1 1 1 1 1 1 1 1 1 1 1 1 1 1 1 1 1 1 1 1 1 1 1 1 1 1 1 1 1 1 1 1 1 1 1 1 1 1 1 1 1 1 1 1 1 1 1 1 1 1 1 1 1 1 1 1 1 1 1</float_array>
                    <technique_common>
                        <accessor count="180" source="#colorarrayMesh4_1" stride="4">
                            <param name="R" type="float"/>
                            <param name="G" type="float"/>
                            <param name="B" type="float"/>
                            <param name="A" type="float"/>
                        </accessor>
                    </technique_common>
                </source>
                <vertices id="verticesMesh4_1">
                    <input semantic="POSITION" source="#pointsMesh4_1"/>
                </vertices>
                <polylist count="149" material="Material1">
                    <input offset="0" semantic="VERTEX" source="#verticesMesh4_1"/>
                    <input offset="1" semantic="TEXCOORD" source="#uvsMesh4_1" set="0"/>
                    <input offset="2" semantic="COLOR" source="#colorsMesh4_1" set="0"/>
                    <vcount>3 3 3 3 3 3 3 3 3 3 3 3 3 3 3 3 3 3 3 3 3 3 3 3 3 3 3 3 3 3 3 3 3 3 3 3 3 3 3 3 3 3 3 3 3 3 3 3 3 3 3 3 3 3 3 3 3 3 3 3 3 3 3 3 3 3 3 3 3 3 3 3 3 3 3 3 3 3 3 3 3 3 3 3 3 3 3 3 3 3 3 3 3 3 3 3 3 3 3 3 3 3 3 3 3 3 3 3 3 3 3 3 3 3 3 3 3 3 3 3 3 3 3 3 3 3 3 3 3 3 3 3 3 3 3 3 3 3 3 3 3 3 3 3 3 3 3 3 3</vcount>
                    <p>0 0 0 1 1 1 2 2 2 0 0 0 2 2 2 3 3 3 0 0 0 4 4 4 1 1 1 5 5 5 6 6 6 7 7 7 5 5 5 8 8 8 9 9 9 5 5 5 9 9 9 6 6 6 10 10 10 11 11 11 12 12 12 13 13 13 14 14 14 15 15 15 13 13 13 15 15 15 16 16 16 14 14 14 13 13 13 17 17 17 14 14 14 17 17 17 18 18 18 19 19 19 20 20 20 21 21 21 21 21 21 20 20 20 22 22 22 21 21 21 22 22 22 23 23 23 19 19 19 24 24 24 20 20 20 10 10 10 12 12 12 25 25 25 25 25 25 12 12 12 26 26 26 11 11 11 27 27 27 12 12 12 28 28 28 26 26 26 12 12 12 25 25 25 26 26 26 29 29 29 30 30 30 31 31 31 26 26 26 29 29 29 26 26 26 31 31 31 29 29 29 31 31 31 32 32 32 33 33 33 34 34 34 35 35 35 33 33 33 35 35 35 36 36 36 37 37 37 38 38 38 39 39 39 36 36 36 35 35 35 40 40 40 35 35 35 34 34 34 41 41 41 40 40 40 42 42 42 43 43 43 36 36 36 40 40 40 44 44 44 44 44 44 40 40 40 43 43 43 40 40 40 35 35 35 45 45 45 44 44 44 43 43 43 46 46 46 47 47 47 37 37 37 39 39 39 48 48 48 49 49 49 50 50 50 51 51 51 47 47 47 39 39 39 52 52 52 53 53 53 54 54 54 55 55 55 52 52 52 54 54 54 52 52 52 56 56 56 53 53 53 48 48 48 57 57 57 58 58 58 48 48 48 50 50 50 57 57 57 48 48 48 58 58 58 59 59 59 48 48 48 59 59 59 60 60 60 61 61 61 62 62 62 63 63 63 61 61 61 64 64 64 62 62 62 63 63 63 62 62 62 65 65 65 63 63 63 65 65 65 66 66 66 63 63 63 66 66 66 67 67 67 68 68 68 69 69 69 70 70 70 68 68 68 70 70 70 71 71 71 72 72 72 73 73 73 74 74 74 74 74 74 68 68 68 75 75 75 74 74 74 76 76 76 68 68 68 74 74 74 73 73 73 76 76 76 75 75 75 77 77 77 78 78 78 75 75 75 78 78 78 79 79 79 75 75 75 79 79 79 74 74 74 72 72 72 80 80 80 73 73 73 79 79 79 81 81 81 82 82 82 79 79 79 78 78 78 81 81 81 83 83 83 84 84 84 85 85 85 83 83 83 85 85 85 86 86 86 87 87 87 84 84 84 54 54 54 87 87 87 88 88 88 84 84 84 84 84 84 89 89 89 85 85 85 83 83 83 54 54 54 84 84 84 83 83 83 55 55 55 54 54 54 50 50 50 90 90 90 91 91 91 50 50 50 91 91 91 57 57 57 92 92 92 91 91 91 90 90 90 92 92 92 90 90 90 93 93 93 94 94 94 95 95 95 96 96 96 94 94 94 97 97 97 95 95 95 65 65 65 95 95 95 97 97 97 65 65 65 97 97 97 66 66 66 66 66 66 97 97 97 94 94 94 66 66 66 94 94 94 67 67 67 49 49 49 90 90 90 50 50 50 49 49 49 93 93 93 90 90 90 98 98 98 99 99 99 100 100 100 99 99 99 101 101 101 100 100 100 98 98 98 100 100 100 47 47 47 47 47 47 100 100 100 102 102 102 51 51 51 98 98 98 47 47 47 103 103 103 104 104 104 105 105 105 82 82 82 72 72 72 74 74 74 103 103 103 105 105 105 106 106 106 107 107 107 104 104 104 103 103 103 107 107 107 108 108 108 104 104 104 106 106 106 105 105 105 109 109 109 106 106 106 109 109 109 110 110 110 82 82 82 74 74 74 79 79 79 111 111 111 112 112 112 113 113 113 114 114 114 115 115 115 116 116 116 114 114 114 113 113 113 115 115 115 113 113 113 117 117 117 118 118 118 113 113 113 118 118 118 115 115 115 116 116 116 119 119 119 120 120 120 116 116 116 120 120 120 114 114 114 112 112 112 117 117 117 113 113 113 121 121 121 113 113 113 114 114 114 121 121 121 111 111 111 113 113 113 121 121 121 114 114 114 122 122 122 114 114 114 120 120 120 122 122 122 123 123 123 124 124 124 125 125 125 123 123 123 125 125 125 126 126 126 127 127 127 128 128 128 129 129 129 127 127 127 130 130 130 128 128 128 126 126 126 130 130 130 127 127 127 126 126 126 125 125 125 130 130 130 131 131 131 132 132 132 133 133 133 131 131 131 134 134 134 132 132 132 54 54 54 53 53 53 87 87 87 135 135 135 136 136 136 37 37 37 53 53 53 137 137 137 87 87 87 88 88 88 138 138 138 84 84 84 138 138 138 89 89 89 84 84 84 100 100 100 139 139 139 102 102 102 100 100 100 101 101 101 139 139 139 135 135 135 37 37 37 47 47 47 140 140 140 141 141 141 142 142 142 47 47 47 102 102 102 135 135 135 143 143 143 144 144 144 145 145 145 143 143 143 145 145 145 146 146 146 147 147 147 148 148 148 149 149 149 147 147 147 149 149 149 150 150 150 141 141 141 151 151 151 142 142 142 152 152 152 153 153 153 154 154 154 155 155 155 141 141 141 140 140 140 155 155 155 156 156 156 141 141 141 157 157 157 158 158 158 159 159 159 157 157 157 159 159 159 160 160 160 161 161 161 162 162 162 152 152 152 152 152 152 162 162 162 153 153 153 161 161 161 163 163 163 162 162 162 164 164 164 165 165 165 166 166 166 164 164 164 166 166 166 167 167 167 165 165 165 168 168 168 169 169 169 165 165 165 169 169 169 170 170 170 165 165 165 170 170 170 166 166 166 167 167 167 166 166 166 170 170 170 167 167 167 170 170 170 171 171 171 172 172 172 173 173 173 174 174 174 172 172 172 174 174 174 175 175 175 176 176 176 177 177 177 172 172 172 175 175 175 174 174 174 178 178 178 175 175 175 178 178 178 179 179 179 176 176 176 172 172 172 175 175 175 176 176 176 175 175 175 179 179 179</p>
                </polylist>
            </mesh>
        </geometry>
        <geometry id="meshMesh4_2">
            <mesh>
                <source id="pointsMesh4_2">
                    <float_array id="pointarrayMesh4_2" count="540">-869 512 -460 -869 0 154 -869 51 154 -869 512 -306 -869 0 -460 -1177 0 154 -1177 512 -306 -1177 51 154 -1177 0 -460 -1177 512 -460 -1637 0 1434 -1637 102 1434 -1586 102 1382 -716 410 1562 -716 410 1536 -716 0 1536 -716 0 1562 -784 512 1562 -784 512 1536 -1330 0 1562 -1330 410 1536 -1330 410 1562 -1262 512 1536 -1262 512 1562 -1330 0 1536 -1586 0 1382 -1433 102 1382 -1535 205 1536 -1535 205 1536 -1433 0 1382 -1535 205 1536 -1381 102 1536 -1381 0 1536 -665 0 1536 -665 102 1536 -613 102 1382 -613 0 1382 -1757 0 -733 -1433 0 -409 -1433 256 -409 -460 102 1382 -511 205 1536 -511 205 1536 -409 102 1434 -460 0 1382 -511 205 1536 -409 0 1434 -1757 256 -733 512 0 -101 156 0 253 156 26 253 -1433 512 -409 -613 256 -409 -289 0 -733 -289 256 -733 -613 512 -409 -613 0 -409 410 205 0 512 205 -101 512 205 -1023 512 0 -1023 -2559 0 -1023 -2559 205 -101 -2559 0 -101 -2559 205 -1023 -2457 205 0 -2203 26 253 -2203 0 253 614 512 -1023 614 205 -1023 819 205 -1228 819 512 -1228 333 256 -1074 333 0 -1023 333 256 -1023 0 512 -1023 614 0 -1023 0 0 -1023 179 0 -1023 179 256 -1023 333 0 -1074 179 0 -1074 179 256 -1074 -255 512 -767 -180 256 -842 0 0 -1023 0 512 -1023 -325 256 -770 -216 256 -878 -180 0 -842 174 26 272 428 205 18 428 179 18 174 0 272 -2221 0 272 -2475 205 18 -2475 179 18 -2221 26 272 -2047 512 -1023 -2047 0 -1023 -1866 256 -842 -1866 0 -842 -1830 256 -878 1075 461 -153 1024 461 -153 1024 461 -306 1075 461 -306 1075 205 -153 1024 205 -153 1024 205 -306 1075 205 -306 -2661 512 -1023 -2661 0 -1023 -2380 256 -1023 -2226 256 -1023 -2380 256 -1074 -2226 256 -1074 -2380 0 -1023 -2380 0 -1074 -2226 0 -1074 -2226 0 -1023 -2047 512 -1023 -2047 0 -1023 -3122 205 -869 -3071 205 -869 -3071 461 -869 -3122 461 -869 -3122 461 -716 -3071 205 -716 -3122 205 -716 -3071 461 -716 -2866 512 -1228 -2661 205 -1023 -2661 512 -1023 -2866 205 -1228 -1721 256 -770 -1721 0 -770 -325 0 -770 -216 0 -878 -1830 0 -878 -1535 384 -306 -1535 0 -306 -1433 384 -204 -613 512 -409 -1433 512 -409 -1433 256 -409 -613 256 -409 -1433 384 -204 -1433 0 -204 -1228 0 -204 -1228 384 -204 -1433 0 -204 -511 384 -306 -511 0 -511 -511 384 -511 -1535 384 -511 -1535 0 -511 -818 384 -204 -818 0 -204 -613 0 -204 -613 384 -204 -613 384 -204 -511 0 -306 -613 0 -204 -869 0 154 -818 0 154 -818 51 154 -869 51 154 -818 0 -460 -818 512 -460 -818 512 -306 -869 512 -306 -1228 0 154 -1177 0 154 -1177 51 154 -1228 51 154 -1228 512 -460 -1228 0 -460 -1177 512 -306 -1228 512 -306</float_array>
                    <technique_common>
                        <accessor count="180" source="#pointarrayMesh4_2" stride="3">
                            <param name="X" type="float"/>
                            <param name="Y" type="float"/>
                            <param name="Z" type="float"/>
                        </accessor>
                    </technique_common>
                </source>
                <source id="uvsMesh4_2">
                    <float_array id="uvarrayMesh4_2" count="360">0.982421875 1 0.3828125 0.033203125 0.3828125 0.1328125 0.83203125 1 0.982421875 0.033203125 0.3828125 0.033203125 0.83203125 1 0.3828125 0.1328125 0.982421875 0.033203125 0.982421875 1 0.607421875 0.033203125 0.607421875 0.232421875 0.681640625 0.232421875 0.18359375 0.83203125 0.18359375 0.83203125 0.18359375 0.033203125 0.18359375 0.033203125 0.25 1 0.25 1 0.783203125 0.033203125 0.783203125 0.83203125 0.783203125 0.83203125 0.716796875 1 0.716796875 1 0.783203125 0.033203125 0.681640625 0.033203125 0.826171875 0.232421875 0.64453125 0.431640625 0.75390625 0.431640625 0.826171875 0.033203125 0.904296875 0.431640625 0.982421875 0.232421875 0.982421875 0.033203125 0.982421875 0.033203125 0.982421875 0.232421875 0.826171875 0.232421875 0.826171875 0.033203125 0.3828125 0.033203125 0.83203125 0.033203125 0.83203125 0.533203125 0.681640625 0.232421875 0.904296875 0.431640625 0.64453125 0.431640625 0.607421875 0.232421875 0.681640625 0.033203125 0.75390625 0.431640625 0.607421875 0.033203125 0.3828125 0.53125 0.8828125 0.033203125 1.228515625 0.033203125 1.228515625 0.083984375 0.83203125 1 0 0.533203125 0.51171875 0.033203125 0.51171875 0.53125 0 1 0 0.033203125 0.982421875 0.431640625 0.8828125 0.431640625 0 0.431640625 0 0.033203125 0.982421875 0.033203125 0.083984375 0.431640625 0.083984375 0.033203125 0.982421875 0.431640625 0 0.431640625 -0.259765625 0.083984375 -0.259765625 0.033203125 0.583984375 1 0.583984375 0.431640625 0.783203125 0.431640625 0.783203125 1 0.30859375 0.533203125 0.30859375 0.033203125 0.30859375 0.533203125 0 1 0.583984375 0.033203125 0 0.033203125 0.158203125 0.033203125 0.158203125 0.533203125 0.30859375 0.033203125 0.158203125 0.033203125 0.158203125 0.533203125 0.56640625 1 0.6875 0.53125 0.982421875 0.033203125 0.982421875 1 0.51171875 0.53125 0.6875 0.53125 0.6875 0.033203125 1.24609375 0.083984375 1 0.431640625 1 0.3828125 1.24609375 0.033203125 -0.27734375 0.033203125 -0.03125 0.431640625 -0.03125 0.3828125 -0.27734375 0.083984375 0 1 0 0.033203125 0.234375 0.53125 0.234375 0.033203125 0.234375 0.53125 0.83203125 0.931640625 0.83203125 0.931640625 0.68359375 0.931640625 0.68359375 0.931640625 0.83203125 0.431640625 0.83203125 0.431640625 0.68359375 0.431640625 0.68359375 0.431640625 0.4375 1 0.4375 0.033203125 0.6875 0.533203125 0.82421875 0.533203125 0.6875 0.533203125 0.82421875 0.533203125 0.6875 0.033203125 0.6875 0.033203125 0.82421875 0.033203125 0.82421875 0.033203125 0.982421875 1 0.982421875 0.033203125 0.83203125 0.431640625 0.83203125 0.431640625 0.83203125 0.931640625 0.83203125 0.931640625 0.68359375 0.931640625 0.68359375 0.431640625 0.68359375 0.431640625 0.68359375 0.931640625 0.18359375 1 0.466796875 0.431640625 0.466796875 1 0.18359375 0.431640625 0.3828125 0.53125 0.3828125 0.033203125 0.51171875 0.033203125 0.6875 0.033203125 0.234375 0.033203125 0.83203125 0.78125 0.83203125 0.033203125 0.97265625 0.78125 0.982421875 1 0 1 0 0.533203125 0.982421875 0.533203125 0 0.78125 0 0.033203125 0.234375 0.033203125 0.234375 0.78125 0.97265625 0.033203125 0 0.78125 0.150390625 0.033203125 0.150390625 0.78125 0.689453125 0.78125 0.689453125 0.033203125 0.732421875 0.78125 0.732421875 0.033203125 0.982421875 0.033203125 0.982421875 0.78125 -0.1796875 0.78125 0 0.033203125 -0.1796875 0.033203125 0.3828125 0.033203125 0.3828125 0.033203125 0.3828125 0.1328125 0.3828125 0.1328125 0.982421875 0.033203125 0.982421875 1 0.83203125 1 0.83203125 1 0.3828125 0.033203125 0.3828125 0.033203125 0.3828125 0.1328125 0.3828125 0.1328125 0.982421875 1 0.982421875 0.033203125 0.83203125 1 0.83203125 1</float_array>
                    <technique_common>
                        <accessor count="180" source="#uvarrayMesh4_2" stride="2">
                            <param name="S" type="float"/>
                            <param name="T" type="float"/>
                        </accessor>
                    </technique_common>
                </source>
                <source id="colorsMesh4_2">
                    <float_array id="colorarrayMesh4_2" count="720">0.17254901960784313 0.17254901960784313 0.17254901960784313 1 0.17254901960784313 0.17254901960784313 0.17254901960784313 1 0.17254901960784313 0.17254901960784313 0.17254901960784313 1 0.17254901960784313 0.17254901960784313 0.17254901960784313 1 0.17254901960784313 0.17254901960784313 0.17254901960784313 1 0.17254901960784313 0.17254901960784313 0.17254901960784313 1 0.17254901960784313 0.17254901960784313 0.17254901960784313 1 0.17254901960784313 0.17254901960784313 0.17254901960784313 1 0.17254901960784313 0.17254901960784313 0.17254901960784313 1 0.17254901960784313 0.17254901960784313 0.17254901960784313 1 0.37254901960784315 0.37254901960784315 0.37254901960784315 1 0.37254901960784315 0.37254901960784315 0.37254901960784315 1 0.37254901960784315 0.37254901960784315 0.37254901960784315 1 0.37254901960784315 0.37254901960784315 0.37254901960784315 1 0.37254901960784315 0.37254901960784315 0.37254901960784315 1 0.37254901960784315 0.37254901960784315 0.37254901960784315 1 0.37254901960784315 0.37254901960784315 0.37254901960784315 1 0.37254901960784315 0.37254901960784315 0.37254901960784315 1 0.37254901960784315 0.37254901960784315 0.37254901960784315 1 0.37254901960784315 0.37254901960784315 0.37254901960784315 1 0.37254901960784315 0.37254901960784315 0.37254901960784315 1 0.37254901960784315 0.37254901960784315 0.37254901960784315 1 0.37254901960784315 0.37254901960784315 0.37254901960784315 1 0.37254901960784315 0.37254901960784315 0.37254901960784315 1 0.37254901960784315 0.37254901960784315 0.37254901960784315 1 0.37254901960784315 0.37254901960784315 0.37254901960784315 1 0.37254901960784315 0.37254901960784315 0.37254901960784315 1 0.37254901960784315 0.37254901960784315 0.37254901960784315 1 0.37254901960784315 0.37254901960784315 0.37254901960784315 1 0.37254901960784315 0.37254901960784315 0.37254901960784315 1 0.37254901960784315 0.37254901960784315 0.37254901960784315 1 0.37254901960784315 0.37254901960784315 0.37254901960784315 1 0.37254901960784315 0.37254901960784315 0.37254901960784315 1 0.37254901960784315 0.37254901960784315 0.37254901960784315 1 0.37254901960784315 0.37254901960784315 0.37254901960784315 1 0.37254901960784315 0.37254901960784315 0.37254901960784315 1 0.37254901960784315 0.37254901960784315 0.37254901960784315 1 0.37254901960784315 0.37254901960784315 0.37254901960784315 1 0.37254901960784315 0.37254901960784315 0.37254901960784315 1 0.37254901960784315 0.37254901960784315 0.37254901960784315 1 0.37254901960784315 0.37254901960784315 0.37254901960784315 1 0.37254901960784315 0.37254901960784315 0.37254901960784315 1 0.37254901960784315 0.37254901960784315 0.37254901960784315 1 0.37254901960784315 0.37254901960784315 0.37254901960784315 1 0.37254901960784315 0.37254901960784315 0.37254901960784315 1 0.37254901960784315 0.37254901960784315 0.37254901960784315 1 0.37254901960784315 0.37254901960784315 0.37254901960784315 1 0.37254901960784315 0.37254901960784315 0.37254901960784315 1 0.37254901960784315 0.37254901960784315 0.37254901960784315 1 0.37254901960784315 0.37254901960784315 0.37254901960784315 1 0.37254901960784315 0.37254901960784315 0.37254901960784315 1 0.37254901960784315 0.37254901960784315 0.37254901960784315 1 0.37254901960784315 0.37254901960784315 0.37254901960784315 1 0.37254901960784315 0.37254901960784315 0.37254901960784315 1 0.37254901960784315 0.37254901960784315 0.37254901960784315 1 0.37254901960784315 0.37254901960784315 0.37254901960784315 1 0.37254901960784315 0.37254901960784315 0.37254901960784315 1 0.37254901960784315 0.37254901960784315 0.37254901960784315 1 0.37254901960784315 0.37254901960784315 0.37254901960784315 1 0.37254901960784315 0.37254901960784315 0.37254901960784315 1 0.37254901960784315 0.37254901960784315 0.37254901960784315 1 0.37254901960784315 0.37254901960784315 0.37254901960784315 1 0.37254901960784315 0.37254901960784315 0.37254901960784315 1 0.37254901960784315 0.37254901960784315 0.37254901960784315 1 0.37254901960784315 0.37254901960784315 0.37254901960784315 1 0.37254901960784315 0.37254901960784315 0.37254901960784315 1 0.37254901960784315 0.37254901960784315 0.37254901960784315 1 0.37254901960784315 0.37254901960784315 0.37254901960784315 1 0.37254901960784315 0.37254901960784315 0.37254901960784315 1 0.37254901960784315 0.37254901960784315 0.37254901960784315 1 0.37254901960784315 0.37254901960784315 0.37254901960784315 1 0.37254901960784315 0.37254901960784315 0.37254901960784315 1 0.37254901960784315 0.37254901960784315 0.37254901960784315 1 0.37254901960784315 0.37254901960784315 0.37254901960784315 1 0.37254901960784315 0.37254901960784315 0.37254901960784315 1 0.37254901960784315 0.37254901960784315 0.37254901960784315 1 0.37254901960784315 0.37254901960784315 0.37254901960784315 1 0.37254901960784315 0.37254901960784315 0.37254901960784315 1 0.37254901960784315 0.37254901960784315 0.37254901960784315 1 0.37254901960784315 0.37254901960784315 0.37254901960784315 1 0.37254901960784315 0.37254901960784315 0.37254901960784315 1 0.37254901960784315 0.37254901960784315 0.37254901960784315 1 0.37254901960784315 0.37254901960784315 0.37254901960784315 1 0.37254901960784315 0.37254901960784315 0.37254901960784315 1 0.37254901960784315 0.37254901960784315 0.37254901960784315 1 0.37254901960784315 0.37254901960784315 0.37254901960784315 1 0.37254901960784315 0.37254901960784315 0.37254901960784315 1 0.37254901960784315 0.37254901960784315 0.37254901960784315 1 0.37254901960784315 0.37254901960784315 0.37254901960784315 1 0.37254901960784315 0.37254901960784315 0.37254901960784315 1 0.37254901960784315 0.37254901960784315 0.37254901960784315 1 0.37254901960784315 0.37254901960784315 0.37254901960784315 1 0.37254901960784315 0.37254901960784315 0.37254901960784315 1 0.37254901960784315 0.37254901960784315 0.37254901960784315 1 0.37254901960784315 0.37254901960784315 0.37254901960784315 1 0.37254901960784315 0.37254901960784315 0.37254901960784315 1 0.37254901960784315 0.37254901960784315 0.37254901960784315 1 0.37254901960784315 0.37254901960784315 0.37254901960784315 1 0.37254901960784315 0.37254901960784315 0.37254901960784315 1 0.37254901960784315 0.37254901960784315 0.37254901960784315 1 0.37254901960784315 0.37254901960784315 0.37254901960784315 1 0.37254901960784315 0.37254901960784315 0.37254901960784315 1 0.37254901960784315 0.37254901960784315 0.37254901960784315 1 0.37254901960784315 0.37254901960784315 0.37254901960784315 1 0.37254901960784315 0.37254901960784315 0.37254901960784315 1 0.37254901960784315 0.37254901960784315 0.37254901960784315 1 0.37254901960784315 0.37254901960784315 0.37254901960784315 1 0.37254901960784315 0.37254901960784315 0.37254901960784315 1 0.37254901960784315 0.37254901960784315 0.37254901960784315 1 0.37254901960784315 0.37254901960784315 0.37254901960784315 1 0.37254901960784315 0.37254901960784315 0.37254901960784315 1 0.37254901960784315 0.37254901960784315 0.37254901960784315 1 0.37254901960784315 0.37254901960784315 0.37254901960784315 1 0.37254901960784315 0.37254901960784315 0.37254901960784315 1 0.37254901960784315 0.37254901960784315 0.37254901960784315 1 0.37254901960784315 0.37254901960784315 0.37254901960784315 1 0.37254901960784315 0.37254901960784315 0.37254901960784315 1 0.37254901960784315 0.37254901960784315 0.37254901960784315 1 0.37254901960784315 0.37254901960784315 0.37254901960784315 1 0.37254901960784315 0.37254901960784315 0.37254901960784315 1 0.37254901960784315 0.37254901960784315 0.37254901960784315 1 0.37254901960784315 0.37254901960784315 0.37254901960784315 1 0.37254901960784315 0.37254901960784315 0.37254901960784315 1 0.37254901960784315 0.37254901960784315 0.37254901960784315 1 0.37254901960784315 0.37254901960784315 0.37254901960784315 1 0.37254901960784315 0.37254901960784315 0.37254901960784315 1 0.37254901960784315 0.37254901960784315 0.37254901960784315 1 0.37254901960784315 0.37254901960784315 0.37254901960784315 1 0.37254901960784315 0.37254901960784315 0.37254901960784315 1 0.37254901960784315 0.37254901960784315 0.37254901960784315 1 0.37254901960784315 0.37254901960784315 0.37254901960784315 1 0.37254901960784315 0.37254901960784315 0.37254901960784315 1 0.37254901960784315 0.37254901960784315 0.37254901960784315 1 0.37254901960784315 0.37254901960784315 0.37254901960784315 1 0.37254901960784315 0.37254901960784315 0.37254901960784315 1 0.37254901960784315 0.37254901960784315 0.37254901960784315 1 0.37254901960784315 0.37254901960784315 0.37254901960784315 1 0.37254901960784315 0.37254901960784315 0.37254901960784315 1 0.37254901960784315 0.37254901960784315 0.37254901960784315 1 0.37254901960784315 0.37254901960784315 0.37254901960784315 1 0.37254901960784315 0.37254901960784315 0.37254901960784315 1 0.37254901960784315 0.37254901960784315 0.37254901960784315 1 0.37254901960784315 0.37254901960784315 0.37254901960784315 1 0.37254901960784315 0.37254901960784315 0.37254901960784315 1 0.37254901960784315 0.37254901960784315 0.37254901960784315 1 0.37254901960784315 0.37254901960784315 0.37254901960784315 1 0.37254901960784315 0.37254901960784315 0.37254901960784315 1 0.37254901960784315 0.37254901960784315 0.37254901960784315 1 0.37254901960784315 0.37254901960784315 0.37254901960784315 1 0.37254901960784315 0.37254901960784315 0.37254901960784315 1 0.37254901960784315 0.37254901960784315 0.37254901960784315 1 0.37254901960784315 0.37254901960784315 0.37254901960784315 1 0.37254901960784315 0.37254901960784315 0.37254901960784315 1 0.37254901960784315 0.37254901960784315 0.37254901960784315 1 0.37254901960784315 0.37254901960784315 0.37254901960784315 1 0.37254901960784315 0.37254901960784315 0.37254901960784315 1 0.37254901960784315 0.37254901960784315 0.37254901960784315 1 0.37254901960784315 0.37254901960784315 0.37254901960784315 1 0.37254901960784315 0.37254901960784315 0.37254901960784315 1 0.37254901960784315 0.37254901960784315 0.37254901960784315 1 0.37254901960784315 0.37254901960784315 0.37254901960784315 1 0.37254901960784315 0.37254901960784315 0.37254901960784315 1 0.37254901960784315 0.37254901960784315 0.37254901960784315 1 0.37254901960784315 0.37254901960784315 0.37254901960784315 1 0.37254901960784315 0.37254901960784315 0.37254901960784315 1 0.37254901960784315 0.37254901960784315 0.37254901960784315 1 0.37254901960784315 0.37254901960784315 0.37254901960784315 1 0.37254901960784315 0.37254901960784315 0.37254901960784315 1 0.37254901960784315 0.37254901960784315 0.37254901960784315 1 0.37254901960784315 0.37254901960784315 0.37254901960784315 1 0.37254901960784315 0.37254901960784315 0.37254901960784315 1 0.37254901960784315 0.37254901960784315 0.37254901960784315 1 0.37254901960784315 0.37254901960784315 0.37254901960784315 1 0.37254901960784315 0.37254901960784315 0.37254901960784315 1 0.37254901960784315 0.37254901960784315 0.37254901960784315 1 0.37254901960784315 0.37254901960784315 0.37254901960784315 1 0.37254901960784315 0.37254901960784315 0.37254901960784315 1 0.37254901960784315 0.37254901960784315 0.37254901960784315 1 0.37254901960784315 0.37254901960784315 0.37254901960784315 1 0.37254901960784315 0.37254901960784315 0.37254901960784315 1</float_array>
                    <technique_common>
                        <accessor count="180" source="#colorarrayMesh4_2" stride="4">
                            <param name="R" type="float"/>
                            <param name="G" type="float"/>
                            <param name="B" type="float"/>
                            <param name="A" type="float"/>
                        </accessor>
                    </technique_common>
                </source>
                <vertices id="verticesMesh4_2">
                    <input semantic="POSITION" source="#pointsMesh4_2"/>
                </vertices>
                <polylist count="149" material="Material1">
                    <input offset="0" semantic="VERTEX" source="#verticesMesh4_2"/>
                    <input offset="1" semantic="TEXCOORD" source="#uvsMesh4_2" set="0"/>
                    <input offset="2" semantic="COLOR" source="#colorsMesh4_2" set="0"/>
                    <vcount>3 3 3 3 3 3 3 3 3 3 3 3 3 3 3 3 3 3 3 3 3 3 3 3 3 3 3 3 3 3 3 3 3 3 3 3 3 3 3 3 3 3 3 3 3 3 3 3 3 3 3 3 3 3 3 3 3 3 3 3 3 3 3 3 3 3 3 3 3 3 3 3 3 3 3 3 3 3 3 3 3 3 3 3 3 3 3 3 3 3 3 3 3 3 3 3 3 3 3 3 3 3 3 3 3 3 3 3 3 3 3 3 3 3 3 3 3 3 3 3 3 3 3 3 3 3 3 3 3 3 3 3 3 3 3 3 3 3 3 3 3 3 3 3 3 3 3 3 3</vcount>
                    <p>0 0 0 1 1 1 2 2 2 0 0 0 2 2 2 3 3 3 0 0 0 4 4 4 1 1 1 5 5 5 6 6 6 7 7 7 5 5 5 8 8 8 9 9 9 5 5 5 9 9 9 6 6 6 10 10 10 11 11 11 12 12 12 13 13 13 14 14 14 15 15 15 13 13 13 15 15 15 16 16 16 14 14 14 13 13 13 17 17 17 14 14 14 17 17 17 18 18 18 19 19 19 20 20 20 21 21 21 21 21 21 20 20 20 22 22 22 21 21 21 22 22 22 23 23 23 19 19 19 24 24 24 20 20 20 10 10 10 12 12 12 25 25 25 25 25 25 12 12 12 26 26 26 11 11 11 27 27 27 12 12 12 28 28 28 26 26 26 12 12 12 25 25 25 26 26 26 29 29 29 30 30 30 31 31 31 26 26 26 29 29 29 26 26 26 31 31 31 29 29 29 31 31 31 32 32 32 33 33 33 34 34 34 35 35 35 33 33 33 35 35 35 36 36 36 37 37 37 38 38 38 39 39 39 36 36 36 35 35 35 40 40 40 35 35 35 34 34 34 41 41 41 40 40 40 42 42 42 43 43 43 36 36 36 40 40 40 44 44 44 44 44 44 40 40 40 43 43 43 40 40 40 35 35 35 45 45 45 44 44 44 43 43 43 46 46 46 47 47 47 37 37 37 39 39 39 48 48 48 49 49 49 50 50 50 51 51 51 47 47 47 39 39 39 52 52 52 53 53 53 54 54 54 55 55 55 52 52 52 54 54 54 52 52 52 56 56 56 53 53 53 48 48 48 57 57 57 58 58 58 48 48 48 50 50 50 57 57 57 48 48 48 58 58 58 59 59 59 48 48 48 59 59 59 60 60 60 61 61 61 62 62 62 63 63 63 61 61 61 64 64 64 62 62 62 63 63 63 62 62 62 65 65 65 63 63 63 65 65 65 66 66 66 63 63 63 66 66 66 67 67 67 68 68 68 69 69 69 70 70 70 68 68 68 70 70 70 71 71 71 72 72 72 73 73 73 74 74 74 74 74 74 68 68 68 75 75 75 74 74 74 76 76 76 68 68 68 74 74 74 73 73 73 76 76 76 75 75 75 77 77 77 78 78 78 75 75 75 78 78 78 79 79 79 75 75 75 79 79 79 74 74 74 72 72 72 80 80 80 73 73 73 79 79 79 81 81 81 82 82 82 79 79 79 78 78 78 81 81 81 83 83 83 84 84 84 85 85 85 83 83 83 85 85 85 86 86 86 87 87 87 84 84 84 54 54 54 87 87 87 88 88 88 84 84 84 84 84 84 89 89 89 85 85 85 83 83 83 54 54 54 84 84 84 83 83 83 55 55 55 54 54 54 50 50 50 90 90 90 91 91 91 50 50 50 91 91 91 57 57 57 92 92 92 91 91 91 90 90 90 92 92 92 90 90 90 93 93 93 94 94 94 95 95 95 96 96 96 94 94 94 97 97 97 95 95 95 65 65 65 95 95 95 97 97 97 65 65 65 97 97 97 66 66 66 66 66 66 97 97 97 94 94 94 66 66 66 94 94 94 67 67 67 49 49 49 90 90 90 50 50 50 49 49 49 93 93 93 90 90 90 98 98 98 99 99 99 100 100 100 99 99 99 101 101 101 100 100 100 98 98 98 100 100 100 47 47 47 47 47 47 100 100 100 102 102 102 51 51 51 98 98 98 47 47 47 103 103 103 104 104 104 105 105 105 82 82 82 72 72 72 74 74 74 103 103 103 105 105 105 106 106 106 107 107 107 104 104 104 103 103 103 107 107 107 108 108 108 104 104 104 106 106 106 105 105 105 109 109 109 106 106 106 109 109 109 110 110 110 82 82 82 74 74 74 79 79 79 111 111 111 112 112 112 113 113 113 114 114 114 115 115 115 116 116 116 114 114 114 113 113 113 115 115 115 113 113 113 117 117 117 118 118 118 113 113 113 118 118 118 115 115 115 116 116 116 119 119 119 120 120 120 116 116 116 120 120 120 114 114 114 112 112 112 117 117 117 113 113 113 121 121 121 113 113 113 114 114 114 121 121 121 111 111 111 113 113 113 121 121 121 114 114 114 122 122 122 114 114 114 120 120 120 122 122 122 123 123 123 124 124 124 125 125 125 123 123 123 125 125 125 126 126 126 127 127 127 128 128 128 129 129 129 127 127 127 130 130 130 128 128 128 126 126 126 130 130 130 127 127 127 126 126 126 125 125 125 130 130 130 131 131 131 132 132 132 133 133 133 131 131 131 134 134 134 132 132 132 54 54 54 53 53 53 87 87 87 135 135 135 136 136 136 37 37 37 53 53 53 137 137 137 87 87 87 88 88 88 138 138 138 84 84 84 138 138 138 89 89 89 84 84 84 100 100 100 139 139 139 102 102 102 100 100 100 101 101 101 139 139 139 135 135 135 37 37 37 47 47 47 140 140 140 141 141 141 142 142 142 47 47 47 102 102 102 135 135 135 143 143 143 144 144 144 145 145 145 143 143 143 145 145 145 146 146 146 147 147 147 148 148 148 149 149 149 147 147 147 149 149 149 150 150 150 141 141 141 151 151 151 142 142 142 152 152 152 153 153 153 154 154 154 155 155 155 141 141 141 140 140 140 155 155 155 156 156 156 141 141 141 157 157 157 158 158 158 159 159 159 157 157 157 159 159 159 160 160 160 161 161 161 162 162 162 152 152 152 152 152 152 162 162 162 153 153 153 161 161 161 163 163 163 162 162 162 164 164 164 165 165 165 166 166 166 164 164 164 166 166 166 167 167 167 165 165 165 168 168 168 169 169 169 165 165 165 169 169 169 170 170 170 165 165 165 170 170 170 166 166 166 167 167 167 166 166 166 170 170 170 167 167 167 170 170 170 171 171 171 172 172 172 173 173 173 174 174 174 172 172 172 174 174 174 175 175 175 176 176 176 177 177 177 172 172 172 175 175 175 174 174 174 178 178 178 175 175 175 178 178 178 179 179 179 176 176 176 172 172 172 175 175 175 176 176 176 175 175 175 179 179 179</p>
                </polylist>
            </mesh>
        </geometry>
        <geometry id="meshMesh5_1">
            <mesh>
                <source id="pointsMesh5_1">
                    <float_array id="pointarrayMesh5_1" count="162">-13 614 -1037 0 717 -1043 -13 717 -1037 0 614 -1043 606 717 -1043 606 614 -1043 532 307 -1023 532 205 -1023 532 307 -93 532 205 -93 424 205 14 424 307 14 -2579 307 -93 -2579 205 -1023 -2579 307 -1023 171 26 268 171 128 268 424 307 14 424 205 14 -2471 307 14 -2218 128 268 -2218 26 268 -2471 205 14 -2471 307 14 -2471 205 14 -2579 205 -93 -269 614 -781 -622 614 -429 -622 512 -429 606 614 -1043 805 717 -1242 606 717 -1043 805 614 -1242 -13 717 -1037 -269 512 -781 -13 614 -1037 -269 614 -781 -269 512 -781 -1424 512 -429 -1228 512 -429 -1424 614 -429 -622 614 -429 -818 512 -429 -622 512 -429 -818 614 -429 -1424 614 -429 -2039 614 -1044 -2039 512 -1044 -1424 512 -429 -2653 512 -1043 -2653 614 -1043 -2852 512 -1242 -2852 614 -1242 -1228 614 -429</float_array>
                    <technique_common>
                        <accessor count="54" source="#pointarrayMesh5_1" stride="3">
                            <param name="X" type="float"/>
                            <param name="Y" type="float"/>
                            <param name="Z" type="float"/>
                        </accessor>
                    </technique_common>
                </source>
                <source id="uvsMesh5_1">
                    <float_array id="uvarrayMesh5_1" count="108">0 0.033203125 0.111328125 1 0 1 0.111328125 0.033203125 6.015625 1 6.015625 0.033203125 8.951171875 1 8.951171875 0.033203125 0 1 0 0.033203125 -1.02734375 0.033203125 -1.02734375 1 0 1 8.951171875 0.033203125 8.951171875 1 -2.5234375 0.033203125 -2.5234375 1 0.966796875 1 0.966796875 0.033203125 0.966796875 1 -2.5234375 1 -2.525390625 0.033203125 0.966796875 0.033203125 -1.02734375 1 -1.02734375 0.033203125 0 0.033203125 8.453125 1 4.958984375 1 4.958984375 0.033203125 5.95703125 0.033203125 7.953125 1 5.95703125 1 7.953125 0.033203125 3.486328125 1 0 0.033203125 3.48828125 0.033203125 0 1 8.453125 0.033203125 0 0.033203125 1.8828125 0.033203125 0 1 0.966796875 1 -0.943359375 0.033203125 0.966796875 0.033203125 -0.943359375 1 -3.0234375 1 -9.01171875 1 -9.01171875 0.033203125 -3.0234375 0.033203125 -15 0.033203125 -15 1 -16.99609375 0.033203125 -16.99609375 1 1.8828125 1</float_array>
                    <technique_common>
                        <accessor count="54" source="#uvarrayMesh5_1" stride="2">
                            <param name="S" type="float"/>
                            <param name="T" type="float"/>
                        </accessor>
                    </technique_common>
                </source>
                <vertices id="verticesMesh5_1">
                    <input semantic="POSITION" source="#pointsMesh5_1"/>
                </vertices>
                <polylist count="32" material="Material1">
                    <input offset="0" semantic="VERTEX" source="#verticesMesh5_1"/>
                    <input offset="1" semantic="TEXCOORD" source="#uvsMesh5_1" set="0"/>
                    <vcount>3 3 3 3 3 3 3 3 3 3 3 3 3 3 3 3 3 3 3 3 3 3 3 3 3 3 3 3 3 3 3 3</vcount>
                    <p>0 0 1 1 2 2 0 0 3 3 1 1 4 4 3 3 5 5 4 4 1 1 3 3 6 6 7 7 8 8 7 7 9 9 8 8 9 9 10 10 8 8 10 10 11 11 8 8 12 12 13 13 14 14 15 15 16 16 17 17 18 18 15 15 17 17 19 19 20 20 21 21 19 19 21 21 22 22 12 12 23 23 24 24 12 12 24 24 25 25 26 26 27 27 28 28 12 12 25 25 13 13 29 29 30 30 31 31 29 29 32 32 30 30 33 33 34 34 35 35 33 33 36 36 34 34 26 26 28 28 37 37 38 38 39 39 40 40 41 41 42 42 43 43 41 41 44 44 42 42 45 45 46 46 47 47 45 45 47 47 48 48 46 46 49 49 47 47 46 46 50 50 49 49 50 50 51 51 49 49 50 50 52 52 51 51 39 39 53 53 40 40</p>
                </polylist>
            </mesh>
        </geometry>
        <geometry id="meshMesh6_1">
            <mesh>
                <source id="pointsMesh6_1">
                    <float_array id="pointarrayMesh6_1" count="108">-511 1024 1536 -765 1741 1536 -765 1741 922 -1281 1741 922 -1281 1741 1536 -1535 1024 1536 -765 1741 1536 -1281 1741 1536 -1281 1741 922 -765 1741 922 102 1024 -1637 410 1024 -1637 155 1741 -1023 -2457 1024 -1637 -2457 1741 -769 -3071 1024 -1023 -2202 1741 -1023 -2149 1024 -1637 -1535 1415 -1302 -765 1741 922 -1281 1741 922 -2457 1741 -253 -511 1415 -1302 410 1741 -769 -511 1024 1536 410 1741 -253 1024 1024 0 -3071 1024 0 -1535 1024 1536 1024 1024 -1023 -1535 1024 -1023 -1535 1415 -1302 -2149 1024 -1637 -511 1024 -1023 -511 1415 -1302 102 1024 -1637</float_array>
                    <technique_common>
                        <accessor count="36" source="#pointarrayMesh6_1" stride="3">
                            <param name="X" type="float"/>
                            <param name="Y" type="float"/>
                            <param name="Z" type="float"/>
                        </accessor>
                    </technique_common>
                </source>
                <source id="uvsMesh6_1">
                    <float_array id="uvarrayMesh6_1" count="72">0 1 0.216796875 1.73046875 0.216796875 1.73046875 0.71875 1.73046875 0.71875 1.73046875 0.966796875 1 0.216796875 1.73046875 0.71875 1.73046875 0.71875 1.73046875 0.216796875 1.73046875 -0.0546875 1.189453125 -0.197265625 1.189453125 -0.078125 0.873046875 1.1328125 1.189453125 1.1328125 0.7421875 1.41796875 0.873046875 1.013671875 0.873046875 0.990234375 1.189453125 0.705078125 1.017578125 0.34765625 -0.123046875 0.5859375 -0.123046875 1.1328125 0.478515625 0.228515625 1.017578125 -0.197265625 0.7421875 0.228515625 -0.4375 -0.197265625 0.478515625 -0.482421875 0.34765625 1.41796875 0.34765625 0.705078125 -0.4375 -0.482421875 0.873046875 0 -1.234375 0 -0.962890625 -0.62890625 -0.63671875 0.966796875 -1.234375 0.966796875 -0.962890625 1.56640625 -0.63671875</float_array>
                    <technique_common>
                        <accessor count="36" source="#uvarrayMesh6_1" stride="2">
                            <param name="S" type="float"/>
                            <param name="T" type="float"/>
                        </accessor>
                    </technique_common>
                </source>
                <source id="colorsMesh6_1">
                    <float_array id="colorarrayMesh6_1" count="144">0.4 0.4 0.4 1 0.4 0.4 0.4 1 0.4 0.4 0.4 1 0.4 0.4 0.4 1 0.4 0.4 0.4 1 0.4 0.4 0.4 1 0.5333333333333333 0.5333333333333333 0.5333333333333333 1 0.5333333333333333 0.5333333333333333 0.5333333333333333 1 0.5333333333333333 0.5333333333333333 0.5333333333333333 1 0.5333333333333333 0.5333333333333333 0.5333333333333333 1 1 1 1 1 1 1 1 1 1 1 1 1 1 1 1 1 1 1 1 1 1 1 1 1 1 1 1 1 1 1 1 1 1 1 1 1 1 1 1 1 1 1 1 1 1 1 1 1 1 1 1 1 1 1 1 1 1 1 1 1 1 1 1 1 1 1 1 1 1 1 1 1 1 1 1 1 1 1 1 1 1 1 1 1 1 1 1 1 1 1 1 1 1 1 1 1 1 1 1 1 1 1 1 1</float_array>
                    <technique_common>
                        <accessor count="36" source="#colorarrayMesh6_1" stride="4">
                            <param name="R" type="float"/>
                            <param name="G" type="float"/>
                            <param name="B" type="float"/>
                            <param name="A" type="float"/>
                        </accessor>
                    </technique_common>
                </source>
                <vertices id="verticesMesh6_1">
                    <input semantic="POSITION" source="#pointsMesh6_1"/>
                </vertices>
                <polylist count="32" material="Material1">
                    <input offset="0" semantic="VERTEX" source="#verticesMesh6_1"/>
                    <input offset="1" semantic="TEXCOORD" source="#uvsMesh6_1" set="0"/>
                    <input offset="2" semantic="COLOR" source="#colorsMesh6_1" set="0"/>
                    <vcount>3 3 3 3 3 3 3 3 3 3 3 3 3 3 3 3 3 3 3 3 3 3 3 3 3 3 3 3 3 3 3 3</vcount>
                    <p>0 0 0 1 1 1 2 2 2 3 3 3 4 4 4 5 5 5 6 6 6 7 7 7 8 8 8 6 6 6 8 8 8 9 9 9 10 10 10 11 11 11 12 12 12 13 13 13 14 14 14 15 15 15 13 13 13 16 16 16 14 14 14 13 13 13 17 17 17 16 16 16 17 17 17 18 18 18 16 16 16 18 18 18 12 12 12 16 16 16 16 16 16 19 19 19 20 20 20 21 21 21 14 14 14 16 16 16 21 21 21 16 16 16 20 20 20 16 16 16 12 12 12 19 19 19 18 18 18 22 22 22 12 12 12 22 22 22 10 10 10 12 12 12 23 23 23 12 12 12 11 11 11 24 24 24 25 25 25 26 26 26 14 14 14 21 21 21 27 27 27 15 15 15 14 14 14 27 27 27 27 27 27 21 21 21 28 28 28 21 21 21 20 20 20 28 28 28 29 29 29 23 23 23 11 11 11 26 26 26 23 23 23 29 29 29 26 26 26 25 25 25 23 23 23 12 12 12 23 23 23 25 25 25 12 12 12 25 25 25 19 19 19 24 24 24 19 19 19 25 25 25 30 30 30 31 31 31 32 32 32 33 33 33 31 31 31 30 30 30 33 33 33 34 34 34 31 31 31 35 35 35 34 34 34 33 33 33</p>
                </polylist>
            </mesh>
        </geometry>
        <geometry id="meshMesh6_2">
            <mesh>
                <source id="pointsMesh6_2">
                    <float_array id="pointarrayMesh6_2" count="108">-511 1024 1536 -765 1741 1536 -765 1741 922 -1281 1741 922 -1281 1741 1536 -1535 1024 1536 -765 1741 1536 -1281 1741 1536 -1281 1741 922 -765 1741 922 102 1024 -1637 410 1024 -1637 155 1741 -1023 -2457 1024 -1637 -2457 1741 -769 -3071 1024 -1023 -2202 1741 -1023 -2149 1024 -1637 -1535 1415 -1302 -765 1741 922 -1281 1741 922 -2457 1741 -253 -511 1415 -1302 410 1741 -769 -511 1024 1536 410 1741 -253 1024 1024 0 -3071 1024 0 -1535 1024 1536 1024 1024 -1023 -1535 1024 -1023 -1535 1415 -1302 -2149 1024 -1637 -511 1024 -1023 -511 1415 -1302 102 1024 -1637</float_array>
                    <technique_common>
                        <accessor count="36" source="#pointarrayMesh6_2" stride="3">
                            <param name="X" type="float"/>
                            <param name="Y" type="float"/>
                            <param name="Z" type="float"/>
                        </accessor>
                    </technique_common>
                </source>
                <source id="uvsMesh6_2">
                    <float_array id="uvarrayMesh6_2" count="72">0 1 0.216796875 1.73046875 0.216796875 1.73046875 0.71875 1.73046875 0.71875 1.73046875 0.966796875 1 0.216796875 1.73046875 0.71875 1.73046875 0.71875 1.73046875 0.216796875 1.73046875 -0.0546875 1.189453125 -0.197265625 1.189453125 -0.078125 0.873046875 1.1328125 1.189453125 1.1328125 0.7421875 1.41796875 0.873046875 1.013671875 0.873046875 0.990234375 1.189453125 0.705078125 1.017578125 0.34765625 -0.123046875 0.5859375 -0.123046875 1.1328125 0.478515625 0.228515625 1.017578125 -0.197265625 0.7421875 0.228515625 -0.4375 -0.197265625 0.478515625 -0.482421875 0.34765625 1.41796875 0.34765625 0.705078125 -0.4375 -0.482421875 0.873046875 0 -1.234375 0 -0.962890625 -0.62890625 -0.63671875 0.966796875 -1.234375 0.966796875 -0.962890625 1.56640625 -0.63671875</float_array>
                    <technique_common>
                        <accessor count="36" source="#uvarrayMesh6_2" stride="2">
                            <param name="S" type="float"/>
                            <param name="T" type="float"/>
                        </accessor>
                    </technique_common>
                </source>
                <source id="colorsMesh6_2">
                    <float_array id="colorarrayMesh6_2" count="144">0.14901960784313725 0.14901960784313725 0.14901960784313725 1 0.14901960784313725 0.14901960784313725 0.14901960784313725 1 0.14901960784313725 0.14901960784313725 0.14901960784313725 1 0.14901960784313725 0.14901960784313725 0.14901960784313725 1 0.14901960784313725 0.14901960784313725 0.14901960784313725 1 0.14901960784313725 0.14901960784313725 0.14901960784313725 1 0.2 0.2 0.2 1 0.2 0.2 0.2 1 0.2 0.2 0.2 1 0.2 0.2 0.2 1 0.37254901960784315 0.37254901960784315 0.37254901960784315 1 0.37254901960784315 0.37254901960784315 0.37254901960784315 1 0.37254901960784315 0.37254901960784315 0.37254901960784315 1 0.37254901960784315 0.37254901960784315 0.37254901960784315 1 0.37254901960784315 0.37254901960784315 0.37254901960784315 1 0.37254901960784315 0.37254901960784315 0.37254901960784315 1 0.37254901960784315 0.37254901960784315 0.37254901960784315 1 0.37254901960784315 0.37254901960784315 0.37254901960784315 1 0.37254901960784315 0.37254901960784315 0.37254901960784315 1 0.37254901960784315 0.37254901960784315 0.37254901960784315 1 0.37254901960784315 0.37254901960784315 0.37254901960784315 1 0.37254901960784315 0.37254901960784315 0.37254901960784315 1 0.37254901960784315 0.37254901960784315 0.37254901960784315 1 0.37254901960784315 0.37254901960784315 0.37254901960784315 1 0.37254901960784315 0.37254901960784315 0.37254901960784315 1 0.37254901960784315 0.37254901960784315 0.37254901960784315 1 0.37254901960784315 0.37254901960784315 0.37254901960784315 1 0.37254901960784315 0.37254901960784315 0.37254901960784315 1 0.37254901960784315 0.37254901960784315 0.37254901960784315 1 0.37254901960784315 0.37254901960784315 0.37254901960784315 1 0.37254901960784315 0.37254901960784315 0.37254901960784315 1 0.37254901960784315 0.37254901960784315 0.37254901960784315 1 0.37254901960784315 0.37254901960784315 0.37254901960784315 1 0.37254901960784315 0.37254901960784315 0.37254901960784315 1 0.37254901960784315 0.37254901960784315 0.37254901960784315 1 0.37254901960784315 0.37254901960784315 0.37254901960784315 1</float_array>
                    <technique_common>
                        <accessor count="36" source="#colorarrayMesh6_2" stride="4">
                            <param name="R" type="float"/>
                            <param name="G" type="float"/>
                            <param name="B" type="float"/>
                            <param name="A" type="float"/>
                        </accessor>
                    </technique_common>
                </source>
                <vertices id="verticesMesh6_2">
                    <input semantic="POSITION" source="#pointsMesh6_2"/>
                </vertices>
                <polylist count="32" material="Material1">
                    <input offset="0" semantic="VERTEX" source="#verticesMesh6_2"/>
                    <input offset="1" semantic="TEXCOORD" source="#uvsMesh6_2" set="0"/>
                    <input offset="2" semantic="COLOR" source="#colorsMesh6_2" set="0"/>
                    <vcount>3 3 3 3 3 3 3 3 3 3 3 3 3 3 3 3 3 3 3 3 3 3 3 3 3 3 3 3 3 3 3 3</vcount>
                    <p>0 0 0 1 1 1 2 2 2 3 3 3 4 4 4 5 5 5 6 6 6 7 7 7 8 8 8 6 6 6 8 8 8 9 9 9 10 10 10 11 11 11 12 12 12 13 13 13 14 14 14 15 15 15 13 13 13 16 16 16 14 14 14 13 13 13 17 17 17 16 16 16 17 17 17 18 18 18 16 16 16 18 18 18 12 12 12 16 16 16 16 16 16 19 19 19 20 20 20 21 21 21 14 14 14 16 16 16 21 21 21 16 16 16 20 20 20 16 16 16 12 12 12 19 19 19 18 18 18 22 22 22 12 12 12 22 22 22 10 10 10 12 12 12 23 23 23 12 12 12 11 11 11 24 24 24 25 25 25 26 26 26 14 14 14 21 21 21 27 27 27 15 15 15 14 14 14 27 27 27 27 27 27 21 21 21 28 28 28 21 21 21 20 20 20 28 28 28 29 29 29 23 23 23 11 11 11 26 26 26 23 23 23 29 29 29 26 26 26 25 25 25 23 23 23 12 12 12 23 23 23 25 25 25 12 12 12 25 25 25 19 19 19 24 24 24 19 19 19 25 25 25 30 30 30 31 31 31 32 32 32 33 33 33 31 31 31 30 30 30 33 33 33 34 34 34 31 31 31 35 35 35 34 34 34 33 33 33</p>
                </polylist>
            </mesh>
        </geometry>
        <geometry id="meshMesh7_1">
            <mesh>
                <source id="pointsMesh7_1">
                    <float_array id="pointarrayMesh7_1" count="213">-1281 1741 1536 -693 1536 1536 -1353 1536 1536 -765 1741 1536 -1353 1536 1536 -693 1536 1536 -647 1408 1536 -1399 1408 1536 -1399 1408 1536 -647 1408 1536 -602 1280 1536 -1444 1280 1536 -1444 1280 1536 -602 1280 1536 -556 1152 1536 -1490 1152 1536 -1490 1152 1536 -511 1024 1536 -1535 1024 1536 -556 1152 1536 -869 768 -1023 -511 512 -1023 -511 1024 -1023 -869 512 -1023 -1177 768 -1023 -1535 1024 -1023 -1535 512 -1023 -1177 512 -1023 102 1024 -1637 102 614 -1637 410 614 -1637 410 1024 -1637 662 614 -1385 1024 512 -1023 1024 1024 -1023 553 870 -1494 553 614 -1494 662 870 -1385 819 512 -1228 1024 512 -1023 1024 512 0 1024 1024 0 1024 1024 -1023 1024 1024 0 1024 512 0 -511 512 1536 -511 1024 1536 -511 512 1536 -784 512 1536 -921 717 1536 -511 1024 1536 -1535 1024 1536 -1125 717 1536 -3071 1024 -1023 -2866 512 -1228 -2866 1024 -1228 -1535 512 1536 -1262 512 1536 -1535 1024 1536 -3071 512 0 -3071 1024 0 -1535 512 1536 -3071 512 -1023 -3071 1024 -1023 -3071 1024 0 -3071 512 0 -2149 1024 -1637 -3071 512 -1023 -2457 512 -1637 -2149 512 -1637 -2457 1024 -1637</float_array>
                    <technique_common>
                        <accessor count="71" source="#pointarrayMesh7_1" stride="3">
                            <param name="X" type="float"/>
                            <param name="Y" type="float"/>
                            <param name="Z" type="float"/>
                        </accessor>
                    </technique_common>
                </source>
                <source id="uvsMesh7_1">
                    <float_array id="uvarrayMesh7_1" count="142">0.65234375 1 0.26953125 0.78125 0.69921875 0.78125 0.31640625 1 0.8046875 1 0.162109375 1 0.1171875 0.78125 0.849609375 0.78125 0.75 1 0.017578125 1 -0.025390625 0.78125 0.794921875 0.78125 0.89453125 1 0.072265625 1 0.029296875 0.78125 0.9375 0.78125 0.837890625 1 -0.11328125 0.78125 0.8828125 0.78125 -0.068359375 1 2.130859375 0.533203125 2.48046875 0.033203125 2.48046875 1 2.130859375 0.033203125 1.830078125 0.533203125 1.482421875 1 1.482421875 0.033203125 1.830078125 0.033203125 3.078125 1 3.078125 0.232421875 3.376953125 0.232421875 3.376953125 1 3.623046875 0.232421875 3.9765625 0.033203125 3.9765625 1 3.517578125 0.732421875 3.517578125 0.232421875 3.623046875 0.732421875 3.77734375 0.033203125 0 0.033203125 0.982421875 0.033203125 0.982421875 1 0 1 -1.013671875 1 -1.013671875 0.033203125 0.982421875 0.033203125 0.982421875 1 0 0.033203125 0.25 0.033203125 0.3828125 0.431640625 0 1 0.982421875 1 0.583984375 0.431640625 0 1 0.18359375 0.033203125 0.18359375 1 0.982421875 0.033203125 0.716796875 0.033203125 -1.013671875 1 0.982421875 0.033203125 0.982421875 1 -1.013671875 0.033203125 0.982421875 0.033203125 0.982421875 1 0 1 0 0.033203125 0.8828125 1 0 0.033203125 0.583984375 0.033203125 0.8828125 0.033203125 0.583984375 1</float_array>
                    <technique_common>
                        <accessor count="71" source="#uvarrayMesh7_1" stride="2">
                            <param name="S" type="float"/>
                            <param name="T" type="float"/>
                        </accessor>
                    </technique_common>
                </source>
                <source id="colorsMesh7_1">
                    <float_array id="colorarrayMesh7_1" count="284">0.3333333333333333 0.3333333333333333 0.3333333333333333 1 0.3333333333333333 0.3333333333333333 0.3333333333333333 1 0.3333333333333333 0.3333333333333333 0.3333333333333333 1 0.3333333333333333 0.3333333333333333 0.3333333333333333 1 0.4 0.4 0.4 1 0.4 0.4 0.4 1 0.4 0.4 0.4 1 0.4 0.4 0.4 1 0.5333333333333333 0.5333333333333333 0.5333333333333333 1 0.5333333333333333 0.5333333333333333 0.5333333333333333 1 0.5333333333333333 0.5333333333333333 0.5333333333333333 1 0.5333333333333333 0.5333333333333333 0.5333333333333333 1 0.6666666666666666 0.6666666666666666 0.6666666666666666 1 0.6666666666666666 0.6666666666666666 0.6666666666666666 1 0.6666666666666666 0.6666666666666666 0.6666666666666666 1 0.6666666666666666 0.6666666666666666 0.6666666666666666 1 0.8 0.8 0.8 1 0.8 0.8 0.8 1 0.8 0.8 0.8 1 0.8 0.8 0.8 1 1 1 1 1 1 1 1 1 1 1 1 1 1 1 1 1 1 1 1 1 1 1 1 1 1 1 1 1 1 1 1 1 1 1 1 1 1 1 1 1 1 1 1 1 1 1 1 1 1 1 1 1 1 1 1 1 1 1 1 1 1 1 1 1 1 1 1 1 1 1 1 1 1 1 1 1 1 1 1 1 1 1 1 1 1 1 1 1 1 1 1 1 1 1 1 1 1 1 1 1 1 1 1 1 1 1 1 1 1 1 1 1 1 1 1 1 1 1 1 1 1 1 1 1 1 1 1 1 1 1 1 1 1 1 1 1 1 1 1 1 1 1 1 1 1 1 1 1 1 1 1 1 1 1 1 1 1 1 1 1 1 1 1 1 1 1 1 1 1 1 1 1 1 1 1 1 1 1 1 1 1 1 1 1 1 1 1 1 1 1 1 1 1 1 1 1 1 1 1 1 1 1 1 1</float_array>
                    <technique_common>
                        <accessor count="71" source="#colorarrayMesh7_1" stride="4">
                            <param name="R" type="float"/>
                            <param name="G" type="float"/>
                            <param name="B" type="float"/>
                            <param name="A" type="float"/>
                        </accessor>
                    </technique_common>
                </source>
                <vertices id="verticesMesh7_1">
                    <input semantic="POSITION" source="#pointsMesh7_1"/>
                </vertices>
                <polylist count="47" material="Material1">
                    <input offset="0" semantic="VERTEX" source="#verticesMesh7_1"/>
                    <input offset="1" semantic="TEXCOORD" source="#uvsMesh7_1" set="0"/>
                    <input offset="2" semantic="COLOR" source="#colorsMesh7_1" set="0"/>
                    <vcount>3 3 3 3 3 3 3 3 3 3 3 3 3 3 3 3 3 3 3 3 3 3 3 3 3 3 3 3 3 3 3 3 3 3 3 3 3 3 3 3 3 3 3 3 3 3 3</vcount>
                    <p>0 0 0 1 1 1 2 2 2 0 0 0 3 3 3 1 1 1 4 4 4 5 5 5 6 6 6 4 4 4 6 6 6 7 7 7 8 8 8 9 9 9 10 10 10 8 8 8 10 10 10 11 11 11 12 12 12 13 13 13 14 14 14 12 12 12 14 14 14 15 15 15 16 16 16 17 17 17 18 18 18 16 16 16 19 19 19 17 17 17 20 20 20 21 21 21 22 22 22 20 20 20 23 23 23 21 21 21 24 24 24 20 20 20 22 22 22 24 24 24 22 22 22 25 25 25 26 26 26 27 27 27 24 24 24 26 26 26 24 24 24 25 25 25 22 22 22 21 21 21 28 28 28 21 21 21 29 29 29 28 28 28 28 28 28 30 30 30 31 31 31 28 28 28 29 29 29 30 30 30 32 32 32 33 33 33 34 34 34 30 30 30 35 35 35 31 31 31 30 30 30 36 36 36 35 35 35 35 35 35 34 34 34 31 31 31 35 35 35 37 37 37 34 34 34 37 37 37 32 32 32 34 34 34 38 38 38 33 33 33 32 32 32 39 39 39 40 40 40 41 41 41 39 39 39 41 41 41 42 42 42 43 43 43 44 44 44 45 45 45 43 43 43 45 45 45 46 46 46 47 47 47 48 48 48 49 49 49 47 47 47 49 49 49 50 50 50 49 49 49 51 51 51 50 50 50 49 49 49 52 52 52 51 51 51 53 53 53 54 54 54 55 55 55 52 52 52 56 56 56 51 51 51 52 52 52 57 57 57 56 56 56 58 58 58 59 59 59 60 60 60 58 58 58 61 61 61 59 59 59 62 62 62 63 63 63 64 64 64 62 62 62 64 64 64 65 65 65 66 66 66 26 26 26 25 25 25 53 53 53 67 67 67 54 54 54 66 66 66 68 68 68 69 69 69 66 66 66 70 70 70 68 68 68 66 66 66 69 69 69 26 26 26</p>
                </polylist>
            </mesh>
        </geometry>
        <geometry id="meshMesh7_2">
            <mesh>
                <source id="pointsMesh7_2">
                    <float_array id="pointarrayMesh7_2" count="213">-1281 1741 1536 -693 1536 1536 -1353 1536 1536 -765 1741 1536 -1353 1536 1536 -693 1536 1536 -647 1408 1536 -1399 1408 1536 -1399 1408 1536 -647 1408 1536 -602 1280 1536 -1444 1280 1536 -1444 1280 1536 -602 1280 1536 -556 1152 1536 -1490 1152 1536 -1490 1152 1536 -511 1024 1536 -1535 1024 1536 -556 1152 1536 -869 768 -1023 -511 512 -1023 -511 1024 -1023 -869 512 -1023 -1177 768 -1023 -1535 1024 -1023 -1535 512 -1023 -1177 512 -1023 102 1024 -1637 102 614 -1637 410 614 -1637 410 1024 -1637 662 614 -1385 1024 512 -1023 1024 1024 -1023 553 870 -1494 553 614 -1494 662 870 -1385 819 512 -1228 1024 512 -1023 1024 512 0 1024 1024 0 1024 1024 -1023 1024 1024 0 1024 512 0 -511 512 1536 -511 1024 1536 -511 512 1536 -784 512 1536 -921 717 1536 -511 1024 1536 -1535 1024 1536 -1125 717 1536 -3071 1024 -1023 -2866 512 -1228 -2866 1024 -1228 -1535 512 1536 -1262 512 1536 -1535 1024 1536 -3071 512 0 -3071 1024 0 -1535 512 1536 -3071 512 -1023 -3071 1024 -1023 -3071 1024 0 -3071 512 0 -2149 1024 -1637 -3071 512 -1023 -2457 512 -1637 -2149 512 -1637 -2457 1024 -1637</float_array>
                    <technique_common>
                        <accessor count="71" source="#pointarrayMesh7_2" stride="3">
                            <param name="X" type="float"/>
                            <param name="Y" type="float"/>
                            <param name="Z" type="float"/>
                        </accessor>
                    </technique_common>
                </source>
                <source id="uvsMesh7_2">
                    <float_array id="uvarrayMesh7_2" count="142">0.65234375 1 0.26953125 0.78125 0.69921875 0.78125 0.31640625 1 0.8046875 1 0.162109375 1 0.1171875 0.78125 0.849609375 0.78125 0.75 1 0.017578125 1 -0.025390625 0.78125 0.794921875 0.78125 0.89453125 1 0.072265625 1 0.029296875 0.78125 0.9375 0.78125 0.837890625 1 -0.11328125 0.78125 0.8828125 0.78125 -0.068359375 1 2.130859375 0.533203125 2.48046875 0.033203125 2.48046875 1 2.130859375 0.033203125 1.830078125 0.533203125 1.482421875 1 1.482421875 0.033203125 1.830078125 0.033203125 3.078125 1 3.078125 0.232421875 3.376953125 0.232421875 3.376953125 1 3.623046875 0.232421875 3.9765625 0.033203125 3.9765625 1 3.517578125 0.732421875 3.517578125 0.232421875 3.623046875 0.732421875 3.77734375 0.033203125 0 0.033203125 0.982421875 0.033203125 0.982421875 1 0 1 -1.013671875 1 -1.013671875 0.033203125 0.982421875 0.033203125 0.982421875 1 0 0.033203125 0.25 0.033203125 0.3828125 0.431640625 0 1 0.982421875 1 0.583984375 0.431640625 0 1 0.18359375 0.033203125 0.18359375 1 0.982421875 0.033203125 0.716796875 0.033203125 -1.013671875 1 0.982421875 0.033203125 0.982421875 1 -1.013671875 0.033203125 0.982421875 0.033203125 0.982421875 1 0 1 0 0.033203125 0.8828125 1 0 0.033203125 0.583984375 0.033203125 0.8828125 0.033203125 0.583984375 1</float_array>
                    <technique_common>
                        <accessor count="71" source="#uvarrayMesh7_2" stride="2">
                            <param name="S" type="float"/>
                            <param name="T" type="float"/>
                        </accessor>
                    </technique_common>
                </source>
                <source id="colorsMesh7_2">
                    <float_array id="colorarrayMesh7_2" count="284">0.12156862745098039 0.12156862745098039 0.12156862745098039 1 0.12156862745098039 0.12156862745098039 0.12156862745098039 1 0.12156862745098039 0.12156862745098039 0.12156862745098039 1 0.12156862745098039 0.12156862745098039 0.12156862745098039 1 0.14901960784313725 0.14901960784313725 0.14901960784313725 1 0.14901960784313725 0.14901960784313725 0.14901960784313725 1 0.14901960784313725 0.14901960784313725 0.14901960784313725 1 0.14901960784313725 0.14901960784313725 0.14901960784313725 1 0.2 0.2 0.2 1 0.2 0.2 0.2 1 0.2 0.2 0.2 1 0.2 0.2 0.2 1 0.24705882352941178 0.24705882352941178 0.24705882352941178 1 0.24705882352941178 0.24705882352941178 0.24705882352941178 1 0.24705882352941178 0.24705882352941178 0.24705882352941178 1 0.24705882352941178 0.24705882352941178 0.24705882352941178 1 0.2980392156862745 0.2980392156862745 0.2980392156862745 1 0.2980392156862745 0.2980392156862745 0.2980392156862745 1 0.2980392156862745 0.2980392156862745 0.2980392156862745 1 0.2980392156862745 0.2980392156862745 0.2980392156862745 1 0.37254901960784315 0.37254901960784315 0.37254901960784315 1 0.37254901960784315 0.37254901960784315 0.37254901960784315 1 0.37254901960784315 0.37254901960784315 0.37254901960784315 1 0.37254901960784315 0.37254901960784315 0.37254901960784315 1 0.37254901960784315 0.37254901960784315 0.37254901960784315 1 0.37254901960784315 0.37254901960784315 0.37254901960784315 1 0.37254901960784315 0.37254901960784315 0.37254901960784315 1 0.37254901960784315 0.37254901960784315 0.37254901960784315 1 0.37254901960784315 0.37254901960784315 0.37254901960784315 1 0.37254901960784315 0.37254901960784315 0.37254901960784315 1 0.37254901960784315 0.37254901960784315 0.37254901960784315 1 0.37254901960784315 0.37254901960784315 0.37254901960784315 1 0.37254901960784315 0.37254901960784315 0.37254901960784315 1 0.37254901960784315 0.37254901960784315 0.37254901960784315 1 0.37254901960784315 0.37254901960784315 0.37254901960784315 1 0.37254901960784315 0.37254901960784315 0.37254901960784315 1 0.37254901960784315 0.37254901960784315 0.37254901960784315 1 0.37254901960784315 0.37254901960784315 0.37254901960784315 1 0.37254901960784315 0.37254901960784315 0.37254901960784315 1 0.37254901960784315 0.37254901960784315 0.37254901960784315 1 0.37254901960784315 0.37254901960784315 0.37254901960784315 1 0.37254901960784315 0.37254901960784315 0.37254901960784315 1 0.37254901960784315 0.37254901960784315 0.37254901960784315 1 0.37254901960784315 0.37254901960784315 0.37254901960784315 1 0.37254901960784315 0.37254901960784315 0.37254901960784315 1 0.37254901960784315 0.37254901960784315 0.37254901960784315 1 0.37254901960784315 0.37254901960784315 0.37254901960784315 1 0.37254901960784315 0.37254901960784315 0.37254901960784315 1 0.37254901960784315 0.37254901960784315 0.37254901960784315 1 0.37254901960784315 0.37254901960784315 0.37254901960784315 1 0.37254901960784315 0.37254901960784315 0.37254901960784315 1 0.37254901960784315 0.37254901960784315 0.37254901960784315 1 0.37254901960784315 0.37254901960784315 0.37254901960784315 1 0.37254901960784315 0.37254901960784315 0.37254901960784315 1 0.37254901960784315 0.37254901960784315 0.37254901960784315 1 0.37254901960784315 0.37254901960784315 0.37254901960784315 1 0.37254901960784315 0.37254901960784315 0.37254901960784315 1 0.37254901960784315 0.37254901960784315 0.37254901960784315 1 0.37254901960784315 0.37254901960784315 0.37254901960784315 1 0.37254901960784315 0.37254901960784315 0.37254901960784315 1 0.37254901960784315 0.37254901960784315 0.37254901960784315 1 0.37254901960784315 0.37254901960784315 0.37254901960784315 1 0.37254901960784315 0.37254901960784315 0.37254901960784315 1 0.37254901960784315 0.37254901960784315 0.37254901960784315 1 0.37254901960784315 0.37254901960784315 0.37254901960784315 1 0.37254901960784315 0.37254901960784315 0.37254901960784315 1 0.37254901960784315 0.37254901960784315 0.37254901960784315 1 0.37254901960784315 0.37254901960784315 0.37254901960784315 1 0.37254901960784315 0.37254901960784315 0.37254901960784315 1 0.37254901960784315 0.37254901960784315 0.37254901960784315 1 0.37254901960784315 0.37254901960784315 0.37254901960784315 1</float_array>
                    <technique_common>
                        <accessor count="71" source="#colorarrayMesh7_2" stride="4">
                            <param name="R" type="float"/>
                            <param name="G" type="float"/>
                            <param name="B" type="float"/>
                            <param name="A" type="float"/>
                        </accessor>
                    </technique_common>
                </source>
                <vertices id="verticesMesh7_2">
                    <input semantic="POSITION" source="#pointsMesh7_2"/>
                </vertices>
                <polylist count="47" material="Material1">
                    <input offset="0" semantic="VERTEX" source="#verticesMesh7_2"/>
                    <input offset="1" semantic="TEXCOORD" source="#uvsMesh7_2" set="0"/>
                    <input offset="2" semantic="COLOR" source="#colorsMesh7_2" set="0"/>
                    <vcount>3 3 3 3 3 3 3 3 3 3 3 3 3 3 3 3 3 3 3 3 3 3 3 3 3 3 3 3 3 3 3 3 3 3 3 3 3 3 3 3 3 3 3 3 3 3 3</vcount>
                    <p>0 0 0 1 1 1 2 2 2 0 0 0 3 3 3 1 1 1 4 4 4 5 5 5 6 6 6 4 4 4 6 6 6 7 7 7 8 8 8 9 9 9 10 10 10 8 8 8 10 10 10 11 11 11 12 12 12 13 13 13 14 14 14 12 12 12 14 14 14 15 15 15 16 16 16 17 17 17 18 18 18 16 16 16 19 19 19 17 17 17 20 20 20 21 21 21 22 22 22 20 20 20 23 23 23 21 21 21 24 24 24 20 20 20 22 22 22 24 24 24 22 22 22 25 25 25 26 26 26 27 27 27 24 24 24 26 26 26 24 24 24 25 25 25 22 22 22 21 21 21 28 28 28 21 21 21 29 29 29 28 28 28 28 28 28 30 30 30 31 31 31 28 28 28 29 29 29 30 30 30 32 32 32 33 33 33 34 34 34 30 30 30 35 35 35 31 31 31 30 30 30 36 36 36 35 35 35 35 35 35 34 34 34 31 31 31 35 35 35 37 37 37 34 34 34 37 37 37 32 32 32 34 34 34 38 38 38 33 33 33 32 32 32 39 39 39 40 40 40 41 41 41 39 39 39 41 41 41 42 42 42 43 43 43 44 44 44 45 45 45 43 43 43 45 45 45 46 46 46 47 47 47 48 48 48 49 49 49 47 47 47 49 49 49 50 50 50 49 49 49 51 51 51 50 50 50 49 49 49 52 52 52 51 51 51 53 53 53 54 54 54 55 55 55 52 52 52 56 56 56 51 51 51 52 52 52 57 57 57 56 56 56 58 58 58 59 59 59 60 60 60 58 58 58 61 61 61 59 59 59 62 62 62 63 63 63 64 64 64 62 62 62 64 64 64 65 65 65 66 66 66 26 26 26 25 25 25 53 53 53 67 67 67 54 54 54 66 66 66 68 68 68 69 69 69 66 66 66 70 70 70 68 68 68 66 66 66 69 69 69 26 26 26</p>
                </polylist>
            </mesh>
        </geometry>
        <geometry id="meshMesh8_1">
            <mesh>
                <source id="pointsMesh8_1">
                    <float_array id="pointarrayMesh8_1" count="126">1024 512 0 -511 0 1536 -511 512 1536 819 512 -1228 1024 205 -1023 1024 512 -1023 819 205 -1228 1024 205 -1023 1024 461 -306 1024 512 -1023 1024 205 -306 1024 461 -153 1024 512 0 1024 205 -153 1024 205 0 -1535 512 1536 -1262 512 1536 -1330 410 1536 1024 0 0 -1535 512 1536 -3071 0 0 -3071 512 0 -1535 0 1536 -511 0 1536 -716 0 1536 -716 410 1536 -511 512 1536 -784 512 1536 -3071 512 -1023 -2866 205 -1228 -2866 512 -1228 -1535 0 1536 -1330 0 1536 -3071 205 0 -3071 461 -716 -3071 512 0 -3071 205 -716 -3071 461 -869 -3071 512 -1023 -3071 205 -1023 -3071 205 -1023 -3071 205 -869</float_array>
                    <technique_common>
                        <accessor count="42" source="#pointarrayMesh8_1" stride="3">
                            <param name="X" type="float"/>
                            <param name="Y" type="float"/>
                            <param name="Z" type="float"/>
                        </accessor>
                    </technique_common>
                </source>
                <source id="uvsMesh8_1">
                    <float_array id="uvarrayMesh8_1" count="84">-1.013671875 1 0.982421875 0.033203125 0.982421875 1 0.783203125 1 0.982421875 0.431640625 0.982421875 1 0.783203125 0.431640625 0 0.431640625 0.68359375 0.931640625 0 1 0.68359375 0.431640625 0.83203125 0.931640625 0.982421875 1 0.83203125 0.431640625 0.982421875 0.431640625 0.982421875 1 0.716796875 1 0.783203125 0.83203125 -1.013671875 0.033203125 -1.013671875 1 0.982421875 0.033203125 0.982421875 1 -1.013671875 0.033203125 0 0.033203125 0.18359375 0.033203125 0.18359375 0.83203125 0 1 0.25 1 0 1 0.18359375 0.431640625 0.18359375 1 0.982421875 0.033203125 0.783203125 0.033203125 0 0.431640625 0.68359375 0.931640625 0 1 0.68359375 0.431640625 0.83203125 0.931640625 0.982421875 1 0.982421875 0.431640625 0 0.431640625 0.83203125 0.431640625</float_array>
                    <technique_common>
                        <accessor count="42" source="#uvarrayMesh8_1" stride="2">
                            <param name="S" type="float"/>
                            <param name="T" type="float"/>
                        </accessor>
                    </technique_common>
                </source>
                <vertices id="verticesMesh8_1">
                    <input semantic="POSITION" source="#pointsMesh8_1"/>
                </vertices>
                <polylist count="26" material="Material1">
                    <input offset="0" semantic="VERTEX" source="#verticesMesh8_1"/>
                    <input offset="1" semantic="TEXCOORD" source="#uvsMesh8_1" set="0"/>
                    <vcount>3 3 3 3 3 3 3 3 3 3 3 3 3 3 3 3 3 3 3 3 3 3 3 3 3 3</vcount>
                    <p>0 0 1 1 2 2 3 3 4 4 5 5 3 3 6 6 4 4 7 7 8 8 9 9 7 7 10 10 8 8 8 8 11 11 12 12 8 8 12 12 9 9 11 11 13 13 14 14 11 11 14 14 12 12 15 15 16 16 17 17 0 0 18 18 1 1 19 19 20 20 21 21 19 19 22 22 20 20 23 23 24 24 25 25 23 23 25 25 26 26 25 25 27 27 26 26 28 28 29 29 30 30 15 15 17 17 31 31 17 17 32 32 31 31 33 33 34 34 35 35 33 33 36 36 34 34 34 34 37 37 38 38 34 34 38 38 35 35 37 37 39 39 38 38 28 28 40 40 29 29 37 37 41 41 39 39</p>
                </polylist>
            </mesh>
        </geometry>
        <geometry id="meshMesh8_2">
            <mesh>
                <source id="pointsMesh8_2">
                    <float_array id="pointarrayMesh8_2" count="126">1024 512 0 -511 0 1536 -511 512 1536 819 512 -1228 1024 205 -1023 1024 512 -1023 819 205 -1228 1024 205 -1023 1024 461 -306 1024 512 -1023 1024 205 -306 1024 461 -153 1024 512 0 1024 205 -153 1024 205 0 -1535 512 1536 -1262 512 1536 -1330 410 1536 1024 0 0 -1535 512 1536 -3071 0 0 -3071 512 0 -1535 0 1536 -511 0 1536 -716 0 1536 -716 410 1536 -511 512 1536 -784 512 1536 -3071 512 -1023 -2866 205 -1228 -2866 512 -1228 -1535 0 1536 -1330 0 1536 -3071 205 0 -3071 461 -716 -3071 512 0 -3071 205 -716 -3071 461 -869 -3071 512 -1023 -3071 205 -1023 -3071 205 -1023 -3071 205 -869</float_array>
                    <technique_common>
                        <accessor count="42" source="#pointarrayMesh8_2" stride="3">
                            <param name="X" type="float"/>
                            <param name="Y" type="float"/>
                            <param name="Z" type="float"/>
                        </accessor>
                    </technique_common>
                </source>
                <source id="uvsMesh8_2">
                    <float_array id="uvarrayMesh8_2" count="84">-1.013671875 1 0.982421875 0.033203125 0.982421875 1 0.783203125 1 0.982421875 0.431640625 0.982421875 1 0.783203125 0.431640625 0 0.431640625 0.68359375 0.931640625 0 1 0.68359375 0.431640625 0.83203125 0.931640625 0.982421875 1 0.83203125 0.431640625 0.982421875 0.431640625 0.982421875 1 0.716796875 1 0.783203125 0.83203125 -1.013671875 0.033203125 -1.013671875 1 0.982421875 0.033203125 0.982421875 1 -1.013671875 0.033203125 0 0.033203125 0.18359375 0.033203125 0.18359375 0.83203125 0 1 0.25 1 0 1 0.18359375 0.431640625 0.18359375 1 0.982421875 0.033203125 0.783203125 0.033203125 0 0.431640625 0.68359375 0.931640625 0 1 0.68359375 0.431640625 0.83203125 0.931640625 0.982421875 1 0.982421875 0.431640625 0 0.431640625 0.83203125 0.431640625</float_array>
                    <technique_common>
                        <accessor count="42" source="#uvarrayMesh8_2" stride="2">
                            <param name="S" type="float"/>
                            <param name="T" type="float"/>
                        </accessor>
                    </technique_common>
                </source>
                <source id="colorsMesh8_2">
                    <float_array id="colorarrayMesh8_2" count="168">0.37254901960784315 0.37254901960784315 0.37254901960784315 1 0.37254901960784315 0.37254901960784315 0.37254901960784315 1 0.37254901960784315 0.37254901960784315 0.37254901960784315 1 0.37254901960784315 0.37254901960784315 0.37254901960784315 1 0.37254901960784315 0.37254901960784315 0.37254901960784315 1 0.37254901960784315 0.37254901960784315 0.37254901960784315 1 0.37254901960784315 0.37254901960784315 0.37254901960784315 1 0.37254901960784315 0.37254901960784315 0.37254901960784315 1 0.37254901960784315 0.37254901960784315 0.37254901960784315 1 0.37254901960784315 0.37254901960784315 0.37254901960784315 1 0.37254901960784315 0.37254901960784315 0.37254901960784315 1 0.37254901960784315 0.37254901960784315 0.37254901960784315 1 0.37254901960784315 0.37254901960784315 0.37254901960784315 1 0.37254901960784315 0.37254901960784315 0.37254901960784315 1 0.37254901960784315 0.37254901960784315 0.37254901960784315 1 0.37254901960784315 0.37254901960784315 0.37254901960784315 1 0.37254901960784315 0.37254901960784315 0.37254901960784315 1 0.37254901960784315 0.37254901960784315 0.37254901960784315 1 0.37254901960784315 0.37254901960784315 0.37254901960784315 1 0.37254901960784315 0.37254901960784315 0.37254901960784315 1 0.37254901960784315 0.37254901960784315 0.37254901960784315 1 0.37254901960784315 0.37254901960784315 0.37254901960784315 1 0.37254901960784315 0.37254901960784315 0.37254901960784315 1 0.37254901960784315 0.37254901960784315 0.37254901960784315 1 0.37254901960784315 0.37254901960784315 0.37254901960784315 1 0.37254901960784315 0.37254901960784315 0.37254901960784315 1 0.37254901960784315 0.37254901960784315 0.37254901960784315 1 0.37254901960784315 0.37254901960784315 0.37254901960784315 1 0.37254901960784315 0.37254901960784315 0.37254901960784315 1 0.37254901960784315 0.37254901960784315 0.37254901960784315 1 0.37254901960784315 0.37254901960784315 0.37254901960784315 1 0.37254901960784315 0.37254901960784315 0.37254901960784315 1 0.37254901960784315 0.37254901960784315 0.37254901960784315 1 0.37254901960784315 0.37254901960784315 0.37254901960784315 1 0.37254901960784315 0.37254901960784315 0.37254901960784315 1 0.37254901960784315 0.37254901960784315 0.37254901960784315 1 0.37254901960784315 0.37254901960784315 0.37254901960784315 1 0.37254901960784315 0.37254901960784315 0.37254901960784315 1 0.37254901960784315 0.37254901960784315 0.37254901960784315 1 0.37254901960784315 0.37254901960784315 0.37254901960784315 1 0.37254901960784315 0.37254901960784315 0.37254901960784315 1 0.37254901960784315 0.37254901960784315 0.37254901960784315 1</float_array>
                    <technique_common>
                        <accessor count="42" source="#colorarrayMesh8_2" stride="4">
                            <param name="R" type="float"/>
                            <param name="G" type="float"/>
                            <param name="B" type="float"/>
                            <param name="A" type="float"/>
                        </accessor>
                    </technique_common>
                </source>
                <vertices id="verticesMesh8_2">
                    <input semantic="POSITION" source="#pointsMesh8_2"/>
                </vertices>
                <polylist count="26" material="Material1">
                    <input offset="0" semantic="VERTEX" source="#verticesMesh8_2"/>
                    <input offset="1" semantic="TEXCOORD" source="#uvsMesh8_2" set="0"/>
                    <input offset="2" semantic="COLOR" source="#colorsMesh8_2" set="0"/>
                    <vcount>3 3 3 3 3 3 3 3 3 3 3 3 3 3 3 3 3 3 3 3 3 3 3 3 3 3</vcount>
                    <p>0 0 0 1 1 1 2 2 2 3 3 3 4 4 4 5 5 5 3 3 3 6 6 6 4 4 4 7 7 7 8 8 8 9 9 9 7 7 7 10 10 10 8 8 8 8 8 8 11 11 11 12 12 12 8 8 8 12 12 12 9 9 9 11 11 11 13 13 13 14 14 14 11 11 11 14 14 14 12 12 12 15 15 15 16 16 16 17 17 17 0 0 0 18 18 18 1 1 1 19 19 19 20 20 20 21 21 21 19 19 19 22 22 22 20 20 20 23 23 23 24 24 24 25 25 25 23 23 23 25 25 25 26 26 26 25 25 25 27 27 27 26 26 26 28 28 28 29 29 29 30 30 30 15 15 15 17 17 17 31 31 31 17 17 17 32 32 32 31 31 31 33 33 33 34 34 34 35 35 35 33 33 33 36 36 36 34 34 34 34 34 34 37 37 37 38 38 38 34 34 34 38 38 38 35 35 35 37 37 37 39 39 39 38 38 38 28 28 28 40 40 40 29 29 29 37 37 37 41 41 41 39 39 39</p>
                </polylist>
            </mesh>
        </geometry>
        <geometry id="meshMesh9_1">
            <mesh>
                <source id="pointsMesh9_1">
                    <float_array id="pointarrayMesh9_1" count="27">-757 -50 717 -1023 -50 983 -757 -50 983 -1023 -50 451 -1289 -50 451 -1289 -50 717 -1023 -50 717 -757 -50 451 -1289 -50 983</float_array>
                    <technique_common>
                        <accessor count="9" source="#pointarrayMesh9_1" stride="3">
                            <param name="X" type="float"/>
                            <param name="Y" type="float"/>
                            <param name="Z" type="float"/>
                        </accessor>
                    </technique_common>
                </source>
                <source id="uvsMesh9_1">
                    <float_array id="uvarrayMesh9_1" count="18">0 0.033203125 0.966796875 1 0 1 0.966796875 1 0 1 0 0.033203125 0.966796875 0.033203125 0 1 0 1</float_array>
                    <technique_common>
                        <accessor count="9" source="#uvarrayMesh9_1" stride="2">
                            <param name="S" type="float"/>
                            <param name="T" type="float"/>
                        </accessor>
                    </technique_common>
                </source>
                <vertices id="verticesMesh9_1">
                    <input semantic="POSITION" source="#pointsMesh9_1"/>
                </vertices>
                <polylist count="8" material="Material1">
                    <input offset="0" semantic="VERTEX" source="#verticesMesh9_1"/>
                    <input offset="1" semantic="TEXCOORD" source="#uvsMesh9_1" set="0"/>
                    <vcount>3 3 3 3 3 3 3 3</vcount>
                    <p>0 0 1 1 2 2 3 3 4 4 5 5 3 3 5 5 6 6 7 7 3 3 6 6 7 7 6 6 0 0 6 6 8 8 1 1 6 6 5 5 8 8 0 0 6 6 1 1</p>
                </polylist>
            </mesh>
        </geometry>
        <geometry id="meshMesh9_2">
            <mesh>
                <source id="pointsMesh9_2">
                    <float_array id="pointarrayMesh9_2" count="27">-757 -50 717 -1023 -50 983 -757 -50 983 -1023 -50 451 -1289 -50 451 -1289 -50 717 -1023 -50 717 -757 -50 451 -1289 -50 983</float_array>
                    <technique_common>
                        <accessor count="9" source="#pointarrayMesh9_2" stride="3">
                            <param name="X" type="float"/>
                            <param name="Y" type="float"/>
                            <param name="Z" type="float"/>
                        </accessor>
                    </technique_common>
                </source>
                <source id="uvsMesh9_2">
                    <float_array id="uvarrayMesh9_2" count="18">0 0.033203125 0.966796875 1 0 1 0.966796875 1 0 1 0 0.033203125 0.966796875 0.033203125 0 1 0 1</float_array>
                    <technique_common>
                        <accessor count="9" source="#uvarrayMesh9_2" stride="2">
                            <param name="S" type="float"/>
                            <param name="T" type="float"/>
                        </accessor>
                    </technique_common>
                </source>
                <source id="colorsMesh9_2">
                    <float_array id="colorarrayMesh9_2" count="36">0.37254901960784315 0.37254901960784315 0.37254901960784315 1 0.37254901960784315 0.37254901960784315 0.37254901960784315 1 0.37254901960784315 0.37254901960784315 0.37254901960784315 1 0.37254901960784315 0.37254901960784315 0.37254901960784315 1 0.37254901960784315 0.37254901960784315 0.37254901960784315 1 0.37254901960784315 0.37254901960784315 0.37254901960784315 1 0.37254901960784315 0.37254901960784315 0.37254901960784315 1 0.37254901960784315 0.37254901960784315 0.37254901960784315 1 0.37254901960784315 0.37254901960784315 0.37254901960784315 1</float_array>
                    <technique_common>
                        <accessor count="9" source="#colorarrayMesh9_2" stride="4">
                            <param name="R" type="float"/>
                            <param name="G" type="float"/>
                            <param name="B" type="float"/>
                            <param name="A" type="float"/>
                        </accessor>
                    </technique_common>
                </source>
                <vertices id="verticesMesh9_2">
                    <input semantic="POSITION" source="#pointsMesh9_2"/>
                </vertices>
                <polylist count="8" material="Material1">
                    <input offset="0" semantic="VERTEX" source="#verticesMesh9_2"/>
                    <input offset="1" semantic="TEXCOORD" source="#uvsMesh9_2" set="0"/>
                    <input offset="2" semantic="COLOR" source="#colorsMesh9_2" set="0"/>
                    <vcount>3 3 3 3 3 3 3 3</vcount>
                    <p>0 0 0 1 1 1 2 2 2 3 3 3 4 4 4 5 5 5 3 3 3 5 5 5 6 6 6 7 7 7 3 3 3 6 6 6 7 7 7 6 6 6 0 0 0 6 6 6 8 8 8 1 1 1 6 6 6 5 5 5 8 8 8 0 0 0 6 6 6 1 1 1</p>
                </polylist>
            </mesh>
        </geometry>
        <geometry id="meshMesh10_1">
            <mesh>
                <source id="pointsMesh10_1">
                    <float_array id="pointarrayMesh10_1" count="12">-1330 1690 1526 -716 1690 1526 -716 1075 1526 -1330 1075 1526</float_array>
                    <technique_common>
                        <accessor count="4" source="#pointarrayMesh10_1" stride="3">
                            <param name="X" type="float"/>
                            <param name="Y" type="float"/>
                            <param name="Z" type="float"/>
                        </accessor>
                    </technique_common>
                </source>
                <source id="uvsMesh10_1">
                    <float_array id="uvarrayMesh10_1" count="8">0 1 0.966796875 1 0.966796875 0.017578125 0 0.017578125</float_array>
                    <technique_common>
                        <accessor count="4" source="#uvarrayMesh10_1" stride="2">
                            <param name="S" type="float"/>
                            <param name="T" type="float"/>
                        </accessor>
                    </technique_common>
                </source>
                <vertices id="verticesMesh10_1">
                    <input semantic="POSITION" source="#pointsMesh10_1"/>
                </vertices>
                <polylist count="2" material="Material1">
                    <input offset="0" semantic="VERTEX" source="#verticesMesh10_1"/>
                    <input offset="1" semantic="TEXCOORD" source="#uvsMesh10_1" set="0"/>
                    <vcount>3 3</vcount>
                    <p>0 0 1 1 2 2 0 0 2 2 3 3</p>
                </polylist>
            </mesh>
        </geometry>
        <geometry id="meshMesh10_2">
            <mesh>
                <source id="pointsMesh10_2">
                    <float_array id="pointarrayMesh10_2" count="12">-1330 1690 1526 -716 1690 1526 -716 1075 1526 -1330 1075 1526</float_array>
                    <technique_common>
                        <accessor count="4" source="#pointarrayMesh10_2" stride="3">
                            <param name="X" type="float"/>
                            <param name="Y" type="float"/>
                            <param name="Z" type="float"/>
                        </accessor>
                    </technique_common>
                </source>
                <source id="uvsMesh10_2">
                    <float_array id="uvarrayMesh10_2" count="8">0 1 0.966796875 1 0.966796875 0.017578125 0 0.017578125</float_array>
                    <technique_common>
                        <accessor count="4" source="#uvarrayMesh10_2" stride="2">
                            <param name="S" type="float"/>
                            <param name="T" type="float"/>
                        </accessor>
                    </technique_common>
                </source>
                <source id="colorsMesh10_2">
                    <float_array id="colorarrayMesh10_2" count="16">0.37254901960784315 0.37254901960784315 0.37254901960784315 1 0.37254901960784315 0.37254901960784315 0.37254901960784315 1 0.37254901960784315 0.37254901960784315 0.37254901960784315 1 0.37254901960784315 0.37254901960784315 0.37254901960784315 1</float_array>
                    <technique_common>
                        <accessor count="4" source="#colorarrayMesh10_2" stride="4">
                            <param name="R" type="float"/>
                            <param name="G" type="float"/>
                            <param name="B" type="float"/>
                            <param name="A" type="float"/>
                        </accessor>
                    </technique_common>
                </source>
                <vertices id="verticesMesh10_2">
                    <input semantic="POSITION" source="#pointsMesh10_2"/>
                </vertices>
                <polylist count="2" material="Material1">
                    <input offset="0" semantic="VERTEX" source="#verticesMesh10_2"/>
                    <input offset="1" semantic="TEXCOORD" source="#uvsMesh10_2" set="0"/>
                    <input offset="2" semantic="COLOR" source="#colorsMesh10_2" set="0"/>
                    <vcount>3 3</vcount>
                    <p>0 0 0 1 1 1 2 2 2 0 0 0 2 2 2 3 3 3</p>
                </polylist>
            </mesh>
        </geometry>
        <geometry id="meshMesh11_1">
            <mesh>
                <source id="pointsMesh11_1">
                    <float_array id="pointarrayMesh11_1" count="48">-1075 1741 -380 -1125 -50 461 -1279 -50 594 -1075 1741 -130 -921 -50 973 -968 1741 -130 -767 -50 819 -896 1741 -201 -1125 -50 973 -767 -50 614 -896 1741 -309 -921 -50 461 -968 1741 -380 -1147 1741 -201 -1147 1741 -309 -1279 -50 819</float_array>
                    <technique_common>
                        <accessor count="16" source="#pointarrayMesh11_1" stride="3">
                            <param name="X" type="float"/>
                            <param name="Y" type="float"/>
                            <param name="Z" type="float"/>
                        </accessor>
                    </technique_common>
                </source>
                <source id="uvsMesh11_1">
                    <float_array id="uvarrayMesh11_1" count="32">-0.3515625 1.060546875 0.466796875 0.033203125 0.59765625 0.033203125 -0.107421875 1.060546875 0.966796875 0.033203125 -0.107421875 1.060546875 0.81640625 0.033203125 -0.17578125 1.060546875 0.966796875 0.033203125 0.6171875 0.033203125 -0.28125 1.060546875 0.466796875 0.033203125 -0.3515625 1.060546875 -0.17578125 1.060546875 -0.28125 1.060546875 0.81640625 0.033203125</float_array>
                    <technique_common>
                        <accessor count="16" source="#uvarrayMesh11_1" stride="2">
                            <param name="S" type="float"/>
                            <param name="T" type="float"/>
                        </accessor>
                    </technique_common>
                </source>
                <source id="colorsMesh11_1">
                    <float_array id="colorarrayMesh11_1" count="64">1 1 1 0.5019607843137255 1 1 1 0.5019607843137255 1 1 1 0.5019607843137255 1 1 1 0.5019607843137255 1 1 1 0.5019607843137255 1 1 1 0.5019607843137255 1 1 1 0.5019607843137255 1 1 1 0.5019607843137255 1 1 1 0.5019607843137255 1 1 1 0.5019607843137255 1 1 1 0.5019607843137255 1 1 1 0.5019607843137255 1 1 1 0.5019607843137255 1 1 1 0.5019607843137255 1 1 1 0.5019607843137255 1 1 1 0.5019607843137255</float_array>
                    <technique_common>
                        <accessor count="16" source="#colorarrayMesh11_1" stride="4">
                            <param name="R" type="float"/>
                            <param name="G" type="float"/>
                            <param name="B" type="float"/>
                            <param name="A" type="float"/>
                        </accessor>
                    </technique_common>
                </source>
                <vertices id="verticesMesh11_1">
                    <input semantic="POSITION" source="#pointsMesh11_1"/>
                </vertices>
                <polylist count="16" material="Material1">
                    <input offset="0" semantic="VERTEX" source="#verticesMesh11_1"/>
                    <input offset="1" semantic="TEXCOORD" source="#uvsMesh11_1" set="0"/>
                    <input offset="2" semantic="COLOR" source="#colorsMesh11_1" set="0"/>
                    <vcount>3 3 3 3 3 3 3 3 3 3 3 3 3 3 3 3</vcount>
                    <p>0 0 0 1 1 1 2 2 2 3 3 3 4 4 4 5 5 5 5 5 5 4 4 4 6 6 6 5 5 5 6 6 6 7 7 7 3 3 3 8 8 8 4 4 4 7 7 7 6 6 6 9 9 9 7 7 7 9 9 9 10 10 10 10 10 10 9 9 9 11 11 11 10 10 10 11 11 11 12 12 12 12 12 12 11 11 11 1 1 1 12 12 12 1 1 1 0 0 0 13 13 13 8 8 8 3 3 3 0 0 0 2 2 2 14 14 14 14 14 14 2 2 2 15 15 15 14 14 14 15 15 15 13 13 13 13 13 13 15 15 15 8 8 8</p>
                </polylist>
            </mesh>
        </geometry>
        <geometry id="meshMesh12_1">
            <mesh>
                <source id="pointsMesh12_1">
                    <float_array id="pointarrayMesh12_1" count="1017">-716 -383 -639 -1330 -409 -639 -716 -409 -639 -831 -153 -1005 -1215 -178 -1005 -831 -178 -1005 -1215 -153 -1005 -847 -127 -1074 -1199 -153 -1074 -847 -153 -1074 -1199 -127 -1074 -767 -357 -677 -1279 -357 -677 -1279 -383 -677 -767 -383 -677 -869 -101 -1177 -1177 -127 -1177 -869 -127 -1177 -1330 -383 -639 -716 -434 -562 -1330 -434 -562 -1330 -460 -562 -716 -460 -562 -716 -409 -601 -1330 -409 -601 -1330 -434 -601 -716 -434 -601 -1177 -101 -1177 -784 -281 -793 -1262 -306 -793 -784 -306 -793 -818 -178 -946 -1228 -204 -946 -818 -204 -946 -1228 -178 -946 -810 -204 -908 -1236 -229 -908 -810 -229 -908 -1236 -204 -908 -801 -229 -869 -1245 -229 -869 -1245 -255 -869 -801 -255 -869 -767 -332 -716 -1279 -332 -716 -1279 -357 -716 -1262 -281 -793 -793 -255 -831 -1253 -255 -831 -1253 -281 -831 -793 -281 -831 -776 -306 -754 -1270 -332 -754 -776 -332 -754 -1270 -306 -754 -767 -357 -716 -716 -537 -409 -1330 -537 -409 -1330 -562 -409 -716 -460 -524 -1330 -485 -524 -716 -485 -524 -1330 -460 -524 -716 -485 -485 -1330 -511 -485 -716 -511 -485 -1330 -485 -485 -716 -511 -447 -1330 -537 -447 -716 -537 -447 -1330 -511 -447 -716 -613 -293 -1330 -613 -293 -1330 -639 -293 -716 -562 -409 -716 -562 -370 -1330 -588 -370 -716 -588 -370 -1330 -562 -370 -716 -588 -332 -1330 -588 -332 -1330 -613 -332 -716 -613 -332 -716 -639 -293 -716 -665 -217 -1330 -665 -217 -1330 -690 -217 -716 -639 -255 -1330 -665 -255 -716 -665 -255 -1330 -639 -255 -716 -741 -101 -1330 -767 -101 -716 -767 -101 -1330 -741 -101 -716 -716 -140 -1330 -741 -140 -716 -741 -140 -1330 -716 -140 -716 -793 -25 -1330 -818 -25 -716 -818 -25 -716 -690 -217 -716 -690 -178 -1330 -690 -178 -1330 -716 -178 -716 -716 -178 -716 -767 -63 -1330 -793 -63 -716 -793 -63 -1330 -767 -63 -1330 -793 -25 -716 -869 90 -1330 -869 90 -1330 -895 90 -716 -818 13 -1330 -844 13 -716 -844 13 -1330 -818 13 -716 -844 51 -1330 -869 51 -716 -869 51 -1330 -844 51 -716 -895 128 -1330 -895 128 -1330 -921 128 -716 -921 128 -716 -972 243 -1330 -972 243 -1330 -997 243 -716 -895 90 -716 -921 166 -1330 -921 166 -1330 -946 166 -716 -946 166 -716 -946 205 -1330 -972 205 -716 -972 205 -1330 -946 205 -716 -997 243 -716 -997 282 -1330 -997 282 -1330 -1023 282 -716 -1023 282 -716 -1023 320 -1330 -1049 320 -716 -1049 320 -1330 -1023 320 -716 -1049 358 -1330 -1074 358 -716 -1074 358 -1330 -1049 358 -1279 -357 -677 -767 -357 -677 -767 -357 -716 -1228 -178 -946 -818 -178 -946 -831 -178 -1005 -1215 -178 -1005 -1215 -153 -1005 -831 -153 -1005 -847 -153 -1074 -1199 -153 -1074 -1199 -127 -1074 -869 -127 -1177 -1177 -127 -1177 -847 -127 -1074 -1330 -434 -562 -716 -434 -601 -1330 -434 -601 -1279 -357 -716 -1330 -383 -639 -716 -383 -639 -716 -383 -677 -1330 -383 -677 -1330 -409 -601 -716 -409 -601 -716 -409 -639 -1330 -409 -639 -716 -434 -562 -1245 -229 -869 -810 -229 -908 -1236 -229 -908 -716 -460 -562 -724 -460 -524 -716 -460 -527 -1330 -460 -562 -1330 -460 -524 -1236 -204 -908 -810 -204 -908 -818 -204 -946 -1228 -204 -946 -801 -229 -869 -1279 -332 -716 -776 -332 -754 -1270 -332 -754 -1262 -281 -793 -793 -281 -831 -1253 -281 -831 -784 -281 -793 -1253 -255 -831 -793 -255 -831 -801 -255 -869 -1245 -255 -869 -1270 -306 -754 -784 -306 -793 -1262 -306 -793 -776 -306 -754 -1330 -537 -409 -716 -537 -447 -1330 -537 -447 -767 -332 -716 -1330 -485 -485 -716 -485 -485 -716 -485 -524 -1330 -485 -524 -1330 -511 -447 -716 -511 -447 -716 -511 -485 -1330 -511 -485 -716 -537 -409 -1330 -639 -255 -716 -639 -255 -716 -639 -293 -1330 -562 -370 -716 -562 -370 -716 -562 -409 -1330 -562 -409 -1330 -588 -332 -716 -588 -332 -716 -588 -370 -1330 -588 -370 -1330 -613 -293 -716 -613 -332 -1330 -613 -332 -716 -613 -293 -1330 -665 -217 -716 -665 -255 -1330 -665 -255 -1330 -639 -293 -1330 -741 -101 -716 -741 -101 -716 -741 -140 -1330 -741 -140 -1330 -716 -140 -716 -716 -178 -1330 -716 -178 -716 -716 -140 -716 -665 -217 -1330 -818 13 -716 -818 13 -716 -818 -25 -1330 -690 -178 -716 -690 -178 -716 -690 -217 -1330 -690 -217 -1330 -767 -63 -716 -767 -63 -716 -767 -101 -1330 -767 -101 -1330 -793 -25 -716 -793 -63 -1330 -793 -63 -716 -793 -25 -1330 -869 90 -716 -869 90 -716 -869 51 -1330 -818 -25 -1330 -844 51 -716 -844 13 -1330 -844 13 -716 -844 51 -1330 -895 128 -716 -895 90 -1330 -895 90 -716 -895 128 -1330 -869 51 -1330 -997 282 -716 -997 282 -716 -997 243 -1330 -921 166 -716 -921 166 -716 -921 128 -1330 -921 128 -1330 -946 205 -716 -946 166 -1330 -946 166 -716 -946 205 -1330 -972 243 -716 -972 243 -716 -972 205 -1330 -972 205 -1421 -76 -1504 -1177 -76 -1177 -1330 -76 -1595 -1330 -997 243 -1330 -1023 320 -716 -1023 320 -716 -1023 282 -1330 -1023 282 -1330 -1049 358 -716 -1049 320 -1330 -1049 320 -716 -1049 358 -1330 -101 -1595 -1188 -76 -1127 -1177 -101 -1177 -1188 -50 -1127 -1421 -50 -1504 -1199 -50 -1077 -1511 -50 -1414 -1511 -25 -1414 -1199 -25 -1077 -1602 -25 -1323 -1210 -25 -1027 -858 -50 -1127 -535 -50 -1414 -625 -50 -1504 -1602 0 -1323 -1210 0 -1027 -716 -76 -1595 -858 -76 -1127 -625 -76 -1504 -869 -76 -1177 -716 -101 -1595 -869 -101 -1177 -1330 -101 -5119 -716 -101 -1595 -716 -101 -5119 -847 -50 -1077 -535 -25 -1414 -847 -25 -1077 -836 -25 -1027 -444 -25 -1323 -836 0 -1027 -444 0 -1323 -1330 -101 -1595 -1177 -101 -1177 -869 -101 -1177</float_array>
                    <technique_common>
                        <accessor count="339" source="#pointarrayMesh12_1" stride="3">
                            <param name="X" type="float"/>
                            <param name="Y" type="float"/>
                            <param name="Z" type="float"/>
                        </accessor>
                    </technique_common>
                </source>
                <source id="uvsMesh12_1">
                    <float_array id="uvarrayMesh12_1" count="678">2.8203125 -1.9609375 2.681640625 4.025390625 2.681640625 -1.9609375 7.03515625 -0.8359375 6.896484375 2.900390625 6.896484375 -0.8359375 7.03515625 2.900390625 7.732421875 -0.685546875 7.595703125 2.75 7.595703125 -0.685546875 7.732421875 2.75 3.26953125 -1.4609375 3.26953125 3.52734375 3.130859375 3.52734375 3.130859375 -1.4609375 8.701171875 -0.462890625 8.564453125 2.52734375 8.564453125 -0.462890625 2.8203125 4.025390625 1.919921875 -1.9609375 1.919921875 4.025390625 1.78125 4.025390625 1.78125 -1.9609375 2.369140625 -1.9609375 2.369140625 4.025390625 2.232421875 4.025390625 2.232421875 -1.9609375 8.701171875 2.52734375 4.619140625 -1.294921875 4.48046875 3.359375 4.48046875 -1.294921875 6.41796875 -0.962890625 6.279296875 3.02734375 6.279296875 -0.962890625 6.41796875 3.02734375 5.96875 -1.046875 5.830078125 3.111328125 5.830078125 -1.046875 5.96875 3.111328125 5.51953125 -1.12890625 5.51953125 3.193359375 5.380859375 3.193359375 5.380859375 -1.12890625 3.71875 -1.462890625 3.71875 3.52734375 3.58203125 3.52734375 4.619140625 3.359375 5.068359375 -1.212890625 5.068359375 3.27734375 4.9296875 3.27734375 4.9296875 -1.212890625 4.169921875 -1.37890625 4.03125 3.443359375 4.03125 -1.37890625 4.169921875 3.443359375 3.58203125 -1.462890625 0.12109375 -1.9609375 0.12109375 4.025390625 -0.017578125 4.025390625 1.470703125 -1.9609375 1.33203125 4.025390625 1.33203125 -1.9609375 1.470703125 4.025390625 1.021484375 -1.9609375 0.8828125 4.025390625 0.8828125 -1.9609375 1.021484375 4.025390625 0.5703125 -1.9609375 0.431640625 4.025390625 0.431640625 -1.9609375 0.5703125 4.025390625 -1.2265625 -1.9609375 -1.2265625 4.025390625 -1.365234375 4.025390625 -0.017578125 -1.9609375 -0.326171875 -1.9609375 -0.46484375 4.025390625 -0.46484375 -1.9609375 -0.326171875 4.025390625 -0.77734375 -1.9609375 -0.77734375 4.025390625 -0.916015625 4.025390625 -0.916015625 -1.9609375 -1.365234375 -1.9609375 -2.126953125 -1.9609375 -2.126953125 4.025390625 -2.263671875 4.025390625 -1.67578125 -1.9609375 -1.814453125 4.025390625 -1.814453125 -1.9609375 -1.67578125 4.025390625 -3.474609375 -1.9609375 -3.61328125 4.025390625 -3.61328125 -1.9609375 -3.474609375 4.025390625 -3.025390625 -1.9609375 -3.1640625 4.025390625 -3.1640625 -1.9609375 -3.025390625 4.025390625 -4.375 -1.9609375 -4.513671875 4.025390625 -4.513671875 -1.9609375 -2.263671875 -1.9609375 -2.576171875 -1.9609375 -2.576171875 4.025390625 -2.71484375 4.025390625 -2.71484375 -1.9609375 -3.92578125 -1.9609375 -4.064453125 4.025390625 -4.064453125 -1.9609375 -3.92578125 4.025390625 -4.375 4.025390625 -5.724609375 -1.9609375 -5.724609375 4.025390625 -5.86328125 4.025390625 -4.82421875 -1.9609375 -4.962890625 4.025390625 -4.962890625 -1.9609375 -4.82421875 4.025390625 -5.275390625 -1.9609375 -5.4140625 4.025390625 -5.4140625 -1.9609375 -5.275390625 4.025390625 -6.173828125 -1.9609375 -6.173828125 4.025390625 -6.3125 4.025390625 -6.3125 -1.9609375 -7.5234375 -1.9609375 -7.5234375 4.025390625 -7.662109375 4.025390625 -5.86328125 -1.9609375 -6.625 -1.9609375 -6.625 4.025390625 -6.76171875 4.025390625 -6.76171875 -1.9609375 -7.07421875 -1.9609375 -7.212890625 4.025390625 -7.212890625 -1.9609375 -7.07421875 4.025390625 -7.662109375 -1.9609375 -7.974609375 -1.9609375 -7.974609375 4.025390625 -8.111328125 4.025390625 -8.111328125 -1.9609375 -8.423828125 -1.9609375 -8.5625 4.025390625 -8.5625 -1.9609375 -8.423828125 4.025390625 -8.873046875 -1.9609375 -9.01171875 4.025390625 -9.01171875 -1.9609375 -8.873046875 4.025390625 3.26953125 3.52734375 3.26953125 -1.4609375 3.58203125 -1.462890625 6.41796875 3.02734375 6.41796875 -0.962890625 6.896484375 -0.8359375 6.896484375 2.900390625 7.03515625 2.900390625 7.03515625 -0.8359375 7.595703125 -0.685546875 7.595703125 2.75 7.732421875 2.75 8.564453125 -0.462890625 8.564453125 2.52734375 7.732421875 -0.685546875 1.919921875 4.025390625 2.232421875 -1.9609375 2.232421875 4.025390625 3.58203125 3.52734375 2.8203125 4.025390625 2.8203125 -1.9609375 3.130859375 -1.9609375 3.130859375 4.025390625 2.369140625 4.025390625 2.369140625 -1.9609375 2.681640625 -1.9609375 2.681640625 4.025390625 1.919921875 -1.9609375 5.51953125 3.193359375 5.830078125 -1.046875 5.830078125 3.111328125 1.78125 -1.9609375 1.470703125 -1.876953125 1.49609375 -1.9609375 1.78125 4.025390625 1.470703125 4.025390625 5.96875 3.111328125 5.96875 -1.046875 6.279296875 -0.962890625 6.279296875 3.02734375 5.51953125 -1.12890625 3.71875 3.52734375 4.03125 -1.37890625 4.03125 3.443359375 4.619140625 3.359375 4.9296875 -1.212890625 4.9296875 3.27734375 4.619140625 -1.294921875 5.068359375 3.27734375 5.068359375 -1.212890625 5.380859375 -1.12890625 5.380859375 3.193359375 4.169921875 3.443359375 4.48046875 -1.294921875 4.48046875 3.359375 4.169921875 -1.37890625 0.12109375 4.025390625 0.431640625 -1.9609375 0.431640625 4.025390625 3.71875 -1.462890625 1.021484375 4.025390625 1.021484375 -1.9609375 1.33203125 -1.9609375 1.33203125 4.025390625 0.5703125 4.025390625 0.5703125 -1.9609375 0.8828125 -1.9609375 0.8828125 4.025390625 0.12109375 -1.9609375 -1.67578125 4.025390625 -1.67578125 -1.9609375 -1.365234375 -1.9609375 -0.326171875 4.025390625 -0.326171875 -1.9609375 -0.017578125 -1.9609375 -0.017578125 4.025390625 -0.77734375 4.025390625 -0.77734375 -1.9609375 -0.46484375 -1.9609375 -0.46484375 4.025390625 -1.2265625 4.025390625 -0.916015625 -1.9609375 -0.916015625 4.025390625 -1.2265625 -1.9609375 -2.126953125 4.025390625 -1.814453125 -1.9609375 -1.814453125 4.025390625 -1.365234375 4.025390625 -3.474609375 4.025390625 -3.474609375 -1.9609375 -3.1640625 -1.9609375 -3.1640625 4.025390625 -3.025390625 4.025390625 -2.71484375 -1.9609375 -2.71484375 4.025390625 -3.025390625 -1.9609375 -2.126953125 -1.9609375 -4.82421875 4.025390625 -4.82421875 -1.9609375 -4.513671875 -1.9609375 -2.576171875 4.025390625 -2.576171875 -1.9609375 -2.263671875 -1.9609375 -2.263671875 4.025390625 -3.92578125 4.025390625 -3.92578125 -1.9609375 -3.61328125 -1.9609375 -3.61328125 4.025390625 -4.375 4.025390625 -4.064453125 -1.9609375 -4.064453125 4.025390625 -4.375 -1.9609375 -5.724609375 4.025390625 -5.724609375 -1.9609375 -5.4140625 -1.9609375 -4.513671875 4.025390625 -5.275390625 4.025390625 -4.962890625 -1.9609375 -4.962890625 4.025390625 -5.275390625 -1.9609375 -6.173828125 4.025390625 -5.86328125 -1.9609375 -5.86328125 4.025390625 -6.173828125 -1.9609375 -5.4140625 4.025390625 -7.974609375 4.025390625 -7.974609375 -1.9609375 -7.662109375 -1.9609375 -6.625 4.025390625 -6.625 -1.9609375 -6.3125 -1.9609375 -6.3125 4.025390625 -7.07421875 4.025390625 -6.76171875 -1.9609375 -6.76171875 4.025390625 -7.07421875 -1.9609375 -7.5234375 4.025390625 -7.5234375 -1.9609375 -7.212890625 -1.9609375 -7.212890625 4.025390625 2.62109375 -0.404296875 -1.203125 0.48828125 2.451171875 -1.400390625 -7.662109375 4.025390625 -8.423828125 4.025390625 -8.423828125 -1.9609375 -8.111328125 -1.9609375 -8.111328125 4.025390625 -8.873046875 4.025390625 -8.5625 -1.9609375 -8.5625 4.025390625 -8.873046875 -1.9609375 2.451171875 -1.548828125 -1.41015625 0.85546875 -1.203125 0.341796875 -1.41015625 1.001953125 2.62109375 -0.2578125 -1.6171875 1.369140625 2.79296875 0.73828125 2.79296875 0.884765625 -1.6171875 1.515625 2.962890625 1.880859375 -1.826171875 1.880859375 2.34765625 0.005859375 -1.85546875 -0.2578125 -1.68359375 -1.255859375 2.962890625 2.029296875 -1.826171875 2.029296875 -1.513671875 -2.3984375 2.34765625 -0.140625 -1.68359375 -1.40234375 2.140625 -0.5078125 -1.513671875 -2.546875 2.140625 -0.654296875 -8.71875 -0.962890625 8.453125 2.029296875 -8.71875 2.029296875 2.5546875 0.37109375 -1.85546875 -0.111328125 2.5546875 0.517578125 2.763671875 0.8828125 -2.025390625 0.8828125 2.763671875 1 -2.025390625 1 8.453125 -0.962890625 10.490234375 -0.21484375 10.490234375 1.28125</float_array>
                    <technique_common>
                        <accessor count="339" source="#uvarrayMesh12_1" stride="2">
                            <param name="S" type="float"/>
                            <param name="T" type="float"/>
                        </accessor>
                    </technique_common>
                </source>
                <source id="colorsMesh12_1">
                    <float_array id="colorarrayMesh12_1" count="1356">0.7333333333333333 0.7333333333333333 0.7333333333333333 1 0.7333333333333333 0.7333333333333333 0.7333333333333333 1 0.7333333333333333 0.7333333333333333 0.7333333333333333 1 0.7333333333333333 0.7333333333333333 0.7333333333333333 1 0.7333333333333333 0.7333333333333333 0.7333333333333333 1 0.7333333333333333 0.7333333333333333 0.7333333333333333 1 0.7333333333333333 0.7333333333333333 0.7333333333333333 1 0.7333333333333333 0.7333333333333333 0.7333333333333333 1 0.7333333333333333 0.7333333333333333 0.7333333333333333 1 0.7333333333333333 0.7333333333333333 0.7333333333333333 1 0.7333333333333333 0.7333333333333333 0.7333333333333333 1 0.7333333333333333 0.7333333333333333 0.7333333333333333 1 0.7333333333333333 0.7333333333333333 0.7333333333333333 1 0.7333333333333333 0.7333333333333333 0.7333333333333333 1 0.7333333333333333 0.7333333333333333 0.7333333333333333 1 0.7333333333333333 0.7333333333333333 0.7333333333333333 1 0.7333333333333333 0.7333333333333333 0.7333333333333333 1 0.7333333333333333 0.7333333333333333 0.7333333333333333 1 0.7333333333333333 0.7333333333333333 0.7333333333333333 1 0.7333333333333333 0.7333333333333333 0.7333333333333333 1 0.7333333333333333 0.7333333333333333 0.7333333333333333 1 0.7333333333333333 0.7333333333333333 0.7333333333333333 1 0.7333333333333333 0.7333333333333333 0.7333333333333333 1 0.7333333333333333 0.7333333333333333 0.7333333333333333 1 0.7333333333333333 0.7333333333333333 0.7333333333333333 1 0.7333333333333333 0.7333333333333333 0.7333333333333333 1 0.7333333333333333 0.7333333333333333 0.7333333333333333 1 0.7333333333333333 0.7333333333333333 0.7333333333333333 1 0.7333333333333333 0.7333333333333333 0.7333333333333333 1 0.7333333333333333 0.7333333333333333 0.7333333333333333 1 0.7333333333333333 0.7333333333333333 0.7333333333333333 1 0.7333333333333333 0.7333333333333333 0.7333333333333333 1 0.7333333333333333 0.7333333333333333 0.7333333333333333 1 0.7333333333333333 0.7333333333333333 0.7333333333333333 1 0.7333333333333333 0.7333333333333333 0.7333333333333333 1 0.7333333333333333 0.7333333333333333 0.7333333333333333 1 0.7333333333333333 0.7333333333333333 0.7333333333333333 1 0.7333333333333333 0.7333333333333333 0.7333333333333333 1 0.7333333333333333 0.7333333333333333 0.7333333333333333 1 0.7333333333333333 0.7333333333333333 0.7333333333333333 1 0.7333333333333333 0.7333333333333333 0.7333333333333333 1 0.7333333333333333 0.7333333333333333 0.7333333333333333 1 0.7333333333333333 0.7333333333333333 0.7333333333333333 1 0.7333333333333333 0.7333333333333333 0.7333333333333333 1 0.7333333333333333 0.7333333333333333 0.7333333333333333 1 0.7333333333333333 0.7333333333333333 0.7333333333333333 1 0.7333333333333333 0.7333333333333333 0.7333333333333333 1 0.7333333333333333 0.7333333333333333 0.7333333333333333 1 0.7333333333333333 0.7333333333333333 0.7333333333333333 1 0.7333333333333333 0.7333333333333333 0.7333333333333333 1 0.7333333333333333 0.7333333333333333 0.7333333333333333 1 0.7333333333333333 0.7333333333333333 0.7333333333333333 1 0.7333333333333333 0.7333333333333333 0.7333333333333333 1 0.7333333333333333 0.7333333333333333 0.7333333333333333 1 0.7333333333333333 0.7333333333333333 0.7333333333333333 1 0.7333333333333333 0.7333333333333333 0.7333333333333333 1 0.7333333333333333 0.7333333333333333 0.7333333333333333 1 0.7333333333333333 0.7333333333333333 0.7333333333333333 1 0.7333333333333333 0.7333333333333333 0.7333333333333333 1 0.7333333333333333 0.7333333333333333 0.7333333333333333 1 0.7333333333333333 0.7333333333333333 0.7333333333333333 1 0.7333333333333333 0.7333333333333333 0.7333333333333333 1 0.7333333333333333 0.7333333333333333 0.7333333333333333 1 0.7333333333333333 0.7333333333333333 0.7333333333333333 1 0.7333333333333333 0.7333333333333333 0.7333333333333333 1 0.7333333333333333 0.7333333333333333 0.7333333333333333 1 0.7333333333333333 0.7333333333333333 0.7333333333333333 1 0.7333333333333333 0.7333333333333333 0.7333333333333333 1 0.7333333333333333 0.7333333333333333 0.7333333333333333 1 0.7333333333333333 0.7333333333333333 0.7333333333333333 1 0.7333333333333333 0.7333333333333333 0.7333333333333333 1 0.7333333333333333 0.7333333333333333 0.7333333333333333 1 0.7333333333333333 0.7333333333333333 0.7333333333333333 1 0.7333333333333333 0.7333333333333333 0.7333333333333333 1 0.7333333333333333 0.7333333333333333 0.7333333333333333 1 0.7333333333333333 0.7333333333333333 0.7333333333333333 1 0.7333333333333333 0.7333333333333333 0.7333333333333333 1 0.7333333333333333 0.7333333333333333 0.7333333333333333 1 0.7333333333333333 0.7333333333333333 0.7333333333333333 1 0.7333333333333333 0.7333333333333333 0.7333333333333333 1 0.7333333333333333 0.7333333333333333 0.7333333333333333 1 0.7333333333333333 0.7333333333333333 0.7333333333333333 1 0.7333333333333333 0.7333333333333333 0.7333333333333333 1 0.7333333333333333 0.7333333333333333 0.7333333333333333 1 0.7333333333333333 0.7333333333333333 0.7333333333333333 1 0.7333333333333333 0.7333333333333333 0.7333333333333333 1 0.7333333333333333 0.7333333333333333 0.7333333333333333 1 0.7333333333333333 0.7333333333333333 0.7333333333333333 1 0.7333333333333333 0.7333333333333333 0.7333333333333333 1 0.7333333333333333 0.7333333333333333 0.7333333333333333 1 0.7333333333333333 0.7333333333333333 0.7333333333333333 1 0.7333333333333333 0.7333333333333333 0.7333333333333333 1 0.7333333333333333 0.7333333333333333 0.7333333333333333 1 0.7333333333333333 0.7333333333333333 0.7333333333333333 1 0.7333333333333333 0.7333333333333333 0.7333333333333333 1 0.7333333333333333 0.7333333333333333 0.7333333333333333 1 0.7333333333333333 0.7333333333333333 0.7333333333333333 1 0.7333333333333333 0.7333333333333333 0.7333333333333333 1 0.7333333333333333 0.7333333333333333 0.7333333333333333 1 0.7333333333333333 0.7333333333333333 0.7333333333333333 1 0.7333333333333333 0.7333333333333333 0.7333333333333333 1 0.7333333333333333 0.7333333333333333 0.7333333333333333 1 0.7333333333333333 0.7333333333333333 0.7333333333333333 1 0.7333333333333333 0.7333333333333333 0.7333333333333333 1 0.7333333333333333 0.7333333333333333 0.7333333333333333 1 0.7333333333333333 0.7333333333333333 0.7333333333333333 1 0.7333333333333333 0.7333333333333333 0.7333333333333333 1 0.7333333333333333 0.7333333333333333 0.7333333333333333 1 0.7333333333333333 0.7333333333333333 0.7333333333333333 1 0.7333333333333333 0.7333333333333333 0.7333333333333333 1 0.7333333333333333 0.7333333333333333 0.7333333333333333 1 0.7333333333333333 0.7333333333333333 0.7333333333333333 1 0.7333333333333333 0.7333333333333333 0.7333333333333333 1 0.7333333333333333 0.7333333333333333 0.7333333333333333 1 0.7333333333333333 0.7333333333333333 0.7333333333333333 1 0.7333333333333333 0.7333333333333333 0.7333333333333333 1 0.7333333333333333 0.7333333333333333 0.7333333333333333 1 0.7333333333333333 0.7333333333333333 0.7333333333333333 1 0.7333333333333333 0.7333333333333333 0.7333333333333333 1 0.7333333333333333 0.7333333333333333 0.7333333333333333 1 0.7333333333333333 0.7333333333333333 0.7333333333333333 1 0.7333333333333333 0.7333333333333333 0.7333333333333333 1 0.7333333333333333 0.7333333333333333 0.7333333333333333 1 0.7333333333333333 0.7333333333333333 0.7333333333333333 1 0.7333333333333333 0.7333333333333333 0.7333333333333333 1 0.7333333333333333 0.7333333333333333 0.7333333333333333 1 0.7333333333333333 0.7333333333333333 0.7333333333333333 1 0.7333333333333333 0.7333333333333333 0.7333333333333333 1 0.7333333333333333 0.7333333333333333 0.7333333333333333 1 0.7333333333333333 0.7333333333333333 0.7333333333333333 1 0.7333333333333333 0.7333333333333333 0.7333333333333333 1 0.7333333333333333 0.7333333333333333 0.7333333333333333 1 0.7333333333333333 0.7333333333333333 0.7333333333333333 1 0.7333333333333333 0.7333333333333333 0.7333333333333333 1 0.7333333333333333 0.7333333333333333 0.7333333333333333 1 0.7333333333333333 0.7333333333333333 0.7333333333333333 1 0.7333333333333333 0.7333333333333333 0.7333333333333333 1 0.7333333333333333 0.7333333333333333 0.7333333333333333 1 0.7333333333333333 0.7333333333333333 0.7333333333333333 1 0.7333333333333333 0.7333333333333333 0.7333333333333333 1 0.7333333333333333 0.7333333333333333 0.7333333333333333 1 0.7333333333333333 0.7333333333333333 0.7333333333333333 1 0.7333333333333333 0.7333333333333333 0.7333333333333333 1 0.7333333333333333 0.7333333333333333 0.7333333333333333 1 0.7333333333333333 0.7333333333333333 0.7333333333333333 1 0.7333333333333333 0.7333333333333333 0.7333333333333333 1 0.7333333333333333 0.7333333333333333 0.7333333333333333 1 0.7333333333333333 0.7333333333333333 0.7333333333333333 1 0.7333333333333333 0.7333333333333333 0.7333333333333333 1 0.7333333333333333 0.7333333333333333 0.7333333333333333 1 0.7333333333333333 0.7333333333333333 0.7333333333333333 1 0.7333333333333333 0.7333333333333333 0.7333333333333333 1 1 1 1 1 1 1 1 1 1 1 1 1 1 1 1 1 1 1 1 1 1 1 1 1 1 1 1 1 1 1 1 1 1 1 1 1 1 1 1 1 1 1 1 1 1 1 1 1 1 1 1 1 1 1 1 1 1 1 1 1 1 1 1 1 1 1 1 1 1 1 1 1 1 1 1 1 1 1 1 1 1 1 1 1 1 1 1 1 1 1 1 1 1 1 1 1 1 1 1 1 1 1 1 1 1 1 1 1 1 1 1 1 1 1 1 1 1 1 1 1 1 1 1 1 1 1 1 1 1 1 1 1 1 1 1 1 1 1 1 1 1 1 1 1 1 1 1 1 1 1 1 1 1 1 1 1 1 1 1 1 1 1 1 1 1 1 1 1 1 1 1 1 1 1 1 1 1 1 1 1 1 1 1 1 1 1 1 1 1 1 1 1 1 1 1 1 1 1 1 1 1 1 1 1 1 1 1 1 1 1 1 1 1 1 1 1 1 1 1 1 1 1 1 1 1 1 1 1 1 1 1 1 1 1 1 1 1 1 1 1 1 1 1 1 1 1 1 1 1 1 1 1 1 1 1 1 1 1 1 1 1 1 1 1 1 1 1 1 1 1 1 1 1 1 1 1 1 1 1 1 1 1 1 1 1 1 1 1 1 1 1 1 1 1 1 1 1 1 1 1 1 1 1 1 1 1 1 1 1 1 1 1 1 1 1 1 1 1 1 1 1 1 1 1 1 1 1 1 1 1 1 1 1 1 1 1 1 1 1 1 1 1 1 1 1 1 1 1 1 1 1 1 1 1 1 1 1 1 1 1 1 1 1 1 1 1 1 1 1 1 1 1 1 1 1 1 1 1 1 1 1 1 1 1 1 1 1 1 1 1 1 1 1 1 1 1 1 1 1 1 1 1 1 1 1 1 1 1 1 1 1 1 1 1 1 1 1 1 1 1 1 1 1 1 1 1 1 1 1 1 1 1 1 1 1 1 1 1 1 1 1 1 1 1 1 1 1 1 1 1 1 1 1 1 1 1 1 1 1 1 1 1 1 1 1 1 1 1 1 1 1 1 1 1 1 1 1 1 1 1 1 1 1 1 1 1 1 1 1 1 1 1 1 1 1 1 1 1 1 1 1 1 1 1 1 1 1 1 1 1 1 1 1 1 1 1 1 1 1 1 1 1 1 1 1 1 1 1 1 1 1 1 1 1 1 1 1 1 1 1 1 1 1 1 1 1 1 1 1 1 1 1 1 1 1 1 1 1 1 1 1 1 1 1 1 1 1 1 1 1 1 1 1 1 1 1 1 1 1 1 1 1 1 1 1 1 1 1 1 1 1 1 1 1 1 1 1 1 1 1 1 1 1 1 1 1 1 1 1 1 1 1 1 1 1 1 1 1 1 1 1 1 1 1 1 1 1 1 1 1 1 1 1 1 1 1 1 1 1 1 1 1 1 1 1 1 1 1 1 1 1 1 1 1 1 1 1 1 1 1 1 1 1 1 1 1 1 1 1 1 1 1 1 1 1 1 1 1 1 1 1 1 1 1 1 1 1 1 1 1 1 1 1 1 1 1 1 1 1 1 1 1 1 1 1 1 1 1 1 1 1 1 1 1 1 1 1 1 1 1 1 1 1 1 1 1 1 1 1 1 1 1 1 1 1 1 1 1 1 1 1 1 1 1 1 1 1 1</float_array>
                    <technique_common>
                        <accessor count="339" source="#colorarrayMesh12_1" stride="4">
                            <param name="R" type="float"/>
                            <param name="G" type="float"/>
                            <param name="B" type="float"/>
                            <param name="A" type="float"/>
                        </accessor>
                    </technique_common>
                </source>
                <vertices id="verticesMesh12_1">
                    <input semantic="POSITION" source="#pointsMesh12_1"/>
                </vertices>
                <polylist count="183" material="Material1">
                    <input offset="0" semantic="VERTEX" source="#verticesMesh12_1"/>
                    <input offset="1" semantic="TEXCOORD" source="#uvsMesh12_1" set="0"/>
                    <input offset="2" semantic="COLOR" source="#colorsMesh12_1" set="0"/>
                    <vcount>3 3 3 3 3 3 3 3 3 3 3 3 3 3 3 3 3 3 3 3 3 3 3 3 3 3 3 3 3 3 3 3 3 3 3 3 3 3 3 3 3 3 3 3 3 3 3 3 3 3 3 3 3 3 3 3 3 3 3 3 3 3 3 3 3 3 3 3 3 3 3 3 3 3 3 3 3 3 3 3 3 3 3 3 3 3 3 3 3 3 3 3 3 3 3 3 3 3 3 3 3 3 3 3 3 3 3 3 3 3 3 3 3 3 3 3 3 3 3 3 3 3 3 3 3 3 3 3 3 3 3 3 3 3 3 3 3 3 3 3 3 3 3 3 3 3 3 3 3 3 3 3 3 3 3 3 3 3 3 3 3 3 3 3 3 3 3 3 3 3 3 3 3 3 3 3 3 3 3 3 3 3 3</vcount>
                    <p>0 0 0 1 1 1 2 2 2 3 3 3 4 4 4 5 5 5 3 3 3 6 6 6 4 4 4 7 7 7 8 8 8 9 9 9 7 7 7 10 10 10 8 8 8 11 11 11 12 12 12 13 13 13 11 11 11 13 13 13 14 14 14 15 15 15 16 16 16 17 17 17 0 0 0 18 18 18 1 1 1 19 19 19 20 20 20 21 21 21 19 19 19 21 21 21 22 22 22 23 23 23 24 24 24 25 25 25 23 23 23 25 25 25 26 26 26 15 15 15 27 27 27 16 16 16 28 28 28 29 29 29 30 30 30 31 31 31 32 32 32 33 33 33 31 31 31 34 34 34 32 32 32 35 35 35 36 36 36 37 37 37 35 35 35 38 38 38 36 36 36 39 39 39 40 40 40 41 41 41 39 39 39 41 41 41 42 42 42 43 43 43 44 44 44 45 45 45 28 28 28 46 46 46 29 29 29 47 47 47 48 48 48 49 49 49 47 47 47 49 49 49 50 50 50 51 51 51 52 52 52 53 53 53 51 51 51 54 54 54 52 52 52 43 43 43 45 45 45 55 55 55 56 56 56 57 57 57 58 58 58 59 59 59 60 60 60 61 61 61 59 59 59 62 62 62 60 60 60 63 63 63 64 64 64 65 65 65 63 63 63 66 66 66 64 64 64 67 67 67 68 68 68 69 69 69 67 67 67 70 70 70 68 68 68 71 71 71 72 72 72 73 73 73 56 56 56 58 58 58 74 74 74 75 75 75 76 76 76 77 77 77 75 75 75 78 78 78 76 76 76 79 79 79 80 80 80 81 81 81 79 79 79 81 81 81 82 82 82 71 71 71 73 73 73 83 83 83 84 84 84 85 85 85 86 86 86 87 87 87 88 88 88 89 89 89 87 87 87 90 90 90 88 88 88 91 91 91 92 92 92 93 93 93 91 91 91 94 94 94 92 92 92 95 95 95 96 96 96 97 97 97 95 95 95 98 98 98 96 96 96 99 99 99 100 100 100 101 101 101 84 84 84 86 86 86 102 102 102 103 103 103 104 104 104 105 105 105 103 103 103 105 105 105 106 106 106 107 107 107 108 108 108 109 109 109 107 107 107 110 110 110 108 108 108 99 99 99 111 111 111 100 100 100 112 112 112 113 113 113 114 114 114 115 115 115 116 116 116 117 117 117 115 115 115 118 118 118 116 116 116 119 119 119 120 120 120 121 121 121 119 119 119 122 122 122 120 120 120 123 123 123 124 124 124 125 125 125 123 123 123 125 125 125 126 126 126 127 127 127 128 128 128 129 129 129 112 112 112 114 114 114 130 130 130 131 131 131 132 132 132 133 133 133 131 131 131 133 133 133 134 134 134 135 135 135 136 136 136 137 137 137 135 135 135 138 138 138 136 136 136 127 127 127 129 129 129 139 139 139 140 140 140 141 141 141 142 142 142 140 140 140 142 142 142 143 143 143 144 144 144 145 145 145 146 146 146 144 144 144 147 147 147 145 145 145 148 148 148 149 149 149 150 150 150 148 148 148 151 151 151 149 149 149 152 152 152 153 153 153 154 154 154 155 155 155 156 156 156 157 157 157 155 155 155 157 157 157 158 158 158 159 159 159 160 160 160 161 161 161 159 159 159 161 161 161 162 162 162 163 163 163 164 164 164 165 165 165 163 163 163 166 166 166 164 164 164 167 167 167 168 168 168 169 169 169 152 152 152 154 154 154 170 170 170 171 171 171 172 172 172 173 173 173 171 171 171 173 173 173 174 174 174 175 175 175 176 176 176 177 177 177 175 175 175 177 177 177 178 178 178 167 167 167 179 179 179 168 168 168 180 180 180 181 181 181 182 182 182 183 183 183 184 184 184 185 185 185 183 183 183 186 186 186 187 187 187 183 183 183 187 187 187 184 184 184 188 188 188 189 189 189 190 190 190 188 188 188 190 190 190 191 191 191 180 180 180 192 192 192 181 181 181 193 193 193 194 194 194 195 195 195 196 196 196 197 197 197 198 198 198 196 196 196 199 199 199 197 197 197 200 200 200 201 201 201 202 202 202 200 200 200 202 202 202 203 203 203 204 204 204 205 205 205 206 206 206 204 204 204 207 207 207 205 205 205 208 208 208 209 209 209 210 210 210 193 193 193 211 211 211 194 194 194 212 212 212 213 213 213 214 214 214 212 212 212 214 214 214 215 215 215 216 216 216 217 217 217 218 218 218 216 216 216 218 218 218 219 219 219 208 208 208 220 220 220 209 209 209 221 221 221 222 222 222 223 223 223 224 224 224 225 225 225 226 226 226 224 224 224 226 226 226 227 227 227 228 228 228 229 229 229 230 230 230 228 228 228 230 230 230 231 231 231 232 232 232 233 233 233 234 234 234 232 232 232 235 235 235 233 233 233 236 236 236 237 237 237 238 238 238 221 221 221 223 223 223 239 239 239 240 240 240 241 241 241 242 242 242 240 240 240 242 242 242 243 243 243 244 244 244 245 245 245 246 246 246 244 244 244 247 247 247 245 245 245 236 236 236 248 248 248 237 237 237 249 249 249 250 250 250 251 251 251 252 252 252 253 253 253 254 254 254 252 252 252 254 254 254 255 255 255 256 256 256 257 257 257 258 258 258 256 256 256 258 258 258 259 259 259 260 260 260 261 261 261 262 262 262 260 260 260 263 263 263 261 261 261 264 264 264 265 265 265 266 266 266 249 249 249 251 251 251 267 267 267 268 268 268 269 269 269 270 270 270 268 268 268 271 271 271 269 269 269 272 272 272 273 273 273 274 274 274 272 272 272 275 275 275 273 273 273 264 264 264 266 266 266 276 276 276 277 277 277 278 278 278 279 279 279 280 280 280 281 281 281 282 282 282 280 280 280 282 282 282 283 283 283 284 284 284 285 285 285 286 286 286 284 284 284 287 287 287 285 285 285 288 288 288 289 289 289 290 290 290 288 288 288 290 290 290 291 291 291 292 292 292 293 293 293 294 294 294 277 277 277 279 279 279 295 295 295 296 296 296 297 297 297 298 298 298 296 296 296 298 298 298 299 299 299 300 300 300 301 301 301 302 302 302 300 300 300 303 303 303 301 301 301 293 293 293 304 304 304 294 294 294 292 292 292 305 305 305 293 293 293 293 293 293 306 306 306 304 304 304 307 307 307 305 305 305 292 292 292 307 307 307 292 292 292 308 308 308 308 308 308 309 309 309 307 307 307 308 308 308 310 310 310 309 309 309 310 310 310 311 311 311 312 312 312 310 310 310 312 312 312 309 309 309 311 311 311 313 313 313 314 314 314 311 311 311 314 314 314 312 312 312 315 315 315 316 316 316 317 317 317 313 313 313 318 318 318 319 319 319 313 313 313 319 319 319 314 314 314 320 320 320 321 321 321 322 322 322 320 320 320 323 323 323 321 321 321 320 320 320 324 324 324 325 325 325 320 320 320 325 325 325 323 323 323 317 317 317 322 322 322 321 321 321 317 317 317 321 321 321 315 315 315 326 326 326 327 327 327 328 328 328 315 315 315 329 329 329 316 316 316 329 329 329 330 330 330 316 316 316 329 329 329 331 331 331 330 330 330 331 331 331 332 332 332 330 330 330 332 332 332 333 333 333 330 330 330 332 332 332 334 334 334 333 333 333 334 334 334 335 335 335 333 333 333 326 326 326 336 336 336 327 327 327 336 336 336 337 337 337 338 338 338 336 336 336 338 338 338 327 327 327</p>
                </polylist>
            </mesh>
        </geometry>
        <geometry id="meshMesh12_2">
            <mesh>
                <source id="pointsMesh12_2">
                    <float_array id="pointarrayMesh12_2" count="1017">-716 -383 -639 -1330 -409 -639 -716 -409 -639 -831 -153 -1005 -1215 -178 -1005 -831 -178 -1005 -1215 -153 -1005 -847 -127 -1074 -1199 -153 -1074 -847 -153 -1074 -1199 -127 -1074 -767 -357 -677 -1279 -357 -677 -1279 -383 -677 -767 -383 -677 -869 -101 -1177 -1177 -127 -1177 -869 -127 -1177 -1330 -383 -639 -716 -434 -562 -1330 -434 -562 -1330 -460 -562 -716 -460 -562 -716 -409 -601 -1330 -409 -601 -1330 -434 -601 -716 -434 -601 -1177 -101 -1177 -784 -281 -793 -1262 -306 -793 -784 -306 -793 -818 -178 -946 -1228 -204 -946 -818 -204 -946 -1228 -178 -946 -810 -204 -908 -1236 -229 -908 -810 -229 -908 -1236 -204 -908 -801 -229 -869 -1245 -229 -869 -1245 -255 -869 -801 -255 -869 -767 -332 -716 -1279 -332 -716 -1279 -357 -716 -1262 -281 -793 -793 -255 -831 -1253 -255 -831 -1253 -281 -831 -793 -281 -831 -776 -306 -754 -1270 -332 -754 -776 -332 -754 -1270 -306 -754 -767 -357 -716 -716 -537 -409 -1330 -537 -409 -1330 -562 -409 -716 -460 -524 -1330 -485 -524 -716 -485 -524 -1330 -460 -524 -716 -485 -485 -1330 -511 -485 -716 -511 -485 -1330 -485 -485 -716 -511 -447 -1330 -537 -447 -716 -537 -447 -1330 -511 -447 -716 -613 -293 -1330 -613 -293 -1330 -639 -293 -716 -562 -409 -716 -562 -370 -1330 -588 -370 -716 -588 -370 -1330 -562 -370 -716 -588 -332 -1330 -588 -332 -1330 -613 -332 -716 -613 -332 -716 -639 -293 -716 -665 -217 -1330 -665 -217 -1330 -690 -217 -716 -639 -255 -1330 -665 -255 -716 -665 -255 -1330 -639 -255 -716 -741 -101 -1330 -767 -101 -716 -767 -101 -1330 -741 -101 -716 -716 -140 -1330 -741 -140 -716 -741 -140 -1330 -716 -140 -716 -793 -25 -1330 -818 -25 -716 -818 -25 -716 -690 -217 -716 -690 -178 -1330 -690 -178 -1330 -716 -178 -716 -716 -178 -716 -767 -63 -1330 -793 -63 -716 -793 -63 -1330 -767 -63 -1330 -793 -25 -716 -869 90 -1330 -869 90 -1330 -895 90 -716 -818 13 -1330 -844 13 -716 -844 13 -1330 -818 13 -716 -844 51 -1330 -869 51 -716 -869 51 -1330 -844 51 -716 -895 128 -1330 -895 128 -1330 -921 128 -716 -921 128 -716 -972 243 -1330 -972 243 -1330 -997 243 -716 -895 90 -716 -921 166 -1330 -921 166 -1330 -946 166 -716 -946 166 -716 -946 205 -1330 -972 205 -716 -972 205 -1330 -946 205 -716 -997 243 -716 -997 282 -1330 -997 282 -1330 -1023 282 -716 -1023 282 -716 -1023 320 -1330 -1049 320 -716 -1049 320 -1330 -1023 320 -716 -1049 358 -1330 -1074 358 -716 -1074 358 -1330 -1049 358 -1279 -357 -677 -767 -357 -677 -767 -357 -716 -1228 -178 -946 -818 -178 -946 -831 -178 -1005 -1215 -178 -1005 -1215 -153 -1005 -831 -153 -1005 -847 -153 -1074 -1199 -153 -1074 -1199 -127 -1074 -869 -127 -1177 -1177 -127 -1177 -847 -127 -1074 -1330 -434 -562 -716 -434 -601 -1330 -434 -601 -1279 -357 -716 -1330 -383 -639 -716 -383 -639 -716 -383 -677 -1330 -383 -677 -1330 -409 -601 -716 -409 -601 -716 -409 -639 -1330 -409 -639 -716 -434 -562 -1245 -229 -869 -810 -229 -908 -1236 -229 -908 -716 -460 -562 -724 -460 -524 -716 -460 -527 -1330 -460 -562 -1330 -460 -524 -1236 -204 -908 -810 -204 -908 -818 -204 -946 -1228 -204 -946 -801 -229 -869 -1279 -332 -716 -776 -332 -754 -1270 -332 -754 -1262 -281 -793 -793 -281 -831 -1253 -281 -831 -784 -281 -793 -1253 -255 -831 -793 -255 -831 -801 -255 -869 -1245 -255 -869 -1270 -306 -754 -784 -306 -793 -1262 -306 -793 -776 -306 -754 -1330 -537 -409 -716 -537 -447 -1330 -537 -447 -767 -332 -716 -1330 -485 -485 -716 -485 -485 -716 -485 -524 -1330 -485 -524 -1330 -511 -447 -716 -511 -447 -716 -511 -485 -1330 -511 -485 -716 -537 -409 -1330 -639 -255 -716 -639 -255 -716 -639 -293 -1330 -562 -370 -716 -562 -370 -716 -562 -409 -1330 -562 -409 -1330 -588 -332 -716 -588 -332 -716 -588 -370 -1330 -588 -370 -1330 -613 -293 -716 -613 -332 -1330 -613 -332 -716 -613 -293 -1330 -665 -217 -716 -665 -255 -1330 -665 -255 -1330 -639 -293 -1330 -741 -101 -716 -741 -101 -716 -741 -140 -1330 -741 -140 -1330 -716 -140 -716 -716 -178 -1330 -716 -178 -716 -716 -140 -716 -665 -217 -1330 -818 13 -716 -818 13 -716 -818 -25 -1330 -690 -178 -716 -690 -178 -716 -690 -217 -1330 -690 -217 -1330 -767 -63 -716 -767 -63 -716 -767 -101 -1330 -767 -101 -1330 -793 -25 -716 -793 -63 -1330 -793 -63 -716 -793 -25 -1330 -869 90 -716 -869 90 -716 -869 51 -1330 -818 -25 -1330 -844 51 -716 -844 13 -1330 -844 13 -716 -844 51 -1330 -895 128 -716 -895 90 -1330 -895 90 -716 -895 128 -1330 -869 51 -1330 -997 282 -716 -997 282 -716 -997 243 -1330 -921 166 -716 -921 166 -716 -921 128 -1330 -921 128 -1330 -946 205 -716 -946 166 -1330 -946 166 -716 -946 205 -1330 -972 243 -716 -972 243 -716 -972 205 -1330 -972 205 -1421 -76 -1504 -1177 -76 -1177 -1330 -76 -1595 -1330 -997 243 -1330 -1023 320 -716 -1023 320 -716 -1023 282 -1330 -1023 282 -1330 -1049 358 -716 -1049 320 -1330 -1049 320 -716 -1049 358 -1330 -101 -1595 -1188 -76 -1127 -1177 -101 -1177 -1188 -50 -1127 -1421 -50 -1504 -1199 -50 -1077 -1511 -50 -1414 -1511 -25 -1414 -1199 -25 -1077 -1602 -25 -1323 -1210 -25 -1027 -858 -50 -1127 -535 -50 -1414 -625 -50 -1504 -1602 0 -1323 -1210 0 -1027 -716 -76 -1595 -858 -76 -1127 -625 -76 -1504 -869 -76 -1177 -716 -101 -1595 -869 -101 -1177 -1330 -101 -5119 -716 -101 -1595 -716 -101 -5119 -847 -50 -1077 -535 -25 -1414 -847 -25 -1077 -836 -25 -1027 -444 -25 -1323 -836 0 -1027 -444 0 -1323 -1330 -101 -1595 -1177 -101 -1177 -869 -101 -1177</float_array>
                    <technique_common>
                        <accessor count="339" source="#pointarrayMesh12_2" stride="3">
                            <param name="X" type="float"/>
                            <param name="Y" type="float"/>
                            <param name="Z" type="float"/>
                        </accessor>
                    </technique_common>
                </source>
                <source id="uvsMesh12_2">
                    <float_array id="uvarrayMesh12_2" count="678">2.8203125 -1.9609375 2.681640625 4.025390625 2.681640625 -1.9609375 7.03515625 -0.8359375 6.896484375 2.900390625 6.896484375 -0.8359375 7.03515625 2.900390625 7.732421875 -0.685546875 7.595703125 2.75 7.595703125 -0.685546875 7.732421875 2.75 3.26953125 -1.4609375 3.26953125 3.52734375 3.130859375 3.52734375 3.130859375 -1.4609375 8.701171875 -0.462890625 8.564453125 2.52734375 8.564453125 -0.462890625 2.8203125 4.025390625 1.919921875 -1.9609375 1.919921875 4.025390625 1.78125 4.025390625 1.78125 -1.9609375 2.369140625 -1.9609375 2.369140625 4.025390625 2.232421875 4.025390625 2.232421875 -1.9609375 8.701171875 2.52734375 4.619140625 -1.294921875 4.48046875 3.359375 4.48046875 -1.294921875 6.41796875 -0.962890625 6.279296875 3.02734375 6.279296875 -0.962890625 6.41796875 3.02734375 5.96875 -1.046875 5.830078125 3.111328125 5.830078125 -1.046875 5.96875 3.111328125 5.51953125 -1.12890625 5.51953125 3.193359375 5.380859375 3.193359375 5.380859375 -1.12890625 3.71875 -1.462890625 3.71875 3.52734375 3.58203125 3.52734375 4.619140625 3.359375 5.068359375 -1.212890625 5.068359375 3.27734375 4.9296875 3.27734375 4.9296875 -1.212890625 4.169921875 -1.37890625 4.03125 3.443359375 4.03125 -1.37890625 4.169921875 3.443359375 3.58203125 -1.462890625 0.12109375 -1.9609375 0.12109375 4.025390625 -0.017578125 4.025390625 1.470703125 -1.9609375 1.33203125 4.025390625 1.33203125 -1.9609375 1.470703125 4.025390625 1.021484375 -1.9609375 0.8828125 4.025390625 0.8828125 -1.9609375 1.021484375 4.025390625 0.5703125 -1.9609375 0.431640625 4.025390625 0.431640625 -1.9609375 0.5703125 4.025390625 -1.2265625 -1.9609375 -1.2265625 4.025390625 -1.365234375 4.025390625 -0.017578125 -1.9609375 -0.326171875 -1.9609375 -0.46484375 4.025390625 -0.46484375 -1.9609375 -0.326171875 4.025390625 -0.77734375 -1.9609375 -0.77734375 4.025390625 -0.916015625 4.025390625 -0.916015625 -1.9609375 -1.365234375 -1.9609375 -2.126953125 -1.9609375 -2.126953125 4.025390625 -2.263671875 4.025390625 -1.67578125 -1.9609375 -1.814453125 4.025390625 -1.814453125 -1.9609375 -1.67578125 4.025390625 -3.474609375 -1.9609375 -3.61328125 4.025390625 -3.61328125 -1.9609375 -3.474609375 4.025390625 -3.025390625 -1.9609375 -3.1640625 4.025390625 -3.1640625 -1.9609375 -3.025390625 4.025390625 -4.375 -1.9609375 -4.513671875 4.025390625 -4.513671875 -1.9609375 -2.263671875 -1.9609375 -2.576171875 -1.9609375 -2.576171875 4.025390625 -2.71484375 4.025390625 -2.71484375 -1.9609375 -3.92578125 -1.9609375 -4.064453125 4.025390625 -4.064453125 -1.9609375 -3.92578125 4.025390625 -4.375 4.025390625 -5.724609375 -1.9609375 -5.724609375 4.025390625 -5.86328125 4.025390625 -4.82421875 -1.9609375 -4.962890625 4.025390625 -4.962890625 -1.9609375 -4.82421875 4.025390625 -5.275390625 -1.9609375 -5.4140625 4.025390625 -5.4140625 -1.9609375 -5.275390625 4.025390625 -6.173828125 -1.9609375 -6.173828125 4.025390625 -6.3125 4.025390625 -6.3125 -1.9609375 -7.5234375 -1.9609375 -7.5234375 4.025390625 -7.662109375 4.025390625 -5.86328125 -1.9609375 -6.625 -1.9609375 -6.625 4.025390625 -6.76171875 4.025390625 -6.76171875 -1.9609375 -7.07421875 -1.9609375 -7.212890625 4.025390625 -7.212890625 -1.9609375 -7.07421875 4.025390625 -7.662109375 -1.9609375 -7.974609375 -1.9609375 -7.974609375 4.025390625 -8.111328125 4.025390625 -8.111328125 -1.9609375 -8.423828125 -1.9609375 -8.5625 4.025390625 -8.5625 -1.9609375 -8.423828125 4.025390625 -8.873046875 -1.9609375 -9.01171875 4.025390625 -9.01171875 -1.9609375 -8.873046875 4.025390625 3.26953125 3.52734375 3.26953125 -1.4609375 3.58203125 -1.462890625 6.41796875 3.02734375 6.41796875 -0.962890625 6.896484375 -0.8359375 6.896484375 2.900390625 7.03515625 2.900390625 7.03515625 -0.8359375 7.595703125 -0.685546875 7.595703125 2.75 7.732421875 2.75 8.564453125 -0.462890625 8.564453125 2.52734375 7.732421875 -0.685546875 1.919921875 4.025390625 2.232421875 -1.9609375 2.232421875 4.025390625 3.58203125 3.52734375 2.8203125 4.025390625 2.8203125 -1.9609375 3.130859375 -1.9609375 3.130859375 4.025390625 2.369140625 4.025390625 2.369140625 -1.9609375 2.681640625 -1.9609375 2.681640625 4.025390625 1.919921875 -1.9609375 5.51953125 3.193359375 5.830078125 -1.046875 5.830078125 3.111328125 1.78125 -1.9609375 1.470703125 -1.876953125 1.49609375 -1.9609375 1.78125 4.025390625 1.470703125 4.025390625 5.96875 3.111328125 5.96875 -1.046875 6.279296875 -0.962890625 6.279296875 3.02734375 5.51953125 -1.12890625 3.71875 3.52734375 4.03125 -1.37890625 4.03125 3.443359375 4.619140625 3.359375 4.9296875 -1.212890625 4.9296875 3.27734375 4.619140625 -1.294921875 5.068359375 3.27734375 5.068359375 -1.212890625 5.380859375 -1.12890625 5.380859375 3.193359375 4.169921875 3.443359375 4.48046875 -1.294921875 4.48046875 3.359375 4.169921875 -1.37890625 0.12109375 4.025390625 0.431640625 -1.9609375 0.431640625 4.025390625 3.71875 -1.462890625 1.021484375 4.025390625 1.021484375 -1.9609375 1.33203125 -1.9609375 1.33203125 4.025390625 0.5703125 4.025390625 0.5703125 -1.9609375 0.8828125 -1.9609375 0.8828125 4.025390625 0.12109375 -1.9609375 -1.67578125 4.025390625 -1.67578125 -1.9609375 -1.365234375 -1.9609375 -0.326171875 4.025390625 -0.326171875 -1.9609375 -0.017578125 -1.9609375 -0.017578125 4.025390625 -0.77734375 4.025390625 -0.77734375 -1.9609375 -0.46484375 -1.9609375 -0.46484375 4.025390625 -1.2265625 4.025390625 -0.916015625 -1.9609375 -0.916015625 4.025390625 -1.2265625 -1.9609375 -2.126953125 4.025390625 -1.814453125 -1.9609375 -1.814453125 4.025390625 -1.365234375 4.025390625 -3.474609375 4.025390625 -3.474609375 -1.9609375 -3.1640625 -1.9609375 -3.1640625 4.025390625 -3.025390625 4.025390625 -2.71484375 -1.9609375 -2.71484375 4.025390625 -3.025390625 -1.9609375 -2.126953125 -1.9609375 -4.82421875 4.025390625 -4.82421875 -1.9609375 -4.513671875 -1.9609375 -2.576171875 4.025390625 -2.576171875 -1.9609375 -2.263671875 -1.9609375 -2.263671875 4.025390625 -3.92578125 4.025390625 -3.92578125 -1.9609375 -3.61328125 -1.9609375 -3.61328125 4.025390625 -4.375 4.025390625 -4.064453125 -1.9609375 -4.064453125 4.025390625 -4.375 -1.9609375 -5.724609375 4.025390625 -5.724609375 -1.9609375 -5.4140625 -1.9609375 -4.513671875 4.025390625 -5.275390625 4.025390625 -4.962890625 -1.9609375 -4.962890625 4.025390625 -5.275390625 -1.9609375 -6.173828125 4.025390625 -5.86328125 -1.9609375 -5.86328125 4.025390625 -6.173828125 -1.9609375 -5.4140625 4.025390625 -7.974609375 4.025390625 -7.974609375 -1.9609375 -7.662109375 -1.9609375 -6.625 4.025390625 -6.625 -1.9609375 -6.3125 -1.9609375 -6.3125 4.025390625 -7.07421875 4.025390625 -6.76171875 -1.9609375 -6.76171875 4.025390625 -7.07421875 -1.9609375 -7.5234375 4.025390625 -7.5234375 -1.9609375 -7.212890625 -1.9609375 -7.212890625 4.025390625 2.62109375 -0.404296875 -1.203125 0.48828125 2.451171875 -1.400390625 -7.662109375 4.025390625 -8.423828125 4.025390625 -8.423828125 -1.9609375 -8.111328125 -1.9609375 -8.111328125 4.025390625 -8.873046875 4.025390625 -8.5625 -1.9609375 -8.5625 4.025390625 -8.873046875 -1.9609375 2.451171875 -1.548828125 -1.41015625 0.85546875 -1.203125 0.341796875 -1.41015625 1.001953125 2.62109375 -0.2578125 -1.6171875 1.369140625 2.79296875 0.73828125 2.79296875 0.884765625 -1.6171875 1.515625 2.962890625 1.880859375 -1.826171875 1.880859375 2.34765625 0.005859375 -1.85546875 -0.2578125 -1.68359375 -1.255859375 2.962890625 2.029296875 -1.826171875 2.029296875 -1.513671875 -2.3984375 2.34765625 -0.140625 -1.68359375 -1.40234375 2.140625 -0.5078125 -1.513671875 -2.546875 2.140625 -0.654296875 -8.71875 -0.962890625 8.453125 2.029296875 -8.71875 2.029296875 2.5546875 0.37109375 -1.85546875 -0.111328125 2.5546875 0.517578125 2.763671875 0.8828125 -2.025390625 0.8828125 2.763671875 1 -2.025390625 1 8.453125 -0.962890625 10.490234375 -0.21484375 10.490234375 1.28125</float_array>
                    <technique_common>
                        <accessor count="339" source="#uvarrayMesh12_2" stride="2">
                            <param name="S" type="float"/>
                            <param name="T" type="float"/>
                        </accessor>
                    </technique_common>
                </source>
                <source id="colorsMesh12_2">
                    <float_array id="colorarrayMesh12_2" count="1356">0.27450980392156865 0.27450980392156865 0.27450980392156865 1 0.27450980392156865 0.27450980392156865 0.27450980392156865 1 0.27450980392156865 0.27450980392156865 0.27450980392156865 1 0.27450980392156865 0.27450980392156865 0.27450980392156865 1 0.27450980392156865 0.27450980392156865 0.27450980392156865 1 0.27450980392156865 0.27450980392156865 0.27450980392156865 1 0.27450980392156865 0.27450980392156865 0.27450980392156865 1 0.27450980392156865 0.27450980392156865 0.27450980392156865 1 0.27450980392156865 0.27450980392156865 0.27450980392156865 1 0.27450980392156865 0.27450980392156865 0.27450980392156865 1 0.27450980392156865 0.27450980392156865 0.27450980392156865 1 0.27450980392156865 0.27450980392156865 0.27450980392156865 1 0.27450980392156865 0.27450980392156865 0.27450980392156865 1 0.27450980392156865 0.27450980392156865 0.27450980392156865 1 0.27450980392156865 0.27450980392156865 0.27450980392156865 1 0.27450980392156865 0.27450980392156865 0.27450980392156865 1 0.27450980392156865 0.27450980392156865 0.27450980392156865 1 0.27450980392156865 0.27450980392156865 0.27450980392156865 1 0.27450980392156865 0.27450980392156865 0.27450980392156865 1 0.27450980392156865 0.27450980392156865 0.27450980392156865 1 0.27450980392156865 0.27450980392156865 0.27450980392156865 1 0.27450980392156865 0.27450980392156865 0.27450980392156865 1 0.27450980392156865 0.27450980392156865 0.27450980392156865 1 0.27450980392156865 0.27450980392156865 0.27450980392156865 1 0.27450980392156865 0.27450980392156865 0.27450980392156865 1 0.27450980392156865 0.27450980392156865 0.27450980392156865 1 0.27450980392156865 0.27450980392156865 0.27450980392156865 1 0.27450980392156865 0.27450980392156865 0.27450980392156865 1 0.27450980392156865 0.27450980392156865 0.27450980392156865 1 0.27450980392156865 0.27450980392156865 0.27450980392156865 1 0.27450980392156865 0.27450980392156865 0.27450980392156865 1 0.27450980392156865 0.27450980392156865 0.27450980392156865 1 0.27450980392156865 0.27450980392156865 0.27450980392156865 1 0.27450980392156865 0.27450980392156865 0.27450980392156865 1 0.27450980392156865 0.27450980392156865 0.27450980392156865 1 0.27450980392156865 0.27450980392156865 0.27450980392156865 1 0.27450980392156865 0.27450980392156865 0.27450980392156865 1 0.27450980392156865 0.27450980392156865 0.27450980392156865 1 0.27450980392156865 0.27450980392156865 0.27450980392156865 1 0.27450980392156865 0.27450980392156865 0.27450980392156865 1 0.27450980392156865 0.27450980392156865 0.27450980392156865 1 0.27450980392156865 0.27450980392156865 0.27450980392156865 1 0.27450980392156865 0.27450980392156865 0.27450980392156865 1 0.27450980392156865 0.27450980392156865 0.27450980392156865 1 0.27450980392156865 0.27450980392156865 0.27450980392156865 1 0.27450980392156865 0.27450980392156865 0.27450980392156865 1 0.27450980392156865 0.27450980392156865 0.27450980392156865 1 0.27450980392156865 0.27450980392156865 0.27450980392156865 1 0.27450980392156865 0.27450980392156865 0.27450980392156865 1 0.27450980392156865 0.27450980392156865 0.27450980392156865 1 0.27450980392156865 0.27450980392156865 0.27450980392156865 1 0.27450980392156865 0.27450980392156865 0.27450980392156865 1 0.27450980392156865 0.27450980392156865 0.27450980392156865 1 0.27450980392156865 0.27450980392156865 0.27450980392156865 1 0.27450980392156865 0.27450980392156865 0.27450980392156865 1 0.27450980392156865 0.27450980392156865 0.27450980392156865 1 0.27450980392156865 0.27450980392156865 0.27450980392156865 1 0.27450980392156865 0.27450980392156865 0.27450980392156865 1 0.27450980392156865 0.27450980392156865 0.27450980392156865 1 0.27450980392156865 0.27450980392156865 0.27450980392156865 1 0.27450980392156865 0.27450980392156865 0.27450980392156865 1 0.27450980392156865 0.27450980392156865 0.27450980392156865 1 0.27450980392156865 0.27450980392156865 0.27450980392156865 1 0.27450980392156865 0.27450980392156865 0.27450980392156865 1 0.27450980392156865 0.27450980392156865 0.27450980392156865 1 0.27450980392156865 0.27450980392156865 0.27450980392156865 1 0.27450980392156865 0.27450980392156865 0.27450980392156865 1 0.27450980392156865 0.27450980392156865 0.27450980392156865 1 0.27450980392156865 0.27450980392156865 0.27450980392156865 1 0.27450980392156865 0.27450980392156865 0.27450980392156865 1 0.27450980392156865 0.27450980392156865 0.27450980392156865 1 0.27450980392156865 0.27450980392156865 0.27450980392156865 1 0.27450980392156865 0.27450980392156865 0.27450980392156865 1 0.27450980392156865 0.27450980392156865 0.27450980392156865 1 0.27450980392156865 0.27450980392156865 0.27450980392156865 1 0.27450980392156865 0.27450980392156865 0.27450980392156865 1 0.27450980392156865 0.27450980392156865 0.27450980392156865 1 0.27450980392156865 0.27450980392156865 0.27450980392156865 1 0.27450980392156865 0.27450980392156865 0.27450980392156865 1 0.27450980392156865 0.27450980392156865 0.27450980392156865 1 0.27450980392156865 0.27450980392156865 0.27450980392156865 1 0.27450980392156865 0.27450980392156865 0.27450980392156865 1 0.27450980392156865 0.27450980392156865 0.27450980392156865 1 0.27450980392156865 0.27450980392156865 0.27450980392156865 1 0.27450980392156865 0.27450980392156865 0.27450980392156865 1 0.27450980392156865 0.27450980392156865 0.27450980392156865 1 0.27450980392156865 0.27450980392156865 0.27450980392156865 1 0.27450980392156865 0.27450980392156865 0.27450980392156865 1 0.27450980392156865 0.27450980392156865 0.27450980392156865 1 0.27450980392156865 0.27450980392156865 0.27450980392156865 1 0.27450980392156865 0.27450980392156865 0.27450980392156865 1 0.27450980392156865 0.27450980392156865 0.27450980392156865 1 0.27450980392156865 0.27450980392156865 0.27450980392156865 1 0.27450980392156865 0.27450980392156865 0.27450980392156865 1 0.27450980392156865 0.27450980392156865 0.27450980392156865 1 0.27450980392156865 0.27450980392156865 0.27450980392156865 1 0.27450980392156865 0.27450980392156865 0.27450980392156865 1 0.27450980392156865 0.27450980392156865 0.27450980392156865 1 0.27450980392156865 0.27450980392156865 0.27450980392156865 1 0.27450980392156865 0.27450980392156865 0.27450980392156865 1 0.27450980392156865 0.27450980392156865 0.27450980392156865 1 0.27450980392156865 0.27450980392156865 0.27450980392156865 1 0.27450980392156865 0.27450980392156865 0.27450980392156865 1 0.27450980392156865 0.27450980392156865 0.27450980392156865 1 0.27450980392156865 0.27450980392156865 0.27450980392156865 1 0.27450980392156865 0.27450980392156865 0.27450980392156865 1 0.27450980392156865 0.27450980392156865 0.27450980392156865 1 0.27450980392156865 0.27450980392156865 0.27450980392156865 1 0.27450980392156865 0.27450980392156865 0.27450980392156865 1 0.27450980392156865 0.27450980392156865 0.27450980392156865 1 0.27450980392156865 0.27450980392156865 0.27450980392156865 1 0.27450980392156865 0.27450980392156865 0.27450980392156865 1 0.27450980392156865 0.27450980392156865 0.27450980392156865 1 0.27450980392156865 0.27450980392156865 0.27450980392156865 1 0.27450980392156865 0.27450980392156865 0.27450980392156865 1 0.27450980392156865 0.27450980392156865 0.27450980392156865 1 0.27450980392156865 0.27450980392156865 0.27450980392156865 1 0.27450980392156865 0.27450980392156865 0.27450980392156865 1 0.27450980392156865 0.27450980392156865 0.27450980392156865 1 0.27450980392156865 0.27450980392156865 0.27450980392156865 1 0.27450980392156865 0.27450980392156865 0.27450980392156865 1 0.27450980392156865 0.27450980392156865 0.27450980392156865 1 0.27450980392156865 0.27450980392156865 0.27450980392156865 1 0.27450980392156865 0.27450980392156865 0.27450980392156865 1 0.27450980392156865 0.27450980392156865 0.27450980392156865 1 0.27450980392156865 0.27450980392156865 0.27450980392156865 1 0.27450980392156865 0.27450980392156865 0.27450980392156865 1 0.27450980392156865 0.27450980392156865 0.27450980392156865 1 0.27450980392156865 0.27450980392156865 0.27450980392156865 1 0.27450980392156865 0.27450980392156865 0.27450980392156865 1 0.27450980392156865 0.27450980392156865 0.27450980392156865 1 0.27450980392156865 0.27450980392156865 0.27450980392156865 1 0.27450980392156865 0.27450980392156865 0.27450980392156865 1 0.27450980392156865 0.27450980392156865 0.27450980392156865 1 0.27450980392156865 0.27450980392156865 0.27450980392156865 1 0.27450980392156865 0.27450980392156865 0.27450980392156865 1 0.27450980392156865 0.27450980392156865 0.27450980392156865 1 0.27450980392156865 0.27450980392156865 0.27450980392156865 1 0.27450980392156865 0.27450980392156865 0.27450980392156865 1 0.27450980392156865 0.27450980392156865 0.27450980392156865 1 0.27450980392156865 0.27450980392156865 0.27450980392156865 1 0.27450980392156865 0.27450980392156865 0.27450980392156865 1 0.27450980392156865 0.27450980392156865 0.27450980392156865 1 0.27450980392156865 0.27450980392156865 0.27450980392156865 1 0.27450980392156865 0.27450980392156865 0.27450980392156865 1 0.27450980392156865 0.27450980392156865 0.27450980392156865 1 0.27450980392156865 0.27450980392156865 0.27450980392156865 1 0.27450980392156865 0.27450980392156865 0.27450980392156865 1 0.27450980392156865 0.27450980392156865 0.27450980392156865 1 0.27450980392156865 0.27450980392156865 0.27450980392156865 1 0.27450980392156865 0.27450980392156865 0.27450980392156865 1 0.27450980392156865 0.27450980392156865 0.27450980392156865 1 0.37254901960784315 0.37254901960784315 0.37254901960784315 1 0.37254901960784315 0.37254901960784315 0.37254901960784315 1 0.37254901960784315 0.37254901960784315 0.37254901960784315 1 0.37254901960784315 0.37254901960784315 0.37254901960784315 1 0.37254901960784315 0.37254901960784315 0.37254901960784315 1 0.37254901960784315 0.37254901960784315 0.37254901960784315 1 0.37254901960784315 0.37254901960784315 0.37254901960784315 1 0.37254901960784315 0.37254901960784315 0.37254901960784315 1 0.37254901960784315 0.37254901960784315 0.37254901960784315 1 0.37254901960784315 0.37254901960784315 0.37254901960784315 1 0.37254901960784315 0.37254901960784315 0.37254901960784315 1 0.37254901960784315 0.37254901960784315 0.37254901960784315 1 0.37254901960784315 0.37254901960784315 0.37254901960784315 1 0.37254901960784315 0.37254901960784315 0.37254901960784315 1 0.37254901960784315 0.37254901960784315 0.37254901960784315 1 0.37254901960784315 0.37254901960784315 0.37254901960784315 1 0.37254901960784315 0.37254901960784315 0.37254901960784315 1 0.37254901960784315 0.37254901960784315 0.37254901960784315 1 0.37254901960784315 0.37254901960784315 0.37254901960784315 1 0.37254901960784315 0.37254901960784315 0.37254901960784315 1 0.37254901960784315 0.37254901960784315 0.37254901960784315 1 0.37254901960784315 0.37254901960784315 0.37254901960784315 1 0.37254901960784315 0.37254901960784315 0.37254901960784315 1 0.37254901960784315 0.37254901960784315 0.37254901960784315 1 0.37254901960784315 0.37254901960784315 0.37254901960784315 1 0.37254901960784315 0.37254901960784315 0.37254901960784315 1 0.37254901960784315 0.37254901960784315 0.37254901960784315 1 0.37254901960784315 0.37254901960784315 0.37254901960784315 1 0.37254901960784315 0.37254901960784315 0.37254901960784315 1 0.37254901960784315 0.37254901960784315 0.37254901960784315 1 0.37254901960784315 0.37254901960784315 0.37254901960784315 1 0.37254901960784315 0.37254901960784315 0.37254901960784315 1 0.37254901960784315 0.37254901960784315 0.37254901960784315 1 0.37254901960784315 0.37254901960784315 0.37254901960784315 1 0.37254901960784315 0.37254901960784315 0.37254901960784315 1 0.37254901960784315 0.37254901960784315 0.37254901960784315 1 0.37254901960784315 0.37254901960784315 0.37254901960784315 1 0.37254901960784315 0.37254901960784315 0.37254901960784315 1 0.37254901960784315 0.37254901960784315 0.37254901960784315 1 0.37254901960784315 0.37254901960784315 0.37254901960784315 1 0.37254901960784315 0.37254901960784315 0.37254901960784315 1 0.37254901960784315 0.37254901960784315 0.37254901960784315 1 0.37254901960784315 0.37254901960784315 0.37254901960784315 1 0.37254901960784315 0.37254901960784315 0.37254901960784315 1 0.37254901960784315 0.37254901960784315 0.37254901960784315 1 0.37254901960784315 0.37254901960784315 0.37254901960784315 1 0.37254901960784315 0.37254901960784315 0.37254901960784315 1 0.37254901960784315 0.37254901960784315 0.37254901960784315 1 0.37254901960784315 0.37254901960784315 0.37254901960784315 1 0.37254901960784315 0.37254901960784315 0.37254901960784315 1 0.37254901960784315 0.37254901960784315 0.37254901960784315 1 0.37254901960784315 0.37254901960784315 0.37254901960784315 1 0.37254901960784315 0.37254901960784315 0.37254901960784315 1 0.37254901960784315 0.37254901960784315 0.37254901960784315 1 0.37254901960784315 0.37254901960784315 0.37254901960784315 1 0.37254901960784315 0.37254901960784315 0.37254901960784315 1 0.37254901960784315 0.37254901960784315 0.37254901960784315 1 0.37254901960784315 0.37254901960784315 0.37254901960784315 1 0.37254901960784315 0.37254901960784315 0.37254901960784315 1 0.37254901960784315 0.37254901960784315 0.37254901960784315 1 0.37254901960784315 0.37254901960784315 0.37254901960784315 1 0.37254901960784315 0.37254901960784315 0.37254901960784315 1 0.37254901960784315 0.37254901960784315 0.37254901960784315 1 0.37254901960784315 0.37254901960784315 0.37254901960784315 1 0.37254901960784315 0.37254901960784315 0.37254901960784315 1 0.37254901960784315 0.37254901960784315 0.37254901960784315 1 0.37254901960784315 0.37254901960784315 0.37254901960784315 1 0.37254901960784315 0.37254901960784315 0.37254901960784315 1 0.37254901960784315 0.37254901960784315 0.37254901960784315 1 0.37254901960784315 0.37254901960784315 0.37254901960784315 1 0.37254901960784315 0.37254901960784315 0.37254901960784315 1 0.37254901960784315 0.37254901960784315 0.37254901960784315 1 0.37254901960784315 0.37254901960784315 0.37254901960784315 1 0.37254901960784315 0.37254901960784315 0.37254901960784315 1 0.37254901960784315 0.37254901960784315 0.37254901960784315 1 0.37254901960784315 0.37254901960784315 0.37254901960784315 1 0.37254901960784315 0.37254901960784315 0.37254901960784315 1 0.37254901960784315 0.37254901960784315 0.37254901960784315 1 0.37254901960784315 0.37254901960784315 0.37254901960784315 1 0.37254901960784315 0.37254901960784315 0.37254901960784315 1 0.37254901960784315 0.37254901960784315 0.37254901960784315 1 0.37254901960784315 0.37254901960784315 0.37254901960784315 1 0.37254901960784315 0.37254901960784315 0.37254901960784315 1 0.37254901960784315 0.37254901960784315 0.37254901960784315 1 0.37254901960784315 0.37254901960784315 0.37254901960784315 1 0.37254901960784315 0.37254901960784315 0.37254901960784315 1 0.37254901960784315 0.37254901960784315 0.37254901960784315 1 0.37254901960784315 0.37254901960784315 0.37254901960784315 1 0.37254901960784315 0.37254901960784315 0.37254901960784315 1 0.37254901960784315 0.37254901960784315 0.37254901960784315 1 0.37254901960784315 0.37254901960784315 0.37254901960784315 1 0.37254901960784315 0.37254901960784315 0.37254901960784315 1 0.37254901960784315 0.37254901960784315 0.37254901960784315 1 0.37254901960784315 0.37254901960784315 0.37254901960784315 1 0.37254901960784315 0.37254901960784315 0.37254901960784315 1 0.37254901960784315 0.37254901960784315 0.37254901960784315 1 0.37254901960784315 0.37254901960784315 0.37254901960784315 1 0.37254901960784315 0.37254901960784315 0.37254901960784315 1 0.37254901960784315 0.37254901960784315 0.37254901960784315 1 0.37254901960784315 0.37254901960784315 0.37254901960784315 1 0.37254901960784315 0.37254901960784315 0.37254901960784315 1 0.37254901960784315 0.37254901960784315 0.37254901960784315 1 0.37254901960784315 0.37254901960784315 0.37254901960784315 1 0.37254901960784315 0.37254901960784315 0.37254901960784315 1 0.37254901960784315 0.37254901960784315 0.37254901960784315 1 0.37254901960784315 0.37254901960784315 0.37254901960784315 1 0.37254901960784315 0.37254901960784315 0.37254901960784315 1 0.37254901960784315 0.37254901960784315 0.37254901960784315 1 0.37254901960784315 0.37254901960784315 0.37254901960784315 1 0.37254901960784315 0.37254901960784315 0.37254901960784315 1 0.37254901960784315 0.37254901960784315 0.37254901960784315 1 0.37254901960784315 0.37254901960784315 0.37254901960784315 1 0.37254901960784315 0.37254901960784315 0.37254901960784315 1 0.37254901960784315 0.37254901960784315 0.37254901960784315 1 0.37254901960784315 0.37254901960784315 0.37254901960784315 1 0.37254901960784315 0.37254901960784315 0.37254901960784315 1 0.37254901960784315 0.37254901960784315 0.37254901960784315 1 0.37254901960784315 0.37254901960784315 0.37254901960784315 1 0.37254901960784315 0.37254901960784315 0.37254901960784315 1 0.37254901960784315 0.37254901960784315 0.37254901960784315 1 0.37254901960784315 0.37254901960784315 0.37254901960784315 1 0.37254901960784315 0.37254901960784315 0.37254901960784315 1 0.37254901960784315 0.37254901960784315 0.37254901960784315 1 0.37254901960784315 0.37254901960784315 0.37254901960784315 1 0.37254901960784315 0.37254901960784315 0.37254901960784315 1 0.37254901960784315 0.37254901960784315 0.37254901960784315 1 0.37254901960784315 0.37254901960784315 0.37254901960784315 1 0.37254901960784315 0.37254901960784315 0.37254901960784315 1 0.37254901960784315 0.37254901960784315 0.37254901960784315 1 0.37254901960784315 0.37254901960784315 0.37254901960784315 1 0.37254901960784315 0.37254901960784315 0.37254901960784315 1 0.37254901960784315 0.37254901960784315 0.37254901960784315 1 0.37254901960784315 0.37254901960784315 0.37254901960784315 1 0.37254901960784315 0.37254901960784315 0.37254901960784315 1 0.37254901960784315 0.37254901960784315 0.37254901960784315 1 0.37254901960784315 0.37254901960784315 0.37254901960784315 1 0.37254901960784315 0.37254901960784315 0.37254901960784315 1 0.37254901960784315 0.37254901960784315 0.37254901960784315 1 0.37254901960784315 0.37254901960784315 0.37254901960784315 1 0.37254901960784315 0.37254901960784315 0.37254901960784315 1 0.37254901960784315 0.37254901960784315 0.37254901960784315 1 0.37254901960784315 0.37254901960784315 0.37254901960784315 1 0.37254901960784315 0.37254901960784315 0.37254901960784315 1 0.37254901960784315 0.37254901960784315 0.37254901960784315 1 0.37254901960784315 0.37254901960784315 0.37254901960784315 1 0.37254901960784315 0.37254901960784315 0.37254901960784315 1 0.37254901960784315 0.37254901960784315 0.37254901960784315 1 0.37254901960784315 0.37254901960784315 0.37254901960784315 1 0.37254901960784315 0.37254901960784315 0.37254901960784315 1 0.37254901960784315 0.37254901960784315 0.37254901960784315 1 0.37254901960784315 0.37254901960784315 0.37254901960784315 1 0.37254901960784315 0.37254901960784315 0.37254901960784315 1 0.37254901960784315 0.37254901960784315 0.37254901960784315 1 0.37254901960784315 0.37254901960784315 0.37254901960784315 1 0.37254901960784315 0.37254901960784315 0.37254901960784315 1 0.37254901960784315 0.37254901960784315 0.37254901960784315 1 0.37254901960784315 0.37254901960784315 0.37254901960784315 1 0.37254901960784315 0.37254901960784315 0.37254901960784315 1 0.37254901960784315 0.37254901960784315 0.37254901960784315 1 0.37254901960784315 0.37254901960784315 0.37254901960784315 1 0.37254901960784315 0.37254901960784315 0.37254901960784315 1 0.37254901960784315 0.37254901960784315 0.37254901960784315 1 0.37254901960784315 0.37254901960784315 0.37254901960784315 1 0.37254901960784315 0.37254901960784315 0.37254901960784315 1 0.37254901960784315 0.37254901960784315 0.37254901960784315 1 0.37254901960784315 0.37254901960784315 0.37254901960784315 1 0.37254901960784315 0.37254901960784315 0.37254901960784315 1 0.37254901960784315 0.37254901960784315 0.37254901960784315 1 0.37254901960784315 0.37254901960784315 0.37254901960784315 1 0.37254901960784315 0.37254901960784315 0.37254901960784315 1 0.37254901960784315 0.37254901960784315 0.37254901960784315 1 0.37254901960784315 0.37254901960784315 0.37254901960784315 1 0.37254901960784315 0.37254901960784315 0.37254901960784315 1 0.37254901960784315 0.37254901960784315 0.37254901960784315 1 0.37254901960784315 0.37254901960784315 0.37254901960784315 1 0.37254901960784315 0.37254901960784315 0.37254901960784315 1 0.37254901960784315 0.37254901960784315 0.37254901960784315 1 0.37254901960784315 0.37254901960784315 0.37254901960784315 1 0.37254901960784315 0.37254901960784315 0.37254901960784315 1 0.37254901960784315 0.37254901960784315 0.37254901960784315 1 0.37254901960784315 0.37254901960784315 0.37254901960784315 1 0.37254901960784315 0.37254901960784315 0.37254901960784315 1 0.37254901960784315 0.37254901960784315 0.37254901960784315 1 0.37254901960784315 0.37254901960784315 0.37254901960784315 1 0.37254901960784315 0.37254901960784315 0.37254901960784315 1 0.37254901960784315 0.37254901960784315 0.37254901960784315 1 0.37254901960784315 0.37254901960784315 0.37254901960784315 1</float_array>
                    <technique_common>
                        <accessor count="339" source="#colorarrayMesh12_2" stride="4">
                            <param name="R" type="float"/>
                            <param name="G" type="float"/>
                            <param name="B" type="float"/>
                            <param name="A" type="float"/>
                        </accessor>
                    </technique_common>
                </source>
                <vertices id="verticesMesh12_2">
                    <input semantic="POSITION" source="#pointsMesh12_2"/>
                </vertices>
                <polylist count="183" material="Material1">
                    <input offset="0" semantic="VERTEX" source="#verticesMesh12_2"/>
                    <input offset="1" semantic="TEXCOORD" source="#uvsMesh12_2" set="0"/>
                    <input offset="2" semantic="COLOR" source="#colorsMesh12_2" set="0"/>
                    <vcount>3 3 3 3 3 3 3 3 3 3 3 3 3 3 3 3 3 3 3 3 3 3 3 3 3 3 3 3 3 3 3 3 3 3 3 3 3 3 3 3 3 3 3 3 3 3 3 3 3 3 3 3 3 3 3 3 3 3 3 3 3 3 3 3 3 3 3 3 3 3 3 3 3 3 3 3 3 3 3 3 3 3 3 3 3 3 3 3 3 3 3 3 3 3 3 3 3 3 3 3 3 3 3 3 3 3 3 3 3 3 3 3 3 3 3 3 3 3 3 3 3 3 3 3 3 3 3 3 3 3 3 3 3 3 3 3 3 3 3 3 3 3 3 3 3 3 3 3 3 3 3 3 3 3 3 3 3 3 3 3 3 3 3 3 3 3 3 3 3 3 3 3 3 3 3 3 3 3 3 3 3 3 3</vcount>
                    <p>0 0 0 1 1 1 2 2 2 3 3 3 4 4 4 5 5 5 3 3 3 6 6 6 4 4 4 7 7 7 8 8 8 9 9 9 7 7 7 10 10 10 8 8 8 11 11 11 12 12 12 13 13 13 11 11 11 13 13 13 14 14 14 15 15 15 16 16 16 17 17 17 0 0 0 18 18 18 1 1 1 19 19 19 20 20 20 21 21 21 19 19 19 21 21 21 22 22 22 23 23 23 24 24 24 25 25 25 23 23 23 25 25 25 26 26 26 15 15 15 27 27 27 16 16 16 28 28 28 29 29 29 30 30 30 31 31 31 32 32 32 33 33 33 31 31 31 34 34 34 32 32 32 35 35 35 36 36 36 37 37 37 35 35 35 38 38 38 36 36 36 39 39 39 40 40 40 41 41 41 39 39 39 41 41 41 42 42 42 43 43 43 44 44 44 45 45 45 28 28 28 46 46 46 29 29 29 47 47 47 48 48 48 49 49 49 47 47 47 49 49 49 50 50 50 51 51 51 52 52 52 53 53 53 51 51 51 54 54 54 52 52 52 43 43 43 45 45 45 55 55 55 56 56 56 57 57 57 58 58 58 59 59 59 60 60 60 61 61 61 59 59 59 62 62 62 60 60 60 63 63 63 64 64 64 65 65 65 63 63 63 66 66 66 64 64 64 67 67 67 68 68 68 69 69 69 67 67 67 70 70 70 68 68 68 71 71 71 72 72 72 73 73 73 56 56 56 58 58 58 74 74 74 75 75 75 76 76 76 77 77 77 75 75 75 78 78 78 76 76 76 79 79 79 80 80 80 81 81 81 79 79 79 81 81 81 82 82 82 71 71 71 73 73 73 83 83 83 84 84 84 85 85 85 86 86 86 87 87 87 88 88 88 89 89 89 87 87 87 90 90 90 88 88 88 91 91 91 92 92 92 93 93 93 91 91 91 94 94 94 92 92 92 95 95 95 96 96 96 97 97 97 95 95 95 98 98 98 96 96 96 99 99 99 100 100 100 101 101 101 84 84 84 86 86 86 102 102 102 103 103 103 104 104 104 105 105 105 103 103 103 105 105 105 106 106 106 107 107 107 108 108 108 109 109 109 107 107 107 110 110 110 108 108 108 99 99 99 111 111 111 100 100 100 112 112 112 113 113 113 114 114 114 115 115 115 116 116 116 117 117 117 115 115 115 118 118 118 116 116 116 119 119 119 120 120 120 121 121 121 119 119 119 122 122 122 120 120 120 123 123 123 124 124 124 125 125 125 123 123 123 125 125 125 126 126 126 127 127 127 128 128 128 129 129 129 112 112 112 114 114 114 130 130 130 131 131 131 132 132 132 133 133 133 131 131 131 133 133 133 134 134 134 135 135 135 136 136 136 137 137 137 135 135 135 138 138 138 136 136 136 127 127 127 129 129 129 139 139 139 140 140 140 141 141 141 142 142 142 140 140 140 142 142 142 143 143 143 144 144 144 145 145 145 146 146 146 144 144 144 147 147 147 145 145 145 148 148 148 149 149 149 150 150 150 148 148 148 151 151 151 149 149 149 152 152 152 153 153 153 154 154 154 155 155 155 156 156 156 157 157 157 155 155 155 157 157 157 158 158 158 159 159 159 160 160 160 161 161 161 159 159 159 161 161 161 162 162 162 163 163 163 164 164 164 165 165 165 163 163 163 166 166 166 164 164 164 167 167 167 168 168 168 169 169 169 152 152 152 154 154 154 170 170 170 171 171 171 172 172 172 173 173 173 171 171 171 173 173 173 174 174 174 175 175 175 176 176 176 177 177 177 175 175 175 177 177 177 178 178 178 167 167 167 179 179 179 168 168 168 180 180 180 181 181 181 182 182 182 183 183 183 184 184 184 185 185 185 183 183 183 186 186 186 187 187 187 183 183 183 187 187 187 184 184 184 188 188 188 189 189 189 190 190 190 188 188 188 190 190 190 191 191 191 180 180 180 192 192 192 181 181 181 193 193 193 194 194 194 195 195 195 196 196 196 197 197 197 198 198 198 196 196 196 199 199 199 197 197 197 200 200 200 201 201 201 202 202 202 200 200 200 202 202 202 203 203 203 204 204 204 205 205 205 206 206 206 204 204 204 207 207 207 205 205 205 208 208 208 209 209 209 210 210 210 193 193 193 211 211 211 194 194 194 212 212 212 213 213 213 214 214 214 212 212 212 214 214 214 215 215 215 216 216 216 217 217 217 218 218 218 216 216 216 218 218 218 219 219 219 208 208 208 220 220 220 209 209 209 221 221 221 222 222 222 223 223 223 224 224 224 225 225 225 226 226 226 224 224 224 226 226 226 227 227 227 228 228 228 229 229 229 230 230 230 228 228 228 230 230 230 231 231 231 232 232 232 233 233 233 234 234 234 232 232 232 235 235 235 233 233 233 236 236 236 237 237 237 238 238 238 221 221 221 223 223 223 239 239 239 240 240 240 241 241 241 242 242 242 240 240 240 242 242 242 243 243 243 244 244 244 245 245 245 246 246 246 244 244 244 247 247 247 245 245 245 236 236 236 248 248 248 237 237 237 249 249 249 250 250 250 251 251 251 252 252 252 253 253 253 254 254 254 252 252 252 254 254 254 255 255 255 256 256 256 257 257 257 258 258 258 256 256 256 258 258 258 259 259 259 260 260 260 261 261 261 262 262 262 260 260 260 263 263 263 261 261 261 264 264 264 265 265 265 266 266 266 249 249 249 251 251 251 267 267 267 268 268 268 269 269 269 270 270 270 268 268 268 271 271 271 269 269 269 272 272 272 273 273 273 274 274 274 272 272 272 275 275 275 273 273 273 264 264 264 266 266 266 276 276 276 277 277 277 278 278 278 279 279 279 280 280 280 281 281 281 282 282 282 280 280 280 282 282 282 283 283 283 284 284 284 285 285 285 286 286 286 284 284 284 287 287 287 285 285 285 288 288 288 289 289 289 290 290 290 288 288 288 290 290 290 291 291 291 292 292 292 293 293 293 294 294 294 277 277 277 279 279 279 295 295 295 296 296 296 297 297 297 298 298 298 296 296 296 298 298 298 299 299 299 300 300 300 301 301 301 302 302 302 300 300 300 303 303 303 301 301 301 293 293 293 304 304 304 294 294 294 292 292 292 305 305 305 293 293 293 293 293 293 306 306 306 304 304 304 307 307 307 305 305 305 292 292 292 307 307 307 292 292 292 308 308 308 308 308 308 309 309 309 307 307 307 308 308 308 310 310 310 309 309 309 310 310 310 311 311 311 312 312 312 310 310 310 312 312 312 309 309 309 311 311 311 313 313 313 314 314 314 311 311 311 314 314 314 312 312 312 315 315 315 316 316 316 317 317 317 313 313 313 318 318 318 319 319 319 313 313 313 319 319 319 314 314 314 320 320 320 321 321 321 322 322 322 320 320 320 323 323 323 321 321 321 320 320 320 324 324 324 325 325 325 320 320 320 325 325 325 323 323 323 317 317 317 322 322 322 321 321 321 317 317 317 321 321 321 315 315 315 326 326 326 327 327 327 328 328 328 315 315 315 329 329 329 316 316 316 329 329 329 330 330 330 316 316 316 329 329 329 331 331 331 330 330 330 331 331 331 332 332 332 330 330 330 332 332 332 333 333 333 330 330 330 332 332 332 334 334 334 333 333 333 334 334 334 335 335 335 333 333 333 326 326 326 336 336 336 327 327 327 336 336 336 337 337 337 338 338 338 336 336 336 338 338 338 327 327 327</p>
                </polylist>
            </mesh>
        </geometry>
        <geometry id="meshMesh13_1">
            <mesh>
                <source id="pointsMesh13_1">
                    <float_array id="pointarrayMesh13_1" count="18">-451 410 -716 -1595 410 -716 -1330 410 -1595 -1902 410 -1023 -716 410 -1595 -144 410 -1023</float_array>
                    <technique_common>
                        <accessor count="6" source="#pointarrayMesh13_1" stride="3">
                            <param name="X" type="float"/>
                            <param name="Y" type="float"/>
                            <param name="Z" type="float"/>
                        </accessor>
                    </technique_common>
                </source>
                <source id="uvsMesh13_1">
                    <float_array id="uvarrayMesh13_1" count="12">2.416015625 3.3203125 2.416015625 -2.25390625 6.40234375 -0.962890625 3.80859375 -3.75 6.40234375 2.029296875 3.80859375 4.81640625</float_array>
                    <technique_common>
                        <accessor count="6" source="#uvarrayMesh13_1" stride="2">
                            <param name="S" type="float"/>
                            <param name="T" type="float"/>
                        </accessor>
                    </technique_common>
                </source>
                <vertices id="verticesMesh13_1">
                    <input semantic="POSITION" source="#pointsMesh13_1"/>
                </vertices>
                <polylist count="4" material="Material1">
                    <input offset="0" semantic="VERTEX" source="#verticesMesh13_1"/>
                    <input offset="1" semantic="TEXCOORD" source="#uvsMesh13_1" set="0"/>
                    <vcount>3 3 3 3</vcount>
                    <p>0 0 1 1 2 2 1 1 3 3 2 2 0 0 2 2 4 4 0 0 4 4 5 5</p>
                </polylist>
            </mesh>
        </geometry>
        <geometry id="meshMesh13_2">
            <mesh>
                <source id="pointsMesh13_2">
                    <float_array id="pointarrayMesh13_2" count="18">-451 410 -716 -1595 410 -716 -1330 410 -1595 -1902 410 -1023 -716 410 -1595 -144 410 -1023</float_array>
                    <technique_common>
                        <accessor count="6" source="#pointarrayMesh13_2" stride="3">
                            <param name="X" type="float"/>
                            <param name="Y" type="float"/>
                            <param name="Z" type="float"/>
                        </accessor>
                    </technique_common>
                </source>
                <source id="uvsMesh13_2">
                    <float_array id="uvarrayMesh13_2" count="12">2.416015625 3.3203125 2.416015625 -2.25390625 6.40234375 -0.962890625 3.80859375 -3.75 6.40234375 2.029296875 3.80859375 4.81640625</float_array>
                    <technique_common>
                        <accessor count="6" source="#uvarrayMesh13_2" stride="2">
                            <param name="S" type="float"/>
                            <param name="T" type="float"/>
                        </accessor>
                    </technique_common>
                </source>
                <source id="colorsMesh13_2">
                    <float_array id="colorarrayMesh13_2" count="24">0.37254901960784315 0.37254901960784315 0.37254901960784315 1 0.37254901960784315 0.37254901960784315 0.37254901960784315 1 0.37254901960784315 0.37254901960784315 0.37254901960784315 1 0.37254901960784315 0.37254901960784315 0.37254901960784315 1 0.37254901960784315 0.37254901960784315 0.37254901960784315 1 0.37254901960784315 0.37254901960784315 0.37254901960784315 1</float_array>
                    <technique_common>
                        <accessor count="6" source="#colorarrayMesh13_2" stride="4">
                            <param name="R" type="float"/>
                            <param name="G" type="float"/>
                            <param name="B" type="float"/>
                            <param name="A" type="float"/>
                        </accessor>
                    </technique_common>
                </source>
                <vertices id="verticesMesh13_2">
                    <input semantic="POSITION" source="#pointsMesh13_2"/>
                </vertices>
                <polylist count="4" material="Material1">
                    <input offset="0" semantic="VERTEX" source="#verticesMesh13_2"/>
                    <input offset="1" semantic="TEXCOORD" source="#uvsMesh13_2" set="0"/>
                    <input offset="2" semantic="COLOR" source="#colorsMesh13_2" set="0"/>
                    <vcount>3 3 3 3</vcount>
                    <p>0 0 0 1 1 1 2 2 2 1 1 1 3 3 3 2 2 2 0 0 0 2 2 2 4 4 4 0 0 0 4 4 4 5 5 5</p>
                </polylist>
            </mesh>
        </geometry>
        <geometry id="meshMesh14_1">
            <mesh>
                <source id="pointsMesh14_1">
                    <float_array id="pointarrayMesh14_1" count="90">-1210 0 -1027 -1602 0 -1323 -1595 0 -716 -1902 0 -1023 -1279 0 -716 -767 0 -716 -451 0 -716 -836 0 -1027 -144 0 -1023 -444 0 -1323 -1685 0 -806 -1794 0 -914 -1830 0 -878 -1721 0 -770 -460 -1074 922 -1586 -1074 1536 -460 -1074 1536 -325 0 -770 -216 0 -878 -252 0 -914 -361 0 -806 -1177 -1074 922 -869 -1074 922 -869 -1074 870 -1177 -1074 870 -1330 -1074 358 -716 -1074 870 -716 -1074 358 -1330 -1074 870 -1586 -1074 922</float_array>
                    <technique_common>
                        <accessor count="30" source="#pointarrayMesh14_1" stride="3">
                            <param name="X" type="float"/>
                            <param name="Y" type="float"/>
                            <param name="Z" type="float"/>
                        </accessor>
                    </technique_common>
                </source>
                <source id="uvsMesh14_1">
                    <float_array id="uvarrayMesh14_1" count="60">2.126953125 -0.482421875 4.037109375 -1.927734375 4.00390625 1 5.5 -0.462890625 2.462890625 1 0 1 -1.568359375 1 0.3046875 -0.482421875 -3.06640625 -0.462890625 -1.6015625 -1.927734375 4.44140625 0.591796875 4.970703125 0.0625 5.1484375 0.240234375 4.619140625 0.76953125 2.712890625 1.28125 -2.7734375 -1.7109375 2.712890625 -1.7109375 -2.18359375 0.76953125 -2.712890625 0.240234375 -2.537109375 0.0625 -2.0078125 0.591796875 2.21484375 1.28125 0.716796875 1.28125 0.716796875 1 2.21484375 1 2.962890625 -1.462890625 0 1 0 -1.462890625 2.962890625 1 -2.7734375 1.28125</float_array>
                    <technique_common>
                        <accessor count="30" source="#uvarrayMesh14_1" stride="2">
                            <param name="S" type="float"/>
                            <param name="T" type="float"/>
                        </accessor>
                    </technique_common>
                </source>
                <vertices id="verticesMesh14_1">
                    <input semantic="POSITION" source="#pointsMesh14_1"/>
                </vertices>
                <polylist count="16" material="Material1">
                    <input offset="0" semantic="VERTEX" source="#verticesMesh14_1"/>
                    <input offset="1" semantic="TEXCOORD" source="#uvsMesh14_1" set="0"/>
                    <vcount>3 3 3 3 3 3 3 3 3 3 3 3 3 3 3 3</vcount>
                    <p>0 0 1 1 2 2 1 1 3 3 2 2 0 0 2 2 4 4 5 5 6 6 7 7 6 6 8 8 9 9 6 6 9 9 7 7 10 10 11 11 12 12 10 10 12 12 13 13 14 14 15 15 16 16 17 17 18 18 19 19 17 17 19 19 20 20 21 21 22 22 23 23 21 21 23 23 24 24 25 25 26 26 27 27 25 25 28 28 26 26 14 14 29 29 15 15</p>
                </polylist>
            </mesh>
        </geometry>
        <geometry id="meshMesh14_2">
            <mesh>
                <source id="pointsMesh14_2">
                    <float_array id="pointarrayMesh14_2" count="90">-1210 0 -1027 -1602 0 -1323 -1595 0 -716 -1902 0 -1023 -1279 0 -716 -767 0 -716 -451 0 -716 -836 0 -1027 -144 0 -1023 -444 0 -1323 -1685 0 -806 -1794 0 -914 -1830 0 -878 -1721 0 -770 -460 -1074 922 -1586 -1074 1536 -460 -1074 1536 -325 0 -770 -216 0 -878 -252 0 -914 -361 0 -806 -1177 -1074 922 -869 -1074 922 -869 -1074 870 -1177 -1074 870 -1330 -1074 358 -716 -1074 870 -716 -1074 358 -1330 -1074 870 -1586 -1074 922</float_array>
                    <technique_common>
                        <accessor count="30" source="#pointarrayMesh14_2" stride="3">
                            <param name="X" type="float"/>
                            <param name="Y" type="float"/>
                            <param name="Z" type="float"/>
                        </accessor>
                    </technique_common>
                </source>
                <source id="uvsMesh14_2">
                    <float_array id="uvarrayMesh14_2" count="60">2.126953125 -0.482421875 4.037109375 -1.927734375 4.00390625 1 5.5 -0.462890625 2.462890625 1 0 1 -1.568359375 1 0.3046875 -0.482421875 -3.06640625 -0.462890625 -1.6015625 -1.927734375 4.44140625 0.591796875 4.970703125 0.0625 5.1484375 0.240234375 4.619140625 0.76953125 2.712890625 1.28125 -2.7734375 -1.7109375 2.712890625 -1.7109375 -2.18359375 0.76953125 -2.712890625 0.240234375 -2.537109375 0.0625 -2.0078125 0.591796875 2.21484375 1.28125 0.716796875 1.28125 0.716796875 1 2.21484375 1 2.962890625 -1.462890625 0 1 0 -1.462890625 2.962890625 1 -2.7734375 1.28125</float_array>
                    <technique_common>
                        <accessor count="30" source="#uvarrayMesh14_2" stride="2">
                            <param name="S" type="float"/>
                            <param name="T" type="float"/>
                        </accessor>
                    </technique_common>
                </source>
                <source id="colorsMesh14_2">
                    <float_array id="colorarrayMesh14_2" count="120">0.37254901960784315 0.37254901960784315 0.37254901960784315 1 0.37254901960784315 0.37254901960784315 0.37254901960784315 1 0.37254901960784315 0.37254901960784315 0.37254901960784315 1 0.37254901960784315 0.37254901960784315 0.37254901960784315 1 0.37254901960784315 0.37254901960784315 0.37254901960784315 1 0.37254901960784315 0.37254901960784315 0.37254901960784315 1 0.37254901960784315 0.37254901960784315 0.37254901960784315 1 0.37254901960784315 0.37254901960784315 0.37254901960784315 1 0.37254901960784315 0.37254901960784315 0.37254901960784315 1 0.37254901960784315 0.37254901960784315 0.37254901960784315 1 0.37254901960784315 0.37254901960784315 0.37254901960784315 1 0.37254901960784315 0.37254901960784315 0.37254901960784315 1 0.37254901960784315 0.37254901960784315 0.37254901960784315 1 0.37254901960784315 0.37254901960784315 0.37254901960784315 1 0.37254901960784315 0.37254901960784315 0.37254901960784315 1 0.37254901960784315 0.37254901960784315 0.37254901960784315 1 0.37254901960784315 0.37254901960784315 0.37254901960784315 1 0.37254901960784315 0.37254901960784315 0.37254901960784315 1 0.37254901960784315 0.37254901960784315 0.37254901960784315 1 0.37254901960784315 0.37254901960784315 0.37254901960784315 1 0.37254901960784315 0.37254901960784315 0.37254901960784315 1 0.37254901960784315 0.37254901960784315 0.37254901960784315 1 0.37254901960784315 0.37254901960784315 0.37254901960784315 1 0.37254901960784315 0.37254901960784315 0.37254901960784315 1 0.37254901960784315 0.37254901960784315 0.37254901960784315 1 0.37254901960784315 0.37254901960784315 0.37254901960784315 1 0.37254901960784315 0.37254901960784315 0.37254901960784315 1 0.37254901960784315 0.37254901960784315 0.37254901960784315 1 0.37254901960784315 0.37254901960784315 0.37254901960784315 1 0.37254901960784315 0.37254901960784315 0.37254901960784315 1</float_array>
                    <technique_common>
                        <accessor count="30" source="#colorarrayMesh14_2" stride="4">
                            <param name="R" type="float"/>
                            <param name="G" type="float"/>
                            <param name="B" type="float"/>
                            <param name="A" type="float"/>
                        </accessor>
                    </technique_common>
                </source>
                <vertices id="verticesMesh14_2">
                    <input semantic="POSITION" source="#pointsMesh14_2"/>
                </vertices>
                <polylist count="16" material="Material1">
                    <input offset="0" semantic="VERTEX" source="#verticesMesh14_2"/>
                    <input offset="1" semantic="TEXCOORD" source="#uvsMesh14_2" set="0"/>
                    <input offset="2" semantic="COLOR" source="#colorsMesh14_2" set="0"/>
                    <vcount>3 3 3 3 3 3 3 3 3 3 3 3 3 3 3 3</vcount>
                    <p>0 0 0 1 1 1 2 2 2 1 1 1 3 3 3 2 2 2 0 0 0 2 2 2 4 4 4 5 5 5 6 6 6 7 7 7 6 6 6 8 8 8 9 9 9 6 6 6 9 9 9 7 7 7 10 10 10 11 11 11 12 12 12 10 10 10 12 12 12 13 13 13 14 14 14 15 15 15 16 16 16 17 17 17 18 18 18 19 19 19 17 17 17 19 19 19 20 20 20 21 21 21 22 22 22 23 23 23 21 21 21 23 23 23 24 24 24 25 25 25 26 26 26 27 27 27 25 25 25 28 28 28 26 26 26 14 14 14 29 29 29 15 15 15</p>
                </polylist>
            </mesh>
        </geometry>
        <geometry id="meshMesh15_1">
            <mesh>
                <source id="pointsMesh15_1">
                    <float_array id="pointarrayMesh15_1" count="534">-1199 -50 -1077 -1199 -25 -1077 -1210 -25 -1027 -767 -383 -716 -836 -25 -1027 -869 -101 -1177 -767 0 -716 -869 -127 -1177 -847 -25 -1077 -847 -50 -1077 -836 0 -1027 -1177 -127 -1177 -1177 -101 -1177 -1279 -383 -716 -1279 0 -716 -1210 0 -1027 -858 -50 -1127 -858 -76 -1127 -869 -76 -1177 -1177 -76 -1177 -1188 -76 -1127 -1188 -50 -1127 -946 154 -5119 -1100 154 -5170 -946 154 -5170 -1100 154 -5119 -1100 -101 -5119 -1100 -101 -5170 -946 -101 -5119 -946 -101 -5170 -1100 154 -5119 -946 154 -5119 -818 410 -5119 -716 307 -5119 -716 -101 -5119 -946 -101 -5119 -1228 410 -5119 -1330 307 -5119 -1330 -101 -5119 -1100 -101 -5119 -1279 410 -716 -1279 0 -716 -1330 0 -767 -1330 410 -767 -1381 0 -767 -1381 410 -767 -1902 -76 -1023 -1330 -76 -1595 -1902 410 -1023 -1330 410 -1595 -144 410 -1023 -716 -76 -1595 -144 -76 -1023 -716 410 -1595 -1433 0 -716 -1433 410 -716 -1279 256 -716 -1228 307 -716 -767 410 -716 -818 307 -716 -767 256 -716 -1279 219 -665 -1279 -383 -716 -1279 256 -716 -1279 -420 -665 -1330 132 -613 -1330 -456 -613 -613 410 -716 -613 0 -716 -665 0 -767 -1595 0 -716 -1595 410 -716 -1330 -562 358 -1330 -1074 358 -451 410 -716 -451 0 -716 -716 307 -1595 -818 410 -1595 -665 410 -767 -716 -456 -613 -716 -562 358 -716 132 -613 -716 -1074 358 -1228 410 -1595 -1330 307 -1595 -252 256 -914 -361 256 -806 -1685 0 -806 -1685 256 -806 -1794 256 -914 -1902 410 -1023 -1902 0 -1023 -1794 0 -914 -361 0 -806 -1721 256 -770 -1830 256 -878 -1794 256 -914 -144 410 -1023 -144 0 -1023 -252 0 -914 -1794 0 -914 -1830 0 -878 -1685 256 -806 -252 0 -914 -216 0 -878 -216 256 -878 -1685 0 -806 -1721 0 -770 -325 256 -770 -361 0 -806 -361 256 -806 -325 0 -770 -252 256 -914 -869 -818 870 -869 -1074 870 -869 -1074 922 -1177 -818 870 -869 -818 922 -1177 -818 922 -1177 -1074 922 -1177 -1074 870 -716 -1074 870 -818 -460 870 -716 -562 870 -869 -818 870 -869 -1074 870 -1177 -818 870 -1228 -460 870 -1330 -1074 870 -1177 -1074 870 -1330 -562 870 -716 -1074 870 -716 -562 870 -716 -562 358 -716 -1074 358 -1330 -562 358 -1330 -562 870 -1330 -1074 870 -818 -460 870 -818 -460 358 -818 -460 358 -1228 -460 870 -1228 -460 358 -818 -460 870 -1228 -460 358 -1228 -460 870 -716 -101 -5119 -716 307 -1595 -716 307 -5119 -1330 -1074 358 -716 205 -716 -818 -460 358 -818 307 -716 -716 -562 358 -1228 -460 358 -1228 307 -716 -1330 -562 358 -1330 205 -716 -716 -101 -1595 -818 410 -1595 -818 410 -5119 -818 410 -5119 -818 410 -1595 -1228 410 -1595 -1228 410 -5119 -1228 410 -5119 -1228 410 -1595 -1330 307 -1595 -1330 307 -5119 -1330 -101 -1595 -1330 -101 -5119 -716 410 -767 -716 0 -767 -767 0 -716 -767 219 -665 -767 -420 -665 -767 256 -716 -767 -383 -716</float_array>
                    <technique_common>
                        <accessor count="178" source="#pointarrayMesh15_1" stride="3">
                            <param name="X" type="float"/>
                            <param name="Y" type="float"/>
                            <param name="Z" type="float"/>
                        </accessor>
                    </technique_common>
                </source>
                <source id="uvsMesh15_1">
                    <float_array id="uvarrayMesh15_1" count="356">8.974609375 4.025390625 8.974609375 4.275390625 8.48828125 4.275390625 5.45703125 0.78125 8.48828125 4.275390625 9.94921875 3.52734375 5.458984375 4.525390625 9.94921875 3.27734375 8.974609375 4.275390625 8.974609375 4.025390625 8.48828125 4.525390625 9.94921875 3.27734375 9.94921875 3.52734375 5.45703125 0.78125 5.458984375 4.525390625 8.48828125 4.525390625 9.462890625 4.025390625 9.462890625 3.775390625 9.94921875 3.775390625 9.94921875 3.775390625 9.462890625 3.775390625 9.462890625 4.025390625 0 1 0.46875 1 0.46875 1 0 1 0 -1.462890625 0.46875 -1.462890625 0 -1.462890625 0.46875 -1.462890625 2.21484375 2.52734375 3.7109375 2.52734375 4.958984375 5.0234375 5.95703125 4.025390625 5.95703125 0.033203125 3.7109375 0.033203125 0.966796875 5.0234375 0 4.025390625 0 0.033203125 2.21484375 0.033203125 11.033203125 1 11.033203125 -2.958984375 11.53125 -2.958984375 11.53125 1 12.03125 -2.958984375 12.03125 1 -7.1875 -2.708984375 -1.611328125 -2.708984375 -7.1875 2.029296875 -1.611328125 2.029296875 9.94921875 2.029296875 4.375 -2.708984375 9.94921875 -2.708984375 4.375 2.029296875 12.529296875 -2.958984375 12.529296875 1 11.033203125 -0.46484375 10.533203125 0.033203125 6.04296875 1 6.541015625 0.033203125 6.04296875 -0.46484375 4.958984375 6.6640625 5.458984375 0.78125 5.458984375 7.01953125 4.958984375 0.42578125 4.4609375 5.80859375 4.4609375 0.068359375 4.544921875 1 4.544921875 -2.958984375 5.044921875 -2.958984375 14.11328125 -2.958984375 14.11328125 1 -5.01953125 -0.962890625 -5.01953125 -5.953125 2.962890625 1 2.962890625 -2.958984375 4.375 1 3.376953125 2.029296875 5.044921875 1 4.4609375 0.068359375 -5.01953125 -0.962890625 4.4609375 5.80859375 -5.01953125 -5.953125 -0.61328125 2.029296875 -1.611328125 1 1.02734375 -0.46484375 2.0859375 -0.46484375 14.990234375 -2.958984375 14.990234375 -0.46484375 16.048828125 -0.46484375 17.107421875 1 17.107421875 -2.958984375 16.048828125 -2.958984375 2.0859375 -2.958984375 0 2.52734375 0 2.52734375 0.46875 2.52734375 0 1 0 -2.958984375 1.02734375 -2.958984375 0.46875 0.033203125 0 0.033203125 0.46875 2.52734375 0.46875 0.033203125 0.966796875 0.033203125 0.966796875 2.529296875 0.46875 0.033203125 0 0.033203125 0.966796875 2.529296875 0.466796875 0.033203125 0.46875 2.529296875 0.966796875 0.033203125 0.46875 2.529296875 0.966796875 2.52734375 0.966796875 0.033203125 0.466796875 0.033203125 0.966796875 2.52734375 0.466796875 2.52734375 0.466796875 2.52734375 0.466796875 0.033203125 0.966796875 0.033203125 -2.025390625 -4.955078125 -1.02734375 1 -2.025390625 0.033203125 -0.529296875 -2.458984375 -0.529296875 -4.955078125 2.46484375 -2.458984375 2.962890625 1 3.9609375 -4.955078125 2.46484375 -4.955078125 3.9609375 0.033203125 3.9609375 -1.9609375 3.9609375 3.02734375 -1.02734375 3.02734375 -1.02734375 -1.9609375 -1.02734375 3.02734375 3.9609375 3.02734375 3.9609375 -1.9609375 3.9609375 4.025390625 -1.02734375 4.025390625 0 1 3.9609375 -3.95703125 3.9609375 1 0 -3.95703125 -1.02734375 4.025390625 3.9609375 4.025390625 -16.99609375 0.033203125 17.349609375 4.025390625 -16.99609375 4.025390625 -1.02734375 -1.9609375 -1.02734375 3.52734375 0 -2.958984375 0 4.525390625 -1.02734375 -3.95703125 3.9609375 -2.958984375 3.9609375 4.525390625 4.958984375 -3.95703125 4.958984375 3.52734375 17.349609375 0.033203125 17.349609375 5.0234375 -16.99609375 5.0234375 -17.994140625 0.033203125 16.3515625 0.033203125 16.3515625 2.029296875 -17.994140625 2.029296875 -16.99609375 5.0234375 17.349609375 5.0234375 17.349609375 4.025390625 -16.99609375 4.025390625 17.349609375 0.033203125 -16.99609375 0.033203125 5.54296875 1 5.54296875 -2.958984375 6.04296875 -2.958984375 4.958984375 6.6640625 4.958984375 0.42578125 5.458984375 7.01953125 5.458984375 0.78125</float_array>
                    <technique_common>
                        <accessor count="178" source="#uvarrayMesh15_1" stride="2">
                            <param name="S" type="float"/>
                            <param name="T" type="float"/>
                        </accessor>
                    </technique_common>
                </source>
                <vertices id="verticesMesh15_1">
                    <input semantic="POSITION" source="#pointsMesh15_1"/>
                </vertices>
                <polylist count="132" material="Material1">
                    <input offset="0" semantic="VERTEX" source="#verticesMesh15_1"/>
                    <input offset="1" semantic="TEXCOORD" source="#uvsMesh15_1" set="0"/>
                    <vcount>3 3 3 3 3 3 3 3 3 3 3 3 3 3 3 3 3 3 3 3 3 3 3 3 3 3 3 3 3 3 3 3 3 3 3 3 3 3 3 3 3 3 3 3 3 3 3 3 3 3 3 3 3 3 3 3 3 3 3 3 3 3 3 3 3 3 3 3 3 3 3 3 3 3 3 3 3 3 3 3 3 3 3 3 3 3 3 3 3 3 3 3 3 3 3 3 3 3 3 3 3 3 3 3 3 3 3 3 3 3 3 3 3 3 3 3 3 3 3 3 3 3 3 3 3 3 3 3 3 3 3 3</vcount>
                    <p>0 0 1 1 2 2 3 3 4 4 5 5 3 3 6 6 4 4 3 3 5 5 7 7 4 4 8 8 9 9 6 6 10 10 4 4 11 11 12 12 2 2 11 11 2 2 13 13 2 2 14 14 13 13 2 2 15 15 14 14 9 9 16 16 17 17 17 17 18 18 5 5 12 12 19 19 20 20 20 20 21 21 0 0 22 22 23 23 24 24 22 22 25 25 23 23 25 25 26 26 27 27 25 25 27 27 23 23 24 24 28 28 22 22 24 24 29 29 28 28 29 29 27 27 26 26 29 29 26 26 28 28 30 30 31 31 32 32 31 31 33 33 32 32 31 31 34 34 33 33 31 31 35 35 34 34 30 30 32 32 36 36 30 30 36 36 37 37 30 30 37 37 38 38 39 39 30 30 38 38 40 40 41 41 42 42 40 40 42 42 43 43 43 43 42 42 44 44 43 43 44 44 45 45 46 46 47 47 48 48 47 47 49 49 48 48 50 50 51 51 52 52 50 50 53 53 51 51 45 45 44 44 54 54 45 45 54 54 55 55 56 56 40 40 57 57 58 58 57 57 40 40 58 58 59 59 57 57 59 59 58 58 60 60 61 61 62 62 63 63 61 61 64 64 62 62 65 65 66 66 64 64 65 65 64 64 61 61 67 67 68 68 69 69 54 54 70 70 71 71 54 54 71 71 55 55 65 65 72 72 66 66 72 72 73 73 66 66 74 74 75 75 68 68 67 67 74 74 68 68 76 76 53 53 77 77 67 67 69 69 78 78 79 79 80 80 81 81 79 79 82 82 80 80 83 83 49 49 84 84 85 85 86 86 74 74 70 70 87 87 88 88 71 71 70 70 88 88 71 71 88 88 89 89 90 90 71 71 89 89 90 90 89 89 91 91 89 89 92 92 91 91 86 86 93 93 75 75 86 86 75 75 74 74 94 94 95 95 96 96 85 85 74 74 97 97 98 98 85 85 97 97 98 98 99 99 85 85 95 95 100 100 96 96 95 95 101 101 100 100 94 94 96 96 102 102 103 103 104 104 105 105 102 102 106 106 107 107 102 102 107 107 94 94 108 108 109 109 110 110 108 108 111 111 109 109 110 110 112 112 105 105 110 110 105 105 108 108 113 113 114 114 115 115 112 112 103 103 105 105 116 116 113 113 117 117 116 116 117 117 118 118 118 118 119 119 120 120 118 118 120 120 116 116 113 113 115 115 117 117 121 121 122 122 123 123 121 121 124 124 122 122 121 121 125 125 124 124 124 124 126 126 127 127 124 124 127 127 122 122 126 126 128 128 127 127 126 126 129 129 128 128 128 128 130 130 127 127 131 131 132 132 133 133 134 134 131 131 133 133 135 135 136 136 137 137 133 133 132 132 138 138 133 133 138 138 139 139 140 140 141 141 142 142 140 140 143 143 141 141 144 144 145 145 136 136 144 144 136 136 135 135 146 146 147 147 148 148 135 135 137 137 149 149 150 150 151 151 152 152 150 150 153 153 151 151 152 152 151 151 154 154 152 152 154 154 155 155 155 155 154 154 156 156 155 155 156 156 157 157 146 146 158 158 147 147 148 148 159 159 160 160 148 148 147 147 159 159 161 161 162 162 163 163 161 161 163 163 164 164 165 165 166 166 167 167 165 165 167 167 168 168 168 168 167 167 169 169 168 168 169 169 170 170 171 171 172 172 173 173 171 171 173 173 58 58 78 78 172 172 171 171 78 78 69 69 172 172 174 174 79 79 81 81 174 174 175 175 79 79 176 176 175 175 174 174 176 176 177 177 175 175</p>
                </polylist>
            </mesh>
        </geometry>
        <geometry id="meshMesh15_2">
            <mesh>
                <source id="pointsMesh15_2">
                    <float_array id="pointarrayMesh15_2" count="534">-1199 -50 -1077 -1199 -25 -1077 -1210 -25 -1027 -767 -383 -716 -836 -25 -1027 -869 -101 -1177 -767 0 -716 -869 -127 -1177 -847 -25 -1077 -847 -50 -1077 -836 0 -1027 -1177 -127 -1177 -1177 -101 -1177 -1279 -383 -716 -1279 0 -716 -1210 0 -1027 -858 -50 -1127 -858 -76 -1127 -869 -76 -1177 -1177 -76 -1177 -1188 -76 -1127 -1188 -50 -1127 -946 154 -5119 -1100 154 -5170 -946 154 -5170 -1100 154 -5119 -1100 -101 -5119 -1100 -101 -5170 -946 -101 -5119 -946 -101 -5170 -1100 154 -5119 -946 154 -5119 -818 410 -5119 -716 307 -5119 -716 -101 -5119 -946 -101 -5119 -1228 410 -5119 -1330 307 -5119 -1330 -101 -5119 -1100 -101 -5119 -1279 410 -716 -1279 0 -716 -1330 0 -767 -1330 410 -767 -1381 0 -767 -1381 410 -767 -1902 -76 -1023 -1330 -76 -1595 -1902 410 -1023 -1330 410 -1595 -144 410 -1023 -716 -76 -1595 -144 -76 -1023 -716 410 -1595 -1433 0 -716 -1433 410 -716 -1279 256 -716 -1228 307 -716 -767 410 -716 -818 307 -716 -767 256 -716 -1279 219 -665 -1279 -383 -716 -1279 256 -716 -1279 -420 -665 -1330 132 -613 -1330 -456 -613 -613 410 -716 -613 0 -716 -665 0 -767 -1595 0 -716 -1595 410 -716 -1330 -562 358 -1330 -1074 358 -451 410 -716 -451 0 -716 -716 307 -1595 -818 410 -1595 -665 410 -767 -716 -456 -613 -716 -562 358 -716 132 -613 -716 -1074 358 -1228 410 -1595 -1330 307 -1595 -252 256 -914 -361 256 -806 -1685 0 -806 -1685 256 -806 -1794 256 -914 -1902 410 -1023 -1902 0 -1023 -1794 0 -914 -361 0 -806 -1721 256 -770 -1830 256 -878 -1794 256 -914 -144 410 -1023 -144 0 -1023 -252 0 -914 -1794 0 -914 -1830 0 -878 -1685 256 -806 -252 0 -914 -216 0 -878 -216 256 -878 -1685 0 -806 -1721 0 -770 -325 256 -770 -361 0 -806 -361 256 -806 -325 0 -770 -252 256 -914 -869 -818 870 -869 -1074 870 -869 -1074 922 -1177 -818 870 -869 -818 922 -1177 -818 922 -1177 -1074 922 -1177 -1074 870 -716 -1074 870 -818 -460 870 -716 -562 870 -869 -818 870 -869 -1074 870 -1177 -818 870 -1228 -460 870 -1330 -1074 870 -1177 -1074 870 -1330 -562 870 -716 -1074 870 -716 -562 870 -716 -562 358 -716 -1074 358 -1330 -562 358 -1330 -562 870 -1330 -1074 870 -818 -460 870 -818 -460 358 -818 -460 358 -1228 -460 870 -1228 -460 358 -818 -460 870 -1228 -460 358 -1228 -460 870 -716 -101 -5119 -716 307 -1595 -716 307 -5119 -1330 -1074 358 -716 205 -716 -818 -460 358 -818 307 -716 -716 -562 358 -1228 -460 358 -1228 307 -716 -1330 -562 358 -1330 205 -716 -716 -101 -1595 -818 410 -1595 -818 410 -5119 -818 410 -5119 -818 410 -1595 -1228 410 -1595 -1228 410 -5119 -1228 410 -5119 -1228 410 -1595 -1330 307 -1595 -1330 307 -5119 -1330 -101 -1595 -1330 -101 -5119 -716 410 -767 -716 0 -767 -767 0 -716 -767 219 -665 -767 -420 -665 -767 256 -716 -767 -383 -716</float_array>
                    <technique_common>
                        <accessor count="178" source="#pointarrayMesh15_2" stride="3">
                            <param name="X" type="float"/>
                            <param name="Y" type="float"/>
                            <param name="Z" type="float"/>
                        </accessor>
                    </technique_common>
                </source>
                <source id="uvsMesh15_2">
                    <float_array id="uvarrayMesh15_2" count="356">8.974609375 4.025390625 8.974609375 4.275390625 8.48828125 4.275390625 5.45703125 0.78125 8.48828125 4.275390625 9.94921875 3.52734375 5.458984375 4.525390625 9.94921875 3.27734375 8.974609375 4.275390625 8.974609375 4.025390625 8.48828125 4.525390625 9.94921875 3.27734375 9.94921875 3.52734375 5.45703125 0.78125 5.458984375 4.525390625 8.48828125 4.525390625 9.462890625 4.025390625 9.462890625 3.775390625 9.94921875 3.775390625 9.94921875 3.775390625 9.462890625 3.775390625 9.462890625 4.025390625 0 1 0.46875 1 0.46875 1 0 1 0 -1.462890625 0.46875 -1.462890625 0 -1.462890625 0.46875 -1.462890625 2.21484375 2.52734375 3.7109375 2.52734375 4.958984375 5.0234375 5.95703125 4.025390625 5.95703125 0.033203125 3.7109375 0.033203125 0.966796875 5.0234375 0 4.025390625 0 0.033203125 2.21484375 0.033203125 11.033203125 1 11.033203125 -2.958984375 11.53125 -2.958984375 11.53125 1 12.03125 -2.958984375 12.03125 1 -7.1875 -2.708984375 -1.611328125 -2.708984375 -7.1875 2.029296875 -1.611328125 2.029296875 9.94921875 2.029296875 4.375 -2.708984375 9.94921875 -2.708984375 4.375 2.029296875 12.529296875 -2.958984375 12.529296875 1 11.033203125 -0.46484375 10.533203125 0.033203125 6.04296875 1 6.541015625 0.033203125 6.04296875 -0.46484375 4.958984375 6.6640625 5.458984375 0.78125 5.458984375 7.01953125 4.958984375 0.42578125 4.4609375 5.80859375 4.4609375 0.068359375 4.544921875 1 4.544921875 -2.958984375 5.044921875 -2.958984375 14.11328125 -2.958984375 14.11328125 1 -5.01953125 -0.962890625 -5.01953125 -5.953125 2.962890625 1 2.962890625 -2.958984375 4.375 1 3.376953125 2.029296875 5.044921875 1 4.4609375 0.068359375 -5.01953125 -0.962890625 4.4609375 5.80859375 -5.01953125 -5.953125 -0.61328125 2.029296875 -1.611328125 1 1.02734375 -0.46484375 2.0859375 -0.46484375 14.990234375 -2.958984375 14.990234375 -0.46484375 16.048828125 -0.46484375 17.107421875 1 17.107421875 -2.958984375 16.048828125 -2.958984375 2.0859375 -2.958984375 0 2.52734375 0 2.52734375 0.46875 2.52734375 0 1 0 -2.958984375 1.02734375 -2.958984375 0.46875 0.033203125 0 0.033203125 0.46875 2.52734375 0.46875 0.033203125 0.966796875 0.033203125 0.966796875 2.529296875 0.46875 0.033203125 0 0.033203125 0.966796875 2.529296875 0.466796875 0.033203125 0.46875 2.529296875 0.966796875 0.033203125 0.46875 2.529296875 0.966796875 2.52734375 0.966796875 0.033203125 0.466796875 0.033203125 0.966796875 2.52734375 0.466796875 2.52734375 0.466796875 2.52734375 0.466796875 0.033203125 0.966796875 0.033203125 -2.025390625 -4.955078125 -1.02734375 1 -2.025390625 0.033203125 -0.529296875 -2.458984375 -0.529296875 -4.955078125 2.46484375 -2.458984375 2.962890625 1 3.9609375 -4.955078125 2.46484375 -4.955078125 3.9609375 0.033203125 3.9609375 -1.9609375 3.9609375 3.02734375 -1.02734375 3.02734375 -1.02734375 -1.9609375 -1.02734375 3.02734375 3.9609375 3.02734375 3.9609375 -1.9609375 3.9609375 4.025390625 -1.02734375 4.025390625 0 1 3.9609375 -3.95703125 3.9609375 1 0 -3.95703125 -1.02734375 4.025390625 3.9609375 4.025390625 -16.99609375 0.033203125 17.349609375 4.025390625 -16.99609375 4.025390625 -1.02734375 -1.9609375 -1.02734375 3.52734375 0 -2.958984375 0 4.525390625 -1.02734375 -3.95703125 3.9609375 -2.958984375 3.9609375 4.525390625 4.958984375 -3.95703125 4.958984375 3.52734375 17.349609375 0.033203125 17.349609375 5.0234375 -16.99609375 5.0234375 -17.994140625 0.033203125 16.3515625 0.033203125 16.3515625 2.029296875 -17.994140625 2.029296875 -16.99609375 5.0234375 17.349609375 5.0234375 17.349609375 4.025390625 -16.99609375 4.025390625 17.349609375 0.033203125 -16.99609375 0.033203125 5.54296875 1 5.54296875 -2.958984375 6.04296875 -2.958984375 4.958984375 6.6640625 4.958984375 0.42578125 5.458984375 7.01953125 5.458984375 0.78125</float_array>
                    <technique_common>
                        <accessor count="178" source="#uvarrayMesh15_2" stride="2">
                            <param name="S" type="float"/>
                            <param name="T" type="float"/>
                        </accessor>
                    </technique_common>
                </source>
                <source id="colorsMesh15_2">
                    <float_array id="colorarrayMesh15_2" count="712">0.37254901960784315 0.37254901960784315 0.37254901960784315 1 0.37254901960784315 0.37254901960784315 0.37254901960784315 1 0.37254901960784315 0.37254901960784315 0.37254901960784315 1 0.37254901960784315 0.37254901960784315 0.37254901960784315 1 0.37254901960784315 0.37254901960784315 0.37254901960784315 1 0.37254901960784315 0.37254901960784315 0.37254901960784315 1 0.37254901960784315 0.37254901960784315 0.37254901960784315 1 0.37254901960784315 0.37254901960784315 0.37254901960784315 1 0.37254901960784315 0.37254901960784315 0.37254901960784315 1 0.37254901960784315 0.37254901960784315 0.37254901960784315 1 0.37254901960784315 0.37254901960784315 0.37254901960784315 1 0.37254901960784315 0.37254901960784315 0.37254901960784315 1 0.37254901960784315 0.37254901960784315 0.37254901960784315 1 0.37254901960784315 0.37254901960784315 0.37254901960784315 1 0.37254901960784315 0.37254901960784315 0.37254901960784315 1 0.37254901960784315 0.37254901960784315 0.37254901960784315 1 0.37254901960784315 0.37254901960784315 0.37254901960784315 1 0.37254901960784315 0.37254901960784315 0.37254901960784315 1 0.37254901960784315 0.37254901960784315 0.37254901960784315 1 0.37254901960784315 0.37254901960784315 0.37254901960784315 1 0.37254901960784315 0.37254901960784315 0.37254901960784315 1 0.37254901960784315 0.37254901960784315 0.37254901960784315 1 0.37254901960784315 0.37254901960784315 0.37254901960784315 1 0.37254901960784315 0.37254901960784315 0.37254901960784315 1 0.37254901960784315 0.37254901960784315 0.37254901960784315 1 0.37254901960784315 0.37254901960784315 0.37254901960784315 1 0.37254901960784315 0.37254901960784315 0.37254901960784315 1 0.37254901960784315 0.37254901960784315 0.37254901960784315 1 0.37254901960784315 0.37254901960784315 0.37254901960784315 1 0.37254901960784315 0.37254901960784315 0.37254901960784315 1 0.37254901960784315 0.37254901960784315 0.37254901960784315 1 0.37254901960784315 0.37254901960784315 0.37254901960784315 1 0.37254901960784315 0.37254901960784315 0.37254901960784315 1 0.37254901960784315 0.37254901960784315 0.37254901960784315 1 0.37254901960784315 0.37254901960784315 0.37254901960784315 1 0.37254901960784315 0.37254901960784315 0.37254901960784315 1 0.37254901960784315 0.37254901960784315 0.37254901960784315 1 0.37254901960784315 0.37254901960784315 0.37254901960784315 1 0.37254901960784315 0.37254901960784315 0.37254901960784315 1 0.37254901960784315 0.37254901960784315 0.37254901960784315 1 0.37254901960784315 0.37254901960784315 0.37254901960784315 1 0.37254901960784315 0.37254901960784315 0.37254901960784315 1 0.37254901960784315 0.37254901960784315 0.37254901960784315 1 0.37254901960784315 0.37254901960784315 0.37254901960784315 1 0.37254901960784315 0.37254901960784315 0.37254901960784315 1 0.37254901960784315 0.37254901960784315 0.37254901960784315 1 0.37254901960784315 0.37254901960784315 0.37254901960784315 1 0.37254901960784315 0.37254901960784315 0.37254901960784315 1 0.37254901960784315 0.37254901960784315 0.37254901960784315 1 0.37254901960784315 0.37254901960784315 0.37254901960784315 1 0.37254901960784315 0.37254901960784315 0.37254901960784315 1 0.37254901960784315 0.37254901960784315 0.37254901960784315 1 0.37254901960784315 0.37254901960784315 0.37254901960784315 1 0.37254901960784315 0.37254901960784315 0.37254901960784315 1 0.37254901960784315 0.37254901960784315 0.37254901960784315 1 0.37254901960784315 0.37254901960784315 0.37254901960784315 1 0.37254901960784315 0.37254901960784315 0.37254901960784315 1 0.37254901960784315 0.37254901960784315 0.37254901960784315 1 0.37254901960784315 0.37254901960784315 0.37254901960784315 1 0.37254901960784315 0.37254901960784315 0.37254901960784315 1 0.37254901960784315 0.37254901960784315 0.37254901960784315 1 0.37254901960784315 0.37254901960784315 0.37254901960784315 1 0.37254901960784315 0.37254901960784315 0.37254901960784315 1 0.37254901960784315 0.37254901960784315 0.37254901960784315 1 0.37254901960784315 0.37254901960784315 0.37254901960784315 1 0.37254901960784315 0.37254901960784315 0.37254901960784315 1 0.37254901960784315 0.37254901960784315 0.37254901960784315 1 0.37254901960784315 0.37254901960784315 0.37254901960784315 1 0.37254901960784315 0.37254901960784315 0.37254901960784315 1 0.37254901960784315 0.37254901960784315 0.37254901960784315 1 0.37254901960784315 0.37254901960784315 0.37254901960784315 1 0.37254901960784315 0.37254901960784315 0.37254901960784315 1 0.37254901960784315 0.37254901960784315 0.37254901960784315 1 0.37254901960784315 0.37254901960784315 0.37254901960784315 1 0.37254901960784315 0.37254901960784315 0.37254901960784315 1 0.37254901960784315 0.37254901960784315 0.37254901960784315 1 0.37254901960784315 0.37254901960784315 0.37254901960784315 1 0.37254901960784315 0.37254901960784315 0.37254901960784315 1 0.37254901960784315 0.37254901960784315 0.37254901960784315 1 0.37254901960784315 0.37254901960784315 0.37254901960784315 1 0.37254901960784315 0.37254901960784315 0.37254901960784315 1 0.37254901960784315 0.37254901960784315 0.37254901960784315 1 0.37254901960784315 0.37254901960784315 0.37254901960784315 1 0.37254901960784315 0.37254901960784315 0.37254901960784315 1 0.37254901960784315 0.37254901960784315 0.37254901960784315 1 0.37254901960784315 0.37254901960784315 0.37254901960784315 1 0.37254901960784315 0.37254901960784315 0.37254901960784315 1 0.37254901960784315 0.37254901960784315 0.37254901960784315 1 0.37254901960784315 0.37254901960784315 0.37254901960784315 1 0.37254901960784315 0.37254901960784315 0.37254901960784315 1 0.37254901960784315 0.37254901960784315 0.37254901960784315 1 0.37254901960784315 0.37254901960784315 0.37254901960784315 1 0.37254901960784315 0.37254901960784315 0.37254901960784315 1 0.37254901960784315 0.37254901960784315 0.37254901960784315 1 0.37254901960784315 0.37254901960784315 0.37254901960784315 1 0.37254901960784315 0.37254901960784315 0.37254901960784315 1 0.37254901960784315 0.37254901960784315 0.37254901960784315 1 0.37254901960784315 0.37254901960784315 0.37254901960784315 1 0.37254901960784315 0.37254901960784315 0.37254901960784315 1 0.37254901960784315 0.37254901960784315 0.37254901960784315 1 0.37254901960784315 0.37254901960784315 0.37254901960784315 1 0.37254901960784315 0.37254901960784315 0.37254901960784315 1 0.37254901960784315 0.37254901960784315 0.37254901960784315 1 0.37254901960784315 0.37254901960784315 0.37254901960784315 1 0.37254901960784315 0.37254901960784315 0.37254901960784315 1 0.37254901960784315 0.37254901960784315 0.37254901960784315 1 0.37254901960784315 0.37254901960784315 0.37254901960784315 1 0.37254901960784315 0.37254901960784315 0.37254901960784315 1 0.37254901960784315 0.37254901960784315 0.37254901960784315 1 0.37254901960784315 0.37254901960784315 0.37254901960784315 1 0.37254901960784315 0.37254901960784315 0.37254901960784315 1 0.37254901960784315 0.37254901960784315 0.37254901960784315 1 0.37254901960784315 0.37254901960784315 0.37254901960784315 1 0.37254901960784315 0.37254901960784315 0.37254901960784315 1 0.37254901960784315 0.37254901960784315 0.37254901960784315 1 0.37254901960784315 0.37254901960784315 0.37254901960784315 1 0.37254901960784315 0.37254901960784315 0.37254901960784315 1 0.37254901960784315 0.37254901960784315 0.37254901960784315 1 0.37254901960784315 0.37254901960784315 0.37254901960784315 1 0.37254901960784315 0.37254901960784315 0.37254901960784315 1 0.37254901960784315 0.37254901960784315 0.37254901960784315 1 0.37254901960784315 0.37254901960784315 0.37254901960784315 1 0.37254901960784315 0.37254901960784315 0.37254901960784315 1 0.37254901960784315 0.37254901960784315 0.37254901960784315 1 0.37254901960784315 0.37254901960784315 0.37254901960784315 1 0.37254901960784315 0.37254901960784315 0.37254901960784315 1 0.37254901960784315 0.37254901960784315 0.37254901960784315 1 0.37254901960784315 0.37254901960784315 0.37254901960784315 1 0.37254901960784315 0.37254901960784315 0.37254901960784315 1 0.37254901960784315 0.37254901960784315 0.37254901960784315 1 0.37254901960784315 0.37254901960784315 0.37254901960784315 1 0.37254901960784315 0.37254901960784315 0.37254901960784315 1 0.37254901960784315 0.37254901960784315 0.37254901960784315 1 0.37254901960784315 0.37254901960784315 0.37254901960784315 1 0.37254901960784315 0.37254901960784315 0.37254901960784315 1 0.37254901960784315 0.37254901960784315 0.37254901960784315 1 0.37254901960784315 0.37254901960784315 0.37254901960784315 1 0.37254901960784315 0.37254901960784315 0.37254901960784315 1 0.37254901960784315 0.37254901960784315 0.37254901960784315 1 0.37254901960784315 0.37254901960784315 0.37254901960784315 1 0.37254901960784315 0.37254901960784315 0.37254901960784315 1 0.37254901960784315 0.37254901960784315 0.37254901960784315 1 0.37254901960784315 0.37254901960784315 0.37254901960784315 1 0.37254901960784315 0.37254901960784315 0.37254901960784315 1 0.37254901960784315 0.37254901960784315 0.37254901960784315 1 0.37254901960784315 0.37254901960784315 0.37254901960784315 1 0.37254901960784315 0.37254901960784315 0.37254901960784315 1 0.37254901960784315 0.37254901960784315 0.37254901960784315 1 0.37254901960784315 0.37254901960784315 0.37254901960784315 1 0.37254901960784315 0.37254901960784315 0.37254901960784315 1 0.37254901960784315 0.37254901960784315 0.37254901960784315 1 0.37254901960784315 0.37254901960784315 0.37254901960784315 1 0.37254901960784315 0.37254901960784315 0.37254901960784315 1 0.37254901960784315 0.37254901960784315 0.37254901960784315 1 0.37254901960784315 0.37254901960784315 0.37254901960784315 1 0.37254901960784315 0.37254901960784315 0.37254901960784315 1 0.37254901960784315 0.37254901960784315 0.37254901960784315 1 0.37254901960784315 0.37254901960784315 0.37254901960784315 1 0.37254901960784315 0.37254901960784315 0.37254901960784315 1 0.37254901960784315 0.37254901960784315 0.37254901960784315 1 0.37254901960784315 0.37254901960784315 0.37254901960784315 1 0.37254901960784315 0.37254901960784315 0.37254901960784315 1 0.37254901960784315 0.37254901960784315 0.37254901960784315 1 0.37254901960784315 0.37254901960784315 0.37254901960784315 1 0.37254901960784315 0.37254901960784315 0.37254901960784315 1 0.37254901960784315 0.37254901960784315 0.37254901960784315 1 0.37254901960784315 0.37254901960784315 0.37254901960784315 1 0.37254901960784315 0.37254901960784315 0.37254901960784315 1 0.37254901960784315 0.37254901960784315 0.37254901960784315 1 0.37254901960784315 0.37254901960784315 0.37254901960784315 1 0.37254901960784315 0.37254901960784315 0.37254901960784315 1 0.37254901960784315 0.37254901960784315 0.37254901960784315 1 0.37254901960784315 0.37254901960784315 0.37254901960784315 1 0.37254901960784315 0.37254901960784315 0.37254901960784315 1 0.37254901960784315 0.37254901960784315 0.37254901960784315 1 0.37254901960784315 0.37254901960784315 0.37254901960784315 1 0.37254901960784315 0.37254901960784315 0.37254901960784315 1 0.37254901960784315 0.37254901960784315 0.37254901960784315 1</float_array>
                    <technique_common>
                        <accessor count="178" source="#colorarrayMesh15_2" stride="4">
                            <param name="R" type="float"/>
                            <param name="G" type="float"/>
                            <param name="B" type="float"/>
                            <param name="A" type="float"/>
                        </accessor>
                    </technique_common>
                </source>
                <vertices id="verticesMesh15_2">
                    <input semantic="POSITION" source="#pointsMesh15_2"/>
                </vertices>
                <polylist count="132" material="Material1">
                    <input offset="0" semantic="VERTEX" source="#verticesMesh15_2"/>
                    <input offset="1" semantic="TEXCOORD" source="#uvsMesh15_2" set="0"/>
                    <input offset="2" semantic="COLOR" source="#colorsMesh15_2" set="0"/>
                    <vcount>3 3 3 3 3 3 3 3 3 3 3 3 3 3 3 3 3 3 3 3 3 3 3 3 3 3 3 3 3 3 3 3 3 3 3 3 3 3 3 3 3 3 3 3 3 3 3 3 3 3 3 3 3 3 3 3 3 3 3 3 3 3 3 3 3 3 3 3 3 3 3 3 3 3 3 3 3 3 3 3 3 3 3 3 3 3 3 3 3 3 3 3 3 3 3 3 3 3 3 3 3 3 3 3 3 3 3 3 3 3 3 3 3 3 3 3 3 3 3 3 3 3 3 3 3 3 3 3 3 3 3 3</vcount>
                    <p>0 0 0 1 1 1 2 2 2 3 3 3 4 4 4 5 5 5 3 3 3 6 6 6 4 4 4 3 3 3 5 5 5 7 7 7 4 4 4 8 8 8 9 9 9 6 6 6 10 10 10 4 4 4 11 11 11 12 12 12 2 2 2 11 11 11 2 2 2 13 13 13 2 2 2 14 14 14 13 13 13 2 2 2 15 15 15 14 14 14 9 9 9 16 16 16 17 17 17 17 17 17 18 18 18 5 5 5 12 12 12 19 19 19 20 20 20 20 20 20 21 21 21 0 0 0 22 22 22 23 23 23 24 24 24 22 22 22 25 25 25 23 23 23 25 25 25 26 26 26 27 27 27 25 25 25 27 27 27 23 23 23 24 24 24 28 28 28 22 22 22 24 24 24 29 29 29 28 28 28 29 29 29 27 27 27 26 26 26 29 29 29 26 26 26 28 28 28 30 30 30 31 31 31 32 32 32 31 31 31 33 33 33 32 32 32 31 31 31 34 34 34 33 33 33 31 31 31 35 35 35 34 34 34 30 30 30 32 32 32 36 36 36 30 30 30 36 36 36 37 37 37 30 30 30 37 37 37 38 38 38 39 39 39 30 30 30 38 38 38 40 40 40 41 41 41 42 42 42 40 40 40 42 42 42 43 43 43 43 43 43 42 42 42 44 44 44 43 43 43 44 44 44 45 45 45 46 46 46 47 47 47 48 48 48 47 47 47 49 49 49 48 48 48 50 50 50 51 51 51 52 52 52 50 50 50 53 53 53 51 51 51 45 45 45 44 44 44 54 54 54 45 45 45 54 54 54 55 55 55 56 56 56 40 40 40 57 57 57 58 58 58 57 57 57 40 40 40 58 58 58 59 59 59 57 57 57 59 59 59 58 58 58 60 60 60 61 61 61 62 62 62 63 63 63 61 61 61 64 64 64 62 62 62 65 65 65 66 66 66 64 64 64 65 65 65 64 64 64 61 61 61 67 67 67 68 68 68 69 69 69 54 54 54 70 70 70 71 71 71 54 54 54 71 71 71 55 55 55 65 65 65 72 72 72 66 66 66 72 72 72 73 73 73 66 66 66 74 74 74 75 75 75 68 68 68 67 67 67 74 74 74 68 68 68 76 76 76 53 53 53 77 77 77 67 67 67 69 69 69 78 78 78 79 79 79 80 80 80 81 81 81 79 79 79 82 82 82 80 80 80 83 83 83 49 49 49 84 84 84 85 85 85 86 86 86 74 74 74 70 70 70 87 87 87 88 88 88 71 71 71 70 70 70 88 88 88 71 71 71 88 88 88 89 89 89 90 90 90 71 71 71 89 89 89 90 90 90 89 89 89 91 91 91 89 89 89 92 92 92 91 91 91 86 86 86 93 93 93 75 75 75 86 86 86 75 75 75 74 74 74 94 94 94 95 95 95 96 96 96 85 85 85 74 74 74 97 97 97 98 98 98 85 85 85 97 97 97 98 98 98 99 99 99 85 85 85 95 95 95 100 100 100 96 96 96 95 95 95 101 101 101 100 100 100 94 94 94 96 96 96 102 102 102 103 103 103 104 104 104 105 105 105 102 102 102 106 106 106 107 107 107 102 102 102 107 107 107 94 94 94 108 108 108 109 109 109 110 110 110 108 108 108 111 111 111 109 109 109 110 110 110 112 112 112 105 105 105 110 110 110 105 105 105 108 108 108 113 113 113 114 114 114 115 115 115 112 112 112 103 103 103 105 105 105 116 116 116 113 113 113 117 117 117 116 116 116 117 117 117 118 118 118 118 118 118 119 119 119 120 120 120 118 118 118 120 120 120 116 116 116 113 113 113 115 115 115 117 117 117 121 121 121 122 122 122 123 123 123 121 121 121 124 124 124 122 122 122 121 121 121 125 125 125 124 124 124 124 124 124 126 126 126 127 127 127 124 124 124 127 127 127 122 122 122 126 126 126 128 128 128 127 127 127 126 126 126 129 129 129 128 128 128 128 128 128 130 130 130 127 127 127 131 131 131 132 132 132 133 133 133 134 134 134 131 131 131 133 133 133 135 135 135 136 136 136 137 137 137 133 133 133 132 132 132 138 138 138 133 133 133 138 138 138 139 139 139 140 140 140 141 141 141 142 142 142 140 140 140 143 143 143 141 141 141 144 144 144 145 145 145 136 136 136 144 144 144 136 136 136 135 135 135 146 146 146 147 147 147 148 148 148 135 135 135 137 137 137 149 149 149 150 150 150 151 151 151 152 152 152 150 150 150 153 153 153 151 151 151 152 152 152 151 151 151 154 154 154 152 152 152 154 154 154 155 155 155 155 155 155 154 154 154 156 156 156 155 155 155 156 156 156 157 157 157 146 146 146 158 158 158 147 147 147 148 148 148 159 159 159 160 160 160 148 148 148 147 147 147 159 159 159 161 161 161 162 162 162 163 163 163 161 161 161 163 163 163 164 164 164 165 165 165 166 166 166 167 167 167 165 165 165 167 167 167 168 168 168 168 168 168 167 167 167 169 169 169 168 168 168 169 169 169 170 170 170 171 171 171 172 172 172 173 173 173 171 171 171 173 173 173 58 58 58 78 78 78 172 172 172 171 171 171 78 78 78 69 69 69 172 172 172 174 174 174 79 79 79 81 81 81 174 174 174 175 175 175 79 79 79 176 176 176 175 175 175 174 174 174 176 176 176 177 177 177 175 175 175</p>
                </polylist>
            </mesh>
        </geometry>
        <geometry id="meshMesh16_1">
            <mesh>
                <source id="pointsMesh16_1">
                    <float_array id="pointarrayMesh16_1" count="228">-3087 640 -2404 -3593 640 -1898 -3593 614 -1898 -3141 717 -2459 -3648 717 -1952 -3648 691 -1952 -3141 691 -2459 -3123 691 -2441 -3630 691 -1934 -3123 666 -2441 -3630 666 -1934 -3105 666 -2423 -3611 666 -1916 -3105 640 -2423 -3611 640 -1916 -3087 614 -2404 -3068 614 -2386 -3575 589 -1879 -3068 589 -2386 -3575 614 -1879 -3050 589 -2368 -3557 589 -1861 -3557 563 -1861 -3050 563 -2368 -3032 563 -2350 -3539 563 -1843 -3032 538 -2350 -3014 512 -2332 -3521 538 -1825 -3521 512 -1825 -3539 538 -1843 -3014 538 -2332 -3141 691 -2459 -3648 691 -1952 -3630 691 -1934 -5983 717 -4287 -5983 666 -4287 -5476 666 -4794 -5476 717 -4794 -5548 717 -3853 -5042 717 -4359 -5042 666 -4359 -5548 666 -3853 -5042 717 -4359 -3648 717 -1952 -3141 717 -2459 -5548 717 -3853 -3123 691 -2441 -3123 666 -2441 -3611 666 -1916 -3105 666 -2423 -3630 666 -1934 -3105 640 -2423 -3611 640 -1916 -3593 640 -1898 -3087 640 -2404 -3087 614 -2404 -3593 614 -1898 -3068 614 -2386 -3032 538 -2350 -3539 538 -1843 -3521 538 -1825 -3575 614 -1879 -3068 589 -2386 -3575 589 -1879 -3557 589 -1861 -3050 589 -2368 -3050 563 -2368 -3539 563 -1843 -3032 563 -2350 -3557 563 -1861 -3014 538 -2332 -5983 717 -4287 -5476 717 -4794 -6924 717 -6242 -7431 717 -5735</float_array>
                    <technique_common>
                        <accessor count="76" source="#pointarrayMesh16_1" stride="3">
                            <param name="X" type="float"/>
                            <param name="Y" type="float"/>
                            <param name="Z" type="float"/>
                        </accessor>
                    </technique_common>
                </source>
                <source id="uvsMesh16_1">
                    <float_array id="uvarrayMesh16_1" count="152">5.95703125 -0.0234375 -1.02734375 -0.0234375 -1.02734375 -0.2109375 5.95703125 1 -1.02734375 1 -1.02734375 0.84375 5.95703125 0.84375 5.95703125 0.6796875 -1.02734375 0.6796875 5.95703125 0.4921875 -1.02734375 0.4921875 5.95703125 0.326171875 -1.02734375 0.326171875 5.95703125 0.138671875 -1.02734375 0.138671875 5.95703125 -0.2109375 5.95703125 -0.375 -1.02734375 -0.5625 5.95703125 -0.5625 -1.02734375 -0.375 5.95703125 -0.7265625 -1.02734375 -0.7265625 -1.02734375 -0.9140625 5.95703125 -0.9140625 5.95703125 -1.080078125 -1.02734375 -1.080078125 5.95703125 -1.267578125 5.95703125 -1.619140625 -1.02734375 -1.431640625 -1.02734375 -1.619140625 -1.02734375 -1.267578125 5.95703125 -1.431640625 5.95703125 0.84375 -1.02734375 0.84375 -1.02734375 0.6796875 -1.02734375 1 -1.02734375 0.533203125 5.95703125 0.53125 5.95703125 1 0.966796875 1 -6.017578125 1 -6.017578125 0.53125 0.966796875 0.533203125 3.462890625 0.033203125 0 -13.064453125 3.462890625 -13.064453125 0 0.033203125 5.95703125 0.6796875 5.95703125 0.4921875 -1.02734375 0.326171875 5.95703125 0.326171875 -1.02734375 0.4921875 5.95703125 0.138671875 -1.02734375 0.138671875 -1.02734375 -0.0234375 5.95703125 -0.0234375 5.95703125 -0.2109375 -1.02734375 -0.2109375 5.95703125 -0.375 5.95703125 -1.267578125 -1.02734375 -1.267578125 -1.02734375 -1.431640625 -1.02734375 -0.375 5.95703125 -0.5625 -1.02734375 -0.5625 -1.02734375 -0.7265625 5.95703125 -0.7265625 5.95703125 -0.9140625 -1.02734375 -1.080078125 5.95703125 -1.080078125 -1.02734375 -0.9140625 5.95703125 -1.431640625 0 3.02734375 3.462890625 3.02734375 3.4609375 13.0078125 0 13.0078125</float_array>
                    <technique_common>
                        <accessor count="76" source="#uvarrayMesh16_1" stride="2">
                            <param name="S" type="float"/>
                            <param name="T" type="float"/>
                        </accessor>
                    </technique_common>
                </source>
                <source id="colorsMesh16_1">
                    <float_array id="colorarrayMesh16_1" count="304">0.8666666666666667 0.8666666666666667 0.8666666666666667 1 0.8666666666666667 0.8666666666666667 0.8666666666666667 1 0.8666666666666667 0.8666666666666667 0.8666666666666667 1 0.8666666666666667 0.8666666666666667 0.8666666666666667 1 0.8666666666666667 0.8666666666666667 0.8666666666666667 1 0.8666666666666667 0.8666666666666667 0.8666666666666667 1 0.8666666666666667 0.8666666666666667 0.8666666666666667 1 0.8666666666666667 0.8666666666666667 0.8666666666666667 1 0.8666666666666667 0.8666666666666667 0.8666666666666667 1 0.8666666666666667 0.8666666666666667 0.8666666666666667 1 0.8666666666666667 0.8666666666666667 0.8666666666666667 1 0.8666666666666667 0.8666666666666667 0.8666666666666667 1 0.8666666666666667 0.8666666666666667 0.8666666666666667 1 0.8666666666666667 0.8666666666666667 0.8666666666666667 1 0.8666666666666667 0.8666666666666667 0.8666666666666667 1 0.8666666666666667 0.8666666666666667 0.8666666666666667 1 0.8666666666666667 0.8666666666666667 0.8666666666666667 1 0.8666666666666667 0.8666666666666667 0.8666666666666667 1 0.8666666666666667 0.8666666666666667 0.8666666666666667 1 0.8666666666666667 0.8666666666666667 0.8666666666666667 1 0.8666666666666667 0.8666666666666667 0.8666666666666667 1 0.8666666666666667 0.8666666666666667 0.8666666666666667 1 0.8666666666666667 0.8666666666666667 0.8666666666666667 1 0.8666666666666667 0.8666666666666667 0.8666666666666667 1 0.8666666666666667 0.8666666666666667 0.8666666666666667 1 0.8666666666666667 0.8666666666666667 0.8666666666666667 1 0.8666666666666667 0.8666666666666667 0.8666666666666667 1 0.8666666666666667 0.8666666666666667 0.8666666666666667 1 0.8666666666666667 0.8666666666666667 0.8666666666666667 1 0.8666666666666667 0.8666666666666667 0.8666666666666667 1 0.8666666666666667 0.8666666666666667 0.8666666666666667 1 0.8666666666666667 0.8666666666666667 0.8666666666666667 1 1 1 1 1 1 1 1 1 1 1 1 1 1 1 1 1 1 1 1 1 1 1 1 1 1 1 1 1 1 1 1 1 1 1 1 1 1 1 1 1 1 1 1 1 1 1 1 1 1 1 1 1 1 1 1 1 1 1 1 1 1 1 1 1 1 1 1 1 1 1 1 1 1 1 1 1 1 1 1 1 1 1 1 1 1 1 1 1 1 1 1 1 1 1 1 1 1 1 1 1 1 1 1 1 1 1 1 1 1 1 1 1 1 1 1 1 1 1 1 1 1 1 1 1 1 1 1 1 1 1 1 1 1 1 1 1 1 1 1 1 1 1 1 1 1 1 1 1 1 1 1 1 1 1 1 1 1 1 1 1 1 1 1 1 1 1 1 1 1 1 1 1 1 1 1 1</float_array>
                    <technique_common>
                        <accessor count="76" source="#colorarrayMesh16_1" stride="4">
                            <param name="R" type="float"/>
                            <param name="G" type="float"/>
                            <param name="B" type="float"/>
                            <param name="A" type="float"/>
                        </accessor>
                    </technique_common>
                </source>
                <vertices id="verticesMesh16_1">
                    <input semantic="POSITION" source="#pointsMesh16_1"/>
                </vertices>
                <polylist count="38" material="Material1">
                    <input offset="0" semantic="VERTEX" source="#verticesMesh16_1"/>
                    <input offset="1" semantic="TEXCOORD" source="#uvsMesh16_1" set="0"/>
                    <input offset="2" semantic="COLOR" source="#colorsMesh16_1" set="0"/>
                    <vcount>3 3 3 3 3 3 3 3 3 3 3 3 3 3 3 3 3 3 3 3 3 3 3 3 3 3 3 3 3 3 3 3 3 3 3 3 3 3</vcount>
                    <p>0 0 0 1 1 1 2 2 2 3 3 3 4 4 4 5 5 5 3 3 3 5 5 5 6 6 6 7 7 7 8 8 8 9 9 9 9 9 9 8 8 8 10 10 10 11 11 11 12 12 12 13 13 13 13 13 13 12 12 12 14 14 14 0 0 0 2 2 2 15 15 15 16 16 16 17 17 17 18 18 18 16 16 16 19 19 19 17 17 17 20 20 20 21 21 21 22 22 22 20 20 20 22 22 22 23 23 23 24 24 24 25 25 25 26 26 26 27 27 27 28 28 28 29 29 29 26 26 26 25 25 25 30 30 30 31 31 31 28 28 28 27 27 27 32 32 32 33 33 33 34 34 34 35 35 35 36 36 36 37 37 37 38 38 38 35 35 35 37 37 37 39 39 39 40 40 40 41 41 41 39 39 39 41 41 41 42 42 42 43 43 43 44 44 44 45 45 45 43 43 43 46 46 46 44 44 44 32 32 32 34 34 34 47 47 47 48 48 48 49 49 49 50 50 50 48 48 48 51 51 51 49 49 49 52 52 52 53 53 53 54 54 54 52 52 52 54 54 54 55 55 55 56 56 56 57 57 57 58 58 58 59 59 59 60 60 60 61 61 61 58 58 58 57 57 57 62 62 62 63 63 63 64 64 64 65 65 65 63 63 63 65 65 65 66 66 66 67 67 67 68 68 68 69 69 69 67 67 67 70 70 70 68 68 68 59 59 59 61 61 61 71 71 71 72 72 72 73 73 73 74 74 74 72 72 72 74 74 74 75 75 75</p>
                </polylist>
            </mesh>
        </geometry>
        <geometry id="meshMesh16_2">
            <mesh>
                <source id="pointsMesh16_2">
                    <float_array id="pointarrayMesh16_2" count="228">-3087 640 -2404 -3593 640 -1898 -3593 614 -1898 -3141 717 -2459 -3648 717 -1952 -3648 691 -1952 -3141 691 -2459 -3123 691 -2441 -3630 691 -1934 -3123 666 -2441 -3630 666 -1934 -3105 666 -2423 -3611 666 -1916 -3105 640 -2423 -3611 640 -1916 -3087 614 -2404 -3068 614 -2386 -3575 589 -1879 -3068 589 -2386 -3575 614 -1879 -3050 589 -2368 -3557 589 -1861 -3557 563 -1861 -3050 563 -2368 -3032 563 -2350 -3539 563 -1843 -3032 538 -2350 -3014 512 -2332 -3521 538 -1825 -3521 512 -1825 -3539 538 -1843 -3014 538 -2332 -3141 691 -2459 -3648 691 -1952 -3630 691 -1934 -5983 717 -4287 -5983 666 -4287 -5476 666 -4794 -5476 717 -4794 -5548 717 -3853 -5042 717 -4359 -5042 666 -4359 -5548 666 -3853 -5042 717 -4359 -3648 717 -1952 -3141 717 -2459 -5548 717 -3853 -3123 691 -2441 -3123 666 -2441 -3611 666 -1916 -3105 666 -2423 -3630 666 -1934 -3105 640 -2423 -3611 640 -1916 -3593 640 -1898 -3087 640 -2404 -3087 614 -2404 -3593 614 -1898 -3068 614 -2386 -3032 538 -2350 -3539 538 -1843 -3521 538 -1825 -3575 614 -1879 -3068 589 -2386 -3575 589 -1879 -3557 589 -1861 -3050 589 -2368 -3050 563 -2368 -3539 563 -1843 -3032 563 -2350 -3557 563 -1861 -3014 538 -2332 -5983 717 -4287 -5476 717 -4794 -6924 717 -6242 -7431 717 -5735</float_array>
                    <technique_common>
                        <accessor count="76" source="#pointarrayMesh16_2" stride="3">
                            <param name="X" type="float"/>
                            <param name="Y" type="float"/>
                            <param name="Z" type="float"/>
                        </accessor>
                    </technique_common>
                </source>
                <source id="uvsMesh16_2">
                    <float_array id="uvarrayMesh16_2" count="152">5.95703125 -0.0234375 -1.02734375 -0.0234375 -1.02734375 -0.2109375 5.95703125 1 -1.02734375 1 -1.02734375 0.84375 5.95703125 0.84375 5.95703125 0.6796875 -1.02734375 0.6796875 5.95703125 0.4921875 -1.02734375 0.4921875 5.95703125 0.326171875 -1.02734375 0.326171875 5.95703125 0.138671875 -1.02734375 0.138671875 5.95703125 -0.2109375 5.95703125 -0.375 -1.02734375 -0.5625 5.95703125 -0.5625 -1.02734375 -0.375 5.95703125 -0.7265625 -1.02734375 -0.7265625 -1.02734375 -0.9140625 5.95703125 -0.9140625 5.95703125 -1.080078125 -1.02734375 -1.080078125 5.95703125 -1.267578125 5.95703125 -1.619140625 -1.02734375 -1.431640625 -1.02734375 -1.619140625 -1.02734375 -1.267578125 5.95703125 -1.431640625 5.95703125 0.84375 -1.02734375 0.84375 -1.02734375 0.6796875 -1.02734375 1 -1.02734375 0.533203125 5.95703125 0.53125 5.95703125 1 0.966796875 1 -6.017578125 1 -6.017578125 0.53125 0.966796875 0.533203125 3.462890625 0.033203125 0 -13.064453125 3.462890625 -13.064453125 0 0.033203125 5.95703125 0.6796875 5.95703125 0.4921875 -1.02734375 0.326171875 5.95703125 0.326171875 -1.02734375 0.4921875 5.95703125 0.138671875 -1.02734375 0.138671875 -1.02734375 -0.0234375 5.95703125 -0.0234375 5.95703125 -0.2109375 -1.02734375 -0.2109375 5.95703125 -0.375 5.95703125 -1.267578125 -1.02734375 -1.267578125 -1.02734375 -1.431640625 -1.02734375 -0.375 5.95703125 -0.5625 -1.02734375 -0.5625 -1.02734375 -0.7265625 5.95703125 -0.7265625 5.95703125 -0.9140625 -1.02734375 -1.080078125 5.95703125 -1.080078125 -1.02734375 -0.9140625 5.95703125 -1.431640625 0 3.02734375 3.462890625 3.02734375 3.4609375 13.0078125 0 13.0078125</float_array>
                    <technique_common>
                        <accessor count="76" source="#uvarrayMesh16_2" stride="2">
                            <param name="S" type="float"/>
                            <param name="T" type="float"/>
                        </accessor>
                    </technique_common>
                </source>
                <source id="colorsMesh16_2">
                    <float_array id="colorarrayMesh16_2" count="304">0.3215686274509804 0.3215686274509804 0.3215686274509804 1 0.3215686274509804 0.3215686274509804 0.3215686274509804 1 0.3215686274509804 0.3215686274509804 0.3215686274509804 1 0.3215686274509804 0.3215686274509804 0.3215686274509804 1 0.3215686274509804 0.3215686274509804 0.3215686274509804 1 0.3215686274509804 0.3215686274509804 0.3215686274509804 1 0.3215686274509804 0.3215686274509804 0.3215686274509804 1 0.3215686274509804 0.3215686274509804 0.3215686274509804 1 0.3215686274509804 0.3215686274509804 0.3215686274509804 1 0.3215686274509804 0.3215686274509804 0.3215686274509804 1 0.3215686274509804 0.3215686274509804 0.3215686274509804 1 0.3215686274509804 0.3215686274509804 0.3215686274509804 1 0.3215686274509804 0.3215686274509804 0.3215686274509804 1 0.3215686274509804 0.3215686274509804 0.3215686274509804 1 0.3215686274509804 0.3215686274509804 0.3215686274509804 1 0.3215686274509804 0.3215686274509804 0.3215686274509804 1 0.3215686274509804 0.3215686274509804 0.3215686274509804 1 0.3215686274509804 0.3215686274509804 0.3215686274509804 1 0.3215686274509804 0.3215686274509804 0.3215686274509804 1 0.3215686274509804 0.3215686274509804 0.3215686274509804 1 0.3215686274509804 0.3215686274509804 0.3215686274509804 1 0.3215686274509804 0.3215686274509804 0.3215686274509804 1 0.3215686274509804 0.3215686274509804 0.3215686274509804 1 0.3215686274509804 0.3215686274509804 0.3215686274509804 1 0.3215686274509804 0.3215686274509804 0.3215686274509804 1 0.3215686274509804 0.3215686274509804 0.3215686274509804 1 0.3215686274509804 0.3215686274509804 0.3215686274509804 1 0.3215686274509804 0.3215686274509804 0.3215686274509804 1 0.3215686274509804 0.3215686274509804 0.3215686274509804 1 0.3215686274509804 0.3215686274509804 0.3215686274509804 1 0.3215686274509804 0.3215686274509804 0.3215686274509804 1 0.3215686274509804 0.3215686274509804 0.3215686274509804 1 0.37254901960784315 0.37254901960784315 0.37254901960784315 1 0.37254901960784315 0.37254901960784315 0.37254901960784315 1 0.37254901960784315 0.37254901960784315 0.37254901960784315 1 0.37254901960784315 0.37254901960784315 0.37254901960784315 1 0.37254901960784315 0.37254901960784315 0.37254901960784315 1 0.37254901960784315 0.37254901960784315 0.37254901960784315 1 0.37254901960784315 0.37254901960784315 0.37254901960784315 1 0.37254901960784315 0.37254901960784315 0.37254901960784315 1 0.37254901960784315 0.37254901960784315 0.37254901960784315 1 0.37254901960784315 0.37254901960784315 0.37254901960784315 1 0.37254901960784315 0.37254901960784315 0.37254901960784315 1 0.37254901960784315 0.37254901960784315 0.37254901960784315 1 0.37254901960784315 0.37254901960784315 0.37254901960784315 1 0.37254901960784315 0.37254901960784315 0.37254901960784315 1 0.37254901960784315 0.37254901960784315 0.37254901960784315 1 0.37254901960784315 0.37254901960784315 0.37254901960784315 1 0.37254901960784315 0.37254901960784315 0.37254901960784315 1 0.37254901960784315 0.37254901960784315 0.37254901960784315 1 0.37254901960784315 0.37254901960784315 0.37254901960784315 1 0.37254901960784315 0.37254901960784315 0.37254901960784315 1 0.37254901960784315 0.37254901960784315 0.37254901960784315 1 0.37254901960784315 0.37254901960784315 0.37254901960784315 1 0.37254901960784315 0.37254901960784315 0.37254901960784315 1 0.37254901960784315 0.37254901960784315 0.37254901960784315 1 0.37254901960784315 0.37254901960784315 0.37254901960784315 1 0.37254901960784315 0.37254901960784315 0.37254901960784315 1 0.37254901960784315 0.37254901960784315 0.37254901960784315 1 0.37254901960784315 0.37254901960784315 0.37254901960784315 1 0.37254901960784315 0.37254901960784315 0.37254901960784315 1 0.37254901960784315 0.37254901960784315 0.37254901960784315 1 0.37254901960784315 0.37254901960784315 0.37254901960784315 1 0.37254901960784315 0.37254901960784315 0.37254901960784315 1 0.37254901960784315 0.37254901960784315 0.37254901960784315 1 0.37254901960784315 0.37254901960784315 0.37254901960784315 1 0.37254901960784315 0.37254901960784315 0.37254901960784315 1 0.37254901960784315 0.37254901960784315 0.37254901960784315 1 0.37254901960784315 0.37254901960784315 0.37254901960784315 1 0.37254901960784315 0.37254901960784315 0.37254901960784315 1 0.37254901960784315 0.37254901960784315 0.37254901960784315 1 0.37254901960784315 0.37254901960784315 0.37254901960784315 1 0.37254901960784315 0.37254901960784315 0.37254901960784315 1 0.37254901960784315 0.37254901960784315 0.37254901960784315 1 0.37254901960784315 0.37254901960784315 0.37254901960784315 1 0.37254901960784315 0.37254901960784315 0.37254901960784315 1</float_array>
                    <technique_common>
                        <accessor count="76" source="#colorarrayMesh16_2" stride="4">
                            <param name="R" type="float"/>
                            <param name="G" type="float"/>
                            <param name="B" type="float"/>
                            <param name="A" type="float"/>
                        </accessor>
                    </technique_common>
                </source>
                <vertices id="verticesMesh16_2">
                    <input semantic="POSITION" source="#pointsMesh16_2"/>
                </vertices>
                <polylist count="38" material="Material1">
                    <input offset="0" semantic="VERTEX" source="#verticesMesh16_2"/>
                    <input offset="1" semantic="TEXCOORD" source="#uvsMesh16_2" set="0"/>
                    <input offset="2" semantic="COLOR" source="#colorsMesh16_2" set="0"/>
                    <vcount>3 3 3 3 3 3 3 3 3 3 3 3 3 3 3 3 3 3 3 3 3 3 3 3 3 3 3 3 3 3 3 3 3 3 3 3 3 3</vcount>
                    <p>0 0 0 1 1 1 2 2 2 3 3 3 4 4 4 5 5 5 3 3 3 5 5 5 6 6 6 7 7 7 8 8 8 9 9 9 9 9 9 8 8 8 10 10 10 11 11 11 12 12 12 13 13 13 13 13 13 12 12 12 14 14 14 0 0 0 2 2 2 15 15 15 16 16 16 17 17 17 18 18 18 16 16 16 19 19 19 17 17 17 20 20 20 21 21 21 22 22 22 20 20 20 22 22 22 23 23 23 24 24 24 25 25 25 26 26 26 27 27 27 28 28 28 29 29 29 26 26 26 25 25 25 30 30 30 31 31 31 28 28 28 27 27 27 32 32 32 33 33 33 34 34 34 35 35 35 36 36 36 37 37 37 38 38 38 35 35 35 37 37 37 39 39 39 40 40 40 41 41 41 39 39 39 41 41 41 42 42 42 43 43 43 44 44 44 45 45 45 43 43 43 46 46 46 44 44 44 32 32 32 34 34 34 47 47 47 48 48 48 49 49 49 50 50 50 48 48 48 51 51 51 49 49 49 52 52 52 53 53 53 54 54 54 52 52 52 54 54 54 55 55 55 56 56 56 57 57 57 58 58 58 59 59 59 60 60 60 61 61 61 58 58 58 57 57 57 62 62 62 63 63 63 64 64 64 65 65 65 63 63 63 65 65 65 66 66 66 67 67 67 68 68 68 69 69 69 67 67 67 70 70 70 68 68 68 59 59 59 61 61 61 71 71 71 72 72 72 73 73 73 74 74 74 72 72 72 74 74 74 75 75 75</p>
                </polylist>
            </mesh>
        </geometry>
        <geometry id="meshMesh17_1">
            <mesh>
                <source id="pointsMesh17_1">
                    <float_array id="pointarrayMesh17_1" count="24">-2797 512 -1391 -2543 512 -1572 -2580 512 -1608 -2761 512 -1355 -2942 512 -1246 -2435 512 -1753 -3014 512 -2332 -3521 512 -1825</float_array>
                    <technique_common>
                        <accessor count="8" source="#pointarrayMesh17_1" stride="3">
                            <param name="X" type="float"/>
                            <param name="Y" type="float"/>
                            <param name="Z" type="float"/>
                        </accessor>
                    </technique_common>
                </source>
                <source id="uvsMesh17_1">
                    <float_array id="uvarrayMesh17_1" count="16">2.462890625 0.033203125 2.712890625 1.529296875 2.46484375 1.529296875 2.712890625 0.033203125 2.462890625 -0.962890625 2.46484375 2.529296875 -1.525390625 2.529296875 -1.525390625 -0.962890625</float_array>
                    <technique_common>
                        <accessor count="8" source="#uvarrayMesh17_1" stride="2">
                            <param name="S" type="float"/>
                            <param name="T" type="float"/>
                        </accessor>
                    </technique_common>
                </source>
                <vertices id="verticesMesh17_1">
                    <input semantic="POSITION" source="#pointsMesh17_1"/>
                </vertices>
                <polylist count="4" material="Material1">
                    <input offset="0" semantic="VERTEX" source="#verticesMesh17_1"/>
                    <input offset="1" semantic="TEXCOORD" source="#uvsMesh17_1" set="0"/>
                    <vcount>3 3 3 3</vcount>
                    <p>0 0 1 1 2 2 0 0 3 3 1 1 4 4 5 5 6 6 4 4 6 6 7 7</p>
                </polylist>
            </mesh>
        </geometry>
        <geometry id="meshMesh17_2">
            <mesh>
                <source id="pointsMesh17_2">
                    <float_array id="pointarrayMesh17_2" count="24">-2797 512 -1391 -2543 512 -1572 -2580 512 -1608 -2761 512 -1355 -2942 512 -1246 -2435 512 -1753 -3014 512 -2332 -3521 512 -1825</float_array>
                    <technique_common>
                        <accessor count="8" source="#pointarrayMesh17_2" stride="3">
                            <param name="X" type="float"/>
                            <param name="Y" type="float"/>
                            <param name="Z" type="float"/>
                        </accessor>
                    </technique_common>
                </source>
                <source id="uvsMesh17_2">
                    <float_array id="uvarrayMesh17_2" count="16">2.462890625 0.033203125 2.712890625 1.529296875 2.46484375 1.529296875 2.712890625 0.033203125 2.462890625 -0.962890625 2.46484375 2.529296875 -1.525390625 2.529296875 -1.525390625 -0.962890625</float_array>
                    <technique_common>
                        <accessor count="8" source="#uvarrayMesh17_2" stride="2">
                            <param name="S" type="float"/>
                            <param name="T" type="float"/>
                        </accessor>
                    </technique_common>
                </source>
                <source id="colorsMesh17_2">
                    <float_array id="colorarrayMesh17_2" count="32">0.37254901960784315 0.37254901960784315 0.37254901960784315 1 0.37254901960784315 0.37254901960784315 0.37254901960784315 1 0.37254901960784315 0.37254901960784315 0.37254901960784315 1 0.37254901960784315 0.37254901960784315 0.37254901960784315 1 0.37254901960784315 0.37254901960784315 0.37254901960784315 1 0.37254901960784315 0.37254901960784315 0.37254901960784315 1 0.37254901960784315 0.37254901960784315 0.37254901960784315 1 0.37254901960784315 0.37254901960784315 0.37254901960784315 1</float_array>
                    <technique_common>
                        <accessor count="8" source="#colorarrayMesh17_2" stride="4">
                            <param name="R" type="float"/>
                            <param name="G" type="float"/>
                            <param name="B" type="float"/>
                            <param name="A" type="float"/>
                        </accessor>
                    </technique_common>
                </source>
                <vertices id="verticesMesh17_2">
                    <input semantic="POSITION" source="#pointsMesh17_2"/>
                </vertices>
                <polylist count="4" material="Material1">
                    <input offset="0" semantic="VERTEX" source="#verticesMesh17_2"/>
                    <input offset="1" semantic="TEXCOORD" source="#uvsMesh17_2" set="0"/>
                    <input offset="2" semantic="COLOR" source="#colorsMesh17_2" set="0"/>
                    <vcount>3 3 3 3</vcount>
                    <p>0 0 0 1 1 1 2 2 2 0 0 0 3 3 3 1 1 1 4 4 4 5 5 5 6 6 6 4 4 4 6 6 6 7 7 7</p>
                </polylist>
            </mesh>
        </geometry>
        <geometry id="meshMesh18_1">
            <mesh>
                <source id="pointsMesh18_1">
                    <float_array id="pointarrayMesh18_1" count="162">-5114 1536 -3418 -2435 1536 -1753 -2942 1536 -1246 -6960 1434 -6206 -6924 717 -6242 -6924 1536 -6242 -6960 819 -6206 -7395 819 -5771 -7431 717 -5735 -7431 1536 -5735 -7395 1434 -5771 -6924 1536 -6242 -4716 1536 -4034 -5223 1536 -3527 -7431 1536 -5735 -5114 1536 -3418 -2942 717 -1246 -5114 717 -3418 -4607 1536 -3925 -7431 717 -5735 -5223 1536 -3527 -5223 717 -3527 -7431 1536 -5735 -4716 1536 -4034 -6924 1536 -6242 -6924 717 -6242 -4716 717 -4034 -2942 1536 -1246 -2797 768 -1391 -2942 512 -1246 -2942 1536 -1246 -2435 717 -1753 -2435 1536 -1753 -4607 1536 -3925 -4607 717 -3925 -2435 512 -1753 -3159 512 -2477 -3159 717 -2477 -3666 512 -1970 -3666 717 -1970 -2942 512 -1246 -2580 768 -1608 -2797 512 -1391 -2435 1536 -1753 -2435 512 -1753 -2580 512 -1608 -2580 512 -1608 -2543 768 -1572 -2580 768 -1608 -2543 512 -1572 -2797 768 -1391 -2761 768 -1355 -2761 512 -1355 -2797 512 -1391</float_array>
                    <technique_common>
                        <accessor count="54" source="#pointarrayMesh18_1" stride="3">
                            <param name="X" type="float"/>
                            <param name="Y" type="float"/>
                            <param name="Z" type="float"/>
                        </accessor>
                    </technique_common>
                </source>
                <source id="uvsMesh18_1">
                    <float_array id="uvarrayMesh18_1" count="108">-4.021484375 3.525390625 10.947265625 0.033203125 10.947265625 3.52734375 1.96484375 1 2.21484375 -5.953125 2.21484375 2.029296875 1.96484375 -4.955078125 -1.02734375 -4.955078125 -1.27734375 -5.953125 -1.27734375 2.029296875 -1.02734375 1 -10.009765625 0.033203125 5.208984375 0.033203125 5.208984375 3.52734375 -10.009765625 3.52734375 7.455078125 7.01953125 -7.513671875 -0.962890625 7.455078125 -0.962890625 -4.021484375 0.033203125 -7.513671875 0.033203125 7.703125 8.017578125 7.703125 0.033203125 -7.513671875 8.017578125 7.703125 8.017578125 -7.513671875 8.017578125 -7.513671875 0.033203125 7.703125 0.033203125 -7.515625 7.01953125 1.466796875 -2.458984375 2.46484375 -4.955078125 2.46484375 5.0234375 -7.515625 -0.962890625 -7.515625 7.01953125 7.455078125 7.01953125 7.455078125 -0.962890625 -7.513671875 -2.958984375 -2.5234375 -2.958984375 -2.5234375 -0.962890625 -2.5234375 -2.958984375 -2.5234375 -0.962890625 -7.513671875 -2.958984375 0 -2.458984375 1.466796875 -4.955078125 -1.02734375 5.0234375 -1.02734375 -4.955078125 0 -4.955078125 0 0.033203125 0.46875 2.52734375 0 2.52734375 0.466796875 0.033203125 0 2.52734375 0.46875 2.52734375 0.466796875 0.033203125 0 0.033203125</float_array>
                    <technique_common>
                        <accessor count="54" source="#uvarrayMesh18_1" stride="2">
                            <param name="S" type="float"/>
                            <param name="T" type="float"/>
                        </accessor>
                    </technique_common>
                </source>
                <vertices id="verticesMesh18_1">
                    <input semantic="POSITION" source="#pointsMesh18_1"/>
                </vertices>
                <polylist count="36" material="Material1">
                    <input offset="0" semantic="VERTEX" source="#verticesMesh18_1"/>
                    <input offset="1" semantic="TEXCOORD" source="#uvsMesh18_1" set="0"/>
                    <vcount>3 3 3 3 3 3 3 3 3 3 3 3 3 3 3 3 3 3 3 3 3 3 3 3 3 3 3 3 3 3 3 3 3 3 3 3</vcount>
                    <p>0 0 1 1 2 2 3 3 4 4 5 5 3 3 6 6 4 4 4 4 6 6 7 7 4 4 7 7 8 8 9 9 7 7 10 10 9 9 8 8 7 7 3 3 5 5 9 9 9 9 10 10 3 3 11 11 12 12 13 13 14 14 11 11 13 13 15 15 16 16 17 17 0 0 18 18 1 1 19 19 20 20 21 21 19 19 22 22 20 20 23 23 24 24 25 25 23 23 25 25 26 26 15 15 27 27 16 16 28 28 29 29 30 30 31 31 32 32 33 33 31 31 33 33 34 34 35 35 31 31 36 36 31 31 37 37 36 36 38 38 39 39 40 40 39 39 16 16 40 40 41 41 28 28 30 30 28 28 42 42 29 29 41 41 30 30 43 43 44 44 45 45 41 41 44 44 41 41 43 43 46 46 47 47 48 48 46 46 49 49 47 47 50 50 51 51 52 52 47 47 51 51 50 50 50 50 52 52 53 53 47 47 50 50 48 48</p>
                </polylist>
            </mesh>
        </geometry>
        <geometry id="meshMesh18_2">
            <mesh>
                <source id="pointsMesh18_2">
                    <float_array id="pointarrayMesh18_2" count="162">-5114 1536 -3418 -2435 1536 -1753 -2942 1536 -1246 -6960 1434 -6206 -6924 717 -6242 -6924 1536 -6242 -6960 819 -6206 -7395 819 -5771 -7431 717 -5735 -7431 1536 -5735 -7395 1434 -5771 -6924 1536 -6242 -4716 1536 -4034 -5223 1536 -3527 -7431 1536 -5735 -5114 1536 -3418 -2942 717 -1246 -5114 717 -3418 -4607 1536 -3925 -7431 717 -5735 -5223 1536 -3527 -5223 717 -3527 -7431 1536 -5735 -4716 1536 -4034 -6924 1536 -6242 -6924 717 -6242 -4716 717 -4034 -2942 1536 -1246 -2797 768 -1391 -2942 512 -1246 -2942 1536 -1246 -2435 717 -1753 -2435 1536 -1753 -4607 1536 -3925 -4607 717 -3925 -2435 512 -1753 -3159 512 -2477 -3159 717 -2477 -3666 512 -1970 -3666 717 -1970 -2942 512 -1246 -2580 768 -1608 -2797 512 -1391 -2435 1536 -1753 -2435 512 -1753 -2580 512 -1608 -2580 512 -1608 -2543 768 -1572 -2580 768 -1608 -2543 512 -1572 -2797 768 -1391 -2761 768 -1355 -2761 512 -1355 -2797 512 -1391</float_array>
                    <technique_common>
                        <accessor count="54" source="#pointarrayMesh18_2" stride="3">
                            <param name="X" type="float"/>
                            <param name="Y" type="float"/>
                            <param name="Z" type="float"/>
                        </accessor>
                    </technique_common>
                </source>
                <source id="uvsMesh18_2">
                    <float_array id="uvarrayMesh18_2" count="108">-4.021484375 3.525390625 10.947265625 0.033203125 10.947265625 3.52734375 1.96484375 1 2.21484375 -5.953125 2.21484375 2.029296875 1.96484375 -4.955078125 -1.02734375 -4.955078125 -1.27734375 -5.953125 -1.27734375 2.029296875 -1.02734375 1 -10.009765625 0.033203125 5.208984375 0.033203125 5.208984375 3.52734375 -10.009765625 3.52734375 7.455078125 7.01953125 -7.513671875 -0.962890625 7.455078125 -0.962890625 -4.021484375 0.033203125 -7.513671875 0.033203125 7.703125 8.017578125 7.703125 0.033203125 -7.513671875 8.017578125 7.703125 8.017578125 -7.513671875 8.017578125 -7.513671875 0.033203125 7.703125 0.033203125 -7.515625 7.01953125 1.466796875 -2.458984375 2.46484375 -4.955078125 2.46484375 5.0234375 -7.515625 -0.962890625 -7.515625 7.01953125 7.455078125 7.01953125 7.455078125 -0.962890625 -7.513671875 -2.958984375 -2.5234375 -2.958984375 -2.5234375 -0.962890625 -2.5234375 -2.958984375 -2.5234375 -0.962890625 -7.513671875 -2.958984375 0 -2.458984375 1.466796875 -4.955078125 -1.02734375 5.0234375 -1.02734375 -4.955078125 0 -4.955078125 0 0.033203125 0.46875 2.52734375 0 2.52734375 0.466796875 0.033203125 0 2.52734375 0.46875 2.52734375 0.466796875 0.033203125 0 0.033203125</float_array>
                    <technique_common>
                        <accessor count="54" source="#uvarrayMesh18_2" stride="2">
                            <param name="S" type="float"/>
                            <param name="T" type="float"/>
                        </accessor>
                    </technique_common>
                </source>
                <source id="colorsMesh18_2">
                    <float_array id="colorarrayMesh18_2" count="216">0.37254901960784315 0.37254901960784315 0.37254901960784315 1 0.37254901960784315 0.37254901960784315 0.37254901960784315 1 0.37254901960784315 0.37254901960784315 0.37254901960784315 1 0.37254901960784315 0.37254901960784315 0.37254901960784315 1 0.37254901960784315 0.37254901960784315 0.37254901960784315 1 0.37254901960784315 0.37254901960784315 0.37254901960784315 1 0.37254901960784315 0.37254901960784315 0.37254901960784315 1 0.37254901960784315 0.37254901960784315 0.37254901960784315 1 0.37254901960784315 0.37254901960784315 0.37254901960784315 1 0.37254901960784315 0.37254901960784315 0.37254901960784315 1 0.37254901960784315 0.37254901960784315 0.37254901960784315 1 0.37254901960784315 0.37254901960784315 0.37254901960784315 1 0.37254901960784315 0.37254901960784315 0.37254901960784315 1 0.37254901960784315 0.37254901960784315 0.37254901960784315 1 0.37254901960784315 0.37254901960784315 0.37254901960784315 1 0.37254901960784315 0.37254901960784315 0.37254901960784315 1 0.37254901960784315 0.37254901960784315 0.37254901960784315 1 0.37254901960784315 0.37254901960784315 0.37254901960784315 1 0.37254901960784315 0.37254901960784315 0.37254901960784315 1 0.37254901960784315 0.37254901960784315 0.37254901960784315 1 0.37254901960784315 0.37254901960784315 0.37254901960784315 1 0.37254901960784315 0.37254901960784315 0.37254901960784315 1 0.37254901960784315 0.37254901960784315 0.37254901960784315 1 0.37254901960784315 0.37254901960784315 0.37254901960784315 1 0.37254901960784315 0.37254901960784315 0.37254901960784315 1 0.37254901960784315 0.37254901960784315 0.37254901960784315 1 0.37254901960784315 0.37254901960784315 0.37254901960784315 1 0.37254901960784315 0.37254901960784315 0.37254901960784315 1 0.37254901960784315 0.37254901960784315 0.37254901960784315 1 0.37254901960784315 0.37254901960784315 0.37254901960784315 1 0.37254901960784315 0.37254901960784315 0.37254901960784315 1 0.37254901960784315 0.37254901960784315 0.37254901960784315 1 0.37254901960784315 0.37254901960784315 0.37254901960784315 1 0.37254901960784315 0.37254901960784315 0.37254901960784315 1 0.37254901960784315 0.37254901960784315 0.37254901960784315 1 0.37254901960784315 0.37254901960784315 0.37254901960784315 1 0.37254901960784315 0.37254901960784315 0.37254901960784315 1 0.37254901960784315 0.37254901960784315 0.37254901960784315 1 0.37254901960784315 0.37254901960784315 0.37254901960784315 1 0.37254901960784315 0.37254901960784315 0.37254901960784315 1 0.37254901960784315 0.37254901960784315 0.37254901960784315 1 0.37254901960784315 0.37254901960784315 0.37254901960784315 1 0.37254901960784315 0.37254901960784315 0.37254901960784315 1 0.37254901960784315 0.37254901960784315 0.37254901960784315 1 0.37254901960784315 0.37254901960784315 0.37254901960784315 1 0.37254901960784315 0.37254901960784315 0.37254901960784315 1 0.37254901960784315 0.37254901960784315 0.37254901960784315 1 0.37254901960784315 0.37254901960784315 0.37254901960784315 1 0.37254901960784315 0.37254901960784315 0.37254901960784315 1 0.37254901960784315 0.37254901960784315 0.37254901960784315 1 0.37254901960784315 0.37254901960784315 0.37254901960784315 1 0.37254901960784315 0.37254901960784315 0.37254901960784315 1 0.37254901960784315 0.37254901960784315 0.37254901960784315 1 0.37254901960784315 0.37254901960784315 0.37254901960784315 1</float_array>
                    <technique_common>
                        <accessor count="54" source="#colorarrayMesh18_2" stride="4">
                            <param name="R" type="float"/>
                            <param name="G" type="float"/>
                            <param name="B" type="float"/>
                            <param name="A" type="float"/>
                        </accessor>
                    </technique_common>
                </source>
                <vertices id="verticesMesh18_2">
                    <input semantic="POSITION" source="#pointsMesh18_2"/>
                </vertices>
                <polylist count="36" material="Material1">
                    <input offset="0" semantic="VERTEX" source="#verticesMesh18_2"/>
                    <input offset="1" semantic="TEXCOORD" source="#uvsMesh18_2" set="0"/>
                    <input offset="2" semantic="COLOR" source="#colorsMesh18_2" set="0"/>
                    <vcount>3 3 3 3 3 3 3 3 3 3 3 3 3 3 3 3 3 3 3 3 3 3 3 3 3 3 3 3 3 3 3 3 3 3 3 3</vcount>
                    <p>0 0 0 1 1 1 2 2 2 3 3 3 4 4 4 5 5 5 3 3 3 6 6 6 4 4 4 4 4 4 6 6 6 7 7 7 4 4 4 7 7 7 8 8 8 9 9 9 7 7 7 10 10 10 9 9 9 8 8 8 7 7 7 3 3 3 5 5 5 9 9 9 9 9 9 10 10 10 3 3 3 11 11 11 12 12 12 13 13 13 14 14 14 11 11 11 13 13 13 15 15 15 16 16 16 17 17 17 0 0 0 18 18 18 1 1 1 19 19 19 20 20 20 21 21 21 19 19 19 22 22 22 20 20 20 23 23 23 24 24 24 25 25 25 23 23 23 25 25 25 26 26 26 15 15 15 27 27 27 16 16 16 28 28 28 29 29 29 30 30 30 31 31 31 32 32 32 33 33 33 31 31 31 33 33 33 34 34 34 35 35 35 31 31 31 36 36 36 31 31 31 37 37 37 36 36 36 38 38 38 39 39 39 40 40 40 39 39 39 16 16 16 40 40 40 41 41 41 28 28 28 30 30 30 28 28 28 42 42 42 29 29 29 41 41 41 30 30 30 43 43 43 44 44 44 45 45 45 41 41 41 44 44 44 41 41 41 43 43 43 46 46 46 47 47 47 48 48 48 46 46 46 49 49 49 47 47 47 50 50 50 51 51 51 52 52 52 47 47 47 51 51 51 50 50 50 50 50 50 52 52 52 53 53 53 47 47 47 50 50 50 48 48 48</p>
                </polylist>
            </mesh>
        </geometry>
        <geometry id="meshMesh19_1">
            <mesh>
                <source id="pointsMesh19_1">
                    <float_array id="pointarrayMesh19_1" count="207">-6128 717 -5373 -6164 1485 -5409 -6164 717 -5409 -6671 717 -4975 -6671 1536 -4975 -6598 1485 -4975 -6598 717 -4975 -6562 1485 -4939 -6562 717 -4939 -6598 1485 -4975 -6671 1536 -4975 -6164 1536 -5482 -6164 1485 -5409 -6164 1536 -5482 -6164 717 -5482 -6128 1485 -5373 -6055 717 -5373 -6128 1485 -5373 -6562 1485 -4939 -5223 717 -3527 -5223 1536 -3527 -5150 1485 -3527 -6562 1536 -4866 -6055 1536 -5373 -6562 1536 -4866 -6562 717 -4866 -6055 1536 -5373 -5150 717 -3527 -4679 717 -3925 -4716 1485 -3961 -4716 717 -3961 -5114 1485 -3491 -5114 717 -3491 -4716 1485 -3961 -5150 1485 -3527 -4716 1536 -4034 -4716 1536 -4034 -4716 717 -4034 -4607 717 -3925 -4679 1485 -3925 -4679 1485 -3925 -5114 1485 -3491 -4607 1536 -3925 -5114 1536 -3418 -3774 717 -2079 -3702 1485 -2079 -3702 717 -2079 -5114 717 -3418 -4607 1536 -3925 -3666 717 -2042 -3666 1485 -2042 -3666 1536 -1970 -3666 717 -1970 -3774 1536 -2079 -3231 1485 -2477 -3666 1485 -2042 -3702 1485 -2079 -3268 1485 -2513 -3774 1536 -2079 -3268 1536 -2585 -3159 1536 -2477 -3666 1536 -1970 -3666 1485 -2042 -3231 717 -2477 -3231 1485 -2477 -3268 1485 -2513 -3268 717 -2513 -3268 717 -2585 -3159 717 -2477</float_array>
                    <technique_common>
                        <accessor count="69" source="#pointarrayMesh19_1" stride="3">
                            <param name="X" type="float"/>
                            <param name="Y" type="float"/>
                            <param name="Z" type="float"/>
                        </accessor>
                    </technique_common>
                </source>
                <source id="uvsMesh19_1">
                    <float_array id="uvarrayMesh19_1" count="138">0.634765625 0.017578125 0.30078125 0.953125 0.30078125 0.017578125 0.966796875 0.017578125 0.966796875 1 0.634765625 0.953125 0.634765625 0.017578125 0.30078125 0.953125 0.30078125 0.017578125 0.30078125 0.943359375 0 1 0 0.017578125 0.30078125 0.087890625 0 1 0 0.017578125 0.634765625 0.953125 0.966796875 0.017578125 0.634765625 0.087890625 0.634765625 0.943359375 0 0.017578125 0 1 0.30078125 0.953125 0.966796875 1 0.966796875 0.017578125 0 1 0 0.017578125 0.966796875 1 0.30078125 0.017578125 0.634765625 0.017578125 0.30078125 0.953125 0.30078125 0.017578125 0.634765625 0.953125 0.634765625 0.017578125 0.30078125 0.08984375 0.30078125 0.9453125 0 0.017578125 0 1 0 0.017578125 0.966796875 0.017578125 0.634765625 0.953125 0.634765625 0.08984375 0.634765625 0.9453125 0.966796875 0.017578125 0.966796875 1 0.966796875 0.017578125 0.634765625 0.953125 0.634765625 0.017578125 0.966796875 0.017578125 0.966796875 1 0.30078125 0.017578125 0.30078125 0.953125 0 1 0 0.017578125 0.966796875 1 0.30078125 0.943359375 0.30078125 0.087890625 0.634765625 0.087890625 0.634765625 0.943359375 0.966796875 0.017578125 0.966796875 1 0 1 0 0.017578125 0.30078125 0.08984375 0.30078125 0.017578125 0.30078125 0.953125 0.634765625 0.953125 0.634765625 0.017578125 0.966796875 0.017578125 0 0.017578125</float_array>
                    <technique_common>
                        <accessor count="69" source="#uvarrayMesh19_1" stride="2">
                            <param name="S" type="float"/>
                            <param name="T" type="float"/>
                        </accessor>
                    </technique_common>
                </source>
                <vertices id="verticesMesh19_1">
                    <input semantic="POSITION" source="#pointsMesh19_1"/>
                </vertices>
                <polylist count="54" material="Material1">
                    <input offset="0" semantic="VERTEX" source="#verticesMesh19_1"/>
                    <input offset="1" semantic="TEXCOORD" source="#uvsMesh19_1" set="0"/>
                    <vcount>3 3 3 3 3 3 3 3 3 3 3 3 3 3 3 3 3 3 3 3 3 3 3 3 3 3 3 3 3 3 3 3 3 3 3 3 3 3 3 3 3 3 3 3 3 3 3 3 3 3 3 3 3 3</vcount>
                    <p>0 0 1 1 2 2 3 3 4 4 5 5 3 3 5 5 6 6 6 6 5 5 7 7 6 6 7 7 8 8 9 9 10 10 11 11 12 12 9 9 11 11 2 2 1 1 13 13 2 2 13 13 14 14 0 0 15 15 1 1 16 16 15 15 0 0 17 17 18 18 9 9 17 17 9 9 12 12 19 19 20 20 21 21 22 22 18 18 17 17 23 23 22 22 17 17 8 8 7 7 24 24 8 8 24 24 25 25 16 16 26 26 15 15 19 19 21 21 27 27 28 28 29 29 30 30 27 27 21 21 31 31 27 27 31 31 32 32 33 33 34 34 20 20 33 33 20 20 35 35 30 30 29 29 36 36 30 30 36 36 37 37 38 38 39 39 28 28 28 28 39 39 29 29 40 40 41 41 34 34 40 40 34 34 33 33 42 42 43 43 41 41 42 42 41 41 40 40 44 44 45 45 46 46 32 32 31 31 43 43 32 32 43 43 47 47 38 38 48 48 39 39 49 49 50 50 51 51 49 49 51 51 52 52 44 44 53 53 45 45 54 54 55 55 56 56 46 46 45 45 50 50 46 46 50 50 49 49 57 57 56 56 58 58 57 57 58 58 59 59 60 60 61 61 62 62 60 60 62 62 54 54 63 63 64 64 65 65 54 54 56 56 57 57 66 66 59 59 67 67 63 63 65 65 66 66 66 66 65 65 59 59 68 68 60 60 64 64 68 68 64 64 63 63</p>
                </polylist>
            </mesh>
        </geometry>
        <geometry id="meshMesh19_2">
            <mesh>
                <source id="pointsMesh19_2">
                    <float_array id="pointarrayMesh19_2" count="207">-6128 717 -5373 -6164 1485 -5409 -6164 717 -5409 -6671 717 -4975 -6671 1536 -4975 -6598 1485 -4975 -6598 717 -4975 -6562 1485 -4939 -6562 717 -4939 -6598 1485 -4975 -6671 1536 -4975 -6164 1536 -5482 -6164 1485 -5409 -6164 1536 -5482 -6164 717 -5482 -6128 1485 -5373 -6055 717 -5373 -6128 1485 -5373 -6562 1485 -4939 -5223 717 -3527 -5223 1536 -3527 -5150 1485 -3527 -6562 1536 -4866 -6055 1536 -5373 -6562 1536 -4866 -6562 717 -4866 -6055 1536 -5373 -5150 717 -3527 -4679 717 -3925 -4716 1485 -3961 -4716 717 -3961 -5114 1485 -3491 -5114 717 -3491 -4716 1485 -3961 -5150 1485 -3527 -4716 1536 -4034 -4716 1536 -4034 -4716 717 -4034 -4607 717 -3925 -4679 1485 -3925 -4679 1485 -3925 -5114 1485 -3491 -4607 1536 -3925 -5114 1536 -3418 -3774 717 -2079 -3702 1485 -2079 -3702 717 -2079 -5114 717 -3418 -4607 1536 -3925 -3666 717 -2042 -3666 1485 -2042 -3666 1536 -1970 -3666 717 -1970 -3774 1536 -2079 -3231 1485 -2477 -3666 1485 -2042 -3702 1485 -2079 -3268 1485 -2513 -3774 1536 -2079 -3268 1536 -2585 -3159 1536 -2477 -3666 1536 -1970 -3666 1485 -2042 -3231 717 -2477 -3231 1485 -2477 -3268 1485 -2513 -3268 717 -2513 -3268 717 -2585 -3159 717 -2477</float_array>
                    <technique_common>
                        <accessor count="69" source="#pointarrayMesh19_2" stride="3">
                            <param name="X" type="float"/>
                            <param name="Y" type="float"/>
                            <param name="Z" type="float"/>
                        </accessor>
                    </technique_common>
                </source>
                <source id="uvsMesh19_2">
                    <float_array id="uvarrayMesh19_2" count="138">0.634765625 0.017578125 0.30078125 0.953125 0.30078125 0.017578125 0.966796875 0.017578125 0.966796875 1 0.634765625 0.953125 0.634765625 0.017578125 0.30078125 0.953125 0.30078125 0.017578125 0.30078125 0.943359375 0 1 0 0.017578125 0.30078125 0.087890625 0 1 0 0.017578125 0.634765625 0.953125 0.966796875 0.017578125 0.634765625 0.087890625 0.634765625 0.943359375 0 0.017578125 0 1 0.30078125 0.953125 0.966796875 1 0.966796875 0.017578125 0 1 0 0.017578125 0.966796875 1 0.30078125 0.017578125 0.634765625 0.017578125 0.30078125 0.953125 0.30078125 0.017578125 0.634765625 0.953125 0.634765625 0.017578125 0.30078125 0.08984375 0.30078125 0.9453125 0 0.017578125 0 1 0 0.017578125 0.966796875 0.017578125 0.634765625 0.953125 0.634765625 0.08984375 0.634765625 0.9453125 0.966796875 0.017578125 0.966796875 1 0.966796875 0.017578125 0.634765625 0.953125 0.634765625 0.017578125 0.966796875 0.017578125 0.966796875 1 0.30078125 0.017578125 0.30078125 0.953125 0 1 0 0.017578125 0.966796875 1 0.30078125 0.943359375 0.30078125 0.087890625 0.634765625 0.087890625 0.634765625 0.943359375 0.966796875 0.017578125 0.966796875 1 0 1 0 0.017578125 0.30078125 0.08984375 0.30078125 0.017578125 0.30078125 0.953125 0.634765625 0.953125 0.634765625 0.017578125 0.966796875 0.017578125 0 0.017578125</float_array>
                    <technique_common>
                        <accessor count="69" source="#uvarrayMesh19_2" stride="2">
                            <param name="S" type="float"/>
                            <param name="T" type="float"/>
                        </accessor>
                    </technique_common>
                </source>
                <source id="colorsMesh19_2">
                    <float_array id="colorarrayMesh19_2" count="276">0.37254901960784315 0.37254901960784315 0.37254901960784315 1 0.37254901960784315 0.37254901960784315 0.37254901960784315 1 0.37254901960784315 0.37254901960784315 0.37254901960784315 1 0.37254901960784315 0.37254901960784315 0.37254901960784315 1 0.37254901960784315 0.37254901960784315 0.37254901960784315 1 0.37254901960784315 0.37254901960784315 0.37254901960784315 1 0.37254901960784315 0.37254901960784315 0.37254901960784315 1 0.37254901960784315 0.37254901960784315 0.37254901960784315 1 0.37254901960784315 0.37254901960784315 0.37254901960784315 1 0.37254901960784315 0.37254901960784315 0.37254901960784315 1 0.37254901960784315 0.37254901960784315 0.37254901960784315 1 0.37254901960784315 0.37254901960784315 0.37254901960784315 1 0.37254901960784315 0.37254901960784315 0.37254901960784315 1 0.37254901960784315 0.37254901960784315 0.37254901960784315 1 0.37254901960784315 0.37254901960784315 0.37254901960784315 1 0.37254901960784315 0.37254901960784315 0.37254901960784315 1 0.37254901960784315 0.37254901960784315 0.37254901960784315 1 0.37254901960784315 0.37254901960784315 0.37254901960784315 1 0.37254901960784315 0.37254901960784315 0.37254901960784315 1 0.37254901960784315 0.37254901960784315 0.37254901960784315 1 0.37254901960784315 0.37254901960784315 0.37254901960784315 1 0.37254901960784315 0.37254901960784315 0.37254901960784315 1 0.37254901960784315 0.37254901960784315 0.37254901960784315 1 0.37254901960784315 0.37254901960784315 0.37254901960784315 1 0.37254901960784315 0.37254901960784315 0.37254901960784315 1 0.37254901960784315 0.37254901960784315 0.37254901960784315 1 0.37254901960784315 0.37254901960784315 0.37254901960784315 1 0.37254901960784315 0.37254901960784315 0.37254901960784315 1 0.37254901960784315 0.37254901960784315 0.37254901960784315 1 0.37254901960784315 0.37254901960784315 0.37254901960784315 1 0.37254901960784315 0.37254901960784315 0.37254901960784315 1 0.37254901960784315 0.37254901960784315 0.37254901960784315 1 0.37254901960784315 0.37254901960784315 0.37254901960784315 1 0.37254901960784315 0.37254901960784315 0.37254901960784315 1 0.37254901960784315 0.37254901960784315 0.37254901960784315 1 0.37254901960784315 0.37254901960784315 0.37254901960784315 1 0.37254901960784315 0.37254901960784315 0.37254901960784315 1 0.37254901960784315 0.37254901960784315 0.37254901960784315 1 0.37254901960784315 0.37254901960784315 0.37254901960784315 1 0.37254901960784315 0.37254901960784315 0.37254901960784315 1 0.37254901960784315 0.37254901960784315 0.37254901960784315 1 0.37254901960784315 0.37254901960784315 0.37254901960784315 1 0.37254901960784315 0.37254901960784315 0.37254901960784315 1 0.37254901960784315 0.37254901960784315 0.37254901960784315 1 0.37254901960784315 0.37254901960784315 0.37254901960784315 1 0.37254901960784315 0.37254901960784315 0.37254901960784315 1 0.37254901960784315 0.37254901960784315 0.37254901960784315 1 0.37254901960784315 0.37254901960784315 0.37254901960784315 1 0.37254901960784315 0.37254901960784315 0.37254901960784315 1 0.37254901960784315 0.37254901960784315 0.37254901960784315 1 0.37254901960784315 0.37254901960784315 0.37254901960784315 1 0.37254901960784315 0.37254901960784315 0.37254901960784315 1 0.37254901960784315 0.37254901960784315 0.37254901960784315 1 0.37254901960784315 0.37254901960784315 0.37254901960784315 1 0.37254901960784315 0.37254901960784315 0.37254901960784315 1 0.37254901960784315 0.37254901960784315 0.37254901960784315 1 0.37254901960784315 0.37254901960784315 0.37254901960784315 1 0.37254901960784315 0.37254901960784315 0.37254901960784315 1 0.37254901960784315 0.37254901960784315 0.37254901960784315 1 0.37254901960784315 0.37254901960784315 0.37254901960784315 1 0.37254901960784315 0.37254901960784315 0.37254901960784315 1 0.37254901960784315 0.37254901960784315 0.37254901960784315 1 0.37254901960784315 0.37254901960784315 0.37254901960784315 1 0.37254901960784315 0.37254901960784315 0.37254901960784315 1 0.37254901960784315 0.37254901960784315 0.37254901960784315 1 0.37254901960784315 0.37254901960784315 0.37254901960784315 1 0.37254901960784315 0.37254901960784315 0.37254901960784315 1 0.37254901960784315 0.37254901960784315 0.37254901960784315 1 0.37254901960784315 0.37254901960784315 0.37254901960784315 1</float_array>
                    <technique_common>
                        <accessor count="69" source="#colorarrayMesh19_2" stride="4">
                            <param name="R" type="float"/>
                            <param name="G" type="float"/>
                            <param name="B" type="float"/>
                            <param name="A" type="float"/>
                        </accessor>
                    </technique_common>
                </source>
                <vertices id="verticesMesh19_2">
                    <input semantic="POSITION" source="#pointsMesh19_2"/>
                </vertices>
                <polylist count="54" material="Material1">
                    <input offset="0" semantic="VERTEX" source="#verticesMesh19_2"/>
                    <input offset="1" semantic="TEXCOORD" source="#uvsMesh19_2" set="0"/>
                    <input offset="2" semantic="COLOR" source="#colorsMesh19_2" set="0"/>
                    <vcount>3 3 3 3 3 3 3 3 3 3 3 3 3 3 3 3 3 3 3 3 3 3 3 3 3 3 3 3 3 3 3 3 3 3 3 3 3 3 3 3 3 3 3 3 3 3 3 3 3 3 3 3 3 3</vcount>
                    <p>0 0 0 1 1 1 2 2 2 3 3 3 4 4 4 5 5 5 3 3 3 5 5 5 6 6 6 6 6 6 5 5 5 7 7 7 6 6 6 7 7 7 8 8 8 9 9 9 10 10 10 11 11 11 12 12 12 9 9 9 11 11 11 2 2 2 1 1 1 13 13 13 2 2 2 13 13 13 14 14 14 0 0 0 15 15 15 1 1 1 16 16 16 15 15 15 0 0 0 17 17 17 18 18 18 9 9 9 17 17 17 9 9 9 12 12 12 19 19 19 20 20 20 21 21 21 22 22 22 18 18 18 17 17 17 23 23 23 22 22 22 17 17 17 8 8 8 7 7 7 24 24 24 8 8 8 24 24 24 25 25 25 16 16 16 26 26 26 15 15 15 19 19 19 21 21 21 27 27 27 28 28 28 29 29 29 30 30 30 27 27 27 21 21 21 31 31 31 27 27 27 31 31 31 32 32 32 33 33 33 34 34 34 20 20 20 33 33 33 20 20 20 35 35 35 30 30 30 29 29 29 36 36 36 30 30 30 36 36 36 37 37 37 38 38 38 39 39 39 28 28 28 28 28 28 39 39 39 29 29 29 40 40 40 41 41 41 34 34 34 40 40 40 34 34 34 33 33 33 42 42 42 43 43 43 41 41 41 42 42 42 41 41 41 40 40 40 44 44 44 45 45 45 46 46 46 32 32 32 31 31 31 43 43 43 32 32 32 43 43 43 47 47 47 38 38 38 48 48 48 39 39 39 49 49 49 50 50 50 51 51 51 49 49 49 51 51 51 52 52 52 44 44 44 53 53 53 45 45 45 54 54 54 55 55 55 56 56 56 46 46 46 45 45 45 50 50 50 46 46 46 50 50 50 49 49 49 57 57 57 56 56 56 58 58 58 57 57 57 58 58 58 59 59 59 60 60 60 61 61 61 62 62 62 60 60 60 62 62 62 54 54 54 63 63 63 64 64 64 65 65 65 54 54 54 56 56 56 57 57 57 66 66 66 59 59 59 67 67 67 63 63 63 65 65 65 66 66 66 66 66 66 65 65 65 59 59 59 68 68 68 60 60 60 64 64 64 68 68 68 64 64 64 63 63 63</p>
                </polylist>
            </mesh>
        </geometry>
        <geometry id="meshMesh20_1">
            <mesh>
                <source id="pointsMesh20_1">
                    <float_array id="pointarrayMesh20_1" count="60">-5548 512 -3853 -5042 512 -4359 -5476 512 -4794 -5983 512 -4287 -5476 666 -4794 -5983 666 -4287 -5983 512 -4287 -5476 512 -4794 -5548 666 -3853 -5042 512 -4359 -5548 512 -3853 -5042 666 -4359 -5983 512 -4287 -5983 717 -4287 -5548 717 -3853 -5548 512 -3853 -5042 512 -4359 -5476 717 -4794 -5476 512 -4794 -5042 717 -4359</float_array>
                    <technique_common>
                        <accessor count="20" source="#pointarrayMesh20_1" stride="3">
                            <param name="X" type="float"/>
                            <param name="Y" type="float"/>
                            <param name="Z" type="float"/>
                        </accessor>
                    </technique_common>
                </source>
                <source id="uvsMesh20_1">
                    <float_array id="uvarrayMesh20_1" count="40">0 1 0 1 0 1 0 1 0 1 0 1 0 1 0 1 0 1 0 1 0 1 0 1 0 1 0 1 0 1 0 1 0 1 0 1 0 1 0 1</float_array>
                    <technique_common>
                        <accessor count="20" source="#uvarrayMesh20_1" stride="2">
                            <param name="S" type="float"/>
                            <param name="T" type="float"/>
                        </accessor>
                    </technique_common>
                </source>
                <source id="colorsMesh20_1">
                    <float_array id="colorarrayMesh20_1" count="80">0 0 0 1 0 0 0 1 0 0 0 1 0 0 0 1 0.07450980392156863 0.07450980392156863 0.07450980392156863 1 0.07450980392156863 0.07450980392156863 0.07450980392156863 1 0.07450980392156863 0.07450980392156863 0.07450980392156863 1 0.07450980392156863 0.07450980392156863 0.07450980392156863 1 0.07450980392156863 0.07450980392156863 0.07450980392156863 1 0.07450980392156863 0.07450980392156863 0.07450980392156863 1 0.07450980392156863 0.07450980392156863 0.07450980392156863 1 0.07450980392156863 0.07450980392156863 0.07450980392156863 1 0.1607843137254902 0.1607843137254902 0.1607843137254902 1 0.1607843137254902 0.1607843137254902 0.1607843137254902 1 0.1607843137254902 0.1607843137254902 0.1607843137254902 1 0.1607843137254902 0.1607843137254902 0.1607843137254902 1 0.1607843137254902 0.1607843137254902 0.1607843137254902 1 0.1607843137254902 0.1607843137254902 0.1607843137254902 1 0.1607843137254902 0.1607843137254902 0.1607843137254902 1 0.1607843137254902 0.1607843137254902 0.1607843137254902 1</float_array>
                    <technique_common>
                        <accessor count="20" source="#colorarrayMesh20_1" stride="4">
                            <param name="R" type="float"/>
                            <param name="G" type="float"/>
                            <param name="B" type="float"/>
                            <param name="A" type="float"/>
                        </accessor>
                    </technique_common>
                </source>
                <vertices id="verticesMesh20_1">
                    <input semantic="POSITION" source="#pointsMesh20_1"/>
                </vertices>
                <polylist count="10" material="Material1">
                    <input offset="0" semantic="VERTEX" source="#verticesMesh20_1"/>
                    <input offset="1" semantic="TEXCOORD" source="#uvsMesh20_1" set="0"/>
                    <input offset="2" semantic="COLOR" source="#colorsMesh20_1" set="0"/>
                    <vcount>3 3 3 3 3 3 3 3 3 3</vcount>
                    <p>0 0 0 1 1 1 2 2 2 0 0 0 2 2 2 3 3 3 4 4 4 5 5 5 6 6 6 4 4 4 6 6 6 7 7 7 8 8 8 9 9 9 10 10 10 8 8 8 11 11 11 9 9 9 12 12 12 13 13 13 14 14 14 12 12 12 14 14 14 15 15 15 16 16 16 17 17 17 18 18 18 16 16 16 19 19 19 17 17 17</p>
                </polylist>
            </mesh>
        </geometry>
        <geometry id="meshMesh20_2">
            <mesh>
                <source id="pointsMesh20_2">
                    <float_array id="pointarrayMesh20_2" count="60">-5548 512 -3853 -5042 512 -4359 -5476 512 -4794 -5983 512 -4287 -5476 666 -4794 -5983 666 -4287 -5983 512 -4287 -5476 512 -4794 -5548 666 -3853 -5042 512 -4359 -5548 512 -3853 -5042 666 -4359 -5983 512 -4287 -5983 717 -4287 -5548 717 -3853 -5548 512 -3853 -5042 512 -4359 -5476 717 -4794 -5476 512 -4794 -5042 717 -4359</float_array>
                    <technique_common>
                        <accessor count="20" source="#pointarrayMesh20_2" stride="3">
                            <param name="X" type="float"/>
                            <param name="Y" type="float"/>
                            <param name="Z" type="float"/>
                        </accessor>
                    </technique_common>
                </source>
                <source id="uvsMesh20_2">
                    <float_array id="uvarrayMesh20_2" count="40">0 1 0 1 0 1 0 1 0 1 0 1 0 1 0 1 0 1 0 1 0 1 0 1 0 1 0 1 0 1 0 1 0 1 0 1 0 1 0 1</float_array>
                    <technique_common>
                        <accessor count="20" source="#uvarrayMesh20_2" stride="2">
                            <param name="S" type="float"/>
                            <param name="T" type="float"/>
                        </accessor>
                    </technique_common>
                </source>
                <source id="colorsMesh20_2">
                    <float_array id="colorarrayMesh20_2" count="80">0 0 0 1 0 0 0 1 0 0 0 1 0 0 0 1 0.027450980392156862 0.027450980392156862 0.027450980392156862 1 0.027450980392156862 0.027450980392156862 0.027450980392156862 1 0.027450980392156862 0.027450980392156862 0.027450980392156862 1 0.027450980392156862 0.027450980392156862 0.027450980392156862 1 0.027450980392156862 0.027450980392156862 0.027450980392156862 1 0.027450980392156862 0.027450980392156862 0.027450980392156862 1 0.027450980392156862 0.027450980392156862 0.027450980392156862 1 0.027450980392156862 0.027450980392156862 0.027450980392156862 1 0.058823529411764705 0.058823529411764705 0.058823529411764705 1 0.058823529411764705 0.058823529411764705 0.058823529411764705 1 0.058823529411764705 0.058823529411764705 0.058823529411764705 1 0.058823529411764705 0.058823529411764705 0.058823529411764705 1 0.058823529411764705 0.058823529411764705 0.058823529411764705 1 0.058823529411764705 0.058823529411764705 0.058823529411764705 1 0.058823529411764705 0.058823529411764705 0.058823529411764705 1 0.058823529411764705 0.058823529411764705 0.058823529411764705 1</float_array>
                    <technique_common>
                        <accessor count="20" source="#colorarrayMesh20_2" stride="4">
                            <param name="R" type="float"/>
                            <param name="G" type="float"/>
                            <param name="B" type="float"/>
                            <param name="A" type="float"/>
                        </accessor>
                    </technique_common>
                </source>
                <vertices id="verticesMesh20_2">
                    <input semantic="POSITION" source="#pointsMesh20_2"/>
                </vertices>
                <polylist count="10" material="Material1">
                    <input offset="0" semantic="VERTEX" source="#verticesMesh20_2"/>
                    <input offset="1" semantic="TEXCOORD" source="#uvsMesh20_2" set="0"/>
                    <input offset="2" semantic="COLOR" source="#colorsMesh20_2" set="0"/>
                    <vcount>3 3 3 3 3 3 3 3 3 3</vcount>
                    <p>0 0 0 1 1 1 2 2 2 0 0 0 2 2 2 3 3 3 4 4 4 5 5 5 6 6 6 4 4 4 6 6 6 7 7 7 8 8 8 9 9 9 10 10 10 8 8 8 11 11 11 9 9 9 12 12 12 13 13 13 14 14 14 12 12 12 14 14 14 15 15 15 16 16 16 17 17 17 18 18 18 16 16 16 19 19 19 17 17 17</p>
                </polylist>
            </mesh>
        </geometry>
        <geometry id="meshMesh21_1">
            <mesh>
                <source id="pointsMesh21_1">
                    <float_array id="pointarrayMesh21_1" count="12">-7395 1126 -5772 -7178 1126 -5989 -7178 1434 -5989 -7395 1434 -5772</float_array>
                    <technique_common>
                        <accessor count="4" source="#pointarrayMesh21_1" stride="3">
                            <param name="X" type="float"/>
                            <param name="Y" type="float"/>
                            <param name="Z" type="float"/>
                        </accessor>
                    </technique_common>
                </source>
                <source id="uvsMesh21_1">
                    <float_array id="uvarrayMesh21_1" count="8">0 0.03125 0.96875 0.03125 0.96875 1 0 1</float_array>
                    <technique_common>
                        <accessor count="4" source="#uvarrayMesh21_1" stride="2">
                            <param name="S" type="float"/>
                            <param name="T" type="float"/>
                        </accessor>
                    </technique_common>
                </source>
                <vertices id="verticesMesh21_1">
                    <input semantic="POSITION" source="#pointsMesh21_1"/>
                </vertices>
                <polylist count="2" material="Material1">
                    <input offset="0" semantic="VERTEX" source="#verticesMesh21_1"/>
                    <input offset="1" semantic="TEXCOORD" source="#uvsMesh21_1" set="0"/>
                    <vcount>3 3</vcount>
                    <p>0 0 1 1 2 2 0 0 2 2 3 3</p>
                </polylist>
            </mesh>
        </geometry>
        <geometry id="meshMesh22_1">
            <mesh>
                <source id="pointsMesh22_1">
                    <float_array id="pointarrayMesh22_1" count="12">-7178 1126 -5989 -6961 1126 -6206 -6961 1434 -6206 -7178 1434 -5989</float_array>
                    <technique_common>
                        <accessor count="4" source="#pointarrayMesh22_1" stride="3">
                            <param name="X" type="float"/>
                            <param name="Y" type="float"/>
                            <param name="Z" type="float"/>
                        </accessor>
                    </technique_common>
                </source>
                <source id="uvsMesh22_1">
                    <float_array id="uvarrayMesh22_1" count="8">0 0.03125 0.96875 0.03125 0.96875 1 0 1</float_array>
                    <technique_common>
                        <accessor count="4" source="#uvarrayMesh22_1" stride="2">
                            <param name="S" type="float"/>
                            <param name="T" type="float"/>
                        </accessor>
                    </technique_common>
                </source>
                <vertices id="verticesMesh22_1">
                    <input semantic="POSITION" source="#pointsMesh22_1"/>
                </vertices>
                <polylist count="2" material="Material1">
                    <input offset="0" semantic="VERTEX" source="#verticesMesh22_1"/>
                    <input offset="1" semantic="TEXCOORD" source="#uvsMesh22_1" set="0"/>
                    <vcount>3 3</vcount>
                    <p>0 0 1 1 2 2 0 0 2 2 3 3</p>
                </polylist>
            </mesh>
        </geometry>
        <geometry id="meshMesh23_1">
            <mesh>
                <source id="pointsMesh23_1">
                    <float_array id="pointarrayMesh23_1" count="12">-7395 819 -5772 -7178 819 -5989 -7178 1126 -5989 -7395 1126 -5772</float_array>
                    <technique_common>
                        <accessor count="4" source="#pointarrayMesh23_1" stride="3">
                            <param name="X" type="float"/>
                            <param name="Y" type="float"/>
                            <param name="Z" type="float"/>
                        </accessor>
                    </technique_common>
                </source>
                <source id="uvsMesh23_1">
                    <float_array id="uvarrayMesh23_1" count="8">0 0.03125 0.96875 0.03125 0.96875 1 0 1</float_array>
                    <technique_common>
                        <accessor count="4" source="#uvarrayMesh23_1" stride="2">
                            <param name="S" type="float"/>
                            <param name="T" type="float"/>
                        </accessor>
                    </technique_common>
                </source>
                <vertices id="verticesMesh23_1">
                    <input semantic="POSITION" source="#pointsMesh23_1"/>
                </vertices>
                <polylist count="2" material="Material1">
                    <input offset="0" semantic="VERTEX" source="#verticesMesh23_1"/>
                    <input offset="1" semantic="TEXCOORD" source="#uvsMesh23_1" set="0"/>
                    <vcount>3 3</vcount>
                    <p>0 0 1 1 2 2 0 0 2 2 3 3</p>
                </polylist>
            </mesh>
        </geometry>
        <geometry id="meshMesh24_1">
            <mesh>
                <source id="pointsMesh24_1">
                    <float_array id="pointarrayMesh24_1" count="12">-7178 819 -5989 -6961 819 -6206 -6961 1126 -6206 -7178 1126 -5989</float_array>
                    <technique_common>
                        <accessor count="4" source="#pointarrayMesh24_1" stride="3">
                            <param name="X" type="float"/>
                            <param name="Y" type="float"/>
                            <param name="Z" type="float"/>
                        </accessor>
                    </technique_common>
                </source>
                <source id="uvsMesh24_1">
                    <float_array id="uvarrayMesh24_1" count="8">0 0.03125 0.96875 0.03125 0.96875 1 0 1</float_array>
                    <technique_common>
                        <accessor count="4" source="#uvarrayMesh24_1" stride="2">
                            <param name="S" type="float"/>
                            <param name="T" type="float"/>
                        </accessor>
                    </technique_common>
                </source>
                <vertices id="verticesMesh24_1">
                    <input semantic="POSITION" source="#pointsMesh24_1"/>
                </vertices>
                <polylist count="2" material="Material1">
                    <input offset="0" semantic="VERTEX" source="#verticesMesh24_1"/>
                    <input offset="1" semantic="TEXCOORD" source="#uvsMesh24_1" set="0"/>
                    <vcount>3 3</vcount>
                    <p>0 0 1 1 2 2 0 0 2 2 3 3</p>
                </polylist>
            </mesh>
        </geometry>
        <geometry id="meshMesh25_1">
            <mesh>
                <source id="pointsMesh25_1">
                    <float_array id="pointarrayMesh25_1" count="24">1422 614 -2869 1169 614 -2616 1169 614 -2254 2038 614 -2254 2038 614 -2616 1784 614 -2001 1422 614 -2001 1784 614 -2869</float_array>
                    <technique_common>
                        <accessor count="8" source="#pointarrayMesh25_1" stride="3">
                            <param name="X" type="float"/>
                            <param name="Y" type="float"/>
                            <param name="Z" type="float"/>
                        </accessor>
                    </technique_common>
                </source>
                <source id="uvsMesh25_1">
                    <float_array id="uvarrayMesh25_1" count="16">1.732421875 0.033203125 2.96875 1.267578125 2.96875 3.033203125 -1.263671875 3.033203125 -1.263671875 1.267578125 0 4.267578125 1.732421875 4.267578125 0 0.033203125</float_array>
                    <technique_common>
                        <accessor count="8" source="#uvarrayMesh25_1" stride="2">
                            <param name="S" type="float"/>
                            <param name="T" type="float"/>
                        </accessor>
                    </technique_common>
                </source>
                <vertices id="verticesMesh25_1">
                    <input semantic="POSITION" source="#pointsMesh25_1"/>
                </vertices>
                <polylist count="6" material="Material1">
                    <input offset="0" semantic="VERTEX" source="#verticesMesh25_1"/>
                    <input offset="1" semantic="TEXCOORD" source="#uvsMesh25_1" set="0"/>
                    <vcount>3 3 3 3 3 3</vcount>
                    <p>0 0 1 1 2 2 0 0 3 3 4 4 0 0 5 5 3 3 0 0 2 2 6 6 0 0 4 4 7 7 0 0 6 6 5 5</p>
                </polylist>
            </mesh>
        </geometry>
        <geometry id="meshMesh25_2">
            <mesh>
                <source id="pointsMesh25_2">
                    <float_array id="pointarrayMesh25_2" count="24">1422 614 -2869 1169 614 -2616 1169 614 -2254 2038 614 -2254 2038 614 -2616 1784 614 -2001 1422 614 -2001 1784 614 -2869</float_array>
                    <technique_common>
                        <accessor count="8" source="#pointarrayMesh25_2" stride="3">
                            <param name="X" type="float"/>
                            <param name="Y" type="float"/>
                            <param name="Z" type="float"/>
                        </accessor>
                    </technique_common>
                </source>
                <source id="uvsMesh25_2">
                    <float_array id="uvarrayMesh25_2" count="16">1.732421875 0.033203125 2.96875 1.267578125 2.96875 3.033203125 -1.263671875 3.033203125 -1.263671875 1.267578125 0 4.267578125 1.732421875 4.267578125 0 0.033203125</float_array>
                    <technique_common>
                        <accessor count="8" source="#uvarrayMesh25_2" stride="2">
                            <param name="S" type="float"/>
                            <param name="T" type="float"/>
                        </accessor>
                    </technique_common>
                </source>
                <source id="colorsMesh25_2">
                    <float_array id="colorarrayMesh25_2" count="32">0.37254901960784315 0.37254901960784315 0.37254901960784315 1 0.37254901960784315 0.37254901960784315 0.37254901960784315 1 0.37254901960784315 0.37254901960784315 0.37254901960784315 1 0.37254901960784315 0.37254901960784315 0.37254901960784315 1 0.37254901960784315 0.37254901960784315 0.37254901960784315 1 0.37254901960784315 0.37254901960784315 0.37254901960784315 1 0.37254901960784315 0.37254901960784315 0.37254901960784315 1 0.37254901960784315 0.37254901960784315 0.37254901960784315 1</float_array>
                    <technique_common>
                        <accessor count="8" source="#colorarrayMesh25_2" stride="4">
                            <param name="R" type="float"/>
                            <param name="G" type="float"/>
                            <param name="B" type="float"/>
                            <param name="A" type="float"/>
                        </accessor>
                    </technique_common>
                </source>
                <vertices id="verticesMesh25_2">
                    <input semantic="POSITION" source="#pointsMesh25_2"/>
                </vertices>
                <polylist count="6" material="Material1">
                    <input offset="0" semantic="VERTEX" source="#verticesMesh25_2"/>
                    <input offset="1" semantic="TEXCOORD" source="#uvsMesh25_2" set="0"/>
                    <input offset="2" semantic="COLOR" source="#colorsMesh25_2" set="0"/>
                    <vcount>3 3 3 3 3 3</vcount>
                    <p>0 0 0 1 1 1 2 2 2 0 0 0 3 3 3 4 4 4 0 0 0 5 5 5 3 3 3 0 0 0 2 2 2 6 6 6 0 0 0 4 4 4 7 7 7 0 0 0 6 6 6 5 5 5</p>
                </polylist>
            </mesh>
        </geometry>
        <geometry id="meshMesh26_1">
            <mesh>
                <source id="pointsMesh26_1">
                    <float_array id="pointarrayMesh26_1" count="60">590 614 -1530 734 614 -1457 626 614 -1566 1857 768 -2073 2110 768 -2037 1965 768 -2182 2002 768 -1928 1350 768 -2797 1096 768 -2833 1241 768 -2688 1205 768 -2942 553 614 -1638 1422 614 -2001 1169 614 -2254 807 614 -1385 1965 768 -2688 2001 768 -2942 1857 768 -2797 698 614 -1421 2110 768 -2833</float_array>
                    <technique_common>
                        <accessor count="20" source="#pointarrayMesh26_1" stride="3">
                            <param name="X" type="float"/>
                            <param name="Y" type="float"/>
                            <param name="Z" type="float"/>
                        </accessor>
                    </technique_common>
                </source>
                <source id="uvsMesh26_1">
                    <float_array id="uvarrayMesh26_1" count="40">-0.279296875 0.78125 0 0.033203125 0 0.78125 6.673828125 -1.728515625 9.142578125 -2.08203125 7.732421875 -0.669921875 8.083984375 -3.140625 1.732421875 5.326171875 -0.734375 5.6796875 0.673828125 4.267578125 0.322265625 6.73828125 0 1.28125 4.2109375 -0.462890625 4.2109375 1.28125 0 -0.462890625 7.732421875 4.267578125 8.083984375 6.73828125 6.673828125 5.326171875 -0.279296875 0.033203125 9.142578125 5.6796875</float_array>
                    <technique_common>
                        <accessor count="20" source="#uvarrayMesh26_1" stride="2">
                            <param name="S" type="float"/>
                            <param name="T" type="float"/>
                        </accessor>
                    </technique_common>
                </source>
                <vertices id="verticesMesh26_1">
                    <input semantic="POSITION" source="#pointsMesh26_1"/>
                </vertices>
                <polylist count="10" material="Material1">
                    <input offset="0" semantic="VERTEX" source="#verticesMesh26_1"/>
                    <input offset="1" semantic="TEXCOORD" source="#uvsMesh26_1" set="0"/>
                    <vcount>3 3 3 3 3 3 3 3 3 3</vcount>
                    <p>0 0 1 1 2 2 3 3 4 4 5 5 3 3 6 6 4 4 7 7 8 8 9 9 7 7 10 10 8 8 11 11 12 12 13 13 11 11 14 14 12 12 15 15 16 16 17 17 0 0 18 18 1 1 15 15 19 19 16 16</p>
                </polylist>
            </mesh>
        </geometry>
        <geometry id="meshMesh26_2">
            <mesh>
                <source id="pointsMesh26_2">
                    <float_array id="pointarrayMesh26_2" count="60">590 614 -1530 734 614 -1457 626 614 -1566 1857 768 -2073 2110 768 -2037 1965 768 -2182 2002 768 -1928 1350 768 -2797 1096 768 -2833 1241 768 -2688 1205 768 -2942 553 614 -1638 1422 614 -2001 1169 614 -2254 807 614 -1385 1965 768 -2688 2001 768 -2942 1857 768 -2797 698 614 -1421 2110 768 -2833</float_array>
                    <technique_common>
                        <accessor count="20" source="#pointarrayMesh26_2" stride="3">
                            <param name="X" type="float"/>
                            <param name="Y" type="float"/>
                            <param name="Z" type="float"/>
                        </accessor>
                    </technique_common>
                </source>
                <source id="uvsMesh26_2">
                    <float_array id="uvarrayMesh26_2" count="40">-0.279296875 0.78125 0 0.033203125 0 0.78125 6.673828125 -1.728515625 9.142578125 -2.08203125 7.732421875 -0.669921875 8.083984375 -3.140625 1.732421875 5.326171875 -0.734375 5.6796875 0.673828125 4.267578125 0.322265625 6.73828125 0 1.28125 4.2109375 -0.462890625 4.2109375 1.28125 0 -0.462890625 7.732421875 4.267578125 8.083984375 6.73828125 6.673828125 5.326171875 -0.279296875 0.033203125 9.142578125 5.6796875</float_array>
                    <technique_common>
                        <accessor count="20" source="#uvarrayMesh26_2" stride="2">
                            <param name="S" type="float"/>
                            <param name="T" type="float"/>
                        </accessor>
                    </technique_common>
                </source>
                <source id="colorsMesh26_2">
                    <float_array id="colorarrayMesh26_2" count="80">0.37254901960784315 0.37254901960784315 0.37254901960784315 1 0.37254901960784315 0.37254901960784315 0.37254901960784315 1 0.37254901960784315 0.37254901960784315 0.37254901960784315 1 0.37254901960784315 0.37254901960784315 0.37254901960784315 1 0.37254901960784315 0.37254901960784315 0.37254901960784315 1 0.37254901960784315 0.37254901960784315 0.37254901960784315 1 0.37254901960784315 0.37254901960784315 0.37254901960784315 1 0.37254901960784315 0.37254901960784315 0.37254901960784315 1 0.37254901960784315 0.37254901960784315 0.37254901960784315 1 0.37254901960784315 0.37254901960784315 0.37254901960784315 1 0.37254901960784315 0.37254901960784315 0.37254901960784315 1 0.37254901960784315 0.37254901960784315 0.37254901960784315 1 0.37254901960784315 0.37254901960784315 0.37254901960784315 1 0.37254901960784315 0.37254901960784315 0.37254901960784315 1 0.37254901960784315 0.37254901960784315 0.37254901960784315 1 0.37254901960784315 0.37254901960784315 0.37254901960784315 1 0.37254901960784315 0.37254901960784315 0.37254901960784315 1 0.37254901960784315 0.37254901960784315 0.37254901960784315 1 0.37254901960784315 0.37254901960784315 0.37254901960784315 1 0.37254901960784315 0.37254901960784315 0.37254901960784315 1</float_array>
                    <technique_common>
                        <accessor count="20" source="#colorarrayMesh26_2" stride="4">
                            <param name="R" type="float"/>
                            <param name="G" type="float"/>
                            <param name="B" type="float"/>
                            <param name="A" type="float"/>
                        </accessor>
                    </technique_common>
                </source>
                <vertices id="verticesMesh26_2">
                    <input semantic="POSITION" source="#pointsMesh26_2"/>
                </vertices>
                <polylist count="10" material="Material1">
                    <input offset="0" semantic="VERTEX" source="#verticesMesh26_2"/>
                    <input offset="1" semantic="TEXCOORD" source="#uvsMesh26_2" set="0"/>
                    <input offset="2" semantic="COLOR" source="#colorsMesh26_2" set="0"/>
                    <vcount>3 3 3 3 3 3 3 3 3 3</vcount>
                    <p>0 0 0 1 1 1 2 2 2 3 3 3 4 4 4 5 5 5 3 3 3 6 6 6 4 4 4 7 7 7 8 8 8 9 9 9 7 7 7 10 10 10 8 8 8 11 11 11 12 12 12 13 13 13 11 11 11 14 14 14 12 12 12 15 15 15 16 16 16 17 17 17 0 0 0 18 18 18 1 1 1 15 15 15 19 19 19 16 16 16</p>
                </polylist>
            </mesh>
        </geometry>
        <geometry id="meshMesh27_1">
            <mesh>
                <source id="pointsMesh27_1">
                    <float_array id="pointarrayMesh27_1" count="477">1446 1126 -2169 626 1126 -1566 1338 1126 -2278 1338 1126 -2278 553 922 -1638 1169 922 -2254 553 614 -1638 1169 614 -2254 626 1126 -1566 1422 614 -2001 807 614 -1385 807 922 -1385 1422 922 -2001 734 1126 -1457 1446 1126 -2169 1965 768 -2182 2038 614 -2254 1784 614 -2001 734 1126 -1457 1422 922 -2001 1446 1126 -2169 1507 1229 -2205 1338 1126 -2278 1374 1229 -2339 1169 922 -2254 1857 768 -2073 1965 922 -2182 2038 922 -2254 1965 768 -2182 2110 922 -2037 1965 922 -2182 1784 922 -2001 1857 922 -2073 1881 1024 -2194 1833 1229 -2339 1845 1024 -2157 2110 768 -2037 1965 922 -2182 2110 922 -2037 2074 1024 -2001 1857 922 -2073 2002 768 -1928 1857 768 -2073 2002 922 -1928 1845 1024 -2157 2038 1024 -1964 2002 922 -1928 1857 922 -2073 1881 1024 -2194 2074 1024 -2001 2038 1024 -1964 1845 1024 -2157 1507 1229 -2665 1374 1229 -2531 1326 1024 -2676 1881 1024 -2194 1699 1229 -2205 1362 1024 -2713 1422 922 -2869 1422 614 -2869 1350 768 -2797 1241 768 -2688 1350 922 -2797 1169 922 -2616 1241 922 -2688 1362 1024 -2713 1169 1024 -2906 1205 922 -2942 1350 922 -2797 1241 922 -2688 1133 1024 -2869 1326 1024 -2676 1205 768 -2942 1350 768 -2797 1326 1024 -2676 1133 1024 -2869 1169 1024 -2906 1362 1024 -2713 1241 768 -2688 1096 922 -2833 2038 922 -2616 2038 614 -2616 2038 614 -2254 1096 768 -2833 1169 614 -2616 1784 922 -2001 1784 614 -2001 1422 614 -2001 1422 922 -2001 2038 922 -2254 1169 922 -2254 1169 614 -2616 1169 922 -2616 1169 614 -2254 807 922 -1385 734 870 -1457 626 870 -1566 626 614 -1566 553 922 -1638 553 614 -1638 626 1126 -1566 734 1126 -1457 734 614 -1457 807 614 -1385 1507 1229 -2205 1699 1229 -2205 1422 922 -2869 1784 614 -2869 1784 922 -2869 1507 1229 -2665 1422 614 -2869 1784 922 -2869 1699 1229 -2665 1833 1229 -2339 1833 1229 -2531 698 870 -1421 1374 1229 -2531 1374 1229 -2339 698 870 -1421 626 870 -1566 734 870 -1457 590 870 -1530 698 614 -1421 590 614 -1530 626 614 -1566 626 870 -1566 590 870 -1530 1965 922 -2688 2038 922 -2616 1881 1024 -2676 1833 1229 -2531 1699 1229 -2665 1845 1024 -2713 1784 922 -2869 1857 922 -2797 2038 614 -2616 1965 768 -2688 1857 768 -2797 1784 614 -2869 1857 768 -2797 2001 922 -2942 1857 922 -2797 1845 1024 -2713 2038 1024 -2906 2001 768 -2942 2038 1024 -2906 2074 1024 -2869 1881 1024 -2676 1845 1024 -2713 1881 1024 -2676 2074 1024 -2869 1965 922 -2688 2110 922 -2833 2110 768 -2833 1965 768 -2688 1833 1229 -2665 1833 1229 -2205 1374 1229 -2205 1374 1229 -2665</float_array>
                    <technique_common>
                        <accessor count="159" source="#pointarrayMesh27_1" stride="3">
                            <param name="X" type="float"/>
                            <param name="Y" type="float"/>
                            <param name="Z" type="float"/>
                        </accessor>
                    </technique_common>
                </source>
                <source id="uvsMesh27_1">
                    <float_array id="uvarrayMesh27_1" count="318">9.783203125 1 0 0.033203125 9.783203125 0.033203125 9.783203125 5.0234375 0 3.02734375 8.451171875 3.02734375 0 0.033203125 8.451171875 0.033203125 0 5.0234375 8.451171875 0.033203125 0 0.033203125 0 3.02734375 8.451171875 3.02734375 0 5.0234375 9.783203125 5.0234375 -0.52734375 1.53125 -1.525390625 0.033203125 1.96484375 0.033203125 0 1 -1.02734375 2.029296875 0 4.025390625 -0.201171875 5.0234375 1.466796875 4.025390625 1.63671875 5.0234375 2.46484375 2.029296875 0.966796875 1.53125 -0.52734375 3.02734375 -1.525390625 3.02734375 0 0.033203125 1.96484375 1.529296875 0 1.529296875 1.96484375 3.02734375 0.966796875 3.02734375 0 4.025390625 -0.69921875 6.021484375 0.466796875 4.025390625 1.96484375 0.033203125 5.45703125 1.53125 7.453125 1.53125 7.453125 2.529296875 0 1.53125 1.96484375 0.033203125 0 0.033203125 1.96484375 1.529296875 4.79296875 2.529296875 7.453125 2.529296875 7.453125 1.53125 5.45703125 1.53125 7.12109375 0.53125 9.783203125 0.53125 9.783203125 1 7.12109375 1 -0.69921875 6.021484375 1.138671875 6.021484375 0.466796875 4.025390625 4.79296875 2.529296875 1.138671875 6.021484375 0 4.025390625 -1.52734375 3.02734375 -1.52734375 0.033203125 -0.529296875 1.529296875 0.966796875 1.529296875 -0.529296875 3.02734375 1.96484375 3.02734375 0.966796875 3.02734375 -2.357421875 2.529296875 -5.01953125 2.529296875 -5.01953125 1.53125 -3.0234375 1.53125 -3.0234375 1.529296875 -5.01953125 2.52734375 -2.357421875 2.529296875 -5.01953125 0.033203125 -3.0234375 0.033203125 0 1 -2.69140625 1 -2.69140625 0.533203125 0 0.533203125 -3.0234375 0.033203125 -5.01953125 1.529296875 2.5 2.029296875 2.5 -0.962890625 -1.02734375 -0.962890625 -5.01953125 0.033203125 1.96484375 0.033203125 -1.02734375 2.029296875 -1.02734375 -0.962890625 2.5 -0.962890625 2.5 2.029296875 -1.02734375 2.029296875 -1.02734375 2.029296875 2.5 -0.962890625 2.5 2.029296875 -1.02734375 -0.962890625 -1.02734375 2.029296875 0 1.53125 1.466796875 1.53125 1.466796875 -0.962890625 2.46484375 2.029296875 2.46484375 -0.962890625 1.46484375 4.025390625 0 4.025390625 0 -0.962890625 -1.02734375 -0.962890625 1.671875 5.0234375 -0.201171875 5.0234375 2.5 2.029296875 -1.02734375 -0.962890625 -1.02734375 2.029296875 1.671875 5.0234375 2.5 -0.962890625 -4.021484375 3.02734375 -2.025390625 6.021484375 -0.201171875 5.0234375 1.671875 5.0234375 -0.529296875 1.53125 1.671875 5.0234375 -0.201171875 5.0234375 0 1 0.966796875 0.033203125 0.966796875 1 0 0.033203125 -0.529296875 -0.962890625 -0.529296875 -0.962890625 0 -0.962890625 0 1.529296875 -0.529296875 1.53125 0 2.029296875 -1.02734375 2.029296875 0.46875 3.02734375 -0.201171875 5.0234375 1.63671875 5.0234375 0.966796875 3.02734375 2.46484375 2.029296875 1.466796875 2.029296875 -1.02734375 -0.962890625 0 0.53125 1.466796875 0.53125 2.46484375 -0.962890625 -1.02734375 0.033203125 0.966796875 1.53125 -1.02734375 1.53125 -1.693359375 2.529296875 0.966796875 2.529296875 0.966796875 0.033203125 3.12890625 0.033203125 3.12890625 0.53125 0.46875 0.533203125 0.46875 0.033203125 -1.693359375 2.529296875 0.966796875 2.529296875 -1.02734375 1.53125 0.966796875 1.53125 0.966796875 0.033203125 -1.02734375 0.033203125 -2.025390625 2.271484375 -2.025390625 0.033203125 2.44921875 0.033203125 2.44921875 2.271484375</float_array>
                    <technique_common>
                        <accessor count="159" source="#uvarrayMesh27_1" stride="2">
                            <param name="S" type="float"/>
                            <param name="T" type="float"/>
                        </accessor>
                    </technique_common>
                </source>
                <vertices id="verticesMesh27_1">
                    <input semantic="POSITION" source="#pointsMesh27_1"/>
                </vertices>
                <polylist count="112" material="Material1">
                    <input offset="0" semantic="VERTEX" source="#verticesMesh27_1"/>
                    <input offset="1" semantic="TEXCOORD" source="#uvsMesh27_1" set="0"/>
                    <vcount>3 3 3 3 3 3 3 3 3 3 3 3 3 3 3 3 3 3 3 3 3 3 3 3 3 3 3 3 3 3 3 3 3 3 3 3 3 3 3 3 3 3 3 3 3 3 3 3 3 3 3 3 3 3 3 3 3 3 3 3 3 3 3 3 3 3 3 3 3 3 3 3 3 3 3 3 3 3 3 3 3 3 3 3 3 3 3 3 3 3 3 3 3 3 3 3 3 3 3 3 3 3 3 3 3 3 3 3 3 3 3 3</vcount>
                    <p>0 0 1 1 2 2 3 3 4 4 5 5 5 5 4 4 6 6 5 5 6 6 7 7 3 3 8 8 4 4 9 9 10 10 11 11 9 9 11 11 12 12 12 12 11 11 13 13 12 12 13 13 14 14 15 15 16 16 17 17 0 0 18 18 1 1 19 19 20 20 21 21 20 20 22 22 21 21 22 22 23 23 21 21 22 22 24 24 23 23 17 17 25 25 15 15 15 15 26 26 27 27 15 15 27 27 16 16 28 28 29 29 30 30 17 17 31 31 32 32 17 17 32 32 25 25 27 27 33 33 34 34 27 27 26 26 33 33 35 35 32 32 31 31 28 28 36 36 29 29 37 37 38 38 39 39 40 40 41 41 42 42 40 40 43 43 41 41 44 44 45 45 46 46 44 44 46 46 47 47 48 48 49 49 50 50 48 48 50 50 51 51 52 52 53 53 54 54 37 37 39 39 55 55 33 33 35 35 56 56 33 33 56 56 34 34 35 35 31 31 56 56 52 52 57 57 58 58 52 52 54 54 57 57 59 59 60 60 61 61 57 57 62 62 58 58 59 59 58 58 62 62 59 59 62 62 60 60 63 63 64 64 54 54 53 53 63 63 54 54 61 61 64 64 63 63 65 65 66 66 67 67 65 65 67 67 68 68 69 69 70 70 71 71 68 68 67 67 72 72 68 68 72 72 73 73 74 74 75 75 76 76 74 74 76 76 77 77 78 78 79 79 69 69 69 69 79 79 70 70 80 80 81 81 82 82 78 78 83 83 79 79 61 61 84 84 59 59 61 61 63 63 84 84 85 85 86 86 87 87 85 85 87 87 88 88 80 80 82 82 89 89 90 90 91 91 92 92 90 90 93 93 91 91 94 94 95 95 96 96 96 96 97 97 98 98 96 96 98 98 94 94 97 97 99 99 98 98 98 98 100 100 101 101 98 98 101 101 94 94 94 94 102 102 95 95 94 94 103 103 102 102 88 88 104 104 105 105 106 106 107 107 108 108 108 108 109 109 106 106 106 106 110 110 107 107 111 111 112 112 52 52 89 89 113 113 80 80 113 113 114 114 80 80 102 102 115 115 95 95 88 88 105 105 85 85 92 92 116 116 90 90 116 116 117 117 90 90 118 118 119 119 120 120 118 118 121 121 119 119 102 102 122 122 115 115 123 123 124 124 125 125 123 123 125 125 126 126 127 127 128 128 129 129 129 129 128 128 130 130 129 129 131 131 132 132 129 129 130 130 131 131 133 133 132 132 131 131 133 133 134 134 132 132 135 135 136 136 137 137 137 137 134 134 133 133 137 137 133 133 138 138 137 137 138 138 135 135 135 135 128 128 127 127 135 135 127 127 136 136 139 139 140 140 141 141 141 141 140 140 142 142 140 140 143 143 142 142 139 139 144 144 140 140 145 145 146 146 147 147 145 145 147 147 148 148 149 149 150 150 151 151 150 150 152 152 151 151 151 151 153 153 154 154 151 151 152 152 153 153 155 155 156 156 157 157 155 155 157 157 158 158</p>
                </polylist>
            </mesh>
        </geometry>
        <geometry id="meshMesh27_2">
            <mesh>
                <source id="pointsMesh27_2">
                    <float_array id="pointarrayMesh27_2" count="477">1446 1126 -2169 626 1126 -1566 1338 1126 -2278 1338 1126 -2278 553 922 -1638 1169 922 -2254 553 614 -1638 1169 614 -2254 626 1126 -1566 1422 614 -2001 807 614 -1385 807 922 -1385 1422 922 -2001 734 1126 -1457 1446 1126 -2169 1965 768 -2182 2038 614 -2254 1784 614 -2001 734 1126 -1457 1422 922 -2001 1446 1126 -2169 1507 1229 -2205 1338 1126 -2278 1374 1229 -2339 1169 922 -2254 1857 768 -2073 1965 922 -2182 2038 922 -2254 1965 768 -2182 2110 922 -2037 1965 922 -2182 1784 922 -2001 1857 922 -2073 1881 1024 -2194 1833 1229 -2339 1845 1024 -2157 2110 768 -2037 1965 922 -2182 2110 922 -2037 2074 1024 -2001 1857 922 -2073 2002 768 -1928 1857 768 -2073 2002 922 -1928 1845 1024 -2157 2038 1024 -1964 2002 922 -1928 1857 922 -2073 1881 1024 -2194 2074 1024 -2001 2038 1024 -1964 1845 1024 -2157 1507 1229 -2665 1374 1229 -2531 1326 1024 -2676 1881 1024 -2194 1699 1229 -2205 1362 1024 -2713 1422 922 -2869 1422 614 -2869 1350 768 -2797 1241 768 -2688 1350 922 -2797 1169 922 -2616 1241 922 -2688 1362 1024 -2713 1169 1024 -2906 1205 922 -2942 1350 922 -2797 1241 922 -2688 1133 1024 -2869 1326 1024 -2676 1205 768 -2942 1350 768 -2797 1326 1024 -2676 1133 1024 -2869 1169 1024 -2906 1362 1024 -2713 1241 768 -2688 1096 922 -2833 2038 922 -2616 2038 614 -2616 2038 614 -2254 1096 768 -2833 1169 614 -2616 1784 922 -2001 1784 614 -2001 1422 614 -2001 1422 922 -2001 2038 922 -2254 1169 922 -2254 1169 614 -2616 1169 922 -2616 1169 614 -2254 807 922 -1385 734 870 -1457 626 870 -1566 626 614 -1566 553 922 -1638 553 614 -1638 626 1126 -1566 734 1126 -1457 734 614 -1457 807 614 -1385 1507 1229 -2205 1699 1229 -2205 1422 922 -2869 1784 614 -2869 1784 922 -2869 1507 1229 -2665 1422 614 -2869 1784 922 -2869 1699 1229 -2665 1833 1229 -2339 1833 1229 -2531 698 870 -1421 1374 1229 -2531 1374 1229 -2339 698 870 -1421 626 870 -1566 734 870 -1457 590 870 -1530 698 614 -1421 590 614 -1530 626 614 -1566 626 870 -1566 590 870 -1530 1965 922 -2688 2038 922 -2616 1881 1024 -2676 1833 1229 -2531 1699 1229 -2665 1845 1024 -2713 1784 922 -2869 1857 922 -2797 2038 614 -2616 1965 768 -2688 1857 768 -2797 1784 614 -2869 1857 768 -2797 2001 922 -2942 1857 922 -2797 1845 1024 -2713 2038 1024 -2906 2001 768 -2942 2038 1024 -2906 2074 1024 -2869 1881 1024 -2676 1845 1024 -2713 1881 1024 -2676 2074 1024 -2869 1965 922 -2688 2110 922 -2833 2110 768 -2833 1965 768 -2688 1833 1229 -2665 1833 1229 -2205 1374 1229 -2205 1374 1229 -2665</float_array>
                    <technique_common>
                        <accessor count="159" source="#pointarrayMesh27_2" stride="3">
                            <param name="X" type="float"/>
                            <param name="Y" type="float"/>
                            <param name="Z" type="float"/>
                        </accessor>
                    </technique_common>
                </source>
                <source id="uvsMesh27_2">
                    <float_array id="uvarrayMesh27_2" count="318">9.783203125 1 0 0.033203125 9.783203125 0.033203125 9.783203125 5.0234375 0 3.02734375 8.451171875 3.02734375 0 0.033203125 8.451171875 0.033203125 0 5.0234375 8.451171875 0.033203125 0 0.033203125 0 3.02734375 8.451171875 3.02734375 0 5.0234375 9.783203125 5.0234375 -0.52734375 1.53125 -1.525390625 0.033203125 1.96484375 0.033203125 0 1 -1.02734375 2.029296875 0 4.025390625 -0.201171875 5.0234375 1.466796875 4.025390625 1.63671875 5.0234375 2.46484375 2.029296875 0.966796875 1.53125 -0.52734375 3.02734375 -1.525390625 3.02734375 0 0.033203125 1.96484375 1.529296875 0 1.529296875 1.96484375 3.02734375 0.966796875 3.02734375 0 4.025390625 -0.69921875 6.021484375 0.466796875 4.025390625 1.96484375 0.033203125 5.45703125 1.53125 7.453125 1.53125 7.453125 2.529296875 0 1.53125 1.96484375 0.033203125 0 0.033203125 1.96484375 1.529296875 4.79296875 2.529296875 7.453125 2.529296875 7.453125 1.53125 5.45703125 1.53125 7.12109375 0.53125 9.783203125 0.53125 9.783203125 1 7.12109375 1 -0.69921875 6.021484375 1.138671875 6.021484375 0.466796875 4.025390625 4.79296875 2.529296875 1.138671875 6.021484375 0 4.025390625 -1.52734375 3.02734375 -1.52734375 0.033203125 -0.529296875 1.529296875 0.966796875 1.529296875 -0.529296875 3.02734375 1.96484375 3.02734375 0.966796875 3.02734375 -2.357421875 2.529296875 -5.01953125 2.529296875 -5.01953125 1.53125 -3.0234375 1.53125 -3.0234375 1.529296875 -5.01953125 2.52734375 -2.357421875 2.529296875 -5.01953125 0.033203125 -3.0234375 0.033203125 0 1 -2.69140625 1 -2.69140625 0.533203125 0 0.533203125 -3.0234375 0.033203125 -5.01953125 1.529296875 2.5 2.029296875 2.5 -0.962890625 -1.02734375 -0.962890625 -5.01953125 0.033203125 1.96484375 0.033203125 -1.02734375 2.029296875 -1.02734375 -0.962890625 2.5 -0.962890625 2.5 2.029296875 -1.02734375 2.029296875 -1.02734375 2.029296875 2.5 -0.962890625 2.5 2.029296875 -1.02734375 -0.962890625 -1.02734375 2.029296875 0 1.53125 1.466796875 1.53125 1.466796875 -0.962890625 2.46484375 2.029296875 2.46484375 -0.962890625 1.46484375 4.025390625 0 4.025390625 0 -0.962890625 -1.02734375 -0.962890625 1.671875 5.0234375 -0.201171875 5.0234375 2.5 2.029296875 -1.02734375 -0.962890625 -1.02734375 2.029296875 1.671875 5.0234375 2.5 -0.962890625 -4.021484375 3.02734375 -2.025390625 6.021484375 -0.201171875 5.0234375 1.671875 5.0234375 -0.529296875 1.53125 1.671875 5.0234375 -0.201171875 5.0234375 0 1 0.966796875 0.033203125 0.966796875 1 0 0.033203125 -0.529296875 -0.962890625 -0.529296875 -0.962890625 0 -0.962890625 0 1.529296875 -0.529296875 1.53125 0 2.029296875 -1.02734375 2.029296875 0.46875 3.02734375 -0.201171875 5.0234375 1.63671875 5.0234375 0.966796875 3.02734375 2.46484375 2.029296875 1.466796875 2.029296875 -1.02734375 -0.962890625 0 0.53125 1.466796875 0.53125 2.46484375 -0.962890625 -1.02734375 0.033203125 0.966796875 1.53125 -1.02734375 1.53125 -1.693359375 2.529296875 0.966796875 2.529296875 0.966796875 0.033203125 3.12890625 0.033203125 3.12890625 0.53125 0.46875 0.533203125 0.46875 0.033203125 -1.693359375 2.529296875 0.966796875 2.529296875 -1.02734375 1.53125 0.966796875 1.53125 0.966796875 0.033203125 -1.02734375 0.033203125 -2.025390625 2.271484375 -2.025390625 0.033203125 2.44921875 0.033203125 2.44921875 2.271484375</float_array>
                    <technique_common>
                        <accessor count="159" source="#uvarrayMesh27_2" stride="2">
                            <param name="S" type="float"/>
                            <param name="T" type="float"/>
                        </accessor>
                    </technique_common>
                </source>
                <source id="colorsMesh27_2">
                    <float_array id="colorarrayMesh27_2" count="636">0.37254901960784315 0.37254901960784315 0.37254901960784315 1 0.37254901960784315 0.37254901960784315 0.37254901960784315 1 0.37254901960784315 0.37254901960784315 0.37254901960784315 1 0.37254901960784315 0.37254901960784315 0.37254901960784315 1 0.37254901960784315 0.37254901960784315 0.37254901960784315 1 0.37254901960784315 0.37254901960784315 0.37254901960784315 1 0.37254901960784315 0.37254901960784315 0.37254901960784315 1 0.37254901960784315 0.37254901960784315 0.37254901960784315 1 0.37254901960784315 0.37254901960784315 0.37254901960784315 1 0.37254901960784315 0.37254901960784315 0.37254901960784315 1 0.37254901960784315 0.37254901960784315 0.37254901960784315 1 0.37254901960784315 0.37254901960784315 0.37254901960784315 1 0.37254901960784315 0.37254901960784315 0.37254901960784315 1 0.37254901960784315 0.37254901960784315 0.37254901960784315 1 0.37254901960784315 0.37254901960784315 0.37254901960784315 1 0.37254901960784315 0.37254901960784315 0.37254901960784315 1 0.37254901960784315 0.37254901960784315 0.37254901960784315 1 0.37254901960784315 0.37254901960784315 0.37254901960784315 1 0.37254901960784315 0.37254901960784315 0.37254901960784315 1 0.37254901960784315 0.37254901960784315 0.37254901960784315 1 0.37254901960784315 0.37254901960784315 0.37254901960784315 1 0.37254901960784315 0.37254901960784315 0.37254901960784315 1 0.37254901960784315 0.37254901960784315 0.37254901960784315 1 0.37254901960784315 0.37254901960784315 0.37254901960784315 1 0.37254901960784315 0.37254901960784315 0.37254901960784315 1 0.37254901960784315 0.37254901960784315 0.37254901960784315 1 0.37254901960784315 0.37254901960784315 0.37254901960784315 1 0.37254901960784315 0.37254901960784315 0.37254901960784315 1 0.37254901960784315 0.37254901960784315 0.37254901960784315 1 0.37254901960784315 0.37254901960784315 0.37254901960784315 1 0.37254901960784315 0.37254901960784315 0.37254901960784315 1 0.37254901960784315 0.37254901960784315 0.37254901960784315 1 0.37254901960784315 0.37254901960784315 0.37254901960784315 1 0.37254901960784315 0.37254901960784315 0.37254901960784315 1 0.37254901960784315 0.37254901960784315 0.37254901960784315 1 0.37254901960784315 0.37254901960784315 0.37254901960784315 1 0.37254901960784315 0.37254901960784315 0.37254901960784315 1 0.37254901960784315 0.37254901960784315 0.37254901960784315 1 0.37254901960784315 0.37254901960784315 0.37254901960784315 1 0.37254901960784315 0.37254901960784315 0.37254901960784315 1 0.37254901960784315 0.37254901960784315 0.37254901960784315 1 0.37254901960784315 0.37254901960784315 0.37254901960784315 1 0.37254901960784315 0.37254901960784315 0.37254901960784315 1 0.37254901960784315 0.37254901960784315 0.37254901960784315 1 0.37254901960784315 0.37254901960784315 0.37254901960784315 1 0.37254901960784315 0.37254901960784315 0.37254901960784315 1 0.37254901960784315 0.37254901960784315 0.37254901960784315 1 0.37254901960784315 0.37254901960784315 0.37254901960784315 1 0.37254901960784315 0.37254901960784315 0.37254901960784315 1 0.37254901960784315 0.37254901960784315 0.37254901960784315 1 0.37254901960784315 0.37254901960784315 0.37254901960784315 1 0.37254901960784315 0.37254901960784315 0.37254901960784315 1 0.37254901960784315 0.37254901960784315 0.37254901960784315 1 0.37254901960784315 0.37254901960784315 0.37254901960784315 1 0.37254901960784315 0.37254901960784315 0.37254901960784315 1 0.37254901960784315 0.37254901960784315 0.37254901960784315 1 0.37254901960784315 0.37254901960784315 0.37254901960784315 1 0.37254901960784315 0.37254901960784315 0.37254901960784315 1 0.37254901960784315 0.37254901960784315 0.37254901960784315 1 0.37254901960784315 0.37254901960784315 0.37254901960784315 1 0.37254901960784315 0.37254901960784315 0.37254901960784315 1 0.37254901960784315 0.37254901960784315 0.37254901960784315 1 0.37254901960784315 0.37254901960784315 0.37254901960784315 1 0.37254901960784315 0.37254901960784315 0.37254901960784315 1 0.37254901960784315 0.37254901960784315 0.37254901960784315 1 0.37254901960784315 0.37254901960784315 0.37254901960784315 1 0.37254901960784315 0.37254901960784315 0.37254901960784315 1 0.37254901960784315 0.37254901960784315 0.37254901960784315 1 0.37254901960784315 0.37254901960784315 0.37254901960784315 1 0.37254901960784315 0.37254901960784315 0.37254901960784315 1 0.37254901960784315 0.37254901960784315 0.37254901960784315 1 0.37254901960784315 0.37254901960784315 0.37254901960784315 1 0.37254901960784315 0.37254901960784315 0.37254901960784315 1 0.37254901960784315 0.37254901960784315 0.37254901960784315 1 0.37254901960784315 0.37254901960784315 0.37254901960784315 1 0.37254901960784315 0.37254901960784315 0.37254901960784315 1 0.37254901960784315 0.37254901960784315 0.37254901960784315 1 0.37254901960784315 0.37254901960784315 0.37254901960784315 1 0.37254901960784315 0.37254901960784315 0.37254901960784315 1 0.37254901960784315 0.37254901960784315 0.37254901960784315 1 0.37254901960784315 0.37254901960784315 0.37254901960784315 1 0.37254901960784315 0.37254901960784315 0.37254901960784315 1 0.37254901960784315 0.37254901960784315 0.37254901960784315 1 0.37254901960784315 0.37254901960784315 0.37254901960784315 1 0.37254901960784315 0.37254901960784315 0.37254901960784315 1 0.37254901960784315 0.37254901960784315 0.37254901960784315 1 0.37254901960784315 0.37254901960784315 0.37254901960784315 1 0.37254901960784315 0.37254901960784315 0.37254901960784315 1 0.37254901960784315 0.37254901960784315 0.37254901960784315 1 0.37254901960784315 0.37254901960784315 0.37254901960784315 1 0.37254901960784315 0.37254901960784315 0.37254901960784315 1 0.37254901960784315 0.37254901960784315 0.37254901960784315 1 0.37254901960784315 0.37254901960784315 0.37254901960784315 1 0.37254901960784315 0.37254901960784315 0.37254901960784315 1 0.37254901960784315 0.37254901960784315 0.37254901960784315 1 0.37254901960784315 0.37254901960784315 0.37254901960784315 1 0.37254901960784315 0.37254901960784315 0.37254901960784315 1 0.37254901960784315 0.37254901960784315 0.37254901960784315 1 0.37254901960784315 0.37254901960784315 0.37254901960784315 1 0.37254901960784315 0.37254901960784315 0.37254901960784315 1 0.37254901960784315 0.37254901960784315 0.37254901960784315 1 0.37254901960784315 0.37254901960784315 0.37254901960784315 1 0.37254901960784315 0.37254901960784315 0.37254901960784315 1 0.37254901960784315 0.37254901960784315 0.37254901960784315 1 0.37254901960784315 0.37254901960784315 0.37254901960784315 1 0.37254901960784315 0.37254901960784315 0.37254901960784315 1 0.37254901960784315 0.37254901960784315 0.37254901960784315 1 0.37254901960784315 0.37254901960784315 0.37254901960784315 1 0.37254901960784315 0.37254901960784315 0.37254901960784315 1 0.37254901960784315 0.37254901960784315 0.37254901960784315 1 0.37254901960784315 0.37254901960784315 0.37254901960784315 1 0.37254901960784315 0.37254901960784315 0.37254901960784315 1 0.37254901960784315 0.37254901960784315 0.37254901960784315 1 0.37254901960784315 0.37254901960784315 0.37254901960784315 1 0.37254901960784315 0.37254901960784315 0.37254901960784315 1 0.37254901960784315 0.37254901960784315 0.37254901960784315 1 0.37254901960784315 0.37254901960784315 0.37254901960784315 1 0.37254901960784315 0.37254901960784315 0.37254901960784315 1 0.37254901960784315 0.37254901960784315 0.37254901960784315 1 0.37254901960784315 0.37254901960784315 0.37254901960784315 1 0.37254901960784315 0.37254901960784315 0.37254901960784315 1 0.37254901960784315 0.37254901960784315 0.37254901960784315 1 0.37254901960784315 0.37254901960784315 0.37254901960784315 1 0.37254901960784315 0.37254901960784315 0.37254901960784315 1 0.37254901960784315 0.37254901960784315 0.37254901960784315 1 0.37254901960784315 0.37254901960784315 0.37254901960784315 1 0.37254901960784315 0.37254901960784315 0.37254901960784315 1 0.37254901960784315 0.37254901960784315 0.37254901960784315 1 0.37254901960784315 0.37254901960784315 0.37254901960784315 1 0.37254901960784315 0.37254901960784315 0.37254901960784315 1 0.37254901960784315 0.37254901960784315 0.37254901960784315 1 0.37254901960784315 0.37254901960784315 0.37254901960784315 1 0.37254901960784315 0.37254901960784315 0.37254901960784315 1 0.37254901960784315 0.37254901960784315 0.37254901960784315 1 0.37254901960784315 0.37254901960784315 0.37254901960784315 1 0.37254901960784315 0.37254901960784315 0.37254901960784315 1 0.37254901960784315 0.37254901960784315 0.37254901960784315 1 0.37254901960784315 0.37254901960784315 0.37254901960784315 1 0.37254901960784315 0.37254901960784315 0.37254901960784315 1 0.37254901960784315 0.37254901960784315 0.37254901960784315 1 0.37254901960784315 0.37254901960784315 0.37254901960784315 1 0.37254901960784315 0.37254901960784315 0.37254901960784315 1 0.37254901960784315 0.37254901960784315 0.37254901960784315 1 0.37254901960784315 0.37254901960784315 0.37254901960784315 1 0.37254901960784315 0.37254901960784315 0.37254901960784315 1 0.37254901960784315 0.37254901960784315 0.37254901960784315 1 0.37254901960784315 0.37254901960784315 0.37254901960784315 1 0.37254901960784315 0.37254901960784315 0.37254901960784315 1 0.37254901960784315 0.37254901960784315 0.37254901960784315 1 0.37254901960784315 0.37254901960784315 0.37254901960784315 1 0.37254901960784315 0.37254901960784315 0.37254901960784315 1 0.37254901960784315 0.37254901960784315 0.37254901960784315 1 0.37254901960784315 0.37254901960784315 0.37254901960784315 1 0.37254901960784315 0.37254901960784315 0.37254901960784315 1 0.37254901960784315 0.37254901960784315 0.37254901960784315 1 0.37254901960784315 0.37254901960784315 0.37254901960784315 1 0.37254901960784315 0.37254901960784315 0.37254901960784315 1 0.37254901960784315 0.37254901960784315 0.37254901960784315 1 0.37254901960784315 0.37254901960784315 0.37254901960784315 1</float_array>
                    <technique_common>
                        <accessor count="159" source="#colorarrayMesh27_2" stride="4">
                            <param name="R" type="float"/>
                            <param name="G" type="float"/>
                            <param name="B" type="float"/>
                            <param name="A" type="float"/>
                        </accessor>
                    </technique_common>
                </source>
                <vertices id="verticesMesh27_2">
                    <input semantic="POSITION" source="#pointsMesh27_2"/>
                </vertices>
                <polylist count="112" material="Material1">
                    <input offset="0" semantic="VERTEX" source="#verticesMesh27_2"/>
                    <input offset="1" semantic="TEXCOORD" source="#uvsMesh27_2" set="0"/>
                    <input offset="2" semantic="COLOR" source="#colorsMesh27_2" set="0"/>
                    <vcount>3 3 3 3 3 3 3 3 3 3 3 3 3 3 3 3 3 3 3 3 3 3 3 3 3 3 3 3 3 3 3 3 3 3 3 3 3 3 3 3 3 3 3 3 3 3 3 3 3 3 3 3 3 3 3 3 3 3 3 3 3 3 3 3 3 3 3 3 3 3 3 3 3 3 3 3 3 3 3 3 3 3 3 3 3 3 3 3 3 3 3 3 3 3 3 3 3 3 3 3 3 3 3 3 3 3 3 3 3 3 3 3</vcount>
                    <p>0 0 0 1 1 1 2 2 2 3 3 3 4 4 4 5 5 5 5 5 5 4 4 4 6 6 6 5 5 5 6 6 6 7 7 7 3 3 3 8 8 8 4 4 4 9 9 9 10 10 10 11 11 11 9 9 9 11 11 11 12 12 12 12 12 12 11 11 11 13 13 13 12 12 12 13 13 13 14 14 14 15 15 15 16 16 16 17 17 17 0 0 0 18 18 18 1 1 1 19 19 19 20 20 20 21 21 21 20 20 20 22 22 22 21 21 21 22 22 22 23 23 23 21 21 21 22 22 22 24 24 24 23 23 23 17 17 17 25 25 25 15 15 15 15 15 15 26 26 26 27 27 27 15 15 15 27 27 27 16 16 16 28 28 28 29 29 29 30 30 30 17 17 17 31 31 31 32 32 32 17 17 17 32 32 32 25 25 25 27 27 27 33 33 33 34 34 34 27 27 27 26 26 26 33 33 33 35 35 35 32 32 32 31 31 31 28 28 28 36 36 36 29 29 29 37 37 37 38 38 38 39 39 39 40 40 40 41 41 41 42 42 42 40 40 40 43 43 43 41 41 41 44 44 44 45 45 45 46 46 46 44 44 44 46 46 46 47 47 47 48 48 48 49 49 49 50 50 50 48 48 48 50 50 50 51 51 51 52 52 52 53 53 53 54 54 54 37 37 37 39 39 39 55 55 55 33 33 33 35 35 35 56 56 56 33 33 33 56 56 56 34 34 34 35 35 35 31 31 31 56 56 56 52 52 52 57 57 57 58 58 58 52 52 52 54 54 54 57 57 57 59 59 59 60 60 60 61 61 61 57 57 57 62 62 62 58 58 58 59 59 59 58 58 58 62 62 62 59 59 59 62 62 62 60 60 60 63 63 63 64 64 64 54 54 54 53 53 53 63 63 63 54 54 54 61 61 61 64 64 64 63 63 63 65 65 65 66 66 66 67 67 67 65 65 65 67 67 67 68 68 68 69 69 69 70 70 70 71 71 71 68 68 68 67 67 67 72 72 72 68 68 68 72 72 72 73 73 73 74 74 74 75 75 75 76 76 76 74 74 74 76 76 76 77 77 77 78 78 78 79 79 79 69 69 69 69 69 69 79 79 79 70 70 70 80 80 80 81 81 81 82 82 82 78 78 78 83 83 83 79 79 79 61 61 61 84 84 84 59 59 59 61 61 61 63 63 63 84 84 84 85 85 85 86 86 86 87 87 87 85 85 85 87 87 87 88 88 88 80 80 80 82 82 82 89 89 89 90 90 90 91 91 91 92 92 92 90 90 90 93 93 93 91 91 91 94 94 94 95 95 95 96 96 96 96 96 96 97 97 97 98 98 98 96 96 96 98 98 98 94 94 94 97 97 97 99 99 99 98 98 98 98 98 98 100 100 100 101 101 101 98 98 98 101 101 101 94 94 94 94 94 94 102 102 102 95 95 95 94 94 94 103 103 103 102 102 102 88 88 88 104 104 104 105 105 105 106 106 106 107 107 107 108 108 108 108 108 108 109 109 109 106 106 106 106 106 106 110 110 110 107 107 107 111 111 111 112 112 112 52 52 52 89 89 89 113 113 113 80 80 80 113 113 113 114 114 114 80 80 80 102 102 102 115 115 115 95 95 95 88 88 88 105 105 105 85 85 85 92 92 92 116 116 116 90 90 90 116 116 116 117 117 117 90 90 90 118 118 118 119 119 119 120 120 120 118 118 118 121 121 121 119 119 119 102 102 102 122 122 122 115 115 115 123 123 123 124 124 124 125 125 125 123 123 123 125 125 125 126 126 126 127 127 127 128 128 128 129 129 129 129 129 129 128 128 128 130 130 130 129 129 129 131 131 131 132 132 132 129 129 129 130 130 130 131 131 131 133 133 133 132 132 132 131 131 131 133 133 133 134 134 134 132 132 132 135 135 135 136 136 136 137 137 137 137 137 137 134 134 134 133 133 133 137 137 137 133 133 133 138 138 138 137 137 137 138 138 138 135 135 135 135 135 135 128 128 128 127 127 127 135 135 135 127 127 127 136 136 136 139 139 139 140 140 140 141 141 141 141 141 141 140 140 140 142 142 142 140 140 140 143 143 143 142 142 142 139 139 139 144 144 144 140 140 140 145 145 145 146 146 146 147 147 147 145 145 145 147 147 147 148 148 148 149 149 149 150 150 150 151 151 151 150 150 150 152 152 152 151 151 151 151 151 151 153 153 153 154 154 154 151 151 151 152 152 152 153 153 153 155 155 155 156 156 156 157 157 157 155 155 155 157 157 157 158 158 158</p>
                </polylist>
            </mesh>
        </geometry>
        <geometry id="meshMesh28_1">
            <mesh>
                <source id="pointsMesh28_1">
                    <float_array id="pointarrayMesh28_1" count="36">2001 1024 -2688 1857 1024 -2833 2001 691 -2688 1857 691 -2833 1857 1024 -2037 2001 1024 -2182 1857 691 -2037 2001 691 -2182 1205 691 -2688 1350 1024 -2833 1205 1024 -2688 1350 691 -2833</float_array>
                    <technique_common>
                        <accessor count="12" source="#pointarrayMesh28_1" stride="3">
                            <param name="X" type="float"/>
                            <param name="Y" type="float"/>
                            <param name="Z" type="float"/>
                        </accessor>
                    </technique_common>
                </source>
                <source id="uvsMesh28_1">
                    <float_array id="uvarrayMesh28_1" count="24">0.966796875 1 0 1 0.966796875 0.017578125 0 0.017578125 0.966796875 1 0 1 0.966796875 0.017578125 0 0.017578125 0 0.017578125 0.966796875 1 0 1 0.966796875 0.017578125</float_array>
                    <technique_common>
                        <accessor count="12" source="#uvarrayMesh28_1" stride="2">
                            <param name="S" type="float"/>
                            <param name="T" type="float"/>
                        </accessor>
                    </technique_common>
                </source>
                <vertices id="verticesMesh28_1">
                    <input semantic="POSITION" source="#pointsMesh28_1"/>
                </vertices>
                <polylist count="6" material="Material1">
                    <input offset="0" semantic="VERTEX" source="#verticesMesh28_1"/>
                    <input offset="1" semantic="TEXCOORD" source="#uvsMesh28_1" set="0"/>
                    <vcount>3 3 3 3 3 3</vcount>
                    <p>0 0 1 1 2 2 1 1 3 3 2 2 4 4 5 5 6 6 5 5 7 7 6 6 8 8 9 9 10 10 8 8 11 11 9 9</p>
                </polylist>
            </mesh>
        </geometry>
        <geometry id="meshMesh29_1">
            <mesh>
                <source id="pointsMesh29_1">
                    <float_array id="pointarrayMesh29_1" count="12">1179 819 -2510 1179 819 -2356 1179 666 -2356 1179 666 -2510</float_array>
                    <technique_common>
                        <accessor count="4" source="#pointarrayMesh29_1" stride="3">
                            <param name="X" type="float"/>
                            <param name="Y" type="float"/>
                            <param name="Z" type="float"/>
                        </accessor>
                    </technique_common>
                </source>
                <source id="uvsMesh29_1">
                    <float_array id="uvarrayMesh29_1" count="8">0.966796875 1 0 1 0 0.033203125 0.966796875 0.033203125</float_array>
                    <technique_common>
                        <accessor count="4" source="#uvarrayMesh29_1" stride="2">
                            <param name="S" type="float"/>
                            <param name="T" type="float"/>
                        </accessor>
                    </technique_common>
                </source>
                <vertices id="verticesMesh29_1">
                    <input semantic="POSITION" source="#pointsMesh29_1"/>
                </vertices>
                <polylist count="2" material="Material1">
                    <input offset="0" semantic="VERTEX" source="#verticesMesh29_1"/>
                    <input offset="1" semantic="TEXCOORD" source="#uvsMesh29_1" set="0"/>
                    <vcount>3 3</vcount>
                    <p>0 0 1 1 2 2 0 0 2 2 3 3</p>
                </polylist>
            </mesh>
        </geometry>
        <geometry id="meshMesh29_2">
            <mesh>
                <source id="pointsMesh29_2">
                    <float_array id="pointarrayMesh29_2" count="12">1179 819 -2510 1179 819 -2356 1179 666 -2356 1179 666 -2510</float_array>
                    <technique_common>
                        <accessor count="4" source="#pointarrayMesh29_2" stride="3">
                            <param name="X" type="float"/>
                            <param name="Y" type="float"/>
                            <param name="Z" type="float"/>
                        </accessor>
                    </technique_common>
                </source>
                <source id="uvsMesh29_2">
                    <float_array id="uvarrayMesh29_2" count="8">0.966796875 1 0 1 0 0.033203125 0.966796875 0.033203125</float_array>
                    <technique_common>
                        <accessor count="4" source="#uvarrayMesh29_2" stride="2">
                            <param name="S" type="float"/>
                            <param name="T" type="float"/>
                        </accessor>
                    </technique_common>
                </source>
                <source id="colorsMesh29_2">
                    <float_array id="colorarrayMesh29_2" count="16">0.37254901960784315 0.37254901960784315 0.37254901960784315 1 0.37254901960784315 0.37254901960784315 0.37254901960784315 1 0.37254901960784315 0.37254901960784315 0.37254901960784315 1 0.37254901960784315 0.37254901960784315 0.37254901960784315 1</float_array>
                    <technique_common>
                        <accessor count="4" source="#colorarrayMesh29_2" stride="4">
                            <param name="R" type="float"/>
                            <param name="G" type="float"/>
                            <param name="B" type="float"/>
                            <param name="A" type="float"/>
                        </accessor>
                    </technique_common>
                </source>
                <vertices id="verticesMesh29_2">
                    <input semantic="POSITION" source="#pointsMesh29_2"/>
                </vertices>
                <polylist count="2" material="Material1">
                    <input offset="0" semantic="VERTEX" source="#verticesMesh29_2"/>
                    <input offset="1" semantic="TEXCOORD" source="#uvsMesh29_2" set="0"/>
                    <input offset="2" semantic="COLOR" source="#colorsMesh29_2" set="0"/>
                    <vcount>3 3</vcount>
                    <p>0 0 0 1 1 1 2 2 2 0 0 0 2 2 2 3 3 3</p>
                </polylist>
            </mesh>
        </geometry>
        <geometry id="meshMesh30_1">
            <mesh>
                <source id="pointsMesh30_1">
                    <float_array id="pointarrayMesh30_1" count="126">-4121 282 -613 -4121 282 -306 -4121 256 -306 -4146 282 -613 -4146 307 -613 -4146 307 -306 -4146 282 -306 -4069 230 -613 -4069 205 -306 -4069 205 -613 -4069 230 -306 -4095 256 -613 -4095 256 -306 -4095 230 -306 -4095 230 -613 -4121 256 -613 -5221 205 -1484 -5221 205 -869 -4402 205 -869 -3173 205 -1484 -4197 205 -665 -3173 205 563 -4197 205 -255 -4402 205 -50 -5221 205 563 -5221 205 -50 -3173 205 -716 -3122 205 -869 -3173 205 -869 -3122 205 -716 -4095 230 -613 -4095 230 -306 -4069 230 -306 -4069 230 -613 -4121 256 -613 -4121 256 -306 -4095 256 -306 -4095 256 -613 -4146 282 -613 -4121 282 -306 -4121 282 -613 -4146 282 -306</float_array>
                    <technique_common>
                        <accessor count="42" source="#pointarrayMesh30_1" stride="3">
                            <param name="X" type="float"/>
                            <param name="Y" type="float"/>
                            <param name="Z" type="float"/>
                        </accessor>
                    </technique_common>
                </source>
                <source id="uvsMesh30_1">
                    <float_array id="uvarrayMesh30_1" count="84">2.962890625 0.681640625 0 0.681640625 0 0.482421875 2.962890625 0.83203125 2.962890625 1 0 1 0 0.83203125 2.962890625 -0.015625 0 -0.21484375 2.962890625 -0.21484375 0 -0.015625 2.962890625 0.33203125 0 0.33203125 0 0.1328125 2.962890625 0.1328125 2.962890625 0.482421875 4.958984375 4.025390625 1.96484375 4.025390625 1.96484375 0.033203125 4.958984375 -5.953125 0.966796875 -0.962890625 -5.01953125 -5.953125 -1.02734375 -0.962890625 -2.025390625 0.033203125 -5.01953125 4.025390625 -2.025390625 4.025390625 1.96484375 0.283203125 2.21484375 1 1.96484375 1 2.21484375 0.283203125 2.962890625 0.1328125 0 0.1328125 0 -0.015625 2.962890625 -0.015625 2.962890625 0.482421875 0 0.482421875 0 0.33203125 2.962890625 0.33203125 2.962890625 0.83203125 0 0.681640625 2.962890625 0.681640625 0 0.83203125</float_array>
                    <technique_common>
                        <accessor count="42" source="#uvarrayMesh30_1" stride="2">
                            <param name="S" type="float"/>
                            <param name="T" type="float"/>
                        </accessor>
                    </technique_common>
                </source>
                <source id="colorsMesh30_1">
                    <float_array id="colorarrayMesh30_1" count="168">0.8666666666666667 0.8666666666666667 0.8666666666666667 1 0.8666666666666667 0.8666666666666667 0.8666666666666667 1 0.8666666666666667 0.8666666666666667 0.8666666666666667 1 0.8666666666666667 0.8666666666666667 0.8666666666666667 1 0.8666666666666667 0.8666666666666667 0.8666666666666667 1 0.8666666666666667 0.8666666666666667 0.8666666666666667 1 0.8666666666666667 0.8666666666666667 0.8666666666666667 1 0.8666666666666667 0.8666666666666667 0.8666666666666667 1 0.8666666666666667 0.8666666666666667 0.8666666666666667 1 0.8666666666666667 0.8666666666666667 0.8666666666666667 1 0.8666666666666667 0.8666666666666667 0.8666666666666667 1 0.8666666666666667 0.8666666666666667 0.8666666666666667 1 0.8666666666666667 0.8666666666666667 0.8666666666666667 1 0.8666666666666667 0.8666666666666667 0.8666666666666667 1 0.8666666666666667 0.8666666666666667 0.8666666666666667 1 0.8666666666666667 0.8666666666666667 0.8666666666666667 1 1 1 1 1 1 1 1 1 1 1 1 1 1 1 1 1 1 1 1 1 1 1 1 1 1 1 1 1 1 1 1 1 1 1 1 1 1 1 1 1 1 1 1 1 1 1 1 1 1 1 1 1 1 1 1 1 1 1 1 1 1 1 1 1 1 1 1 1 1 1 1 1 1 1 1 1 1 1 1 1 1 1 1 1 1 1 1 1 1 1 1 1 1 1 1 1 1 1 1 1 1 1 1 1</float_array>
                    <technique_common>
                        <accessor count="42" source="#colorarrayMesh30_1" stride="4">
                            <param name="R" type="float"/>
                            <param name="G" type="float"/>
                            <param name="B" type="float"/>
                            <param name="A" type="float"/>
                        </accessor>
                    </technique_common>
                </source>
                <vertices id="verticesMesh30_1">
                    <input semantic="POSITION" source="#pointsMesh30_1"/>
                </vertices>
                <polylist count="24" material="Material1">
                    <input offset="0" semantic="VERTEX" source="#verticesMesh30_1"/>
                    <input offset="1" semantic="TEXCOORD" source="#uvsMesh30_1" set="0"/>
                    <input offset="2" semantic="COLOR" source="#colorsMesh30_1" set="0"/>
                    <vcount>3 3 3 3 3 3 3 3 3 3 3 3 3 3 3 3 3 3 3 3 3 3 3 3</vcount>
                    <p>0 0 0 1 1 1 2 2 2 3 3 3 4 4 4 5 5 5 3 3 3 5 5 5 6 6 6 7 7 7 8 8 8 9 9 9 7 7 7 10 10 10 8 8 8 11 11 11 12 12 12 13 13 13 11 11 11 13 13 13 14 14 14 0 0 0 2 2 2 15 15 15 16 16 16 17 17 17 18 18 18 19 19 19 16 16 16 18 18 18 19 19 19 18 18 18 20 20 20 21 21 21 19 19 19 20 20 20 21 21 21 20 20 20 22 22 22 21 21 21 22 22 22 23 23 23 24 24 24 21 21 21 23 23 23 25 25 25 24 24 24 23 23 23 26 26 26 27 27 27 28 28 28 26 26 26 29 29 29 27 27 27 30 30 30 31 31 31 32 32 32 30 30 30 32 32 32 33 33 33 34 34 34 35 35 35 36 36 36 34 34 34 36 36 36 37 37 37 38 38 38 39 39 39 40 40 40 38 38 38 41 41 41 39 39 39</p>
                </polylist>
            </mesh>
        </geometry>
        <geometry id="meshMesh30_2">
            <mesh>
                <source id="pointsMesh30_2">
                    <float_array id="pointarrayMesh30_2" count="126">-4121 282 -613 -4121 282 -306 -4121 256 -306 -4146 282 -613 -4146 307 -613 -4146 307 -306 -4146 282 -306 -4069 230 -613 -4069 205 -306 -4069 205 -613 -4069 230 -306 -4095 256 -613 -4095 256 -306 -4095 230 -306 -4095 230 -613 -4121 256 -613 -5221 205 -1484 -5221 205 -869 -4402 205 -869 -3173 205 -1484 -4197 205 -665 -3173 205 563 -4197 205 -255 -4402 205 -50 -5221 205 563 -5221 205 -50 -3173 205 -716 -3122 205 -869 -3173 205 -869 -3122 205 -716 -4095 230 -613 -4095 230 -306 -4069 230 -306 -4069 230 -613 -4121 256 -613 -4121 256 -306 -4095 256 -306 -4095 256 -613 -4146 282 -613 -4121 282 -306 -4121 282 -613 -4146 282 -306</float_array>
                    <technique_common>
                        <accessor count="42" source="#pointarrayMesh30_2" stride="3">
                            <param name="X" type="float"/>
                            <param name="Y" type="float"/>
                            <param name="Z" type="float"/>
                        </accessor>
                    </technique_common>
                </source>
                <source id="uvsMesh30_2">
                    <float_array id="uvarrayMesh30_2" count="84">2.962890625 0.681640625 0 0.681640625 0 0.482421875 2.962890625 0.83203125 2.962890625 1 0 1 0 0.83203125 2.962890625 -0.015625 0 -0.21484375 2.962890625 -0.21484375 0 -0.015625 2.962890625 0.33203125 0 0.33203125 0 0.1328125 2.962890625 0.1328125 2.962890625 0.482421875 4.958984375 4.025390625 1.96484375 4.025390625 1.96484375 0.033203125 4.958984375 -5.953125 0.966796875 -0.962890625 -5.01953125 -5.953125 -1.02734375 -0.962890625 -2.025390625 0.033203125 -5.01953125 4.025390625 -2.025390625 4.025390625 1.96484375 0.283203125 2.21484375 1 1.96484375 1 2.21484375 0.283203125 2.962890625 0.1328125 0 0.1328125 0 -0.015625 2.962890625 -0.015625 2.962890625 0.482421875 0 0.482421875 0 0.33203125 2.962890625 0.33203125 2.962890625 0.83203125 0 0.681640625 2.962890625 0.681640625 0 0.83203125</float_array>
                    <technique_common>
                        <accessor count="42" source="#uvarrayMesh30_2" stride="2">
                            <param name="S" type="float"/>
                            <param name="T" type="float"/>
                        </accessor>
                    </technique_common>
                </source>
                <source id="colorsMesh30_2">
                    <float_array id="colorarrayMesh30_2" count="168">0.3215686274509804 0.3215686274509804 0.3215686274509804 1 0.3215686274509804 0.3215686274509804 0.3215686274509804 1 0.3215686274509804 0.3215686274509804 0.3215686274509804 1 0.3215686274509804 0.3215686274509804 0.3215686274509804 1 0.3215686274509804 0.3215686274509804 0.3215686274509804 1 0.3215686274509804 0.3215686274509804 0.3215686274509804 1 0.3215686274509804 0.3215686274509804 0.3215686274509804 1 0.3215686274509804 0.3215686274509804 0.3215686274509804 1 0.3215686274509804 0.3215686274509804 0.3215686274509804 1 0.3215686274509804 0.3215686274509804 0.3215686274509804 1 0.3215686274509804 0.3215686274509804 0.3215686274509804 1 0.3215686274509804 0.3215686274509804 0.3215686274509804 1 0.3215686274509804 0.3215686274509804 0.3215686274509804 1 0.3215686274509804 0.3215686274509804 0.3215686274509804 1 0.3215686274509804 0.3215686274509804 0.3215686274509804 1 0.3215686274509804 0.3215686274509804 0.3215686274509804 1 0.37254901960784315 0.37254901960784315 0.37254901960784315 1 0.37254901960784315 0.37254901960784315 0.37254901960784315 1 0.37254901960784315 0.37254901960784315 0.37254901960784315 1 0.37254901960784315 0.37254901960784315 0.37254901960784315 1 0.37254901960784315 0.37254901960784315 0.37254901960784315 1 0.37254901960784315 0.37254901960784315 0.37254901960784315 1 0.37254901960784315 0.37254901960784315 0.37254901960784315 1 0.37254901960784315 0.37254901960784315 0.37254901960784315 1 0.37254901960784315 0.37254901960784315 0.37254901960784315 1 0.37254901960784315 0.37254901960784315 0.37254901960784315 1 0.37254901960784315 0.37254901960784315 0.37254901960784315 1 0.37254901960784315 0.37254901960784315 0.37254901960784315 1 0.37254901960784315 0.37254901960784315 0.37254901960784315 1 0.37254901960784315 0.37254901960784315 0.37254901960784315 1 0.37254901960784315 0.37254901960784315 0.37254901960784315 1 0.37254901960784315 0.37254901960784315 0.37254901960784315 1 0.37254901960784315 0.37254901960784315 0.37254901960784315 1 0.37254901960784315 0.37254901960784315 0.37254901960784315 1 0.37254901960784315 0.37254901960784315 0.37254901960784315 1 0.37254901960784315 0.37254901960784315 0.37254901960784315 1 0.37254901960784315 0.37254901960784315 0.37254901960784315 1 0.37254901960784315 0.37254901960784315 0.37254901960784315 1 0.37254901960784315 0.37254901960784315 0.37254901960784315 1 0.37254901960784315 0.37254901960784315 0.37254901960784315 1 0.37254901960784315 0.37254901960784315 0.37254901960784315 1 0.37254901960784315 0.37254901960784315 0.37254901960784315 1</float_array>
                    <technique_common>
                        <accessor count="42" source="#colorarrayMesh30_2" stride="4">
                            <param name="R" type="float"/>
                            <param name="G" type="float"/>
                            <param name="B" type="float"/>
                            <param name="A" type="float"/>
                        </accessor>
                    </technique_common>
                </source>
                <vertices id="verticesMesh30_2">
                    <input semantic="POSITION" source="#pointsMesh30_2"/>
                </vertices>
                <polylist count="24" material="Material1">
                    <input offset="0" semantic="VERTEX" source="#verticesMesh30_2"/>
                    <input offset="1" semantic="TEXCOORD" source="#uvsMesh30_2" set="0"/>
                    <input offset="2" semantic="COLOR" source="#colorsMesh30_2" set="0"/>
                    <vcount>3 3 3 3 3 3 3 3 3 3 3 3 3 3 3 3 3 3 3 3 3 3 3 3</vcount>
                    <p>0 0 0 1 1 1 2 2 2 3 3 3 4 4 4 5 5 5 3 3 3 5 5 5 6 6 6 7 7 7 8 8 8 9 9 9 7 7 7 10 10 10 8 8 8 11 11 11 12 12 12 13 13 13 11 11 11 13 13 13 14 14 14 0 0 0 2 2 2 15 15 15 16 16 16 17 17 17 18 18 18 19 19 19 16 16 16 18 18 18 19 19 19 18 18 18 20 20 20 21 21 21 19 19 19 20 20 20 21 21 21 20 20 20 22 22 22 21 21 21 22 22 22 23 23 23 24 24 24 21 21 21 23 23 23 25 25 25 24 24 24 23 23 23 26 26 26 27 27 27 28 28 28 26 26 26 29 29 29 27 27 27 30 30 30 31 31 31 32 32 32 30 30 30 32 32 32 33 33 33 34 34 34 35 35 35 36 36 36 34 34 34 36 36 36 37 37 37 38 38 38 39 39 39 40 40 40 38 38 38 41 41 41 39 39 39</p>
                </polylist>
            </mesh>
        </geometry>
        <geometry id="meshMesh31_1">
            <mesh>
                <source id="pointsMesh31_1">
                    <float_array id="pointarrayMesh31_1" count="90">-3173 1126 -1177 -3650 1434 -1074 -3481 1126 -1484 -4812 1434 154 -4812 1434 -1074 -3583 1434 -1074 -3583 1434 154 -4402 307 -869 -5221 307 -869 -5221 307 -50 -4402 307 -50 -4197 307 -255 -4197 307 -665 -4745 1434 -1074 -4914 1126 -1484 -4914 1126 563 -3650 1434 154 -3481 1126 563 -3583 1434 -1007 -4812 1434 -1007 -5221 1126 -1177 -4812 1434 86 -5221 1126 256 -4745 1434 154 -3173 1126 256 -3583 1434 86 -4197 307 -306 -4146 307 -613 -4197 307 -613 -4146 307 -306</float_array>
                    <technique_common>
                        <accessor count="30" source="#pointarrayMesh31_1" stride="3">
                            <param name="X" type="float"/>
                            <param name="Y" type="float"/>
                            <param name="Z" type="float"/>
                        </accessor>
                    </technique_common>
                </source>
                <source id="uvsMesh31_1">
                    <float_array id="uvarrayMesh31_1" count="60">3.462890625 7.01953125 2.962890625 4.6953125 4.958984375 5.521484375 -3.0234375 -0.962890625 2.962890625 -0.962890625 2.962890625 5.0234375 -3.0234375 5.0234375 1.96484375 -0.962890625 1.96484375 3.02734375 -2.025390625 3.02734375 -2.025390625 -0.962890625 -1.02734375 -1.9609375 0.966796875 -1.9609375 2.962890625 -0.634765625 4.958984375 -1.462890625 -5.01953125 -1.4609375 -3.0234375 4.6953125 -5.01953125 5.521484375 2.634765625 5.0234375 2.634765625 -0.962890625 3.462890625 -2.958984375 -2.6953125 -0.962890625 -3.5234375 -2.958984375 -3.0234375 -0.634765625 -3.5234375 7.01953125 -2.6953125 5.0234375 -0.77734375 -1.9609375 0.716796875 -2.2109375 0.716796875 -1.9609375 -0.77734375 -2.2109375</float_array>
                    <technique_common>
                        <accessor count="30" source="#uvarrayMesh31_1" stride="2">
                            <param name="S" type="float"/>
                            <param name="T" type="float"/>
                        </accessor>
                    </technique_common>
                </source>
                <vertices id="verticesMesh31_1">
                    <input semantic="POSITION" source="#pointsMesh31_1"/>
                </vertices>
                <polylist count="24" material="Material1">
                    <input offset="0" semantic="VERTEX" source="#verticesMesh31_1"/>
                    <input offset="1" semantic="TEXCOORD" source="#uvsMesh31_1" set="0"/>
                    <vcount>3 3 3 3 3 3 3 3 3 3 3 3 3 3 3 3 3 3 3 3 3 3 3 3</vcount>
                    <p>0 0 1 1 2 2 3 3 4 4 5 5 3 3 5 5 6 6 7 7 8 8 9 9 7 7 9 9 10 10 7 7 10 10 11 11 7 7 11 11 12 12 2 2 13 13 14 14 2 2 1 1 13 13 15 15 16 16 17 17 0 0 18 18 1 1 14 14 13 13 19 19 14 14 19 19 20 20 20 20 19 19 21 21 20 20 21 21 22 22 22 22 21 21 23 23 22 22 23 23 15 15 15 15 23 23 16 16 17 17 16 16 24 24 16 16 25 25 24 24 24 24 25 25 18 18 24 24 18 18 0 0 26 26 27 27 28 28 26 26 29 29 27 27</p>
                </polylist>
            </mesh>
        </geometry>
        <geometry id="meshMesh31_2">
            <mesh>
                <source id="pointsMesh31_2">
                    <float_array id="pointarrayMesh31_2" count="90">-3173 1126 -1177 -3650 1434 -1074 -3481 1126 -1484 -4812 1434 154 -4812 1434 -1074 -3583 1434 -1074 -3583 1434 154 -4402 307 -869 -5221 307 -869 -5221 307 -50 -4402 307 -50 -4197 307 -255 -4197 307 -665 -4745 1434 -1074 -4914 1126 -1484 -4914 1126 563 -3650 1434 154 -3481 1126 563 -3583 1434 -1007 -4812 1434 -1007 -5221 1126 -1177 -4812 1434 86 -5221 1126 256 -4745 1434 154 -3173 1126 256 -3583 1434 86 -4197 307 -306 -4146 307 -613 -4197 307 -613 -4146 307 -306</float_array>
                    <technique_common>
                        <accessor count="30" source="#pointarrayMesh31_2" stride="3">
                            <param name="X" type="float"/>
                            <param name="Y" type="float"/>
                            <param name="Z" type="float"/>
                        </accessor>
                    </technique_common>
                </source>
                <source id="uvsMesh31_2">
                    <float_array id="uvarrayMesh31_2" count="60">3.462890625 7.01953125 2.962890625 4.6953125 4.958984375 5.521484375 -3.0234375 -0.962890625 2.962890625 -0.962890625 2.962890625 5.0234375 -3.0234375 5.0234375 1.96484375 -0.962890625 1.96484375 3.02734375 -2.025390625 3.02734375 -2.025390625 -0.962890625 -1.02734375 -1.9609375 0.966796875 -1.9609375 2.962890625 -0.634765625 4.958984375 -1.462890625 -5.01953125 -1.4609375 -3.0234375 4.6953125 -5.01953125 5.521484375 2.634765625 5.0234375 2.634765625 -0.962890625 3.462890625 -2.958984375 -2.6953125 -0.962890625 -3.5234375 -2.958984375 -3.0234375 -0.634765625 -3.5234375 7.01953125 -2.6953125 5.0234375 -0.77734375 -1.9609375 0.716796875 -2.2109375 0.716796875 -1.9609375 -0.77734375 -2.2109375</float_array>
                    <technique_common>
                        <accessor count="30" source="#uvarrayMesh31_2" stride="2">
                            <param name="S" type="float"/>
                            <param name="T" type="float"/>
                        </accessor>
                    </technique_common>
                </source>
                <source id="colorsMesh31_2">
                    <float_array id="colorarrayMesh31_2" count="120">0.37254901960784315 0.37254901960784315 0.37254901960784315 1 0.37254901960784315 0.37254901960784315 0.37254901960784315 1 0.37254901960784315 0.37254901960784315 0.37254901960784315 1 0.37254901960784315 0.37254901960784315 0.37254901960784315 1 0.37254901960784315 0.37254901960784315 0.37254901960784315 1 0.37254901960784315 0.37254901960784315 0.37254901960784315 1 0.37254901960784315 0.37254901960784315 0.37254901960784315 1 0.37254901960784315 0.37254901960784315 0.37254901960784315 1 0.37254901960784315 0.37254901960784315 0.37254901960784315 1 0.37254901960784315 0.37254901960784315 0.37254901960784315 1 0.37254901960784315 0.37254901960784315 0.37254901960784315 1 0.37254901960784315 0.37254901960784315 0.37254901960784315 1 0.37254901960784315 0.37254901960784315 0.37254901960784315 1 0.37254901960784315 0.37254901960784315 0.37254901960784315 1 0.37254901960784315 0.37254901960784315 0.37254901960784315 1 0.37254901960784315 0.37254901960784315 0.37254901960784315 1 0.37254901960784315 0.37254901960784315 0.37254901960784315 1 0.37254901960784315 0.37254901960784315 0.37254901960784315 1 0.37254901960784315 0.37254901960784315 0.37254901960784315 1 0.37254901960784315 0.37254901960784315 0.37254901960784315 1 0.37254901960784315 0.37254901960784315 0.37254901960784315 1 0.37254901960784315 0.37254901960784315 0.37254901960784315 1 0.37254901960784315 0.37254901960784315 0.37254901960784315 1 0.37254901960784315 0.37254901960784315 0.37254901960784315 1 0.37254901960784315 0.37254901960784315 0.37254901960784315 1 0.37254901960784315 0.37254901960784315 0.37254901960784315 1 0.37254901960784315 0.37254901960784315 0.37254901960784315 1 0.37254901960784315 0.37254901960784315 0.37254901960784315 1 0.37254901960784315 0.37254901960784315 0.37254901960784315 1 0.37254901960784315 0.37254901960784315 0.37254901960784315 1</float_array>
                    <technique_common>
                        <accessor count="30" source="#colorarrayMesh31_2" stride="4">
                            <param name="R" type="float"/>
                            <param name="G" type="float"/>
                            <param name="B" type="float"/>
                            <param name="A" type="float"/>
                        </accessor>
                    </technique_common>
                </source>
                <vertices id="verticesMesh31_2">
                    <input semantic="POSITION" source="#pointsMesh31_2"/>
                </vertices>
                <polylist count="24" material="Material1">
                    <input offset="0" semantic="VERTEX" source="#verticesMesh31_2"/>
                    <input offset="1" semantic="TEXCOORD" source="#uvsMesh31_2" set="0"/>
                    <input offset="2" semantic="COLOR" source="#colorsMesh31_2" set="0"/>
                    <vcount>3 3 3 3 3 3 3 3 3 3 3 3 3 3 3 3 3 3 3 3 3 3 3 3</vcount>
                    <p>0 0 0 1 1 1 2 2 2 3 3 3 4 4 4 5 5 5 3 3 3 5 5 5 6 6 6 7 7 7 8 8 8 9 9 9 7 7 7 9 9 9 10 10 10 7 7 7 10 10 10 11 11 11 7 7 7 11 11 11 12 12 12 2 2 2 13 13 13 14 14 14 2 2 2 1 1 1 13 13 13 15 15 15 16 16 16 17 17 17 0 0 0 18 18 18 1 1 1 14 14 14 13 13 13 19 19 19 14 14 14 19 19 19 20 20 20 20 20 20 19 19 19 21 21 21 20 20 20 21 21 21 22 22 22 22 22 22 21 21 21 23 23 23 22 22 22 23 23 23 15 15 15 15 15 15 23 23 23 16 16 16 17 17 17 16 16 16 24 24 24 16 16 16 25 25 25 24 24 24 24 24 24 25 25 25 18 18 18 24 24 24 18 18 18 0 0 0 26 26 26 27 27 27 28 28 28 26 26 26 29 29 29 27 27 27</p>
                </polylist>
            </mesh>
        </geometry>
        <geometry id="meshMesh32_1">
            <mesh>
                <source id="pointsMesh32_1">
                    <float_array id="pointarrayMesh32_1" count="204">-4018 205 -665 -4197 205 -665 -4197 358 -665 -4018 205 -255 -4146 358 -255 -4197 358 -255 -4197 205 -255 -4018 282 -255 -4069 282 -255 -4018 205 -306 -4197 205 -306 -4197 358 -306 -4069 282 -306 -4018 282 -306 -4146 358 -306 -4197 307 -613 -4197 358 -665 -4197 307 -665 -4146 358 -665 -4069 282 -665 -4018 282 -665 -4018 205 -613 -4146 358 -613 -4197 358 -613 -4197 205 -613 -4069 282 -613 -4018 282 -613 -4197 358 -613 -4018 282 -665 -4018 282 -613 -4018 205 -613 -4018 205 -665 -4069 282 -613 -4069 282 -665 -4146 358 -665 -4146 358 -613 -4197 358 -665 -4197 358 -613 -4197 307 -255 -4197 358 -255 -4197 358 -306 -4197 307 -306 -4069 282 -306 -4069 282 -255 -4018 282 -306 -4018 205 -255 -4018 205 -306 -4018 282 -255 -4146 358 -306 -4146 358 -255 -4197 358 -306 -4197 358 -255 -4402 307 -869 -5221 205 -869 -5221 307 -869 -4402 205 -869 -4197 307 -665 -4197 205 -665 -4402 205 -869 -4402 307 -869 -4402 307 -50 -4197 205 -255 -4197 307 -255 -4402 205 -50 -5221 307 -50 -4402 205 -50 -4402 307 -50 -5221 205 -50</float_array>
                    <technique_common>
                        <accessor count="68" source="#pointarrayMesh32_1" stride="3">
                            <param name="X" type="float"/>
                            <param name="Y" type="float"/>
                            <param name="Z" type="float"/>
                        </accessor>
                    </technique_common>
                </source>
                <source id="uvsMesh32_1">
                    <float_array id="uvarrayMesh32_1" count="136">-0.234375 0.033203125 -1.470703125 0.033203125 -1.470703125 1.53125 -3.05859375 0.033203125 -3.939453125 1.529296875 -4.29296875 1.529296875 -4.29296875 0.033203125 -3.05859375 0.78125 -3.41015625 0.78125 -2.705078125 0.033203125 -3.939453125 0.033203125 -3.939453125 1.529296875 -3.05859375 0.78125 -2.705078125 0.78125 -3.587890625 1.529296875 0.46875 1 0 1.529296875 0 1 -1.1171875 1.53125 -0.587890625 0.78125 -0.234375 0.78125 -0.587890625 0.033203125 -1.470703125 1.53125 -1.822265625 1.53125 -1.822265625 0.033203125 -0.94140625 0.78125 -0.587890625 0.78125 0.46875 1.529296875 3.462890625 0.78125 2.962890625 0.78125 2.962890625 0.033203125 3.462890625 0.033203125 2.962890625 0.78125 3.462890625 0.78125 3.462890625 1.53125 2.962890625 1.53125 3.462890625 1.53125 2.962890625 1.53125 3.9609375 1 3.9609375 1.529296875 3.4609375 1.529296875 3.4609375 1 0 0.78125 -0.529296875 0.78125 0 0.78125 -0.529296875 0.033203125 0 0.033203125 -0.529296875 0.78125 0 1.53125 -0.529296875 1.53125 0 1.53125 -0.529296875 1.53125 -1.470703125 1 -7.115234375 0.033203125 -7.115234375 1 -1.470703125 0.033203125 3.462890625 1 3.462890625 0.033203125 5.458984375 0.033203125 5.458984375 1 -2.525390625 1 -0.52734375 0.033203125 -0.52734375 1 -2.525390625 0.033203125 -12.76171875 1 -7.115234375 0.033203125 -7.115234375 1 -12.76171875 0.033203125</float_array>
                    <technique_common>
                        <accessor count="68" source="#uvarrayMesh32_1" stride="2">
                            <param name="S" type="float"/>
                            <param name="T" type="float"/>
                        </accessor>
                    </technique_common>
                </source>
                <vertices id="verticesMesh32_1">
                    <input semantic="POSITION" source="#pointsMesh32_1"/>
                </vertices>
                <polylist count="44" material="Material1">
                    <input offset="0" semantic="VERTEX" source="#verticesMesh32_1"/>
                    <input offset="1" semantic="TEXCOORD" source="#uvsMesh32_1" set="0"/>
                    <vcount>3 3 3 3 3 3 3 3 3 3 3 3 3 3 3 3 3 3 3 3 3 3 3 3 3 3 3 3 3 3 3 3 3 3 3 3 3 3 3 3 3 3 3 3</vcount>
                    <p>0 0 1 1 2 2 3 3 4 4 5 5 5 5 6 6 3 3 3 3 7 7 8 8 3 3 8 8 4 4 9 9 10 10 11 11 9 9 12 12 13 13 9 9 11 11 14 14 9 9 14 14 12 12 15 15 16 16 17 17 0 0 2 2 18 18 0 0 19 19 20 20 0 0 18 18 19 19 21 21 22 22 23 23 23 23 24 24 21 21 21 21 25 25 22 22 21 21 26 26 25 25 15 15 27 27 16 16 28 28 29 29 30 30 28 28 30 30 31 31 28 28 32 32 29 29 33 33 32 32 28 28 34 34 35 35 32 32 34 34 32 32 33 33 36 36 35 35 34 34 36 36 37 37 35 35 38 38 39 39 40 40 38 38 40 40 41 41 42 42 43 43 44 44 44 44 45 45 46 46 44 44 47 47 45 45 44 44 43 43 47 47 48 48 49 49 43 43 48 48 43 43 42 42 50 50 49 49 48 48 50 50 51 51 49 49 52 52 53 53 54 54 52 52 55 55 53 53 56 56 57 57 58 58 56 56 58 58 59 59 60 60 61 61 62 62 60 60 63 63 61 61 64 64 65 65 66 66 64 64 67 67 65 65</p>
                </polylist>
            </mesh>
        </geometry>
        <geometry id="meshMesh32_2">
            <mesh>
                <source id="pointsMesh32_2">
                    <float_array id="pointarrayMesh32_2" count="204">-4018 205 -665 -4197 205 -665 -4197 358 -665 -4018 205 -255 -4146 358 -255 -4197 358 -255 -4197 205 -255 -4018 282 -255 -4069 282 -255 -4018 205 -306 -4197 205 -306 -4197 358 -306 -4069 282 -306 -4018 282 -306 -4146 358 -306 -4197 307 -613 -4197 358 -665 -4197 307 -665 -4146 358 -665 -4069 282 -665 -4018 282 -665 -4018 205 -613 -4146 358 -613 -4197 358 -613 -4197 205 -613 -4069 282 -613 -4018 282 -613 -4197 358 -613 -4018 282 -665 -4018 282 -613 -4018 205 -613 -4018 205 -665 -4069 282 -613 -4069 282 -665 -4146 358 -665 -4146 358 -613 -4197 358 -665 -4197 358 -613 -4197 307 -255 -4197 358 -255 -4197 358 -306 -4197 307 -306 -4069 282 -306 -4069 282 -255 -4018 282 -306 -4018 205 -255 -4018 205 -306 -4018 282 -255 -4146 358 -306 -4146 358 -255 -4197 358 -306 -4197 358 -255 -4402 307 -869 -5221 205 -869 -5221 307 -869 -4402 205 -869 -4197 307 -665 -4197 205 -665 -4402 205 -869 -4402 307 -869 -4402 307 -50 -4197 205 -255 -4197 307 -255 -4402 205 -50 -5221 307 -50 -4402 205 -50 -4402 307 -50 -5221 205 -50</float_array>
                    <technique_common>
                        <accessor count="68" source="#pointarrayMesh32_2" stride="3">
                            <param name="X" type="float"/>
                            <param name="Y" type="float"/>
                            <param name="Z" type="float"/>
                        </accessor>
                    </technique_common>
                </source>
                <source id="uvsMesh32_2">
                    <float_array id="uvarrayMesh32_2" count="136">-0.234375 0.033203125 -1.470703125 0.033203125 -1.470703125 1.53125 -3.05859375 0.033203125 -3.939453125 1.529296875 -4.29296875 1.529296875 -4.29296875 0.033203125 -3.05859375 0.78125 -3.41015625 0.78125 -2.705078125 0.033203125 -3.939453125 0.033203125 -3.939453125 1.529296875 -3.05859375 0.78125 -2.705078125 0.78125 -3.587890625 1.529296875 0.46875 1 0 1.529296875 0 1 -1.1171875 1.53125 -0.587890625 0.78125 -0.234375 0.78125 -0.587890625 0.033203125 -1.470703125 1.53125 -1.822265625 1.53125 -1.822265625 0.033203125 -0.94140625 0.78125 -0.587890625 0.78125 0.46875 1.529296875 3.462890625 0.78125 2.962890625 0.78125 2.962890625 0.033203125 3.462890625 0.033203125 2.962890625 0.78125 3.462890625 0.78125 3.462890625 1.53125 2.962890625 1.53125 3.462890625 1.53125 2.962890625 1.53125 3.9609375 1 3.9609375 1.529296875 3.4609375 1.529296875 3.4609375 1 0 0.78125 -0.529296875 0.78125 0 0.78125 -0.529296875 0.033203125 0 0.033203125 -0.529296875 0.78125 0 1.53125 -0.529296875 1.53125 0 1.53125 -0.529296875 1.53125 -1.470703125 1 -7.115234375 0.033203125 -7.115234375 1 -1.470703125 0.033203125 3.462890625 1 3.462890625 0.033203125 5.458984375 0.033203125 5.458984375 1 -2.525390625 1 -0.52734375 0.033203125 -0.52734375 1 -2.525390625 0.033203125 -12.76171875 1 -7.115234375 0.033203125 -7.115234375 1 -12.76171875 0.033203125</float_array>
                    <technique_common>
                        <accessor count="68" source="#uvarrayMesh32_2" stride="2">
                            <param name="S" type="float"/>
                            <param name="T" type="float"/>
                        </accessor>
                    </technique_common>
                </source>
                <source id="colorsMesh32_2">
                    <float_array id="colorarrayMesh32_2" count="272">0.37254901960784315 0.37254901960784315 0.37254901960784315 1 0.37254901960784315 0.37254901960784315 0.37254901960784315 1 0.37254901960784315 0.37254901960784315 0.37254901960784315 1 0.37254901960784315 0.37254901960784315 0.37254901960784315 1 0.37254901960784315 0.37254901960784315 0.37254901960784315 1 0.37254901960784315 0.37254901960784315 0.37254901960784315 1 0.37254901960784315 0.37254901960784315 0.37254901960784315 1 0.37254901960784315 0.37254901960784315 0.37254901960784315 1 0.37254901960784315 0.37254901960784315 0.37254901960784315 1 0.37254901960784315 0.37254901960784315 0.37254901960784315 1 0.37254901960784315 0.37254901960784315 0.37254901960784315 1 0.37254901960784315 0.37254901960784315 0.37254901960784315 1 0.37254901960784315 0.37254901960784315 0.37254901960784315 1 0.37254901960784315 0.37254901960784315 0.37254901960784315 1 0.37254901960784315 0.37254901960784315 0.37254901960784315 1 0.37254901960784315 0.37254901960784315 0.37254901960784315 1 0.37254901960784315 0.37254901960784315 0.37254901960784315 1 0.37254901960784315 0.37254901960784315 0.37254901960784315 1 0.37254901960784315 0.37254901960784315 0.37254901960784315 1 0.37254901960784315 0.37254901960784315 0.37254901960784315 1 0.37254901960784315 0.37254901960784315 0.37254901960784315 1 0.37254901960784315 0.37254901960784315 0.37254901960784315 1 0.37254901960784315 0.37254901960784315 0.37254901960784315 1 0.37254901960784315 0.37254901960784315 0.37254901960784315 1 0.37254901960784315 0.37254901960784315 0.37254901960784315 1 0.37254901960784315 0.37254901960784315 0.37254901960784315 1 0.37254901960784315 0.37254901960784315 0.37254901960784315 1 0.37254901960784315 0.37254901960784315 0.37254901960784315 1 0.37254901960784315 0.37254901960784315 0.37254901960784315 1 0.37254901960784315 0.37254901960784315 0.37254901960784315 1 0.37254901960784315 0.37254901960784315 0.37254901960784315 1 0.37254901960784315 0.37254901960784315 0.37254901960784315 1 0.37254901960784315 0.37254901960784315 0.37254901960784315 1 0.37254901960784315 0.37254901960784315 0.37254901960784315 1 0.37254901960784315 0.37254901960784315 0.37254901960784315 1 0.37254901960784315 0.37254901960784315 0.37254901960784315 1 0.37254901960784315 0.37254901960784315 0.37254901960784315 1 0.37254901960784315 0.37254901960784315 0.37254901960784315 1 0.37254901960784315 0.37254901960784315 0.37254901960784315 1 0.37254901960784315 0.37254901960784315 0.37254901960784315 1 0.37254901960784315 0.37254901960784315 0.37254901960784315 1 0.37254901960784315 0.37254901960784315 0.37254901960784315 1 0.37254901960784315 0.37254901960784315 0.37254901960784315 1 0.37254901960784315 0.37254901960784315 0.37254901960784315 1 0.37254901960784315 0.37254901960784315 0.37254901960784315 1 0.37254901960784315 0.37254901960784315 0.37254901960784315 1 0.37254901960784315 0.37254901960784315 0.37254901960784315 1 0.37254901960784315 0.37254901960784315 0.37254901960784315 1 0.37254901960784315 0.37254901960784315 0.37254901960784315 1 0.37254901960784315 0.37254901960784315 0.37254901960784315 1 0.37254901960784315 0.37254901960784315 0.37254901960784315 1 0.37254901960784315 0.37254901960784315 0.37254901960784315 1 0.37254901960784315 0.37254901960784315 0.37254901960784315 1 0.37254901960784315 0.37254901960784315 0.37254901960784315 1 0.37254901960784315 0.37254901960784315 0.37254901960784315 1 0.37254901960784315 0.37254901960784315 0.37254901960784315 1 0.37254901960784315 0.37254901960784315 0.37254901960784315 1 0.37254901960784315 0.37254901960784315 0.37254901960784315 1 0.37254901960784315 0.37254901960784315 0.37254901960784315 1 0.37254901960784315 0.37254901960784315 0.37254901960784315 1 0.37254901960784315 0.37254901960784315 0.37254901960784315 1 0.37254901960784315 0.37254901960784315 0.37254901960784315 1 0.37254901960784315 0.37254901960784315 0.37254901960784315 1 0.37254901960784315 0.37254901960784315 0.37254901960784315 1 0.37254901960784315 0.37254901960784315 0.37254901960784315 1 0.37254901960784315 0.37254901960784315 0.37254901960784315 1 0.37254901960784315 0.37254901960784315 0.37254901960784315 1 0.37254901960784315 0.37254901960784315 0.37254901960784315 1</float_array>
                    <technique_common>
                        <accessor count="68" source="#colorarrayMesh32_2" stride="4">
                            <param name="R" type="float"/>
                            <param name="G" type="float"/>
                            <param name="B" type="float"/>
                            <param name="A" type="float"/>
                        </accessor>
                    </technique_common>
                </source>
                <vertices id="verticesMesh32_2">
                    <input semantic="POSITION" source="#pointsMesh32_2"/>
                </vertices>
                <polylist count="44" material="Material1">
                    <input offset="0" semantic="VERTEX" source="#verticesMesh32_2"/>
                    <input offset="1" semantic="TEXCOORD" source="#uvsMesh32_2" set="0"/>
                    <input offset="2" semantic="COLOR" source="#colorsMesh32_2" set="0"/>
                    <vcount>3 3 3 3 3 3 3 3 3 3 3 3 3 3 3 3 3 3 3 3 3 3 3 3 3 3 3 3 3 3 3 3 3 3 3 3 3 3 3 3 3 3 3 3</vcount>
                    <p>0 0 0 1 1 1 2 2 2 3 3 3 4 4 4 5 5 5 5 5 5 6 6 6 3 3 3 3 3 3 7 7 7 8 8 8 3 3 3 8 8 8 4 4 4 9 9 9 10 10 10 11 11 11 9 9 9 12 12 12 13 13 13 9 9 9 11 11 11 14 14 14 9 9 9 14 14 14 12 12 12 15 15 15 16 16 16 17 17 17 0 0 0 2 2 2 18 18 18 0 0 0 19 19 19 20 20 20 0 0 0 18 18 18 19 19 19 21 21 21 22 22 22 23 23 23 23 23 23 24 24 24 21 21 21 21 21 21 25 25 25 22 22 22 21 21 21 26 26 26 25 25 25 15 15 15 27 27 27 16 16 16 28 28 28 29 29 29 30 30 30 28 28 28 30 30 30 31 31 31 28 28 28 32 32 32 29 29 29 33 33 33 32 32 32 28 28 28 34 34 34 35 35 35 32 32 32 34 34 34 32 32 32 33 33 33 36 36 36 35 35 35 34 34 34 36 36 36 37 37 37 35 35 35 38 38 38 39 39 39 40 40 40 38 38 38 40 40 40 41 41 41 42 42 42 43 43 43 44 44 44 44 44 44 45 45 45 46 46 46 44 44 44 47 47 47 45 45 45 44 44 44 43 43 43 47 47 47 48 48 48 49 49 49 43 43 43 48 48 48 43 43 43 42 42 42 50 50 50 49 49 49 48 48 48 50 50 50 51 51 51 49 49 49 52 52 52 53 53 53 54 54 54 52 52 52 55 55 55 53 53 53 56 56 56 57 57 57 58 58 58 56 56 56 58 58 58 59 59 59 60 60 60 61 61 61 62 62 62 60 60 60 63 63 63 61 61 61 64 64 64 65 65 65 66 66 66 64 64 64 67 67 67 65 65 65</p>
                </polylist>
            </mesh>
        </geometry>
        <geometry id="meshMesh33_1">
            <mesh>
                <source id="pointsMesh33_1">
                    <float_array id="pointarrayMesh33_1" count="84">-4914 1126 563 -3481 205 563 -4914 205 563 -3481 1126 563 -3481 1126 -1484 -4914 1126 -1484 -4914 205 -1484 -3481 205 -1484 -3173 1126 -1177 -3173 205 -1177 -3173 461 -869 -3173 205 -869 -3122 461 -869 -3122 205 -869 -5221 1024 -153 -5221 1024 -767 -5221 1126 -1177 -3122 461 -716 -3173 461 -716 -3173 1126 256 -3173 205 -716 -3173 205 256 -3122 205 -716 -5221 410 -767 -5221 410 -153 -5221 205 256 -5221 1126 256 -5221 205 -1177</float_array>
                    <technique_common>
                        <accessor count="28" source="#pointarrayMesh33_1" stride="3">
                            <param name="X" type="float"/>
                            <param name="Y" type="float"/>
                            <param name="Z" type="float"/>
                        </accessor>
                    </technique_common>
                </source>
                <source id="uvsMesh33_1">
                    <float_array id="uvarrayMesh33_1" count="56">3.4609375 1 0 0.017578125 3.4609375 0.017578125 0 1 3.462890625 1 0 1 0 0.017578125 3.462890625 0.017578125 0 1 0 0.017578125 0.716796875 0.294921875 0.716796875 0.017578125 0.716796875 0.294921875 0.716796875 0.017578125 0.966796875 0.904296875 2.462890625 0.904296875 3.4609375 1 1.091796875 0.294921875 1.091796875 0.294921875 3.462890625 1 1.091796875 0.017578125 3.462890625 0.017578125 1.091796875 0.017578125 2.462890625 0.240234375 0.966796875 0.240234375 0 0.017578125 0 1 3.4609375 0.017578125</float_array>
                    <technique_common>
                        <accessor count="28" source="#uvarrayMesh33_1" stride="2">
                            <param name="S" type="float"/>
                            <param name="T" type="float"/>
                        </accessor>
                    </technique_common>
                </source>
                <vertices id="verticesMesh33_1">
                    <input semantic="POSITION" source="#pointsMesh33_1"/>
                </vertices>
                <polylist count="24" material="Material1">
                    <input offset="0" semantic="VERTEX" source="#verticesMesh33_1"/>
                    <input offset="1" semantic="TEXCOORD" source="#uvsMesh33_1" set="0"/>
                    <vcount>3 3 3 3 3 3 3 3 3 3 3 3 3 3 3 3 3 3 3 3 3 3 3 3</vcount>
                    <p>0 0 1 1 2 2 0 0 3 3 1 1 4 4 5 5 6 6 4 4 6 6 7 7 8 8 9 9 10 10 9 9 11 11 10 10 11 11 12 12 10 10 11 11 13 13 12 12 14 14 15 15 16 16 10 10 17 17 18 18 10 10 12 12 17 17 8 8 10 10 18 18 8 8 18 18 19 19 18 18 20 20 21 21 19 19 18 18 21 21 18 18 22 22 20 20 18 18 17 17 22 22 23 23 24 24 25 25 25 25 24 24 14 14 25 25 14 14 26 26 15 15 23 23 27 27 15 15 27 27 16 16 14 14 16 16 26 26 23 23 25 25 27 27</p>
                </polylist>
            </mesh>
        </geometry>
        <geometry id="meshMesh33_2">
            <mesh>
                <source id="pointsMesh33_2">
                    <float_array id="pointarrayMesh33_2" count="84">-4914 1126 563 -3481 205 563 -4914 205 563 -3481 1126 563 -3481 1126 -1484 -4914 1126 -1484 -4914 205 -1484 -3481 205 -1484 -3173 1126 -1177 -3173 205 -1177 -3173 461 -869 -3173 205 -869 -3122 461 -869 -3122 205 -869 -5221 1024 -153 -5221 1024 -767 -5221 1126 -1177 -3122 461 -716 -3173 461 -716 -3173 1126 256 -3173 205 -716 -3173 205 256 -3122 205 -716 -5221 410 -767 -5221 410 -153 -5221 205 256 -5221 1126 256 -5221 205 -1177</float_array>
                    <technique_common>
                        <accessor count="28" source="#pointarrayMesh33_2" stride="3">
                            <param name="X" type="float"/>
                            <param name="Y" type="float"/>
                            <param name="Z" type="float"/>
                        </accessor>
                    </technique_common>
                </source>
                <source id="uvsMesh33_2">
                    <float_array id="uvarrayMesh33_2" count="56">3.4609375 1 0 0.017578125 3.4609375 0.017578125 0 1 3.462890625 1 0 1 0 0.017578125 3.462890625 0.017578125 0 1 0 0.017578125 0.716796875 0.294921875 0.716796875 0.017578125 0.716796875 0.294921875 0.716796875 0.017578125 0.966796875 0.904296875 2.462890625 0.904296875 3.4609375 1 1.091796875 0.294921875 1.091796875 0.294921875 3.462890625 1 1.091796875 0.017578125 3.462890625 0.017578125 1.091796875 0.017578125 2.462890625 0.240234375 0.966796875 0.240234375 0 0.017578125 0 1 3.4609375 0.017578125</float_array>
                    <technique_common>
                        <accessor count="28" source="#uvarrayMesh33_2" stride="2">
                            <param name="S" type="float"/>
                            <param name="T" type="float"/>
                        </accessor>
                    </technique_common>
                </source>
                <source id="colorsMesh33_2">
                    <float_array id="colorarrayMesh33_2" count="112">0.37254901960784315 0.37254901960784315 0.37254901960784315 1 0.37254901960784315 0.37254901960784315 0.37254901960784315 1 0.37254901960784315 0.37254901960784315 0.37254901960784315 1 0.37254901960784315 0.37254901960784315 0.37254901960784315 1 0.37254901960784315 0.37254901960784315 0.37254901960784315 1 0.37254901960784315 0.37254901960784315 0.37254901960784315 1 0.37254901960784315 0.37254901960784315 0.37254901960784315 1 0.37254901960784315 0.37254901960784315 0.37254901960784315 1 0.37254901960784315 0.37254901960784315 0.37254901960784315 1 0.37254901960784315 0.37254901960784315 0.37254901960784315 1 0.37254901960784315 0.37254901960784315 0.37254901960784315 1 0.37254901960784315 0.37254901960784315 0.37254901960784315 1 0.37254901960784315 0.37254901960784315 0.37254901960784315 1 0.37254901960784315 0.37254901960784315 0.37254901960784315 1 0.37254901960784315 0.37254901960784315 0.37254901960784315 1 0.37254901960784315 0.37254901960784315 0.37254901960784315 1 0.37254901960784315 0.37254901960784315 0.37254901960784315 1 0.37254901960784315 0.37254901960784315 0.37254901960784315 1 0.37254901960784315 0.37254901960784315 0.37254901960784315 1 0.37254901960784315 0.37254901960784315 0.37254901960784315 1 0.37254901960784315 0.37254901960784315 0.37254901960784315 1 0.37254901960784315 0.37254901960784315 0.37254901960784315 1 0.37254901960784315 0.37254901960784315 0.37254901960784315 1 0.37254901960784315 0.37254901960784315 0.37254901960784315 1 0.37254901960784315 0.37254901960784315 0.37254901960784315 1 0.37254901960784315 0.37254901960784315 0.37254901960784315 1 0.37254901960784315 0.37254901960784315 0.37254901960784315 1 0.37254901960784315 0.37254901960784315 0.37254901960784315 1</float_array>
                    <technique_common>
                        <accessor count="28" source="#colorarrayMesh33_2" stride="4">
                            <param name="R" type="float"/>
                            <param name="G" type="float"/>
                            <param name="B" type="float"/>
                            <param name="A" type="float"/>
                        </accessor>
                    </technique_common>
                </source>
                <vertices id="verticesMesh33_2">
                    <input semantic="POSITION" source="#pointsMesh33_2"/>
                </vertices>
                <polylist count="24" material="Material1">
                    <input offset="0" semantic="VERTEX" source="#verticesMesh33_2"/>
                    <input offset="1" semantic="TEXCOORD" source="#uvsMesh33_2" set="0"/>
                    <input offset="2" semantic="COLOR" source="#colorsMesh33_2" set="0"/>
                    <vcount>3 3 3 3 3 3 3 3 3 3 3 3 3 3 3 3 3 3 3 3 3 3 3 3</vcount>
                    <p>0 0 0 1 1 1 2 2 2 0 0 0 3 3 3 1 1 1 4 4 4 5 5 5 6 6 6 4 4 4 6 6 6 7 7 7 8 8 8 9 9 9 10 10 10 9 9 9 11 11 11 10 10 10 11 11 11 12 12 12 10 10 10 11 11 11 13 13 13 12 12 12 14 14 14 15 15 15 16 16 16 10 10 10 17 17 17 18 18 18 10 10 10 12 12 12 17 17 17 8 8 8 10 10 10 18 18 18 8 8 8 18 18 18 19 19 19 18 18 18 20 20 20 21 21 21 19 19 19 18 18 18 21 21 21 18 18 18 22 22 22 20 20 20 18 18 18 17 17 17 22 22 22 23 23 23 24 24 24 25 25 25 25 25 25 24 24 24 14 14 14 25 25 25 14 14 14 26 26 26 15 15 15 23 23 23 27 27 27 15 15 15 27 27 27 16 16 16 14 14 14 16 16 16 26 26 26 23 23 23 25 25 25 27 27 27</p>
                </polylist>
            </mesh>
        </geometry>
        <geometry id="meshMesh34_1">
            <mesh>
                <source id="pointsMesh34_1">
                    <float_array id="pointarrayMesh34_1" count="96">-3378 1235 256 -3378 205 256 -3481 205 358 -3481 1235 358 -3173 1126 256 -3173 205 256 -3481 205 563 -3481 1126 563 -5017 1235 256 -5017 205 256 -5221 205 256 -5221 1126 256 -3481 1235 -1279 -3481 205 -1279 -3378 205 -1177 -4914 1235 358 -4914 205 358 -4914 1126 563 -4914 205 563 -3481 1126 -1484 -3481 205 -1484 -5017 1235 -1177 -4914 205 -1279 -4914 1235 -1279 -3378 1235 -1177 -3173 205 -1177 -3173 1126 -1177 -5221 1126 -1177 -5017 205 -1177 -5221 205 -1177 -4914 205 -1484 -4914 1126 -1484</float_array>
                    <technique_common>
                        <accessor count="32" source="#pointarrayMesh34_1" stride="3">
                            <param name="X" type="float"/>
                            <param name="Y" type="float"/>
                            <param name="Z" type="float"/>
                        </accessor>
                    </technique_common>
                </source>
                <source id="uvsMesh34_1">
                    <float_array id="uvarrayMesh34_1" count="64">0.30078125 0.974609375 0.30078125 0.017578125 0.634765625 0.017578125 0.634765625 0.974609375 0 0.873046875 0 0.017578125 0.966796875 0.017578125 0.966796875 0.873046875 0.634765625 0.9296875 0.634765625 0.017578125 0.966796875 0.017578125 0.966796875 0.833984375 0.30078125 0.974609375 0.30078125 0.017578125 0.634765625 0.017578125 0.30078125 0.9296875 0.30078125 0.017578125 0 0.833984375 0 0.017578125 0 0.873046875 0 0.017578125 0.30078125 0.974609375 0.634765625 0.017578125 0.634765625 0.974609375 0.634765625 0.974609375 0.966796875 0.017578125 0.966796875 0.873046875 0 0.873046875 0.30078125 0.017578125 0 0.017578125 0.966796875 0.017578125 0.966796875 0.873046875</float_array>
                    <technique_common>
                        <accessor count="32" source="#uvarrayMesh34_1" stride="2">
                            <param name="S" type="float"/>
                            <param name="T" type="float"/>
                        </accessor>
                    </technique_common>
                </source>
                <vertices id="verticesMesh34_1">
                    <input semantic="POSITION" source="#pointsMesh34_1"/>
                </vertices>
                <polylist count="24" material="Material1">
                    <input offset="0" semantic="VERTEX" source="#verticesMesh34_1"/>
                    <input offset="1" semantic="TEXCOORD" source="#uvsMesh34_1" set="0"/>
                    <vcount>3 3 3 3 3 3 3 3 3 3 3 3 3 3 3 3 3 3 3 3 3 3 3 3</vcount>
                    <p>0 0 1 1 2 2 0 0 2 2 3 3 4 4 5 5 1 1 4 4 1 1 0 0 3 3 2 2 6 6 3 3 6 6 7 7 8 8 9 9 10 10 8 8 10 10 11 11 12 12 13 13 14 14 15 15 9 9 8 8 15 15 16 16 9 9 17 17 18 18 16 16 17 17 16 16 15 15 19 19 20 20 13 13 19 19 13 13 12 12 21 21 22 22 23 23 12 12 14 14 24 24 24 24 14 14 25 25 24 24 25 25 26 26 27 27 28 28 21 21 27 27 29 29 28 28 21 21 28 28 22 22 23 23 22 22 30 30 23 23 30 30 31 31</p>
                </polylist>
            </mesh>
        </geometry>
        <geometry id="meshMesh34_2">
            <mesh>
                <source id="pointsMesh34_2">
                    <float_array id="pointarrayMesh34_2" count="96">-3378 1235 256 -3378 205 256 -3481 205 358 -3481 1235 358 -3173 1126 256 -3173 205 256 -3481 205 563 -3481 1126 563 -5017 1235 256 -5017 205 256 -5221 205 256 -5221 1126 256 -3481 1235 -1279 -3481 205 -1279 -3378 205 -1177 -4914 1235 358 -4914 205 358 -4914 1126 563 -4914 205 563 -3481 1126 -1484 -3481 205 -1484 -5017 1235 -1177 -4914 205 -1279 -4914 1235 -1279 -3378 1235 -1177 -3173 205 -1177 -3173 1126 -1177 -5221 1126 -1177 -5017 205 -1177 -5221 205 -1177 -4914 205 -1484 -4914 1126 -1484</float_array>
                    <technique_common>
                        <accessor count="32" source="#pointarrayMesh34_2" stride="3">
                            <param name="X" type="float"/>
                            <param name="Y" type="float"/>
                            <param name="Z" type="float"/>
                        </accessor>
                    </technique_common>
                </source>
                <source id="uvsMesh34_2">
                    <float_array id="uvarrayMesh34_2" count="64">0.30078125 0.974609375 0.30078125 0.017578125 0.634765625 0.017578125 0.634765625 0.974609375 0 0.873046875 0 0.017578125 0.966796875 0.017578125 0.966796875 0.873046875 0.634765625 0.9296875 0.634765625 0.017578125 0.966796875 0.017578125 0.966796875 0.833984375 0.30078125 0.974609375 0.30078125 0.017578125 0.634765625 0.017578125 0.30078125 0.9296875 0.30078125 0.017578125 0 0.833984375 0 0.017578125 0 0.873046875 0 0.017578125 0.30078125 0.974609375 0.634765625 0.017578125 0.634765625 0.974609375 0.634765625 0.974609375 0.966796875 0.017578125 0.966796875 0.873046875 0 0.873046875 0.30078125 0.017578125 0 0.017578125 0.966796875 0.017578125 0.966796875 0.873046875</float_array>
                    <technique_common>
                        <accessor count="32" source="#uvarrayMesh34_2" stride="2">
                            <param name="S" type="float"/>
                            <param name="T" type="float"/>
                        </accessor>
                    </technique_common>
                </source>
                <source id="colorsMesh34_2">
                    <float_array id="colorarrayMesh34_2" count="128">0.37254901960784315 0.37254901960784315 0.37254901960784315 1 0.37254901960784315 0.37254901960784315 0.37254901960784315 1 0.37254901960784315 0.37254901960784315 0.37254901960784315 1 0.37254901960784315 0.37254901960784315 0.37254901960784315 1 0.37254901960784315 0.37254901960784315 0.37254901960784315 1 0.37254901960784315 0.37254901960784315 0.37254901960784315 1 0.37254901960784315 0.37254901960784315 0.37254901960784315 1 0.37254901960784315 0.37254901960784315 0.37254901960784315 1 0.37254901960784315 0.37254901960784315 0.37254901960784315 1 0.37254901960784315 0.37254901960784315 0.37254901960784315 1 0.37254901960784315 0.37254901960784315 0.37254901960784315 1 0.37254901960784315 0.37254901960784315 0.37254901960784315 1 0.37254901960784315 0.37254901960784315 0.37254901960784315 1 0.37254901960784315 0.37254901960784315 0.37254901960784315 1 0.37254901960784315 0.37254901960784315 0.37254901960784315 1 0.37254901960784315 0.37254901960784315 0.37254901960784315 1 0.37254901960784315 0.37254901960784315 0.37254901960784315 1 0.37254901960784315 0.37254901960784315 0.37254901960784315 1 0.37254901960784315 0.37254901960784315 0.37254901960784315 1 0.37254901960784315 0.37254901960784315 0.37254901960784315 1 0.37254901960784315 0.37254901960784315 0.37254901960784315 1 0.37254901960784315 0.37254901960784315 0.37254901960784315 1 0.37254901960784315 0.37254901960784315 0.37254901960784315 1 0.37254901960784315 0.37254901960784315 0.37254901960784315 1 0.37254901960784315 0.37254901960784315 0.37254901960784315 1 0.37254901960784315 0.37254901960784315 0.37254901960784315 1 0.37254901960784315 0.37254901960784315 0.37254901960784315 1 0.37254901960784315 0.37254901960784315 0.37254901960784315 1 0.37254901960784315 0.37254901960784315 0.37254901960784315 1 0.37254901960784315 0.37254901960784315 0.37254901960784315 1 0.37254901960784315 0.37254901960784315 0.37254901960784315 1 0.37254901960784315 0.37254901960784315 0.37254901960784315 1</float_array>
                    <technique_common>
                        <accessor count="32" source="#colorarrayMesh34_2" stride="4">
                            <param name="R" type="float"/>
                            <param name="G" type="float"/>
                            <param name="B" type="float"/>
                            <param name="A" type="float"/>
                        </accessor>
                    </technique_common>
                </source>
                <vertices id="verticesMesh34_2">
                    <input semantic="POSITION" source="#pointsMesh34_2"/>
                </vertices>
                <polylist count="24" material="Material1">
                    <input offset="0" semantic="VERTEX" source="#verticesMesh34_2"/>
                    <input offset="1" semantic="TEXCOORD" source="#uvsMesh34_2" set="0"/>
                    <input offset="2" semantic="COLOR" source="#colorsMesh34_2" set="0"/>
                    <vcount>3 3 3 3 3 3 3 3 3 3 3 3 3 3 3 3 3 3 3 3 3 3 3 3</vcount>
                    <p>0 0 0 1 1 1 2 2 2 0 0 0 2 2 2 3 3 3 4 4 4 5 5 5 1 1 1 4 4 4 1 1 1 0 0 0 3 3 3 2 2 2 6 6 6 3 3 3 6 6 6 7 7 7 8 8 8 9 9 9 10 10 10 8 8 8 10 10 10 11 11 11 12 12 12 13 13 13 14 14 14 15 15 15 9 9 9 8 8 8 15 15 15 16 16 16 9 9 9 17 17 17 18 18 18 16 16 16 17 17 17 16 16 16 15 15 15 19 19 19 20 20 20 13 13 13 19 19 19 13 13 13 12 12 12 21 21 21 22 22 22 23 23 23 12 12 12 14 14 14 24 24 24 24 24 24 14 14 14 25 25 25 24 24 24 25 25 25 26 26 26 27 27 27 28 28 28 21 21 21 27 27 27 29 29 29 28 28 28 21 21 21 28 28 28 22 22 22 23 23 23 22 22 22 30 30 30 23 23 23 30 30 30 31 31 31</p>
                </polylist>
            </mesh>
        </geometry>
        <geometry id="meshMesh35_1">
            <mesh>
                <source id="pointsMesh35_1">
                    <float_array id="pointarrayMesh35_1" count="24">-3184 410 -127 -3184 256 -127 -3184 256 26 -3184 410 26 -3184 410 -485 -3184 256 -332 -3184 410 -332 -3184 256 -485</float_array>
                    <technique_common>
                        <accessor count="8" source="#pointarrayMesh35_1" stride="3">
                            <param name="X" type="float"/>
                            <param name="Y" type="float"/>
                            <param name="Z" type="float"/>
                        </accessor>
                    </technique_common>
                </source>
                <source id="uvsMesh35_1">
                    <float_array id="uvarrayMesh35_1" count="16">0 1 0 0.033203125 0.966796875 0.033203125 0.966796875 1 0 1 0.966796875 0.033203125 0.966796875 1 0 0.033203125</float_array>
                    <technique_common>
                        <accessor count="8" source="#uvarrayMesh35_1" stride="2">
                            <param name="S" type="float"/>
                            <param name="T" type="float"/>
                        </accessor>
                    </technique_common>
                </source>
                <vertices id="verticesMesh35_1">
                    <input semantic="POSITION" source="#pointsMesh35_1"/>
                </vertices>
                <polylist count="4" material="Material1">
                    <input offset="0" semantic="VERTEX" source="#verticesMesh35_1"/>
                    <input offset="1" semantic="TEXCOORD" source="#uvsMesh35_1" set="0"/>
                    <vcount>3 3 3 3</vcount>
                    <p>0 0 1 1 2 2 0 0 2 2 3 3 4 4 5 5 6 6 4 4 7 7 5 5</p>
                </polylist>
            </mesh>
        </geometry>
        <geometry id="meshMesh35_2">
            <mesh>
                <source id="pointsMesh35_2">
                    <float_array id="pointarrayMesh35_2" count="24">-3184 410 -127 -3184 256 -127 -3184 256 26 -3184 410 26 -3184 410 -485 -3184 256 -332 -3184 410 -332 -3184 256 -485</float_array>
                    <technique_common>
                        <accessor count="8" source="#pointarrayMesh35_2" stride="3">
                            <param name="X" type="float"/>
                            <param name="Y" type="float"/>
                            <param name="Z" type="float"/>
                        </accessor>
                    </technique_common>
                </source>
                <source id="uvsMesh35_2">
                    <float_array id="uvarrayMesh35_2" count="16">0 1 0 0.033203125 0.966796875 0.033203125 0.966796875 1 0 1 0.966796875 0.033203125 0.966796875 1 0 0.033203125</float_array>
                    <technique_common>
                        <accessor count="8" source="#uvarrayMesh35_2" stride="2">
                            <param name="S" type="float"/>
                            <param name="T" type="float"/>
                        </accessor>
                    </technique_common>
                </source>
                <source id="colorsMesh35_2">
                    <float_array id="colorarrayMesh35_2" count="32">0.37254901960784315 0.37254901960784315 0.37254901960784315 1 0.37254901960784315 0.37254901960784315 0.37254901960784315 1 0.37254901960784315 0.37254901960784315 0.37254901960784315 1 0.37254901960784315 0.37254901960784315 0.37254901960784315 1 0.37254901960784315 0.37254901960784315 0.37254901960784315 1 0.37254901960784315 0.37254901960784315 0.37254901960784315 1 0.37254901960784315 0.37254901960784315 0.37254901960784315 1 0.37254901960784315 0.37254901960784315 0.37254901960784315 1</float_array>
                    <technique_common>
                        <accessor count="8" source="#colorarrayMesh35_2" stride="4">
                            <param name="R" type="float"/>
                            <param name="G" type="float"/>
                            <param name="B" type="float"/>
                            <param name="A" type="float"/>
                        </accessor>
                    </technique_common>
                </source>
                <vertices id="verticesMesh35_2">
                    <input semantic="POSITION" source="#pointsMesh35_2"/>
                </vertices>
                <polylist count="4" material="Material1">
                    <input offset="0" semantic="VERTEX" source="#verticesMesh35_2"/>
                    <input offset="1" semantic="TEXCOORD" source="#uvsMesh35_2" set="0"/>
                    <input offset="2" semantic="COLOR" source="#colorsMesh35_2" set="0"/>
                    <vcount>3 3 3 3</vcount>
                    <p>0 0 0 1 1 1 2 2 2 0 0 0 2 2 2 3 3 3 4 4 4 5 5 5 6 6 6 4 4 4 7 7 7 5 5 5</p>
                </polylist>
            </mesh>
        </geometry>
        <geometry id="meshMesh36_1">
            <mesh>
                <source id="pointsMesh36_1">
                    <float_array id="pointarrayMesh36_1" count="156">-25 0 -1842 538 0 -1842 538 -25 -1842 -25 -76 -1919 538 -76 -1919 538 -101 -1919 -25 -101 -1919 -25 -50 -1893 538 -76 -1893 -25 -76 -1893 538 -50 -1893 -25 -25 -1868 538 -50 -1868 -25 -50 -1868 538 -25 -1868 -25 -25 -1842 -25 0 -1125 538 0 -1842 -25 0 -1842 538 0 -1125 538 -101 -2559 77 -101 -2713 -25 -101 -2559 435 -101 -2713 1050 -101 -1740 1050 -101 -2661 742 -101 -2559 742 -101 -2661 1050 -306 -3685 742 -306 -3685 -25 -76 -1893 538 -76 -1893 538 -76 -1919 -229 -101 -2661 -229 -306 -3685 -537 -306 -3685 -537 -101 -2661 -229 -101 -2559 -537 -101 -1740 333 0 -1125 179 0 -1074 333 0 -1074 179 0 -1125 -25 -25 -1842 538 -25 -1842 538 -25 -1868 -25 -76 -1919 -25 -50 -1893 538 -50 -1868 538 -50 -1893 -25 -50 -1868 -25 -25 -1868</float_array>
                    <technique_common>
                        <accessor count="52" source="#pointarrayMesh36_1" stride="3">
                            <param name="X" type="float"/>
                            <param name="Y" type="float"/>
                            <param name="Z" type="float"/>
                        </accessor>
                    </technique_common>
                </source>
                <source id="uvsMesh36_1">
                    <float_array id="uvarrayMesh36_1" count="104">3.4609375 1 -2.025390625 1 -2.025390625 0.83203125 3.4609375 -0.015625 -2.025390625 -0.015625 -2.025390625 -0.21484375 3.4609375 -0.21484375 3.4609375 0.33203125 -2.025390625 0.1328125 3.4609375 0.1328125 -2.025390625 0.33203125 3.4609375 0.681640625 -2.025390625 0.482421875 3.4609375 0.482421875 -2.025390625 0.681640625 3.4609375 0.83203125 0.966796875 -1.7109375 -2.5234375 1 -2.5234375 -1.7109375 0.966796875 1 1.96484375 -0.962890625 2.712890625 1.28125 1.96484375 1.779296875 2.712890625 -0.46484375 -2.025390625 -3.45703125 2.46484375 -3.45703125 1.96484375 -1.9609375 2.462890625 -1.9609375 7.453125 -3.45703125 7.453125 -1.9609375 3.4609375 0.1328125 -2.025390625 0.1328125 -2.025390625 -0.015625 2.462890625 2.77734375 7.453125 2.77734375 7.453125 4.275390625 2.462890625 4.275390625 1.96484375 2.77734375 -2.025390625 4.275390625 0.966796875 0.033203125 1.216796875 -0.712890625 1.216796875 0.033203125 0.966796875 -0.712890625 3.4609375 0.83203125 -2.025390625 0.83203125 -2.025390625 0.681640625 3.4609375 -0.015625 3.4609375 0.33203125 -2.025390625 0.482421875 -2.025390625 0.33203125 3.4609375 0.482421875 3.4609375 0.681640625</float_array>
                    <technique_common>
                        <accessor count="52" source="#uvarrayMesh36_1" stride="2">
                            <param name="S" type="float"/>
                            <param name="T" type="float"/>
                        </accessor>
                    </technique_common>
                </source>
                <source id="colorsMesh36_1">
                    <float_array id="colorarrayMesh36_1" count="208">0.8666666666666667 0.8666666666666667 0.8666666666666667 1 0.8666666666666667 0.8666666666666667 0.8666666666666667 1 0.8666666666666667 0.8666666666666667 0.8666666666666667 1 0.8666666666666667 0.8666666666666667 0.8666666666666667 1 0.8666666666666667 0.8666666666666667 0.8666666666666667 1 0.8666666666666667 0.8666666666666667 0.8666666666666667 1 0.8666666666666667 0.8666666666666667 0.8666666666666667 1 0.8666666666666667 0.8666666666666667 0.8666666666666667 1 0.8666666666666667 0.8666666666666667 0.8666666666666667 1 0.8666666666666667 0.8666666666666667 0.8666666666666667 1 0.8666666666666667 0.8666666666666667 0.8666666666666667 1 0.8666666666666667 0.8666666666666667 0.8666666666666667 1 0.8666666666666667 0.8666666666666667 0.8666666666666667 1 0.8666666666666667 0.8666666666666667 0.8666666666666667 1 0.8666666666666667 0.8666666666666667 0.8666666666666667 1 0.8666666666666667 0.8666666666666667 0.8666666666666667 1 1 1 1 1 1 1 1 1 1 1 1 1 1 1 1 1 1 1 1 1 1 1 1 1 1 1 1 1 1 1 1 1 1 1 1 1 1 1 1 1 1 1 1 1 1 1 1 1 1 1 1 1 1 1 1 1 1 1 1 1 1 1 1 1 1 1 1 1 1 1 1 1 1 1 1 1 1 1 1 1 1 1 1 1 1 1 1 1 1 1 1 1 1 1 1 1 1 1 1 1 1 1 1 1 1 1 1 1 1 1 1 1 1 1 1 1 1 1 1 1 1 1 1 1 1 1 1 1 1 1 1 1 1 1 1 1 1 1 1 1 1 1 1 1</float_array>
                    <technique_common>
                        <accessor count="52" source="#colorarrayMesh36_1" stride="4">
                            <param name="R" type="float"/>
                            <param name="G" type="float"/>
                            <param name="B" type="float"/>
                            <param name="A" type="float"/>
                        </accessor>
                    </technique_common>
                </source>
                <vertices id="verticesMesh36_1">
                    <input semantic="POSITION" source="#pointsMesh36_1"/>
                </vertices>
                <polylist count="30" material="Material1">
                    <input offset="0" semantic="VERTEX" source="#verticesMesh36_1"/>
                    <input offset="1" semantic="TEXCOORD" source="#uvsMesh36_1" set="0"/>
                    <input offset="2" semantic="COLOR" source="#colorsMesh36_1" set="0"/>
                    <vcount>3 3 3 3 3 3 3 3 3 3 3 3 3 3 3 3 3 3 3 3 3 3 3 3 3 3 3 3 3 3</vcount>
                    <p>0 0 0 1 1 1 2 2 2 3 3 3 4 4 4 5 5 5 3 3 3 5 5 5 6 6 6 7 7 7 8 8 8 9 9 9 7 7 7 10 10 10 8 8 8 11 11 11 12 12 12 13 13 13 11 11 11 14 14 14 12 12 12 0 0 0 2 2 2 15 15 15 16 16 16 17 17 17 18 18 18 16 16 16 19 19 19 17 17 17 20 20 20 21 21 21 22 22 22 20 20 20 23 23 23 21 21 21 24 24 24 25 25 25 26 26 26 25 25 25 27 27 27 26 26 26 25 25 25 28 28 28 29 29 29 25 25 25 29 29 29 27 27 27 30 30 30 31 31 31 32 32 32 33 33 33 34 34 34 35 35 35 33 33 33 35 35 35 36 36 36 37 37 37 33 33 33 36 36 36 37 37 37 36 36 36 38 38 38 26 26 26 37 37 37 38 38 38 26 26 26 38 38 38 24 24 24 39 39 39 40 40 40 41 41 41 39 39 39 42 42 42 40 40 40 43 43 43 44 44 44 45 45 45 30 30 30 32 32 32 46 46 46 47 47 47 48 48 48 49 49 49 50 50 50 48 48 48 47 47 47 43 43 43 45 45 45 51 51 51</p>
                </polylist>
            </mesh>
        </geometry>
        <geometry id="meshMesh36_2">
            <mesh>
                <source id="pointsMesh36_2">
                    <float_array id="pointarrayMesh36_2" count="156">-25 0 -1842 538 0 -1842 538 -25 -1842 -25 -76 -1919 538 -76 -1919 538 -101 -1919 -25 -101 -1919 -25 -50 -1893 538 -76 -1893 -25 -76 -1893 538 -50 -1893 -25 -25 -1868 538 -50 -1868 -25 -50 -1868 538 -25 -1868 -25 -25 -1842 -25 0 -1125 538 0 -1842 -25 0 -1842 538 0 -1125 538 -101 -2559 77 -101 -2713 -25 -101 -2559 435 -101 -2713 1050 -101 -1740 1050 -101 -2661 742 -101 -2559 742 -101 -2661 1050 -306 -3685 742 -306 -3685 -25 -76 -1893 538 -76 -1893 538 -76 -1919 -229 -101 -2661 -229 -306 -3685 -537 -306 -3685 -537 -101 -2661 -229 -101 -2559 -537 -101 -1740 333 0 -1125 179 0 -1074 333 0 -1074 179 0 -1125 -25 -25 -1842 538 -25 -1842 538 -25 -1868 -25 -76 -1919 -25 -50 -1893 538 -50 -1868 538 -50 -1893 -25 -50 -1868 -25 -25 -1868</float_array>
                    <technique_common>
                        <accessor count="52" source="#pointarrayMesh36_2" stride="3">
                            <param name="X" type="float"/>
                            <param name="Y" type="float"/>
                            <param name="Z" type="float"/>
                        </accessor>
                    </technique_common>
                </source>
                <source id="uvsMesh36_2">
                    <float_array id="uvarrayMesh36_2" count="104">3.4609375 1 -2.025390625 1 -2.025390625 0.83203125 3.4609375 -0.015625 -2.025390625 -0.015625 -2.025390625 -0.21484375 3.4609375 -0.21484375 3.4609375 0.33203125 -2.025390625 0.1328125 3.4609375 0.1328125 -2.025390625 0.33203125 3.4609375 0.681640625 -2.025390625 0.482421875 3.4609375 0.482421875 -2.025390625 0.681640625 3.4609375 0.83203125 0.966796875 -1.7109375 -2.5234375 1 -2.5234375 -1.7109375 0.966796875 1 1.96484375 -0.962890625 2.712890625 1.28125 1.96484375 1.779296875 2.712890625 -0.46484375 -2.025390625 -3.45703125 2.46484375 -3.45703125 1.96484375 -1.9609375 2.462890625 -1.9609375 7.453125 -3.45703125 7.453125 -1.9609375 3.4609375 0.1328125 -2.025390625 0.1328125 -2.025390625 -0.015625 2.462890625 2.77734375 7.453125 2.77734375 7.453125 4.275390625 2.462890625 4.275390625 1.96484375 2.77734375 -2.025390625 4.275390625 0.966796875 0.033203125 1.216796875 -0.712890625 1.216796875 0.033203125 0.966796875 -0.712890625 3.4609375 0.83203125 -2.025390625 0.83203125 -2.025390625 0.681640625 3.4609375 -0.015625 3.4609375 0.33203125 -2.025390625 0.482421875 -2.025390625 0.33203125 3.4609375 0.482421875 3.4609375 0.681640625</float_array>
                    <technique_common>
                        <accessor count="52" source="#uvarrayMesh36_2" stride="2">
                            <param name="S" type="float"/>
                            <param name="T" type="float"/>
                        </accessor>
                    </technique_common>
                </source>
                <source id="colorsMesh36_2">
                    <float_array id="colorarrayMesh36_2" count="208">0.3215686274509804 0.3215686274509804 0.3215686274509804 1 0.3215686274509804 0.3215686274509804 0.3215686274509804 1 0.3215686274509804 0.3215686274509804 0.3215686274509804 1 0.3215686274509804 0.3215686274509804 0.3215686274509804 1 0.3215686274509804 0.3215686274509804 0.3215686274509804 1 0.3215686274509804 0.3215686274509804 0.3215686274509804 1 0.3215686274509804 0.3215686274509804 0.3215686274509804 1 0.3215686274509804 0.3215686274509804 0.3215686274509804 1 0.3215686274509804 0.3215686274509804 0.3215686274509804 1 0.3215686274509804 0.3215686274509804 0.3215686274509804 1 0.3215686274509804 0.3215686274509804 0.3215686274509804 1 0.3215686274509804 0.3215686274509804 0.3215686274509804 1 0.3215686274509804 0.3215686274509804 0.3215686274509804 1 0.3215686274509804 0.3215686274509804 0.3215686274509804 1 0.3215686274509804 0.3215686274509804 0.3215686274509804 1 0.3215686274509804 0.3215686274509804 0.3215686274509804 1 0.37254901960784315 0.37254901960784315 0.37254901960784315 1 0.37254901960784315 0.37254901960784315 0.37254901960784315 1 0.37254901960784315 0.37254901960784315 0.37254901960784315 1 0.37254901960784315 0.37254901960784315 0.37254901960784315 1 0.37254901960784315 0.37254901960784315 0.37254901960784315 1 0.37254901960784315 0.37254901960784315 0.37254901960784315 1 0.37254901960784315 0.37254901960784315 0.37254901960784315 1 0.37254901960784315 0.37254901960784315 0.37254901960784315 1 0.37254901960784315 0.37254901960784315 0.37254901960784315 1 0.37254901960784315 0.37254901960784315 0.37254901960784315 1 0.37254901960784315 0.37254901960784315 0.37254901960784315 1 0.37254901960784315 0.37254901960784315 0.37254901960784315 1 0.37254901960784315 0.37254901960784315 0.37254901960784315 1 0.37254901960784315 0.37254901960784315 0.37254901960784315 1 0.37254901960784315 0.37254901960784315 0.37254901960784315 1 0.37254901960784315 0.37254901960784315 0.37254901960784315 1 0.37254901960784315 0.37254901960784315 0.37254901960784315 1 0.37254901960784315 0.37254901960784315 0.37254901960784315 1 0.37254901960784315 0.37254901960784315 0.37254901960784315 1 0.37254901960784315 0.37254901960784315 0.37254901960784315 1 0.37254901960784315 0.37254901960784315 0.37254901960784315 1 0.37254901960784315 0.37254901960784315 0.37254901960784315 1 0.37254901960784315 0.37254901960784315 0.37254901960784315 1 0.37254901960784315 0.37254901960784315 0.37254901960784315 1 0.37254901960784315 0.37254901960784315 0.37254901960784315 1 0.37254901960784315 0.37254901960784315 0.37254901960784315 1 0.37254901960784315 0.37254901960784315 0.37254901960784315 1 0.37254901960784315 0.37254901960784315 0.37254901960784315 1 0.37254901960784315 0.37254901960784315 0.37254901960784315 1 0.37254901960784315 0.37254901960784315 0.37254901960784315 1 0.37254901960784315 0.37254901960784315 0.37254901960784315 1 0.37254901960784315 0.37254901960784315 0.37254901960784315 1 0.37254901960784315 0.37254901960784315 0.37254901960784315 1 0.37254901960784315 0.37254901960784315 0.37254901960784315 1 0.37254901960784315 0.37254901960784315 0.37254901960784315 1 0.37254901960784315 0.37254901960784315 0.37254901960784315 1</float_array>
                    <technique_common>
                        <accessor count="52" source="#colorarrayMesh36_2" stride="4">
                            <param name="R" type="float"/>
                            <param name="G" type="float"/>
                            <param name="B" type="float"/>
                            <param name="A" type="float"/>
                        </accessor>
                    </technique_common>
                </source>
                <vertices id="verticesMesh36_2">
                    <input semantic="POSITION" source="#pointsMesh36_2"/>
                </vertices>
                <polylist count="30" material="Material1">
                    <input offset="0" semantic="VERTEX" source="#verticesMesh36_2"/>
                    <input offset="1" semantic="TEXCOORD" source="#uvsMesh36_2" set="0"/>
                    <input offset="2" semantic="COLOR" source="#colorsMesh36_2" set="0"/>
                    <vcount>3 3 3 3 3 3 3 3 3 3 3 3 3 3 3 3 3 3 3 3 3 3 3 3 3 3 3 3 3 3</vcount>
                    <p>0 0 0 1 1 1 2 2 2 3 3 3 4 4 4 5 5 5 3 3 3 5 5 5 6 6 6 7 7 7 8 8 8 9 9 9 7 7 7 10 10 10 8 8 8 11 11 11 12 12 12 13 13 13 11 11 11 14 14 14 12 12 12 0 0 0 2 2 2 15 15 15 16 16 16 17 17 17 18 18 18 16 16 16 19 19 19 17 17 17 20 20 20 21 21 21 22 22 22 20 20 20 23 23 23 21 21 21 24 24 24 25 25 25 26 26 26 25 25 25 27 27 27 26 26 26 25 25 25 28 28 28 29 29 29 25 25 25 29 29 29 27 27 27 30 30 30 31 31 31 32 32 32 33 33 33 34 34 34 35 35 35 33 33 33 35 35 35 36 36 36 37 37 37 33 33 33 36 36 36 37 37 37 36 36 36 38 38 38 26 26 26 37 37 37 38 38 38 26 26 26 38 38 38 24 24 24 39 39 39 40 40 40 41 41 41 39 39 39 42 42 42 40 40 40 43 43 43 44 44 44 45 45 45 30 30 30 32 32 32 46 46 46 47 47 47 48 48 48 49 49 49 50 50 50 48 48 48 47 47 47 43 43 43 45 45 45 51 51 51</p>
                </polylist>
            </mesh>
        </geometry>
        <geometry id="meshMesh37_1">
            <mesh>
                <source id="pointsMesh37_1">
                    <float_array id="pointarrayMesh37_1" count="60">-229 512 -2047 742 512 -2047 1050 512 -1740 -229 -306 -3685 -229 -306 -2559 742 -306 -2559 1050 -306 -4505 -537 -306 -4505 742 -306 -3685 -537 -306 -3685 1050 -306 -3685 -25 666 -3993 538 666 -3993 538 666 -2252 -25 666 -2252 -537 512 -4505 742 512 -4197 -229 512 -4197 -537 512 -1740 1050 512 -4505</float_array>
                    <technique_common>
                        <accessor count="20" source="#pointarrayMesh37_1" stride="3">
                            <param name="X" type="float"/>
                            <param name="Y" type="float"/>
                            <param name="Z" type="float"/>
                        </accessor>
                    </technique_common>
                </source>
                <source id="uvsMesh37_1">
                    <float_array id="uvarrayMesh37_1" count="40">-2.025390625 6.021484375 2.712890625 6.021484375 4.2109375 7.51953125 0 2.77734375 -5.517578125 2.77734375 -5.517578125 -1.9609375 3.9609375 -3.458984375 3.9609375 4.275390625 0 -1.9609375 0 4.275390625 0 -3.458984375 -1.02734375 -3.458984375 1.71484375 -3.458984375 1.71484375 5.0234375 -1.02734375 5.0234375 -3.521484375 -5.953125 2.712890625 -4.45703125 -2.025390625 -4.45703125 -3.521484375 7.51953125 4.2109375 -5.953125</float_array>
                    <technique_common>
                        <accessor count="20" source="#uvarrayMesh37_1" stride="2">
                            <param name="S" type="float"/>
                            <param name="T" type="float"/>
                        </accessor>
                    </technique_common>
                </source>
                <vertices id="verticesMesh37_1">
                    <input semantic="POSITION" source="#pointsMesh37_1"/>
                </vertices>
                <polylist count="16" material="Material1">
                    <input offset="0" semantic="VERTEX" source="#verticesMesh37_1"/>
                    <input offset="1" semantic="TEXCOORD" source="#uvsMesh37_1" set="0"/>
                    <vcount>3 3 3 3 3 3 3 3 3 3 3 3 3 3 3 3</vcount>
                    <p>0 0 1 1 2 2 3 3 4 4 5 5 3 3 6 6 7 7 3 3 8 8 6 6 3 3 7 7 9 9 3 3 5 5 8 8 8 8 10 10 6 6 11 11 12 12 13 13 11 11 13 13 14 14 15 15 16 16 17 17 18 18 17 17 0 0 19 19 2 2 1 1 19 19 1 1 16 16 0 0 2 2 18 18 18 18 15 15 17 17 15 15 19 19 16 16</p>
                </polylist>
            </mesh>
        </geometry>
        <geometry id="meshMesh37_2">
            <mesh>
                <source id="pointsMesh37_2">
                    <float_array id="pointarrayMesh37_2" count="60">-229 512 -2047 742 512 -2047 1050 512 -1740 -229 -306 -3685 -229 -306 -2559 742 -306 -2559 1050 -306 -4505 -537 -306 -4505 742 -306 -3685 -537 -306 -3685 1050 -306 -3685 -25 666 -3993 538 666 -3993 538 666 -2252 -25 666 -2252 -537 512 -4505 742 512 -4197 -229 512 -4197 -537 512 -1740 1050 512 -4505</float_array>
                    <technique_common>
                        <accessor count="20" source="#pointarrayMesh37_2" stride="3">
                            <param name="X" type="float"/>
                            <param name="Y" type="float"/>
                            <param name="Z" type="float"/>
                        </accessor>
                    </technique_common>
                </source>
                <source id="uvsMesh37_2">
                    <float_array id="uvarrayMesh37_2" count="40">-2.025390625 6.021484375 2.712890625 6.021484375 4.2109375 7.51953125 0 2.77734375 -5.517578125 2.77734375 -5.517578125 -1.9609375 3.9609375 -3.458984375 3.9609375 4.275390625 0 -1.9609375 0 4.275390625 0 -3.458984375 -1.02734375 -3.458984375 1.71484375 -3.458984375 1.71484375 5.0234375 -1.02734375 5.0234375 -3.521484375 -5.953125 2.712890625 -4.45703125 -2.025390625 -4.45703125 -3.521484375 7.51953125 4.2109375 -5.953125</float_array>
                    <technique_common>
                        <accessor count="20" source="#uvarrayMesh37_2" stride="2">
                            <param name="S" type="float"/>
                            <param name="T" type="float"/>
                        </accessor>
                    </technique_common>
                </source>
                <source id="colorsMesh37_2">
                    <float_array id="colorarrayMesh37_2" count="80">0.37254901960784315 0.37254901960784315 0.37254901960784315 1 0.37254901960784315 0.37254901960784315 0.37254901960784315 1 0.37254901960784315 0.37254901960784315 0.37254901960784315 1 0.37254901960784315 0.37254901960784315 0.37254901960784315 1 0.37254901960784315 0.37254901960784315 0.37254901960784315 1 0.37254901960784315 0.37254901960784315 0.37254901960784315 1 0.37254901960784315 0.37254901960784315 0.37254901960784315 1 0.37254901960784315 0.37254901960784315 0.37254901960784315 1 0.37254901960784315 0.37254901960784315 0.37254901960784315 1 0.37254901960784315 0.37254901960784315 0.37254901960784315 1 0.37254901960784315 0.37254901960784315 0.37254901960784315 1 0.37254901960784315 0.37254901960784315 0.37254901960784315 1 0.37254901960784315 0.37254901960784315 0.37254901960784315 1 0.37254901960784315 0.37254901960784315 0.37254901960784315 1 0.37254901960784315 0.37254901960784315 0.37254901960784315 1 0.37254901960784315 0.37254901960784315 0.37254901960784315 1 0.37254901960784315 0.37254901960784315 0.37254901960784315 1 0.37254901960784315 0.37254901960784315 0.37254901960784315 1 0.37254901960784315 0.37254901960784315 0.37254901960784315 1 0.37254901960784315 0.37254901960784315 0.37254901960784315 1</float_array>
                    <technique_common>
                        <accessor count="20" source="#colorarrayMesh37_2" stride="4">
                            <param name="R" type="float"/>
                            <param name="G" type="float"/>
                            <param name="B" type="float"/>
                            <param name="A" type="float"/>
                        </accessor>
                    </technique_common>
                </source>
                <vertices id="verticesMesh37_2">
                    <input semantic="POSITION" source="#pointsMesh37_2"/>
                </vertices>
                <polylist count="16" material="Material1">
                    <input offset="0" semantic="VERTEX" source="#verticesMesh37_2"/>
                    <input offset="1" semantic="TEXCOORD" source="#uvsMesh37_2" set="0"/>
                    <input offset="2" semantic="COLOR" source="#colorsMesh37_2" set="0"/>
                    <vcount>3 3 3 3 3 3 3 3 3 3 3 3 3 3 3 3</vcount>
                    <p>0 0 0 1 1 1 2 2 2 3 3 3 4 4 4 5 5 5 3 3 3 6 6 6 7 7 7 3 3 3 8 8 8 6 6 6 3 3 3 7 7 7 9 9 9 3 3 3 5 5 5 8 8 8 8 8 8 10 10 10 6 6 6 11 11 11 12 12 12 13 13 13 11 11 11 13 13 13 14 14 14 15 15 15 16 16 16 17 17 17 18 18 18 17 17 17 0 0 0 19 19 19 2 2 2 1 1 1 19 19 19 1 1 1 16 16 16 0 0 0 2 2 2 18 18 18 18 18 18 15 15 15 17 17 17 15 15 15 19 19 19 16 16 16</p>
                </polylist>
            </mesh>
        </geometry>
        <geometry id="meshMesh38_1">
            <mesh>
                <source id="pointsMesh38_1">
                    <float_array id="pointarrayMesh38_1" count="330">-25 -101 -1740 -25 77 -1842 -25 77 -1740 589 -101 -1740 589 77 -1842 589 77 -1740 589 0 -1919 589 0 -1970 589 -101 -1970 -76 0 -1970 -76 -101 -1970 -76 -101 -1740 -76 0 -1919 -76 77 -1740 -76 77 -1842 -25 -101 -1970 -25 0 -1970 -25 0 -1919 538 -101 -1740 538 0 -1919 538 0 -1970 538 -101 -1970 538 77 -1842 538 77 -1740 -229 -101 -2559 -229 -306 -2559 -229 -101 -2661 -229 -306 -3685 742 -101 -2661 742 -306 -2559 742 -101 -2559 742 -306 -3685 538 307 -1740 538 307 -1125 435 410 -1125 538 0 -1740 435 410 -1740 -25 307 -1740 -25 0 -1125 -25 0 -1740 538 0 -1125 435 410 -1740 77 410 -1125 77 410 -1740 435 410 -1125 77 410 -1740 -25 307 -1125 77 410 -1125 179 0 -1125 -25 0 -1125 -25 307 -1125 179 256 -1074 179 0 -1125 179 256 -1125 179 0 -1074 333 256 -1125 333 0 -1074 333 256 -1074 333 0 -1125 179 256 -1125 333 256 -1074 179 256 -1074 333 256 -1125 77 -101 -2713 77 -306 -2713 -25 -306 -2559 179 256 -1125 538 307 -1125 77 410 -1125 435 410 -1125 333 256 -1125 333 0 -1125 538 0 -1125 -25 -101 -2559 -25 -306 -2559 -229 -101 -2559 -25 -101 -2559 435 -101 -2713 435 -306 -2713 77 -306 -2713 77 -101 -2713 538 -101 -2559 538 -306 -2559 435 -306 -2713 435 -101 -2713 742 -101 -2559 538 -306 -2559 538 -101 -2559 742 -306 -2559 538 77 -1740 589 77 -1740 589 77 -1842 -229 -306 -2559 538 0 -1919 589 0 -1970 538 0 -1970 589 -101 -1970 538 -101 -1970 589 0 -1919 538 77 -1842 -76 0 -1919 -25 0 -1970 -76 0 -1970 -25 -101 -1970 -76 -101 -1970 -25 0 -1919 -76 77 -1842 -25 77 -1842 -76 77 -1740 -25 77 -1740</float_array>
                    <technique_common>
                        <accessor count="110" source="#pointarrayMesh38_1" stride="3">
                            <param name="X" type="float"/>
                            <param name="Y" type="float"/>
                            <param name="Z" type="float"/>
                        </accessor>
                    </technique_common>
                </source>
                <source id="uvsMesh38_1">
                    <float_array id="uvarrayMesh38_1" count="220">0.966796875 -0.962890625 1.96484375 0.78125 0.966796875 0.78125 0.966796875 -0.962890625 1.96484375 0.78125 0.966796875 0.78125 2.712890625 0.033203125 3.212890625 0.033203125 3.212890625 -0.962890625 3.212890625 0.033203125 3.212890625 -0.962890625 0.966796875 -0.962890625 2.712890625 0.033203125 0.966796875 0.78125 1.96484375 0.78125 3.212890625 -0.962890625 3.212890625 0.033203125 2.712890625 0.033203125 0.966796875 -0.962890625 2.712890625 0.033203125 3.212890625 0.033203125 3.212890625 -0.962890625 1.96484375 0.78125 0.966796875 0.78125 -5.01953125 2.029296875 -5.01953125 0.033203125 -4.021484375 2.029296875 5.95703125 0.033203125 -4.021484375 2.029296875 -5.01953125 0.033203125 -5.01953125 2.029296875 5.95703125 0.033203125 2.962890625 3.02734375 0 3.02734375 0 4.025390625 2.962890625 0.033203125 2.962890625 4.025390625 2.962890625 3.02734375 0 0.033203125 2.962890625 0.033203125 0 0.033203125 0 -0.962890625 2.962890625 1 0 1 2.962890625 -0.962890625 2.962890625 4.025390625 0 3.02734375 0 4.025390625 0.716796875 -1.9609375 1.71484375 -1.9609375 1.71484375 1 0.466796875 2.529296875 0.966796875 0.033203125 0.966796875 2.529296875 0.466796875 0.033203125 -0.529296875 2.52734375 0 0.033203125 0 2.52734375 -0.529296875 0.033203125 1.46484375 1 0 0.033203125 1.46484375 0.033203125 0 1 -3.5234375 2.029296875 -3.5234375 0.033203125 -5.01953125 0.033203125 0.716796875 0.533203125 -1.02734375 1 1.216796875 2.029296875 -0.529296875 2.029296875 0 0.533203125 0 -1.9609375 -1.02734375 -1.9609375 -5.01953125 2.029296875 4.4609375 0.033203125 6.45703125 2.029296875 4.4609375 2.029296875 0 2.029296875 0 0.033203125 3.462890625 0.033203125 3.462890625 2.029296875 -5.01953125 2.029296875 -5.01953125 0.033203125 -3.5234375 0.033203125 -3.5234375 2.029296875 -3.0234375 2.029296875 -1.02734375 0.033203125 -1.02734375 2.029296875 -3.0234375 0.033203125 -1.525390625 1.779296875 -2.025390625 1.779296875 -2.025390625 1.779296875 6.45703125 0.033203125 -1.52734375 1 -2.025390625 1 -1.52734375 1 -2.025390625 0.033203125 -1.52734375 0.033203125 -2.025390625 1 -1.525390625 1.779296875 4.4609375 1 3.9609375 1 4.4609375 1 3.9609375 0.033203125 4.4609375 0.033203125 3.9609375 1 4.4609375 1.779296875 3.9609375 1.779296875 4.4609375 1.779296875 3.9609375 1.779296875</float_array>
                    <technique_common>
                        <accessor count="110" source="#uvarrayMesh38_1" stride="2">
                            <param name="S" type="float"/>
                            <param name="T" type="float"/>
                        </accessor>
                    </technique_common>
                </source>
                <vertices id="verticesMesh38_1">
                    <input semantic="POSITION" source="#pointsMesh38_1"/>
                </vertices>
                <polylist count="70" material="Material1">
                    <input offset="0" semantic="VERTEX" source="#verticesMesh38_1"/>
                    <input offset="1" semantic="TEXCOORD" source="#uvsMesh38_1" set="0"/>
                    <vcount>3 3 3 3 3 3 3 3 3 3 3 3 3 3 3 3 3 3 3 3 3 3 3 3 3 3 3 3 3 3 3 3 3 3 3 3 3 3 3 3 3 3 3 3 3 3 3 3 3 3 3 3 3 3 3 3 3 3 3 3 3 3 3 3 3 3 3 3 3 3</vcount>
                    <p>0 0 1 1 2 2 3 3 4 4 5 5 3 3 6 6 4 4 3 3 7 7 6 6 3 3 8 8 7 7 9 9 10 10 11 11 11 11 12 12 9 9 11 11 13 13 14 14 11 11 14 14 12 12 0 0 15 15 16 16 0 0 16 16 17 17 0 0 17 17 1 1 18 18 19 19 20 20 20 20 21 21 18 18 18 18 22 22 19 19 18 18 23 23 22 22 24 24 25 25 26 26 25 25 27 27 26 26 28 28 29 29 30 30 28 28 31 31 29 29 32 32 33 33 34 34 35 35 33 33 32 32 32 32 34 34 36 36 37 37 38 38 39 39 35 35 40 40 33 33 41 41 42 42 43 43 41 41 44 44 42 42 45 45 46 46 37 37 45 45 47 47 46 46 37 37 46 46 38 38 48 48 49 49 50 50 51 51 52 52 53 53 51 51 54 54 52 52 55 55 56 56 57 57 55 55 58 58 56 56 59 59 60 60 61 61 59 59 62 62 60 60 63 63 64 64 65 65 66 66 50 50 67 67 66 66 48 48 50 50 50 50 68 68 69 69 50 50 69 69 67 67 67 67 70 70 66 66 67 67 71 71 70 70 67 67 72 72 71 71 63 63 65 65 73 73 74 74 75 75 76 76 77 77 78 78 79 79 77 77 79 79 80 80 81 81 82 82 83 83 81 81 83 83 84 84 85 85 86 86 87 87 85 85 88 88 86 86 89 89 90 90 91 91 74 74 92 92 75 75 93 93 94 94 95 95 95 95 94 94 96 96 95 95 96 96 97 97 93 93 98 98 94 94 99 99 98 98 93 93 99 99 91 91 98 98 89 89 91 91 99 99 100 100 101 101 102 102 102 102 103 103 104 104 102 102 101 101 103 103 100 100 105 105 101 101 106 106 105 105 100 100 106 106 107 107 105 105 108 108 107 107 106 106 108 108 109 109 107 107</p>
                </polylist>
            </mesh>
        </geometry>
        <geometry id="meshMesh38_2">
            <mesh>
                <source id="pointsMesh38_2">
                    <float_array id="pointarrayMesh38_2" count="330">-25 -101 -1740 -25 77 -1842 -25 77 -1740 589 -101 -1740 589 77 -1842 589 77 -1740 589 0 -1919 589 0 -1970 589 -101 -1970 -76 0 -1970 -76 -101 -1970 -76 -101 -1740 -76 0 -1919 -76 77 -1740 -76 77 -1842 -25 -101 -1970 -25 0 -1970 -25 0 -1919 538 -101 -1740 538 0 -1919 538 0 -1970 538 -101 -1970 538 77 -1842 538 77 -1740 -229 -101 -2559 -229 -306 -2559 -229 -101 -2661 -229 -306 -3685 742 -101 -2661 742 -306 -2559 742 -101 -2559 742 -306 -3685 538 307 -1740 538 307 -1125 435 410 -1125 538 0 -1740 435 410 -1740 -25 307 -1740 -25 0 -1125 -25 0 -1740 538 0 -1125 435 410 -1740 77 410 -1125 77 410 -1740 435 410 -1125 77 410 -1740 -25 307 -1125 77 410 -1125 179 0 -1125 -25 0 -1125 -25 307 -1125 179 256 -1074 179 0 -1125 179 256 -1125 179 0 -1074 333 256 -1125 333 0 -1074 333 256 -1074 333 0 -1125 179 256 -1125 333 256 -1074 179 256 -1074 333 256 -1125 77 -101 -2713 77 -306 -2713 -25 -306 -2559 179 256 -1125 538 307 -1125 77 410 -1125 435 410 -1125 333 256 -1125 333 0 -1125 538 0 -1125 -25 -101 -2559 -25 -306 -2559 -229 -101 -2559 -25 -101 -2559 435 -101 -2713 435 -306 -2713 77 -306 -2713 77 -101 -2713 538 -101 -2559 538 -306 -2559 435 -306 -2713 435 -101 -2713 742 -101 -2559 538 -306 -2559 538 -101 -2559 742 -306 -2559 538 77 -1740 589 77 -1740 589 77 -1842 -229 -306 -2559 538 0 -1919 589 0 -1970 538 0 -1970 589 -101 -1970 538 -101 -1970 589 0 -1919 538 77 -1842 -76 0 -1919 -25 0 -1970 -76 0 -1970 -25 -101 -1970 -76 -101 -1970 -25 0 -1919 -76 77 -1842 -25 77 -1842 -76 77 -1740 -25 77 -1740</float_array>
                    <technique_common>
                        <accessor count="110" source="#pointarrayMesh38_2" stride="3">
                            <param name="X" type="float"/>
                            <param name="Y" type="float"/>
                            <param name="Z" type="float"/>
                        </accessor>
                    </technique_common>
                </source>
                <source id="uvsMesh38_2">
                    <float_array id="uvarrayMesh38_2" count="220">0.966796875 -0.962890625 1.96484375 0.78125 0.966796875 0.78125 0.966796875 -0.962890625 1.96484375 0.78125 0.966796875 0.78125 2.712890625 0.033203125 3.212890625 0.033203125 3.212890625 -0.962890625 3.212890625 0.033203125 3.212890625 -0.962890625 0.966796875 -0.962890625 2.712890625 0.033203125 0.966796875 0.78125 1.96484375 0.78125 3.212890625 -0.962890625 3.212890625 0.033203125 2.712890625 0.033203125 0.966796875 -0.962890625 2.712890625 0.033203125 3.212890625 0.033203125 3.212890625 -0.962890625 1.96484375 0.78125 0.966796875 0.78125 -5.01953125 2.029296875 -5.01953125 0.033203125 -4.021484375 2.029296875 5.95703125 0.033203125 -4.021484375 2.029296875 -5.01953125 0.033203125 -5.01953125 2.029296875 5.95703125 0.033203125 2.962890625 3.02734375 0 3.02734375 0 4.025390625 2.962890625 0.033203125 2.962890625 4.025390625 2.962890625 3.02734375 0 0.033203125 2.962890625 0.033203125 0 0.033203125 0 -0.962890625 2.962890625 1 0 1 2.962890625 -0.962890625 2.962890625 4.025390625 0 3.02734375 0 4.025390625 0.716796875 -1.9609375 1.71484375 -1.9609375 1.71484375 1 0.466796875 2.529296875 0.966796875 0.033203125 0.966796875 2.529296875 0.466796875 0.033203125 -0.529296875 2.52734375 0 0.033203125 0 2.52734375 -0.529296875 0.033203125 1.46484375 1 0 0.033203125 1.46484375 0.033203125 0 1 -3.5234375 2.029296875 -3.5234375 0.033203125 -5.01953125 0.033203125 0.716796875 0.533203125 -1.02734375 1 1.216796875 2.029296875 -0.529296875 2.029296875 0 0.533203125 0 -1.9609375 -1.02734375 -1.9609375 -5.01953125 2.029296875 4.4609375 0.033203125 6.45703125 2.029296875 4.4609375 2.029296875 0 2.029296875 0 0.033203125 3.462890625 0.033203125 3.462890625 2.029296875 -5.01953125 2.029296875 -5.01953125 0.033203125 -3.5234375 0.033203125 -3.5234375 2.029296875 -3.0234375 2.029296875 -1.02734375 0.033203125 -1.02734375 2.029296875 -3.0234375 0.033203125 -1.525390625 1.779296875 -2.025390625 1.779296875 -2.025390625 1.779296875 6.45703125 0.033203125 -1.52734375 1 -2.025390625 1 -1.52734375 1 -2.025390625 0.033203125 -1.52734375 0.033203125 -2.025390625 1 -1.525390625 1.779296875 4.4609375 1 3.9609375 1 4.4609375 1 3.9609375 0.033203125 4.4609375 0.033203125 3.9609375 1 4.4609375 1.779296875 3.9609375 1.779296875 4.4609375 1.779296875 3.9609375 1.779296875</float_array>
                    <technique_common>
                        <accessor count="110" source="#uvarrayMesh38_2" stride="2">
                            <param name="S" type="float"/>
                            <param name="T" type="float"/>
                        </accessor>
                    </technique_common>
                </source>
                <source id="colorsMesh38_2">
                    <float_array id="colorarrayMesh38_2" count="440">0.37254901960784315 0.37254901960784315 0.37254901960784315 1 0.37254901960784315 0.37254901960784315 0.37254901960784315 1 0.37254901960784315 0.37254901960784315 0.37254901960784315 1 0.37254901960784315 0.37254901960784315 0.37254901960784315 1 0.37254901960784315 0.37254901960784315 0.37254901960784315 1 0.37254901960784315 0.37254901960784315 0.37254901960784315 1 0.37254901960784315 0.37254901960784315 0.37254901960784315 1 0.37254901960784315 0.37254901960784315 0.37254901960784315 1 0.37254901960784315 0.37254901960784315 0.37254901960784315 1 0.37254901960784315 0.37254901960784315 0.37254901960784315 1 0.37254901960784315 0.37254901960784315 0.37254901960784315 1 0.37254901960784315 0.37254901960784315 0.37254901960784315 1 0.37254901960784315 0.37254901960784315 0.37254901960784315 1 0.37254901960784315 0.37254901960784315 0.37254901960784315 1 0.37254901960784315 0.37254901960784315 0.37254901960784315 1 0.37254901960784315 0.37254901960784315 0.37254901960784315 1 0.37254901960784315 0.37254901960784315 0.37254901960784315 1 0.37254901960784315 0.37254901960784315 0.37254901960784315 1 0.37254901960784315 0.37254901960784315 0.37254901960784315 1 0.37254901960784315 0.37254901960784315 0.37254901960784315 1 0.37254901960784315 0.37254901960784315 0.37254901960784315 1 0.37254901960784315 0.37254901960784315 0.37254901960784315 1 0.37254901960784315 0.37254901960784315 0.37254901960784315 1 0.37254901960784315 0.37254901960784315 0.37254901960784315 1 0.37254901960784315 0.37254901960784315 0.37254901960784315 1 0.37254901960784315 0.37254901960784315 0.37254901960784315 1 0.37254901960784315 0.37254901960784315 0.37254901960784315 1 0.37254901960784315 0.37254901960784315 0.37254901960784315 1 0.37254901960784315 0.37254901960784315 0.37254901960784315 1 0.37254901960784315 0.37254901960784315 0.37254901960784315 1 0.37254901960784315 0.37254901960784315 0.37254901960784315 1 0.37254901960784315 0.37254901960784315 0.37254901960784315 1 0.37254901960784315 0.37254901960784315 0.37254901960784315 1 0.37254901960784315 0.37254901960784315 0.37254901960784315 1 0.37254901960784315 0.37254901960784315 0.37254901960784315 1 0.37254901960784315 0.37254901960784315 0.37254901960784315 1 0.37254901960784315 0.37254901960784315 0.37254901960784315 1 0.37254901960784315 0.37254901960784315 0.37254901960784315 1 0.37254901960784315 0.37254901960784315 0.37254901960784315 1 0.37254901960784315 0.37254901960784315 0.37254901960784315 1 0.37254901960784315 0.37254901960784315 0.37254901960784315 1 0.37254901960784315 0.37254901960784315 0.37254901960784315 1 0.37254901960784315 0.37254901960784315 0.37254901960784315 1 0.37254901960784315 0.37254901960784315 0.37254901960784315 1 0.37254901960784315 0.37254901960784315 0.37254901960784315 1 0.37254901960784315 0.37254901960784315 0.37254901960784315 1 0.37254901960784315 0.37254901960784315 0.37254901960784315 1 0.37254901960784315 0.37254901960784315 0.37254901960784315 1 0.37254901960784315 0.37254901960784315 0.37254901960784315 1 0.37254901960784315 0.37254901960784315 0.37254901960784315 1 0.37254901960784315 0.37254901960784315 0.37254901960784315 1 0.37254901960784315 0.37254901960784315 0.37254901960784315 1 0.37254901960784315 0.37254901960784315 0.37254901960784315 1 0.37254901960784315 0.37254901960784315 0.37254901960784315 1 0.37254901960784315 0.37254901960784315 0.37254901960784315 1 0.37254901960784315 0.37254901960784315 0.37254901960784315 1 0.37254901960784315 0.37254901960784315 0.37254901960784315 1 0.37254901960784315 0.37254901960784315 0.37254901960784315 1 0.37254901960784315 0.37254901960784315 0.37254901960784315 1 0.37254901960784315 0.37254901960784315 0.37254901960784315 1 0.37254901960784315 0.37254901960784315 0.37254901960784315 1 0.37254901960784315 0.37254901960784315 0.37254901960784315 1 0.37254901960784315 0.37254901960784315 0.37254901960784315 1 0.37254901960784315 0.37254901960784315 0.37254901960784315 1 0.37254901960784315 0.37254901960784315 0.37254901960784315 1 0.37254901960784315 0.37254901960784315 0.37254901960784315 1 0.37254901960784315 0.37254901960784315 0.37254901960784315 1 0.37254901960784315 0.37254901960784315 0.37254901960784315 1 0.37254901960784315 0.37254901960784315 0.37254901960784315 1 0.37254901960784315 0.37254901960784315 0.37254901960784315 1 0.37254901960784315 0.37254901960784315 0.37254901960784315 1 0.37254901960784315 0.37254901960784315 0.37254901960784315 1 0.37254901960784315 0.37254901960784315 0.37254901960784315 1 0.37254901960784315 0.37254901960784315 0.37254901960784315 1 0.37254901960784315 0.37254901960784315 0.37254901960784315 1 0.37254901960784315 0.37254901960784315 0.37254901960784315 1 0.37254901960784315 0.37254901960784315 0.37254901960784315 1 0.37254901960784315 0.37254901960784315 0.37254901960784315 1 0.37254901960784315 0.37254901960784315 0.37254901960784315 1 0.37254901960784315 0.37254901960784315 0.37254901960784315 1 0.37254901960784315 0.37254901960784315 0.37254901960784315 1 0.37254901960784315 0.37254901960784315 0.37254901960784315 1 0.37254901960784315 0.37254901960784315 0.37254901960784315 1 0.37254901960784315 0.37254901960784315 0.37254901960784315 1 0.37254901960784315 0.37254901960784315 0.37254901960784315 1 0.37254901960784315 0.37254901960784315 0.37254901960784315 1 0.37254901960784315 0.37254901960784315 0.37254901960784315 1 0.37254901960784315 0.37254901960784315 0.37254901960784315 1 0.37254901960784315 0.37254901960784315 0.37254901960784315 1 0.37254901960784315 0.37254901960784315 0.37254901960784315 1 0.37254901960784315 0.37254901960784315 0.37254901960784315 1 0.37254901960784315 0.37254901960784315 0.37254901960784315 1 0.37254901960784315 0.37254901960784315 0.37254901960784315 1 0.37254901960784315 0.37254901960784315 0.37254901960784315 1 0.37254901960784315 0.37254901960784315 0.37254901960784315 1 0.37254901960784315 0.37254901960784315 0.37254901960784315 1 0.37254901960784315 0.37254901960784315 0.37254901960784315 1 0.37254901960784315 0.37254901960784315 0.37254901960784315 1 0.37254901960784315 0.37254901960784315 0.37254901960784315 1 0.37254901960784315 0.37254901960784315 0.37254901960784315 1 0.37254901960784315 0.37254901960784315 0.37254901960784315 1 0.37254901960784315 0.37254901960784315 0.37254901960784315 1 0.37254901960784315 0.37254901960784315 0.37254901960784315 1 0.37254901960784315 0.37254901960784315 0.37254901960784315 1 0.37254901960784315 0.37254901960784315 0.37254901960784315 1 0.37254901960784315 0.37254901960784315 0.37254901960784315 1 0.37254901960784315 0.37254901960784315 0.37254901960784315 1 0.37254901960784315 0.37254901960784315 0.37254901960784315 1 0.37254901960784315 0.37254901960784315 0.37254901960784315 1 0.37254901960784315 0.37254901960784315 0.37254901960784315 1</float_array>
                    <technique_common>
                        <accessor count="110" source="#colorarrayMesh38_2" stride="4">
                            <param name="R" type="float"/>
                            <param name="G" type="float"/>
                            <param name="B" type="float"/>
                            <param name="A" type="float"/>
                        </accessor>
                    </technique_common>
                </source>
                <vertices id="verticesMesh38_2">
                    <input semantic="POSITION" source="#pointsMesh38_2"/>
                </vertices>
                <polylist count="70" material="Material1">
                    <input offset="0" semantic="VERTEX" source="#verticesMesh38_2"/>
                    <input offset="1" semantic="TEXCOORD" source="#uvsMesh38_2" set="0"/>
                    <input offset="2" semantic="COLOR" source="#colorsMesh38_2" set="0"/>
                    <vcount>3 3 3 3 3 3 3 3 3 3 3 3 3 3 3 3 3 3 3 3 3 3 3 3 3 3 3 3 3 3 3 3 3 3 3 3 3 3 3 3 3 3 3 3 3 3 3 3 3 3 3 3 3 3 3 3 3 3 3 3 3 3 3 3 3 3 3 3 3 3</vcount>
                    <p>0 0 0 1 1 1 2 2 2 3 3 3 4 4 4 5 5 5 3 3 3 6 6 6 4 4 4 3 3 3 7 7 7 6 6 6 3 3 3 8 8 8 7 7 7 9 9 9 10 10 10 11 11 11 11 11 11 12 12 12 9 9 9 11 11 11 13 13 13 14 14 14 11 11 11 14 14 14 12 12 12 0 0 0 15 15 15 16 16 16 0 0 0 16 16 16 17 17 17 0 0 0 17 17 17 1 1 1 18 18 18 19 19 19 20 20 20 20 20 20 21 21 21 18 18 18 18 18 18 22 22 22 19 19 19 18 18 18 23 23 23 22 22 22 24 24 24 25 25 25 26 26 26 25 25 25 27 27 27 26 26 26 28 28 28 29 29 29 30 30 30 28 28 28 31 31 31 29 29 29 32 32 32 33 33 33 34 34 34 35 35 35 33 33 33 32 32 32 32 32 32 34 34 34 36 36 36 37 37 37 38 38 38 39 39 39 35 35 35 40 40 40 33 33 33 41 41 41 42 42 42 43 43 43 41 41 41 44 44 44 42 42 42 45 45 45 46 46 46 37 37 37 45 45 45 47 47 47 46 46 46 37 37 37 46 46 46 38 38 38 48 48 48 49 49 49 50 50 50 51 51 51 52 52 52 53 53 53 51 51 51 54 54 54 52 52 52 55 55 55 56 56 56 57 57 57 55 55 55 58 58 58 56 56 56 59 59 59 60 60 60 61 61 61 59 59 59 62 62 62 60 60 60 63 63 63 64 64 64 65 65 65 66 66 66 50 50 50 67 67 67 66 66 66 48 48 48 50 50 50 50 50 50 68 68 68 69 69 69 50 50 50 69 69 69 67 67 67 67 67 67 70 70 70 66 66 66 67 67 67 71 71 71 70 70 70 67 67 67 72 72 72 71 71 71 63 63 63 65 65 65 73 73 73 74 74 74 75 75 75 76 76 76 77 77 77 78 78 78 79 79 79 77 77 77 79 79 79 80 80 80 81 81 81 82 82 82 83 83 83 81 81 81 83 83 83 84 84 84 85 85 85 86 86 86 87 87 87 85 85 85 88 88 88 86 86 86 89 89 89 90 90 90 91 91 91 74 74 74 92 92 92 75 75 75 93 93 93 94 94 94 95 95 95 95 95 95 94 94 94 96 96 96 95 95 95 96 96 96 97 97 97 93 93 93 98 98 98 94 94 94 99 99 99 98 98 98 93 93 93 99 99 99 91 91 91 98 98 98 89 89 89 91 91 91 99 99 99 100 100 100 101 101 101 102 102 102 102 102 102 103 103 103 104 104 104 102 102 102 101 101 101 103 103 103 100 100 100 105 105 105 101 101 101 106 106 106 105 105 105 100 100 100 106 106 106 107 107 107 105 105 105 108 108 108 107 107 107 106 106 106 108 108 108 109 109 109 107 107 107</p>
                </polylist>
            </mesh>
        </geometry>
        <geometry id="meshMesh39_1">
            <mesh>
                <source id="pointsMesh39_1">
                    <float_array id="pointarrayMesh39_1" count="48">-229 512 -4197 -25 666 -2252 -229 512 -2047 538 666 -3993 -25 666 -3993 -229 512 -4197 742 512 -4197 742 512 -2047 538 666 -3993 742 512 -4197 538 666 -2252 -25 666 -2252 538 666 -2252 742 512 -2047 -229 512 -2047 -25 666 -3993</float_array>
                    <technique_common>
                        <accessor count="16" source="#pointarrayMesh39_1" stride="3">
                            <param name="X" type="float"/>
                            <param name="Y" type="float"/>
                            <param name="Z" type="float"/>
                        </accessor>
                    </technique_common>
                </source>
                <source id="uvsMesh39_1">
                    <float_array id="uvarrayMesh39_1" count="32">0 1 18.931640625 -0.962890625 20.927734375 1 -1.52734375 8.017578125 3.9609375 8.017578125 5.95703125 10.013671875 -3.5234375 10.013671875 20.927734375 -8.44921875 1.96484375 -6.453125 0 -8.44921875 18.931640625 -6.453125 3.9609375 -8.947265625 -1.525390625 -8.947265625 -3.521484375 -10.943359375 5.95703125 -10.943359375 1.96484375 -0.962890625</float_array>
                    <technique_common>
                        <accessor count="16" source="#uvarrayMesh39_1" stride="2">
                            <param name="S" type="float"/>
                            <param name="T" type="float"/>
                        </accessor>
                    </technique_common>
                </source>
                <vertices id="verticesMesh39_1">
                    <input semantic="POSITION" source="#pointsMesh39_1"/>
                </vertices>
                <polylist count="8" material="Material1">
                    <input offset="0" semantic="VERTEX" source="#verticesMesh39_1"/>
                    <input offset="1" semantic="TEXCOORD" source="#uvsMesh39_1" set="0"/>
                    <vcount>3 3 3 3 3 3 3 3</vcount>
                    <p>0 0 1 1 2 2 3 3 4 4 5 5 3 3 5 5 6 6 7 7 8 8 9 9 7 7 10 10 8 8 11 11 12 12 13 13 11 11 13 13 14 14 0 0 15 15 1 1</p>
                </polylist>
            </mesh>
        </geometry>
        <geometry id="meshMesh39_2">
            <mesh>
                <source id="pointsMesh39_2">
                    <float_array id="pointarrayMesh39_2" count="48">-229 512 -4197 -25 666 -2252 -229 512 -2047 538 666 -3993 -25 666 -3993 -229 512 -4197 742 512 -4197 742 512 -2047 538 666 -3993 742 512 -4197 538 666 -2252 -25 666 -2252 538 666 -2252 742 512 -2047 -229 512 -2047 -25 666 -3993</float_array>
                    <technique_common>
                        <accessor count="16" source="#pointarrayMesh39_2" stride="3">
                            <param name="X" type="float"/>
                            <param name="Y" type="float"/>
                            <param name="Z" type="float"/>
                        </accessor>
                    </technique_common>
                </source>
                <source id="uvsMesh39_2">
                    <float_array id="uvarrayMesh39_2" count="32">0 1 18.931640625 -0.962890625 20.927734375 1 -1.52734375 8.017578125 3.9609375 8.017578125 5.95703125 10.013671875 -3.5234375 10.013671875 20.927734375 -8.44921875 1.96484375 -6.453125 0 -8.44921875 18.931640625 -6.453125 3.9609375 -8.947265625 -1.525390625 -8.947265625 -3.521484375 -10.943359375 5.95703125 -10.943359375 1.96484375 -0.962890625</float_array>
                    <technique_common>
                        <accessor count="16" source="#uvarrayMesh39_2" stride="2">
                            <param name="S" type="float"/>
                            <param name="T" type="float"/>
                        </accessor>
                    </technique_common>
                </source>
                <source id="colorsMesh39_2">
                    <float_array id="colorarrayMesh39_2" count="64">0.37254901960784315 0.37254901960784315 0.37254901960784315 1 0.37254901960784315 0.37254901960784315 0.37254901960784315 1 0.37254901960784315 0.37254901960784315 0.37254901960784315 1 0.37254901960784315 0.37254901960784315 0.37254901960784315 1 0.37254901960784315 0.37254901960784315 0.37254901960784315 1 0.37254901960784315 0.37254901960784315 0.37254901960784315 1 0.37254901960784315 0.37254901960784315 0.37254901960784315 1 0.37254901960784315 0.37254901960784315 0.37254901960784315 1 0.37254901960784315 0.37254901960784315 0.37254901960784315 1 0.37254901960784315 0.37254901960784315 0.37254901960784315 1 0.37254901960784315 0.37254901960784315 0.37254901960784315 1 0.37254901960784315 0.37254901960784315 0.37254901960784315 1 0.37254901960784315 0.37254901960784315 0.37254901960784315 1 0.37254901960784315 0.37254901960784315 0.37254901960784315 1 0.37254901960784315 0.37254901960784315 0.37254901960784315 1 0.37254901960784315 0.37254901960784315 0.37254901960784315 1</float_array>
                    <technique_common>
                        <accessor count="16" source="#colorarrayMesh39_2" stride="4">
                            <param name="R" type="float"/>
                            <param name="G" type="float"/>
                            <param name="B" type="float"/>
                            <param name="A" type="float"/>
                        </accessor>
                    </technique_common>
                </source>
                <vertices id="verticesMesh39_2">
                    <input semantic="POSITION" source="#pointsMesh39_2"/>
                </vertices>
                <polylist count="8" material="Material1">
                    <input offset="0" semantic="VERTEX" source="#verticesMesh39_2"/>
                    <input offset="1" semantic="TEXCOORD" source="#uvsMesh39_2" set="0"/>
                    <input offset="2" semantic="COLOR" source="#colorsMesh39_2" set="0"/>
                    <vcount>3 3 3 3 3 3 3 3</vcount>
                    <p>0 0 0 1 1 1 2 2 2 3 3 3 4 4 4 5 5 5 3 3 3 5 5 5 6 6 6 7 7 7 8 8 8 9 9 9 7 7 7 10 10 10 8 8 8 11 11 11 12 12 12 13 13 13 11 11 11 13 13 13 14 14 14 0 0 0 15 15 15 1 1 1</p>
                </polylist>
            </mesh>
        </geometry>
        <geometry id="meshMesh40_1">
            <mesh>
                <source id="pointsMesh40_1">
                    <float_array id="pointarrayMesh40_1" count="96">947 512 -4300 1050 -306 -4300 1050 512 -4300 -434 512 -4300 -332 -306 -4402 -332 512 -4402 -332 -306 -4505 -332 512 -4505 -434 -306 -4300 -537 512 -4300 -537 -306 -4300 845 512 -4402 947 -306 -4300 845 512 -1842 845 -101 -1740 845 512 -1740 845 -306 -4402 845 512 -4505 845 -306 -4505 1050 512 -1945 1050 -101 -1945 947 -101 -1945 947 512 -1945 845 -101 -1842 -434 512 -1945 -434 -101 -1945 -537 -101 -1945 -537 512 -1945 -332 512 -1842 -332 -101 -1842 -332 512 -1740 -332 -101 -1740</float_array>
                    <technique_common>
                        <accessor count="32" source="#pointarrayMesh40_1" stride="3">
                            <param name="X" type="float"/>
                            <param name="Y" type="float"/>
                            <param name="Z" type="float"/>
                        </accessor>
                    </technique_common>
                </source>
                <source id="uvsMesh40_1">
                    <float_array id="uvarrayMesh40_1" count="64">0.716796875 1 0.966796875 0.017578125 0.966796875 1 0.21875 1 0.716796875 0.017578125 0.716796875 1 0.966796875 0.017578125 0.966796875 1 0.21875 0.017578125 0 1 0 0.017578125 0.21875 1 0.716796875 0.017578125 0.716796875 1 0.966796875 0.017578125 0.966796875 1 0.21875 0.017578125 0 1 0 0.017578125 0 1 0 0.017578125 0.21875 0.017578125 0.21875 1 0.716796875 0.017578125 0.716796875 1 0.716796875 0.017578125 0.966796875 0.017578125 0.966796875 1 0.21875 1 0.21875 0.017578125 0 1 0 0.017578125</float_array>
                    <technique_common>
                        <accessor count="32" source="#uvarrayMesh40_1" stride="2">
                            <param name="S" type="float"/>
                            <param name="T" type="float"/>
                        </accessor>
                    </technique_common>
                </source>
                <vertices id="verticesMesh40_1">
                    <input semantic="POSITION" source="#pointsMesh40_1"/>
                </vertices>
                <polylist count="24" material="Material1">
                    <input offset="0" semantic="VERTEX" source="#verticesMesh40_1"/>
                    <input offset="1" semantic="TEXCOORD" source="#uvsMesh40_1" set="0"/>
                    <vcount>3 3 3 3 3 3 3 3 3 3 3 3 3 3 3 3 3 3 3 3 3 3 3 3</vcount>
                    <p>0 0 1 1 2 2 3 3 4 4 5 5 5 5 6 6 7 7 5 5 4 4 6 6 3 3 8 8 4 4 9 9 8 8 3 3 9 9 10 10 8 8 11 11 12 12 0 0 0 0 12 12 1 1 13 13 14 14 15 15 11 11 16 16 12 12 17 17 16 16 11 11 17 17 18 18 16 16 19 19 20 20 21 21 19 19 21 21 22 22 22 22 21 21 23 23 22 22 23 23 13 13 13 13 23 23 14 14 24 24 25 25 26 26 24 24 26 26 27 27 28 28 25 25 24 24 28 28 29 29 25 25 30 30 29 29 28 28 30 30 31 31 29 29</p>
                </polylist>
            </mesh>
        </geometry>
        <geometry id="meshMesh40_2">
            <mesh>
                <source id="pointsMesh40_2">
                    <float_array id="pointarrayMesh40_2" count="96">947 512 -4300 1050 -306 -4300 1050 512 -4300 -434 512 -4300 -332 -306 -4402 -332 512 -4402 -332 -306 -4505 -332 512 -4505 -434 -306 -4300 -537 512 -4300 -537 -306 -4300 845 512 -4402 947 -306 -4300 845 512 -1842 845 -101 -1740 845 512 -1740 845 -306 -4402 845 512 -4505 845 -306 -4505 1050 512 -1945 1050 -101 -1945 947 -101 -1945 947 512 -1945 845 -101 -1842 -434 512 -1945 -434 -101 -1945 -537 -101 -1945 -537 512 -1945 -332 512 -1842 -332 -101 -1842 -332 512 -1740 -332 -101 -1740</float_array>
                    <technique_common>
                        <accessor count="32" source="#pointarrayMesh40_2" stride="3">
                            <param name="X" type="float"/>
                            <param name="Y" type="float"/>
                            <param name="Z" type="float"/>
                        </accessor>
                    </technique_common>
                </source>
                <source id="uvsMesh40_2">
                    <float_array id="uvarrayMesh40_2" count="64">0.716796875 1 0.966796875 0.017578125 0.966796875 1 0.21875 1 0.716796875 0.017578125 0.716796875 1 0.966796875 0.017578125 0.966796875 1 0.21875 0.017578125 0 1 0 0.017578125 0.21875 1 0.716796875 0.017578125 0.716796875 1 0.966796875 0.017578125 0.966796875 1 0.21875 0.017578125 0 1 0 0.017578125 0 1 0 0.017578125 0.21875 0.017578125 0.21875 1 0.716796875 0.017578125 0.716796875 1 0.716796875 0.017578125 0.966796875 0.017578125 0.966796875 1 0.21875 1 0.21875 0.017578125 0 1 0 0.017578125</float_array>
                    <technique_common>
                        <accessor count="32" source="#uvarrayMesh40_2" stride="2">
                            <param name="S" type="float"/>
                            <param name="T" type="float"/>
                        </accessor>
                    </technique_common>
                </source>
                <source id="colorsMesh40_2">
                    <float_array id="colorarrayMesh40_2" count="128">0.37254901960784315 0.37254901960784315 0.37254901960784315 1 0.37254901960784315 0.37254901960784315 0.37254901960784315 1 0.37254901960784315 0.37254901960784315 0.37254901960784315 1 0.37254901960784315 0.37254901960784315 0.37254901960784315 1 0.37254901960784315 0.37254901960784315 0.37254901960784315 1 0.37254901960784315 0.37254901960784315 0.37254901960784315 1 0.37254901960784315 0.37254901960784315 0.37254901960784315 1 0.37254901960784315 0.37254901960784315 0.37254901960784315 1 0.37254901960784315 0.37254901960784315 0.37254901960784315 1 0.37254901960784315 0.37254901960784315 0.37254901960784315 1 0.37254901960784315 0.37254901960784315 0.37254901960784315 1 0.37254901960784315 0.37254901960784315 0.37254901960784315 1 0.37254901960784315 0.37254901960784315 0.37254901960784315 1 0.37254901960784315 0.37254901960784315 0.37254901960784315 1 0.37254901960784315 0.37254901960784315 0.37254901960784315 1 0.37254901960784315 0.37254901960784315 0.37254901960784315 1 0.37254901960784315 0.37254901960784315 0.37254901960784315 1 0.37254901960784315 0.37254901960784315 0.37254901960784315 1 0.37254901960784315 0.37254901960784315 0.37254901960784315 1 0.37254901960784315 0.37254901960784315 0.37254901960784315 1 0.37254901960784315 0.37254901960784315 0.37254901960784315 1 0.37254901960784315 0.37254901960784315 0.37254901960784315 1 0.37254901960784315 0.37254901960784315 0.37254901960784315 1 0.37254901960784315 0.37254901960784315 0.37254901960784315 1 0.37254901960784315 0.37254901960784315 0.37254901960784315 1 0.37254901960784315 0.37254901960784315 0.37254901960784315 1 0.37254901960784315 0.37254901960784315 0.37254901960784315 1 0.37254901960784315 0.37254901960784315 0.37254901960784315 1 0.37254901960784315 0.37254901960784315 0.37254901960784315 1 0.37254901960784315 0.37254901960784315 0.37254901960784315 1 0.37254901960784315 0.37254901960784315 0.37254901960784315 1 0.37254901960784315 0.37254901960784315 0.37254901960784315 1</float_array>
                    <technique_common>
                        <accessor count="32" source="#colorarrayMesh40_2" stride="4">
                            <param name="R" type="float"/>
                            <param name="G" type="float"/>
                            <param name="B" type="float"/>
                            <param name="A" type="float"/>
                        </accessor>
                    </technique_common>
                </source>
                <vertices id="verticesMesh40_2">
                    <input semantic="POSITION" source="#pointsMesh40_2"/>
                </vertices>
                <polylist count="24" material="Material1">
                    <input offset="0" semantic="VERTEX" source="#verticesMesh40_2"/>
                    <input offset="1" semantic="TEXCOORD" source="#uvsMesh40_2" set="0"/>
                    <input offset="2" semantic="COLOR" source="#colorsMesh40_2" set="0"/>
                    <vcount>3 3 3 3 3 3 3 3 3 3 3 3 3 3 3 3 3 3 3 3 3 3 3 3</vcount>
                    <p>0 0 0 1 1 1 2 2 2 3 3 3 4 4 4 5 5 5 5 5 5 6 6 6 7 7 7 5 5 5 4 4 4 6 6 6 3 3 3 8 8 8 4 4 4 9 9 9 8 8 8 3 3 3 9 9 9 10 10 10 8 8 8 11 11 11 12 12 12 0 0 0 0 0 0 12 12 12 1 1 1 13 13 13 14 14 14 15 15 15 11 11 11 16 16 16 12 12 12 17 17 17 16 16 16 11 11 11 17 17 17 18 18 18 16 16 16 19 19 19 20 20 20 21 21 21 19 19 19 21 21 21 22 22 22 22 22 22 21 21 21 23 23 23 22 22 22 23 23 23 13 13 13 13 13 13 23 23 23 14 14 14 24 24 24 25 25 25 26 26 26 24 24 24 26 26 26 27 27 27 28 28 28 25 25 25 24 24 24 28 28 28 29 29 29 25 25 25 30 30 30 29 29 29 28 28 28 30 30 30 31 31 31 29 29 29</p>
                </polylist>
            </mesh>
        </geometry>
        <geometry id="meshMesh41_1">
            <mesh>
                <source id="pointsMesh41_1">
                    <float_array id="pointarrayMesh41_1" count="90">1050 512 -1945 1050 512 -4300 1050 -306 -4300 1050 -306 -1945 589 77 -1740 538 77 -1740 538 307 -1740 845 -101 -1740 589 -101 -1740 845 512 -1740 -25 307 -1740 -25 77 -1740 -76 77 -1740 -332 -101 -1740 -332 512 -1740 -76 -101 -1740 563 -204 -4505 -332 -306 -4505 845 -306 -4505 563 410 -4505 -50 -204 -4505 -50 410 -4505 -332 512 -4505 845 512 -4505 77 410 -1740 -537 512 -1945 -537 -306 -4300 -537 512 -4300 435 410 -1740 -537 -306 -1945</float_array>
                    <technique_common>
                        <accessor count="30" source="#pointarrayMesh41_1" stride="3">
                            <param name="X" type="float"/>
                            <param name="Y" type="float"/>
                            <param name="Z" type="float"/>
                        </accessor>
                    </technique_common>
                </source>
                <source id="uvsMesh41_1">
                    <float_array id="uvarrayMesh41_1" count="60">5.70703125 1 0 1 0 0.017578125 5.70703125 0.017578125 1.091796875 0.486328125 1.216796875 0.486328125 1.216796875 0.765625 0.46875 0.267578125 1.091796875 0.267578125 0.46875 1 2.587890625 0.765625 2.587890625 0.486328125 2.712890625 0.486328125 3.337890625 0.267578125 3.337890625 1 2.712890625 0.267578125 2.02734375 0.142578125 -0.154296875 0.017578125 2.712890625 0.017578125 2.02734375 0.890625 0.529296875 0.142578125 0.529296875 0.890625 -0.154296875 1 2.712890625 1 2.33984375 0.890625 5.70703125 1 0 0.017578125 0 1 1.466796875 0.890625 5.70703125 0.017578125</float_array>
                    <technique_common>
                        <accessor count="30" source="#uvarrayMesh41_1" stride="2">
                            <param name="S" type="float"/>
                            <param name="T" type="float"/>
                        </accessor>
                    </technique_common>
                </source>
                <vertices id="verticesMesh41_1">
                    <input semantic="POSITION" source="#pointsMesh41_1"/>
                </vertices>
                <polylist count="24" material="Material1">
                    <input offset="0" semantic="VERTEX" source="#verticesMesh41_1"/>
                    <input offset="1" semantic="TEXCOORD" source="#uvsMesh41_1" set="0"/>
                    <vcount>3 3 3 3 3 3 3 3 3 3 3 3 3 3 3 3 3 3 3 3 3 3 3 3</vcount>
                    <p>0 0 1 1 2 2 0 0 2 2 3 3 4 4 5 5 6 6 7 7 8 8 4 4 7 7 4 4 6 6 7 7 6 6 9 9 10 10 11 11 12 12 10 10 12 12 13 13 10 10 13 13 14 14 12 12 15 15 13 13 16 16 17 17 18 18 19 19 16 16 18 18 16 16 20 20 17 17 17 17 20 20 21 21 17 17 21 21 22 22 19 19 18 18 23 23 21 21 19 19 23 23 21 21 23 23 22 22 24 24 10 10 14 14 25 25 26 26 27 27 28 28 24 24 14 14 28 28 14 14 9 9 6 6 28 28 9 9 25 25 29 29 26 26</p>
                </polylist>
            </mesh>
        </geometry>
        <geometry id="meshMesh41_2">
            <mesh>
                <source id="pointsMesh41_2">
                    <float_array id="pointarrayMesh41_2" count="90">1050 512 -1945 1050 512 -4300 1050 -306 -4300 1050 -306 -1945 589 77 -1740 538 77 -1740 538 307 -1740 845 -101 -1740 589 -101 -1740 845 512 -1740 -25 307 -1740 -25 77 -1740 -76 77 -1740 -332 -101 -1740 -332 512 -1740 -76 -101 -1740 563 -204 -4505 -332 -306 -4505 845 -306 -4505 563 410 -4505 -50 -204 -4505 -50 410 -4505 -332 512 -4505 845 512 -4505 77 410 -1740 -537 512 -1945 -537 -306 -4300 -537 512 -4300 435 410 -1740 -537 -306 -1945</float_array>
                    <technique_common>
                        <accessor count="30" source="#pointarrayMesh41_2" stride="3">
                            <param name="X" type="float"/>
                            <param name="Y" type="float"/>
                            <param name="Z" type="float"/>
                        </accessor>
                    </technique_common>
                </source>
                <source id="uvsMesh41_2">
                    <float_array id="uvarrayMesh41_2" count="60">5.70703125 1 0 1 0 0.017578125 5.70703125 0.017578125 1.091796875 0.486328125 1.216796875 0.486328125 1.216796875 0.765625 0.46875 0.267578125 1.091796875 0.267578125 0.46875 1 2.587890625 0.765625 2.587890625 0.486328125 2.712890625 0.486328125 3.337890625 0.267578125 3.337890625 1 2.712890625 0.267578125 2.02734375 0.142578125 -0.154296875 0.017578125 2.712890625 0.017578125 2.02734375 0.890625 0.529296875 0.142578125 0.529296875 0.890625 -0.154296875 1 2.712890625 1 2.33984375 0.890625 5.70703125 1 0 0.017578125 0 1 1.466796875 0.890625 5.70703125 0.017578125</float_array>
                    <technique_common>
                        <accessor count="30" source="#uvarrayMesh41_2" stride="2">
                            <param name="S" type="float"/>
                            <param name="T" type="float"/>
                        </accessor>
                    </technique_common>
                </source>
                <source id="colorsMesh41_2">
                    <float_array id="colorarrayMesh41_2" count="120">0.37254901960784315 0.37254901960784315 0.37254901960784315 1 0.37254901960784315 0.37254901960784315 0.37254901960784315 1 0.37254901960784315 0.37254901960784315 0.37254901960784315 1 0.37254901960784315 0.37254901960784315 0.37254901960784315 1 0.37254901960784315 0.37254901960784315 0.37254901960784315 1 0.37254901960784315 0.37254901960784315 0.37254901960784315 1 0.37254901960784315 0.37254901960784315 0.37254901960784315 1 0.37254901960784315 0.37254901960784315 0.37254901960784315 1 0.37254901960784315 0.37254901960784315 0.37254901960784315 1 0.37254901960784315 0.37254901960784315 0.37254901960784315 1 0.37254901960784315 0.37254901960784315 0.37254901960784315 1 0.37254901960784315 0.37254901960784315 0.37254901960784315 1 0.37254901960784315 0.37254901960784315 0.37254901960784315 1 0.37254901960784315 0.37254901960784315 0.37254901960784315 1 0.37254901960784315 0.37254901960784315 0.37254901960784315 1 0.37254901960784315 0.37254901960784315 0.37254901960784315 1 0.37254901960784315 0.37254901960784315 0.37254901960784315 1 0.37254901960784315 0.37254901960784315 0.37254901960784315 1 0.37254901960784315 0.37254901960784315 0.37254901960784315 1 0.37254901960784315 0.37254901960784315 0.37254901960784315 1 0.37254901960784315 0.37254901960784315 0.37254901960784315 1 0.37254901960784315 0.37254901960784315 0.37254901960784315 1 0.37254901960784315 0.37254901960784315 0.37254901960784315 1 0.37254901960784315 0.37254901960784315 0.37254901960784315 1 0.37254901960784315 0.37254901960784315 0.37254901960784315 1 0.37254901960784315 0.37254901960784315 0.37254901960784315 1 0.37254901960784315 0.37254901960784315 0.37254901960784315 1 0.37254901960784315 0.37254901960784315 0.37254901960784315 1 0.37254901960784315 0.37254901960784315 0.37254901960784315 1 0.37254901960784315 0.37254901960784315 0.37254901960784315 1</float_array>
                    <technique_common>
                        <accessor count="30" source="#colorarrayMesh41_2" stride="4">
                            <param name="R" type="float"/>
                            <param name="G" type="float"/>
                            <param name="B" type="float"/>
                            <param name="A" type="float"/>
                        </accessor>
                    </technique_common>
                </source>
                <vertices id="verticesMesh41_2">
                    <input semantic="POSITION" source="#pointsMesh41_2"/>
                </vertices>
                <polylist count="24" material="Material1">
                    <input offset="0" semantic="VERTEX" source="#verticesMesh41_2"/>
                    <input offset="1" semantic="TEXCOORD" source="#uvsMesh41_2" set="0"/>
                    <input offset="2" semantic="COLOR" source="#colorsMesh41_2" set="0"/>
                    <vcount>3 3 3 3 3 3 3 3 3 3 3 3 3 3 3 3 3 3 3 3 3 3 3 3</vcount>
                    <p>0 0 0 1 1 1 2 2 2 0 0 0 2 2 2 3 3 3 4 4 4 5 5 5 6 6 6 7 7 7 8 8 8 4 4 4 7 7 7 4 4 4 6 6 6 7 7 7 6 6 6 9 9 9 10 10 10 11 11 11 12 12 12 10 10 10 12 12 12 13 13 13 10 10 10 13 13 13 14 14 14 12 12 12 15 15 15 13 13 13 16 16 16 17 17 17 18 18 18 19 19 19 16 16 16 18 18 18 16 16 16 20 20 20 17 17 17 17 17 17 20 20 20 21 21 21 17 17 17 21 21 21 22 22 22 19 19 19 18 18 18 23 23 23 21 21 21 19 19 19 23 23 23 21 21 21 23 23 23 22 22 22 24 24 24 10 10 10 14 14 14 25 25 25 26 26 26 27 27 27 28 28 28 24 24 24 14 14 14 28 28 28 14 14 14 9 9 9 6 6 6 28 28 28 9 9 9 25 25 25 29 29 29 26 26 26</p>
                </polylist>
            </mesh>
        </geometry>
        <geometry id="meshMesh42_1">
            <mesh>
                <source id="pointsMesh42_1">
                    <float_array id="pointarrayMesh42_1" count="108">88 -101 -2692 -14 0 -2539 88 0 -2692 -250 0 -2661 -250 -101 -2539 -250 -101 -2661 -250 0 -2539 -250 -204 -3685 -250 -101 -2661 -250 -306 -3685 -250 0 -2661 -250 0 -2539 -14 0 -2539 -14 -101 -2539 -250 -101 -2539 763 -101 -2661 762 0 -2539 763 0 -2661 -14 -101 -2539 88 0 -2692 424 -101 -2692 88 -101 -2692 424 0 -2692 424 0 -2692 526 0 -2539 526 -101 -2539 424 -101 -2692 762 -101 -2539 526 0 -2539 762 -101 -2539 526 -101 -2539 762 0 -2539 763 -306 -3685 763 0 -2661 763 -204 -3685 763 -101 -2661</float_array>
                    <technique_common>
                        <accessor count="36" source="#pointarrayMesh42_1" stride="3">
                            <param name="X" type="float"/>
                            <param name="Y" type="float"/>
                            <param name="Z" type="float"/>
                        </accessor>
                    </technique_common>
                </source>
                <source id="uvsMesh42_1">
                    <float_array id="uvarrayMesh42_1" count="72">-1.0234375 0.033203125 0.966796875 1 -1.0234375 1 0.966796875 1 0 0.033203125 0.966796875 0.033203125 0 1 9.84765625 1 0 0.033203125 9.84375 0.033203125 -0.02734375 1 6.45703125 1 4.4609375 1 4.4609375 0.033203125 6.45703125 0.033203125 0.966796875 0.033203125 0 1 0.966796875 1 0.966796875 0.033203125 3.462890625 1 0 0.033203125 3.462890625 0.033203125 0 1 0.966796875 1 -1.0234375 1 -1.0234375 0.033203125 0.966796875 0.033203125 0 0.033203125 -1.02734375 1 -3.0234375 0.033203125 -1.02734375 0.033203125 -3.0234375 1 9.84375 0.033203125 -0.02734375 1 9.84765625 1 0 0.033203125</float_array>
                    <technique_common>
                        <accessor count="36" source="#uvarrayMesh42_1" stride="2">
                            <param name="S" type="float"/>
                            <param name="T" type="float"/>
                        </accessor>
                    </technique_common>
                </source>
                <vertices id="verticesMesh42_1">
                    <input semantic="POSITION" source="#pointsMesh42_1"/>
                </vertices>
                <polylist count="18" material="Material1">
                    <input offset="0" semantic="VERTEX" source="#verticesMesh42_1"/>
                    <input offset="1" semantic="TEXCOORD" source="#uvsMesh42_1" set="0"/>
                    <vcount>3 3 3 3 3 3 3 3 3 3 3 3 3 3 3 3 3 3</vcount>
                    <p>0 0 1 1 2 2 3 3 4 4 5 5 3 3 6 6 4 4 7 7 8 8 9 9 7 7 10 10 8 8 11 11 12 12 13 13 11 11 13 13 14 14 15 15 16 16 17 17 0 0 18 18 1 1 19 19 20 20 21 21 19 19 22 22 20 20 23 23 24 24 25 25 23 23 25 25 26 26 15 15 27 27 16 16 28 28 29 29 30 30 28 28 31 31 29 29 32 32 33 33 34 34 32 32 35 35 33 33</p>
                </polylist>
            </mesh>
        </geometry>
        <geometry id="meshMesh43_1">
            <mesh>
                <source id="pointsMesh43_1">
                    <float_array id="pointarrayMesh43_1" count="12">512 51 -1136 358 51 -1136 358 205 -1136 512 205 -1136</float_array>
                    <technique_common>
                        <accessor count="4" source="#pointarrayMesh43_1" stride="3">
                            <param name="X" type="float"/>
                            <param name="Y" type="float"/>
                            <param name="Z" type="float"/>
                        </accessor>
                    </technique_common>
                </source>
                <source id="uvsMesh43_1">
                    <float_array id="uvarrayMesh43_1" count="8">0 0.033203125 0.966796875 0.033203125 0.966796875 1 0 1</float_array>
                    <technique_common>
                        <accessor count="4" source="#uvarrayMesh43_1" stride="2">
                            <param name="S" type="float"/>
                            <param name="T" type="float"/>
                        </accessor>
                    </technique_common>
                </source>
                <vertices id="verticesMesh43_1">
                    <input semantic="POSITION" source="#pointsMesh43_1"/>
                </vertices>
                <polylist count="2" material="Material1">
                    <input offset="0" semantic="VERTEX" source="#verticesMesh43_1"/>
                    <input offset="1" semantic="TEXCOORD" source="#uvsMesh43_1" set="0"/>
                    <vcount>3 3</vcount>
                    <p>0 0 1 1 2 2 0 0 2 2 3 3</p>
                </polylist>
            </mesh>
        </geometry>
        <geometry id="meshMesh43_2">
            <mesh>
                <source id="pointsMesh43_2">
                    <float_array id="pointarrayMesh43_2" count="12">512 51 -1136 358 51 -1136 358 205 -1136 512 205 -1136</float_array>
                    <technique_common>
                        <accessor count="4" source="#pointarrayMesh43_2" stride="3">
                            <param name="X" type="float"/>
                            <param name="Y" type="float"/>
                            <param name="Z" type="float"/>
                        </accessor>
                    </technique_common>
                </source>
                <source id="uvsMesh43_2">
                    <float_array id="uvarrayMesh43_2" count="8">0 0.033203125 0.966796875 0.033203125 0.966796875 1 0 1</float_array>
                    <technique_common>
                        <accessor count="4" source="#uvarrayMesh43_2" stride="2">
                            <param name="S" type="float"/>
                            <param name="T" type="float"/>
                        </accessor>
                    </technique_common>
                </source>
                <source id="colorsMesh43_2">
                    <float_array id="colorarrayMesh43_2" count="16">0.37254901960784315 0.37254901960784315 0.37254901960784315 1 0.37254901960784315 0.37254901960784315 0.37254901960784315 1 0.37254901960784315 0.37254901960784315 0.37254901960784315 1 0.37254901960784315 0.37254901960784315 0.37254901960784315 1</float_array>
                    <technique_common>
                        <accessor count="4" source="#colorarrayMesh43_2" stride="4">
                            <param name="R" type="float"/>
                            <param name="G" type="float"/>
                            <param name="B" type="float"/>
                            <param name="A" type="float"/>
                        </accessor>
                    </technique_common>
                </source>
                <vertices id="verticesMesh43_2">
                    <input semantic="POSITION" source="#pointsMesh43_2"/>
                </vertices>
                <polylist count="2" material="Material1">
                    <input offset="0" semantic="VERTEX" source="#verticesMesh43_2"/>
                    <input offset="1" semantic="TEXCOORD" source="#uvsMesh43_2" set="0"/>
                    <input offset="2" semantic="COLOR" source="#colorsMesh43_2" set="0"/>
                    <vcount>3 3</vcount>
                    <p>0 0 0 1 1 1 2 2 2 0 0 0 2 2 2 3 3 3</p>
                </polylist>
            </mesh>
        </geometry>
        <geometry id="meshMesh44_1">
            <mesh>
                <source id="pointsMesh44_1">
                    <float_array id="pointarrayMesh44_1" count="108">1971 307 51 1971 307 -511 1971 282 -511 1894 230 51 1894 230 -511 1894 205 -511 1894 205 51 1920 256 51 1920 256 -511 1920 230 -511 1920 230 51 1946 282 51 1946 282 -511 1946 256 -511 1946 256 51 1971 282 51 1894 205 -511 1126 205 -511 1126 205 51 1920 230 51 1894 230 -511 1894 230 51 1920 230 -511 1920 256 51 1946 256 -511 1920 256 -511 1946 256 51 1971 282 51 1971 282 -511 1946 282 -511 1946 282 51 1126 205 -306 1075 205 -153 1126 205 -153 1894 205 51 1075 205 -306</float_array>
                    <technique_common>
                        <accessor count="36" source="#pointarrayMesh44_1" stride="3">
                            <param name="X" type="float"/>
                            <param name="Y" type="float"/>
                            <param name="Z" type="float"/>
                        </accessor>
                    </technique_common>
                </source>
                <source id="uvsMesh44_1">
                    <float_array id="uvarrayMesh44_1" count="72">2.712890625 1 0 1 0 0.931640625 2.712890625 0.5078125 0 0.5078125 0 0.408203125 2.712890625 0.408203125 2.712890625 0.681640625 0 0.681640625 0 0.58203125 2.712890625 0.58203125 2.712890625 0.857421875 0 0.857421875 0 0.755859375 2.712890625 0.755859375 2.712890625 0.931640625 1.091796875 1 -0.77734375 1 -0.77734375 -0.33984375 2.712890625 0.58203125 0 0.5078125 2.712890625 0.5078125 0 0.58203125 2.712890625 0.681640625 0 0.755859375 0 0.681640625 2.712890625 0.755859375 2.712890625 0.931640625 0 0.931640625 0 0.857421875 2.712890625 0.857421875 0 -1.4609375 0.716796875 -1.7109375 0.716796875 -1.4609375 1.091796875 -0.33984375 0 -1.7109375</float_array>
                    <technique_common>
                        <accessor count="36" source="#uvarrayMesh44_1" stride="2">
                            <param name="S" type="float"/>
                            <param name="T" type="float"/>
                        </accessor>
                    </technique_common>
                </source>
                <source id="colorsMesh44_1">
                    <float_array id="colorarrayMesh44_1" count="144">0.26666666666666666 0.26666666666666666 0.26666666666666666 1 0.26666666666666666 0.26666666666666666 0.26666666666666666 1 0.26666666666666666 0.26666666666666666 0.26666666666666666 1 0.26666666666666666 0.26666666666666666 0.26666666666666666 1 0.26666666666666666 0.26666666666666666 0.26666666666666666 1 0.26666666666666666 0.26666666666666666 0.26666666666666666 1 0.26666666666666666 0.26666666666666666 0.26666666666666666 1 0.26666666666666666 0.26666666666666666 0.26666666666666666 1 0.26666666666666666 0.26666666666666666 0.26666666666666666 1 0.26666666666666666 0.26666666666666666 0.26666666666666666 1 0.26666666666666666 0.26666666666666666 0.26666666666666666 1 0.26666666666666666 0.26666666666666666 0.26666666666666666 1 0.26666666666666666 0.26666666666666666 0.26666666666666666 1 0.26666666666666666 0.26666666666666666 0.26666666666666666 1 0.26666666666666666 0.26666666666666666 0.26666666666666666 1 0.26666666666666666 0.26666666666666666 0.26666666666666666 1 0.4 0.4 0.4 1 0.4 0.4 0.4 1 0.4 0.4 0.4 1 0.4 0.4 0.4 1 0.4 0.4 0.4 1 0.4 0.4 0.4 1 0.4 0.4 0.4 1 0.4 0.4 0.4 1 0.4 0.4 0.4 1 0.4 0.4 0.4 1 0.4 0.4 0.4 1 0.4 0.4 0.4 1 0.4 0.4 0.4 1 0.4 0.4 0.4 1 0.4 0.4 0.4 1 0.4 0.4 0.4 1 0.4 0.4 0.4 1 0.4 0.4 0.4 1 0.4 0.4 0.4 1 0.4 0.4 0.4 1</float_array>
                    <technique_common>
                        <accessor count="36" source="#colorarrayMesh44_1" stride="4">
                            <param name="R" type="float"/>
                            <param name="G" type="float"/>
                            <param name="B" type="float"/>
                            <param name="A" type="float"/>
                        </accessor>
                    </technique_common>
                </source>
                <vertices id="verticesMesh44_1">
                    <input semantic="POSITION" source="#pointsMesh44_1"/>
                </vertices>
                <polylist count="18" material="Material1">
                    <input offset="0" semantic="VERTEX" source="#verticesMesh44_1"/>
                    <input offset="1" semantic="TEXCOORD" source="#uvsMesh44_1" set="0"/>
                    <input offset="2" semantic="COLOR" source="#colorsMesh44_1" set="0"/>
                    <vcount>3 3 3 3 3 3 3 3 3 3 3 3 3 3 3 3 3 3</vcount>
                    <p>0 0 0 1 1 1 2 2 2 3 3 3 4 4 4 5 5 5 3 3 3 5 5 5 6 6 6 7 7 7 8 8 8 9 9 9 7 7 7 9 9 9 10 10 10 11 11 11 12 12 12 13 13 13 11 11 11 13 13 13 14 14 14 0 0 0 2 2 2 15 15 15 16 16 16 17 17 17 18 18 18 19 19 19 20 20 20 21 21 21 19 19 19 22 22 22 20 20 20 23 23 23 24 24 24 25 25 25 26 26 26 24 24 24 23 23 23 27 27 27 28 28 28 29 29 29 27 27 27 29 29 29 30 30 30 31 31 31 32 32 32 33 33 33 16 16 16 18 18 18 34 34 34 31 31 31 35 35 35 32 32 32</p>
                </polylist>
            </mesh>
        </geometry>
        <geometry id="meshMesh44_2">
            <mesh>
                <source id="pointsMesh44_2">
                    <float_array id="pointarrayMesh44_2" count="108">1971 307 51 1971 307 -511 1971 282 -511 1894 230 51 1894 230 -511 1894 205 -511 1894 205 51 1920 256 51 1920 256 -511 1920 230 -511 1920 230 51 1946 282 51 1946 282 -511 1946 256 -511 1946 256 51 1971 282 51 1894 205 -511 1126 205 -511 1126 205 51 1920 230 51 1894 230 -511 1894 230 51 1920 230 -511 1920 256 51 1946 256 -511 1920 256 -511 1946 256 51 1971 282 51 1971 282 -511 1946 282 -511 1946 282 51 1126 205 -306 1075 205 -153 1126 205 -153 1894 205 51 1075 205 -306</float_array>
                    <technique_common>
                        <accessor count="36" source="#pointarrayMesh44_2" stride="3">
                            <param name="X" type="float"/>
                            <param name="Y" type="float"/>
                            <param name="Z" type="float"/>
                        </accessor>
                    </technique_common>
                </source>
                <source id="uvsMesh44_2">
                    <float_array id="uvarrayMesh44_2" count="72">2.712890625 1 0 1 0 0.931640625 2.712890625 0.5078125 0 0.5078125 0 0.408203125 2.712890625 0.408203125 2.712890625 0.681640625 0 0.681640625 0 0.58203125 2.712890625 0.58203125 2.712890625 0.857421875 0 0.857421875 0 0.755859375 2.712890625 0.755859375 2.712890625 0.931640625 1.091796875 1 -0.77734375 1 -0.77734375 -0.33984375 2.712890625 0.58203125 0 0.5078125 2.712890625 0.5078125 0 0.58203125 2.712890625 0.681640625 0 0.755859375 0 0.681640625 2.712890625 0.755859375 2.712890625 0.931640625 0 0.931640625 0 0.857421875 2.712890625 0.857421875 0 -1.4609375 0.716796875 -1.7109375 0.716796875 -1.4609375 1.091796875 -0.33984375 0 -1.7109375</float_array>
                    <technique_common>
                        <accessor count="36" source="#uvarrayMesh44_2" stride="2">
                            <param name="S" type="float"/>
                            <param name="T" type="float"/>
                        </accessor>
                    </technique_common>
                </source>
                <source id="colorsMesh44_2">
                    <float_array id="colorarrayMesh44_2" count="144">0.09803921568627451 0.09803921568627451 0.09803921568627451 1 0.09803921568627451 0.09803921568627451 0.09803921568627451 1 0.09803921568627451 0.09803921568627451 0.09803921568627451 1 0.09803921568627451 0.09803921568627451 0.09803921568627451 1 0.09803921568627451 0.09803921568627451 0.09803921568627451 1 0.09803921568627451 0.09803921568627451 0.09803921568627451 1 0.09803921568627451 0.09803921568627451 0.09803921568627451 1 0.09803921568627451 0.09803921568627451 0.09803921568627451 1 0.09803921568627451 0.09803921568627451 0.09803921568627451 1 0.09803921568627451 0.09803921568627451 0.09803921568627451 1 0.09803921568627451 0.09803921568627451 0.09803921568627451 1 0.09803921568627451 0.09803921568627451 0.09803921568627451 1 0.09803921568627451 0.09803921568627451 0.09803921568627451 1 0.09803921568627451 0.09803921568627451 0.09803921568627451 1 0.09803921568627451 0.09803921568627451 0.09803921568627451 1 0.09803921568627451 0.09803921568627451 0.09803921568627451 1 0.14901960784313725 0.14901960784313725 0.14901960784313725 1 0.14901960784313725 0.14901960784313725 0.14901960784313725 1 0.14901960784313725 0.14901960784313725 0.14901960784313725 1 0.14901960784313725 0.14901960784313725 0.14901960784313725 1 0.14901960784313725 0.14901960784313725 0.14901960784313725 1 0.14901960784313725 0.14901960784313725 0.14901960784313725 1 0.14901960784313725 0.14901960784313725 0.14901960784313725 1 0.14901960784313725 0.14901960784313725 0.14901960784313725 1 0.14901960784313725 0.14901960784313725 0.14901960784313725 1 0.14901960784313725 0.14901960784313725 0.14901960784313725 1 0.14901960784313725 0.14901960784313725 0.14901960784313725 1 0.14901960784313725 0.14901960784313725 0.14901960784313725 1 0.14901960784313725 0.14901960784313725 0.14901960784313725 1 0.14901960784313725 0.14901960784313725 0.14901960784313725 1 0.14901960784313725 0.14901960784313725 0.14901960784313725 1 0.14901960784313725 0.14901960784313725 0.14901960784313725 1 0.14901960784313725 0.14901960784313725 0.14901960784313725 1 0.14901960784313725 0.14901960784313725 0.14901960784313725 1 0.14901960784313725 0.14901960784313725 0.14901960784313725 1 0.14901960784313725 0.14901960784313725 0.14901960784313725 1</float_array>
                    <technique_common>
                        <accessor count="36" source="#colorarrayMesh44_2" stride="4">
                            <param name="R" type="float"/>
                            <param name="G" type="float"/>
                            <param name="B" type="float"/>
                            <param name="A" type="float"/>
                        </accessor>
                    </technique_common>
                </source>
                <vertices id="verticesMesh44_2">
                    <input semantic="POSITION" source="#pointsMesh44_2"/>
                </vertices>
                <polylist count="18" material="Material1">
                    <input offset="0" semantic="VERTEX" source="#verticesMesh44_2"/>
                    <input offset="1" semantic="TEXCOORD" source="#uvsMesh44_2" set="0"/>
                    <input offset="2" semantic="COLOR" source="#colorsMesh44_2" set="0"/>
                    <vcount>3 3 3 3 3 3 3 3 3 3 3 3 3 3 3 3 3 3</vcount>
                    <p>0 0 0 1 1 1 2 2 2 3 3 3 4 4 4 5 5 5 3 3 3 5 5 5 6 6 6 7 7 7 8 8 8 9 9 9 7 7 7 9 9 9 10 10 10 11 11 11 12 12 12 13 13 13 11 11 11 13 13 13 14 14 14 0 0 0 2 2 2 15 15 15 16 16 16 17 17 17 18 18 18 19 19 19 20 20 20 21 21 21 19 19 19 22 22 22 20 20 20 23 23 23 24 24 24 25 25 25 26 26 26 24 24 24 23 23 23 27 27 27 28 28 28 29 29 29 27 27 27 29 29 29 30 30 30 31 31 31 32 32 32 33 33 33 16 16 16 18 18 18 34 34 34 31 31 31 35 35 35 32 32 32</p>
                </polylist>
            </mesh>
        </geometry>
        <geometry id="meshMesh45_1">
            <mesh>
                <source id="pointsMesh45_1">
                    <float_array id="pointarrayMesh45_1" count="12">1126 1229 -460 1229 1229 -460 1229 1229 0 1126 1229 0</float_array>
                    <technique_common>
                        <accessor count="4" source="#pointarrayMesh45_1" stride="3">
                            <param name="X" type="float"/>
                            <param name="Y" type="float"/>
                            <param name="Z" type="float"/>
                        </accessor>
                    </technique_common>
                </source>
                <source id="uvsMesh45_1">
                    <float_array id="uvarrayMesh45_1" count="8">1.37890625 0.068359375 1.376953125 0.01171875 1.552734375 0 1.5546875 0.056640625</float_array>
                    <technique_common>
                        <accessor count="4" source="#uvarrayMesh45_1" stride="2">
                            <param name="S" type="float"/>
                            <param name="T" type="float"/>
                        </accessor>
                    </technique_common>
                </source>
                <source id="colorsMesh45_1">
                    <float_array id="colorarrayMesh45_1" count="16">0.3333333333333333 0.3333333333333333 0.3333333333333333 1 0.3333333333333333 0.3333333333333333 0.3333333333333333 1 0.3333333333333333 0.3333333333333333 0.3333333333333333 1 0.3333333333333333 0.3333333333333333 0.3333333333333333 1</float_array>
                    <technique_common>
                        <accessor count="4" source="#colorarrayMesh45_1" stride="4">
                            <param name="R" type="float"/>
                            <param name="G" type="float"/>
                            <param name="B" type="float"/>
                            <param name="A" type="float"/>
                        </accessor>
                    </technique_common>
                </source>
                <vertices id="verticesMesh45_1">
                    <input semantic="POSITION" source="#pointsMesh45_1"/>
                </vertices>
                <polylist count="2" material="Material1">
                    <input offset="0" semantic="VERTEX" source="#verticesMesh45_1"/>
                    <input offset="1" semantic="TEXCOORD" source="#uvsMesh45_1" set="0"/>
                    <input offset="2" semantic="COLOR" source="#colorsMesh45_1" set="0"/>
                    <vcount>3 3</vcount>
                    <p>0 0 0 1 1 1 2 2 2 0 0 0 2 2 2 3 3 3</p>
                </polylist>
            </mesh>
        </geometry>
        <geometry id="meshMesh45_2">
            <mesh>
                <source id="pointsMesh45_2">
                    <float_array id="pointarrayMesh45_2" count="12">1126 1229 -460 1229 1229 -460 1229 1229 0 1126 1229 0</float_array>
                    <technique_common>
                        <accessor count="4" source="#pointarrayMesh45_2" stride="3">
                            <param name="X" type="float"/>
                            <param name="Y" type="float"/>
                            <param name="Z" type="float"/>
                        </accessor>
                    </technique_common>
                </source>
                <source id="uvsMesh45_2">
                    <float_array id="uvarrayMesh45_2" count="8">1.37890625 0.068359375 1.376953125 0.01171875 1.552734375 0 1.5546875 0.056640625</float_array>
                    <technique_common>
                        <accessor count="4" source="#uvarrayMesh45_2" stride="2">
                            <param name="S" type="float"/>
                            <param name="T" type="float"/>
                        </accessor>
                    </technique_common>
                </source>
                <source id="colorsMesh45_2">
                    <float_array id="colorarrayMesh45_2" count="16">0.12156862745098039 0.12156862745098039 0.12156862745098039 1 0.12156862745098039 0.12156862745098039 0.12156862745098039 1 0.12156862745098039 0.12156862745098039 0.12156862745098039 1 0.12156862745098039 0.12156862745098039 0.12156862745098039 1</float_array>
                    <technique_common>
                        <accessor count="4" source="#colorarrayMesh45_2" stride="4">
                            <param name="R" type="float"/>
                            <param name="G" type="float"/>
                            <param name="B" type="float"/>
                            <param name="A" type="float"/>
                        </accessor>
                    </technique_common>
                </source>
                <vertices id="verticesMesh45_2">
                    <input semantic="POSITION" source="#pointsMesh45_2"/>
                </vertices>
                <polylist count="2" material="Material1">
                    <input offset="0" semantic="VERTEX" source="#verticesMesh45_2"/>
                    <input offset="1" semantic="TEXCOORD" source="#uvsMesh45_2" set="0"/>
                    <input offset="2" semantic="COLOR" source="#colorsMesh45_2" set="0"/>
                    <vcount>3 3</vcount>
                    <p>0 0 0 1 1 1 2 2 2 0 0 0 2 2 2 3 3 3</p>
                </polylist>
            </mesh>
        </geometry>
        <geometry id="meshMesh46_1">
            <mesh>
                <source id="pointsMesh46_1">
                    <float_array id="pointarrayMesh46_1" count="36">1229 307 -716 1229 307 -511 1971 307 -511 2253 307 -1740 4301 307 -716 4301 307 256 1971 307 51 3277 307 -1740 2253 307 1280 3277 307 1280 1229 307 256 1229 307 51</float_array>
                    <technique_common>
                        <accessor count="12" source="#pointarrayMesh46_1" stride="3">
                            <param name="X" type="float"/>
                            <param name="Y" type="float"/>
                            <param name="Z" type="float"/>
                        </accessor>
                    </technique_common>
                </source>
                <source id="uvsMesh46_1">
                    <float_array id="uvarrayMesh46_1" count="24">-3.5234375 1.53125 -3.5234375 1 -1.712890625 1 -1.02734375 4.025390625 3.9609375 1.53125 3.9609375 -0.837890625 -1.712890625 -0.33984375 1.466796875 4.025390625 -1.02734375 -3.333984375 1.46484375 -3.333984375 -3.5234375 -0.837890625 -3.5234375 -0.33984375</float_array>
                    <technique_common>
                        <accessor count="12" source="#uvarrayMesh46_1" stride="2">
                            <param name="S" type="float"/>
                            <param name="T" type="float"/>
                        </accessor>
                    </technique_common>
                </source>
                <source id="colorsMesh46_1">
                    <float_array id="colorarrayMesh46_1" count="48">0.4 0.4 0.4 1 0.4 0.4 0.4 1 0.4 0.4 0.4 1 0.4 0.4 0.4 1 0.4 0.4 0.4 1 0.4 0.4 0.4 1 0.4 0.4 0.4 1 0.4 0.4 0.4 1 0.4 0.4 0.4 1 0.4 0.4 0.4 1 0.4 0.4 0.4 1 0.4 0.4 0.4 1</float_array>
                    <technique_common>
                        <accessor count="12" source="#colorarrayMesh46_1" stride="4">
                            <param name="R" type="float"/>
                            <param name="G" type="float"/>
                            <param name="B" type="float"/>
                            <param name="A" type="float"/>
                        </accessor>
                    </technique_common>
                </source>
                <vertices id="verticesMesh46_1">
                    <input semantic="POSITION" source="#pointsMesh46_1"/>
                </vertices>
                <polylist count="10" material="Material1">
                    <input offset="0" semantic="VERTEX" source="#verticesMesh46_1"/>
                    <input offset="1" semantic="TEXCOORD" source="#uvsMesh46_1" set="0"/>
                    <input offset="2" semantic="COLOR" source="#colorsMesh46_1" set="0"/>
                    <vcount>3 3 3 3 3 3 3 3 3 3</vcount>
                    <p>0 0 0 1 1 1 2 2 2 3 3 3 0 0 0 2 2 2 4 4 4 3 3 3 2 2 2 5 5 5 4 4 4 2 2 2 5 5 5 2 2 2 6 6 6 4 4 4 7 7 7 3 3 3 8 8 8 9 9 9 5 5 5 8 8 8 5 5 5 6 6 6 10 10 10 8 8 8 6 6 6 11 11 11 10 10 10 6 6 6</p>
                </polylist>
            </mesh>
        </geometry>
        <geometry id="meshMesh46_2">
            <mesh>
                <source id="pointsMesh46_2">
                    <float_array id="pointarrayMesh46_2" count="36">1229 307 -716 1229 307 -511 1971 307 -511 2253 307 -1740 4301 307 -716 4301 307 256 1971 307 51 3277 307 -1740 2253 307 1280 3277 307 1280 1229 307 256 1229 307 51</float_array>
                    <technique_common>
                        <accessor count="12" source="#pointarrayMesh46_2" stride="3">
                            <param name="X" type="float"/>
                            <param name="Y" type="float"/>
                            <param name="Z" type="float"/>
                        </accessor>
                    </technique_common>
                </source>
                <source id="uvsMesh46_2">
                    <float_array id="uvarrayMesh46_2" count="24">-3.5234375 1.53125 -3.5234375 1 -1.712890625 1 -1.02734375 4.025390625 3.9609375 1.53125 3.9609375 -0.837890625 -1.712890625 -0.33984375 1.466796875 4.025390625 -1.02734375 -3.333984375 1.46484375 -3.333984375 -3.5234375 -0.837890625 -3.5234375 -0.33984375</float_array>
                    <technique_common>
                        <accessor count="12" source="#uvarrayMesh46_2" stride="2">
                            <param name="S" type="float"/>
                            <param name="T" type="float"/>
                        </accessor>
                    </technique_common>
                </source>
                <source id="colorsMesh46_2">
                    <float_array id="colorarrayMesh46_2" count="48">0.14901960784313725 0.14901960784313725 0.14901960784313725 1 0.14901960784313725 0.14901960784313725 0.14901960784313725 1 0.14901960784313725 0.14901960784313725 0.14901960784313725 1 0.14901960784313725 0.14901960784313725 0.14901960784313725 1 0.14901960784313725 0.14901960784313725 0.14901960784313725 1 0.14901960784313725 0.14901960784313725 0.14901960784313725 1 0.14901960784313725 0.14901960784313725 0.14901960784313725 1 0.14901960784313725 0.14901960784313725 0.14901960784313725 1 0.14901960784313725 0.14901960784313725 0.14901960784313725 1 0.14901960784313725 0.14901960784313725 0.14901960784313725 1 0.14901960784313725 0.14901960784313725 0.14901960784313725 1 0.14901960784313725 0.14901960784313725 0.14901960784313725 1</float_array>
                    <technique_common>
                        <accessor count="12" source="#colorarrayMesh46_2" stride="4">
                            <param name="R" type="float"/>
                            <param name="G" type="float"/>
                            <param name="B" type="float"/>
                            <param name="A" type="float"/>
                        </accessor>
                    </technique_common>
                </source>
                <vertices id="verticesMesh46_2">
                    <input semantic="POSITION" source="#pointsMesh46_2"/>
                </vertices>
                <polylist count="10" material="Material1">
                    <input offset="0" semantic="VERTEX" source="#verticesMesh46_2"/>
                    <input offset="1" semantic="TEXCOORD" source="#uvsMesh46_2" set="0"/>
                    <input offset="2" semantic="COLOR" source="#colorsMesh46_2" set="0"/>
                    <vcount>3 3 3 3 3 3 3 3 3 3</vcount>
                    <p>0 0 0 1 1 1 2 2 2 3 3 3 0 0 0 2 2 2 4 4 4 3 3 3 2 2 2 5 5 5 4 4 4 2 2 2 5 5 5 2 2 2 6 6 6 4 4 4 7 7 7 3 3 3 8 8 8 9 9 9 5 5 5 8 8 8 5 5 5 6 6 6 10 10 10 8 8 8 6 6 6 11 11 11 10 10 10 6 6 6</p>
                </polylist>
            </mesh>
        </geometry>
        <geometry id="meshMesh47_1">
            <mesh>
                <source id="pointsMesh47_1">
                    <float_array id="pointarrayMesh47_1" count="147">4301 1024 77 4301 410 77 4301 307 154 4301 1024 -537 4301 1229 154 4301 410 -537 4301 1229 -613 4301 307 -613 1229 307 -511 1229 307 -460 1229 205 -460 1229 205 -511 1229 205 0 1229 307 51 1229 205 51 1229 307 0 1178 307 -409 1178 205 -409 1126 307 -409 1126 205 -409 1126 205 -50 1126 307 -50 1178 307 -50 1178 205 -50 1126 461 -306 1126 205 -306 1126 1229 -409 1229 307 0 1229 205 0 1971 307 -511 1229 205 -511 1971 205 -511 1229 307 -511 1971 205 51 1229 205 51 1229 307 51 1971 307 51 1126 205 -409 1126 461 -153 1126 1229 -50 1126 205 -153 1126 461 -153 1075 461 -306 1126 461 -306 1075 461 -153 1075 205 -306 1126 205 -306 1126 205 -153 1075 205 -153</float_array>
                    <technique_common>
                        <accessor count="49" source="#pointarrayMesh47_1" stride="3">
                            <param name="X" type="float"/>
                            <param name="Y" type="float"/>
                            <param name="Z" type="float"/>
                        </accessor>
                    </technique_common>
                </source>
                <source id="uvsMesh47_1">
                    <float_array id="uvarrayMesh47_1" count="98">6.705078125 7.01953125 6.705078125 1 7.453125 0.033203125 0.716796875 7.01953125 7.453125 9.015625 0.716796875 1 0 9.015625 0 0.033203125 5.458984375 1 4.958984375 1 4.958984375 0.033203125 5.458984375 0.033203125 0.46875 0.033203125 0 1 0 0.033203125 0.46875 1 4.4609375 1 4.4609375 0.033203125 4.4609375 1 4.4609375 0.033203125 0.966796875 0.033203125 0.966796875 1 0.966796875 1 0.966796875 0.033203125 3.462890625 2.529296875 3.462890625 0.033203125 4.458984375 10.013671875 0.466796875 1 0.466796875 0.033203125 -6.267578125 1 0.966796875 0.033203125 -6.267578125 0.033203125 0.966796875 1 -6.267578125 0.033203125 0.966796875 0.033203125 0.966796875 1 -6.267578125 1 4.458984375 0.033203125 1.96484375 2.529296875 0.966796875 10.013671875 1.96484375 0.033203125 0 2.52734375 0.46875 2.52734375 0 2.52734375 0.46875 2.52734375 0.46875 0.033203125 0 0.033203125 0 0.033203125 0.46875 0.033203125</float_array>
                    <technique_common>
                        <accessor count="49" source="#uvarrayMesh47_1" stride="2">
                            <param name="S" type="float"/>
                            <param name="T" type="float"/>
                        </accessor>
                    </technique_common>
                </source>
                <source id="colorsMesh47_1">
                    <float_array id="colorarrayMesh47_1" count="196">0.4 0.4 0.4 1 0.4 0.4 0.4 1 0.4 0.4 0.4 1 0.4 0.4 0.4 1 0.4 0.4 0.4 1 0.4 0.4 0.4 1 0.4 0.4 0.4 1 0.4 0.4 0.4 1 0.4 0.4 0.4 1 0.4 0.4 0.4 1 0.4 0.4 0.4 1 0.4 0.4 0.4 1 0.4 0.4 0.4 1 0.4 0.4 0.4 1 0.4 0.4 0.4 1 0.4 0.4 0.4 1 0.4 0.4 0.4 1 0.4 0.4 0.4 1 0.4 0.4 0.4 1 0.4 0.4 0.4 1 0.4 0.4 0.4 1 0.4 0.4 0.4 1 0.4 0.4 0.4 1 0.4 0.4 0.4 1 0.4 0.4 0.4 1 0.4 0.4 0.4 1 0.4 0.4 0.4 1 0.4 0.4 0.4 1 0.4 0.4 0.4 1 0.4 0.4 0.4 1 0.4 0.4 0.4 1 0.4 0.4 0.4 1 0.4 0.4 0.4 1 0.4 0.4 0.4 1 0.4 0.4 0.4 1 0.4 0.4 0.4 1 0.4 0.4 0.4 1 0.4 0.4 0.4 1 0.4 0.4 0.4 1 0.4 0.4 0.4 1 0.4 0.4 0.4 1 0.4 0.4 0.4 1 0.4 0.4 0.4 1 0.4 0.4 0.4 1 0.4 0.4 0.4 1 0.4 0.4 0.4 1 0.4 0.4 0.4 1 0.4 0.4 0.4 1 0.4 0.4 0.4 1</float_array>
                    <technique_common>
                        <accessor count="49" source="#colorarrayMesh47_1" stride="4">
                            <param name="R" type="float"/>
                            <param name="G" type="float"/>
                            <param name="B" type="float"/>
                            <param name="A" type="float"/>
                        </accessor>
                    </technique_common>
                </source>
                <vertices id="verticesMesh47_1">
                    <input semantic="POSITION" source="#pointsMesh47_1"/>
                </vertices>
                <polylist count="36" material="Material1">
                    <input offset="0" semantic="VERTEX" source="#verticesMesh47_1"/>
                    <input offset="1" semantic="TEXCOORD" source="#uvsMesh47_1" set="0"/>
                    <input offset="2" semantic="COLOR" source="#colorsMesh47_1" set="0"/>
                    <vcount>3 3 3 3 3 3 3 3 3 3 3 3 3 3 3 3 3 3 3 3 3 3 3 3 3 3 3 3 3 3 3 3 3 3 3 3</vcount>
                    <p>0 0 0 1 1 1 2 2 2 3 3 3 0 0 0 4 4 4 0 0 0 2 2 2 4 4 4 2 2 2 1 1 1 5 5 5 3 3 3 4 4 4 6 6 6 7 7 7 5 5 5 3 3 3 7 7 7 3 3 3 6 6 6 2 2 2 5 5 5 7 7 7 8 8 8 9 9 9 10 10 10 8 8 8 10 10 10 11 11 11 12 12 12 13 13 13 14 14 14 12 12 12 15 15 15 13 13 13 10 10 10 16 16 16 17 17 17 10 10 10 9 9 9 16 16 16 17 17 17 16 16 16 18 18 18 17 17 17 18 18 18 19 19 19 20 20 20 21 21 21 22 22 22 20 20 20 22 22 22 23 23 23 24 24 24 25 25 25 26 26 26 23 23 23 27 27 27 28 28 28 23 23 23 22 22 22 27 27 27 29 29 29 30 30 30 31 31 31 29 29 29 32 32 32 30 30 30 33 33 33 34 34 34 35 35 35 33 33 33 35 35 35 36 36 36 25 25 25 37 37 37 26 26 26 26 26 26 20 20 20 38 38 38 26 26 26 38 38 38 24 24 24 26 26 26 39 39 39 20 20 20 20 20 20 40 40 40 38 38 38 41 41 41 42 42 42 43 43 43 41 41 41 44 44 44 42 42 42 43 43 43 45 45 45 46 46 46 47 47 47 44 44 44 41 41 41 43 43 43 42 42 42 45 45 45 47 47 47 48 48 48 44 44 44</p>
                </polylist>
            </mesh>
        </geometry>
        <geometry id="meshMesh47_2">
            <mesh>
                <source id="pointsMesh47_2">
                    <float_array id="pointarrayMesh47_2" count="147">4301 1024 77 4301 410 77 4301 307 154 4301 1024 -537 4301 1229 154 4301 410 -537 4301 1229 -613 4301 307 -613 1229 307 -511 1229 307 -460 1229 205 -460 1229 205 -511 1229 205 0 1229 307 51 1229 205 51 1229 307 0 1178 307 -409 1178 205 -409 1126 307 -409 1126 205 -409 1126 205 -50 1126 307 -50 1178 307 -50 1178 205 -50 1126 461 -306 1126 205 -306 1126 1229 -409 1229 307 0 1229 205 0 1971 307 -511 1229 205 -511 1971 205 -511 1229 307 -511 1971 205 51 1229 205 51 1229 307 51 1971 307 51 1126 205 -409 1126 461 -153 1126 1229 -50 1126 205 -153 1126 461 -153 1075 461 -306 1126 461 -306 1075 461 -153 1075 205 -306 1126 205 -306 1126 205 -153 1075 205 -153</float_array>
                    <technique_common>
                        <accessor count="49" source="#pointarrayMesh47_2" stride="3">
                            <param name="X" type="float"/>
                            <param name="Y" type="float"/>
                            <param name="Z" type="float"/>
                        </accessor>
                    </technique_common>
                </source>
                <source id="uvsMesh47_2">
                    <float_array id="uvarrayMesh47_2" count="98">6.705078125 7.01953125 6.705078125 1 7.453125 0.033203125 0.716796875 7.01953125 7.453125 9.015625 0.716796875 1 0 9.015625 0 0.033203125 5.458984375 1 4.958984375 1 4.958984375 0.033203125 5.458984375 0.033203125 0.46875 0.033203125 0 1 0 0.033203125 0.46875 1 4.4609375 1 4.4609375 0.033203125 4.4609375 1 4.4609375 0.033203125 0.966796875 0.033203125 0.966796875 1 0.966796875 1 0.966796875 0.033203125 3.462890625 2.529296875 3.462890625 0.033203125 4.458984375 10.013671875 0.466796875 1 0.466796875 0.033203125 -6.267578125 1 0.966796875 0.033203125 -6.267578125 0.033203125 0.966796875 1 -6.267578125 0.033203125 0.966796875 0.033203125 0.966796875 1 -6.267578125 1 4.458984375 0.033203125 1.96484375 2.529296875 0.966796875 10.013671875 1.96484375 0.033203125 0 2.52734375 0.46875 2.52734375 0 2.52734375 0.46875 2.52734375 0.46875 0.033203125 0 0.033203125 0 0.033203125 0.46875 0.033203125</float_array>
                    <technique_common>
                        <accessor count="49" source="#uvarrayMesh47_2" stride="2">
                            <param name="S" type="float"/>
                            <param name="T" type="float"/>
                        </accessor>
                    </technique_common>
                </source>
                <source id="colorsMesh47_2">
                    <float_array id="colorarrayMesh47_2" count="196">0.14901960784313725 0.14901960784313725 0.14901960784313725 1 0.14901960784313725 0.14901960784313725 0.14901960784313725 1 0.14901960784313725 0.14901960784313725 0.14901960784313725 1 0.14901960784313725 0.14901960784313725 0.14901960784313725 1 0.14901960784313725 0.14901960784313725 0.14901960784313725 1 0.14901960784313725 0.14901960784313725 0.14901960784313725 1 0.14901960784313725 0.14901960784313725 0.14901960784313725 1 0.14901960784313725 0.14901960784313725 0.14901960784313725 1 0.14901960784313725 0.14901960784313725 0.14901960784313725 1 0.14901960784313725 0.14901960784313725 0.14901960784313725 1 0.14901960784313725 0.14901960784313725 0.14901960784313725 1 0.14901960784313725 0.14901960784313725 0.14901960784313725 1 0.14901960784313725 0.14901960784313725 0.14901960784313725 1 0.14901960784313725 0.14901960784313725 0.14901960784313725 1 0.14901960784313725 0.14901960784313725 0.14901960784313725 1 0.14901960784313725 0.14901960784313725 0.14901960784313725 1 0.14901960784313725 0.14901960784313725 0.14901960784313725 1 0.14901960784313725 0.14901960784313725 0.14901960784313725 1 0.14901960784313725 0.14901960784313725 0.14901960784313725 1 0.14901960784313725 0.14901960784313725 0.14901960784313725 1 0.14901960784313725 0.14901960784313725 0.14901960784313725 1 0.14901960784313725 0.14901960784313725 0.14901960784313725 1 0.14901960784313725 0.14901960784313725 0.14901960784313725 1 0.14901960784313725 0.14901960784313725 0.14901960784313725 1 0.14901960784313725 0.14901960784313725 0.14901960784313725 1 0.14901960784313725 0.14901960784313725 0.14901960784313725 1 0.14901960784313725 0.14901960784313725 0.14901960784313725 1 0.14901960784313725 0.14901960784313725 0.14901960784313725 1 0.14901960784313725 0.14901960784313725 0.14901960784313725 1 0.14901960784313725 0.14901960784313725 0.14901960784313725 1 0.14901960784313725 0.14901960784313725 0.14901960784313725 1 0.14901960784313725 0.14901960784313725 0.14901960784313725 1 0.14901960784313725 0.14901960784313725 0.14901960784313725 1 0.14901960784313725 0.14901960784313725 0.14901960784313725 1 0.14901960784313725 0.14901960784313725 0.14901960784313725 1 0.14901960784313725 0.14901960784313725 0.14901960784313725 1 0.14901960784313725 0.14901960784313725 0.14901960784313725 1 0.14901960784313725 0.14901960784313725 0.14901960784313725 1 0.14901960784313725 0.14901960784313725 0.14901960784313725 1 0.14901960784313725 0.14901960784313725 0.14901960784313725 1 0.14901960784313725 0.14901960784313725 0.14901960784313725 1 0.14901960784313725 0.14901960784313725 0.14901960784313725 1 0.14901960784313725 0.14901960784313725 0.14901960784313725 1 0.14901960784313725 0.14901960784313725 0.14901960784313725 1 0.14901960784313725 0.14901960784313725 0.14901960784313725 1 0.14901960784313725 0.14901960784313725 0.14901960784313725 1 0.14901960784313725 0.14901960784313725 0.14901960784313725 1 0.14901960784313725 0.14901960784313725 0.14901960784313725 1 0.14901960784313725 0.14901960784313725 0.14901960784313725 1</float_array>
                    <technique_common>
                        <accessor count="49" source="#colorarrayMesh47_2" stride="4">
                            <param name="R" type="float"/>
                            <param name="G" type="float"/>
                            <param name="B" type="float"/>
                            <param name="A" type="float"/>
                        </accessor>
                    </technique_common>
                </source>
                <vertices id="verticesMesh47_2">
                    <input semantic="POSITION" source="#pointsMesh47_2"/>
                </vertices>
                <polylist count="36" material="Material1">
                    <input offset="0" semantic="VERTEX" source="#verticesMesh47_2"/>
                    <input offset="1" semantic="TEXCOORD" source="#uvsMesh47_2" set="0"/>
                    <input offset="2" semantic="COLOR" source="#colorsMesh47_2" set="0"/>
                    <vcount>3 3 3 3 3 3 3 3 3 3 3 3 3 3 3 3 3 3 3 3 3 3 3 3 3 3 3 3 3 3 3 3 3 3 3 3</vcount>
                    <p>0 0 0 1 1 1 2 2 2 3 3 3 0 0 0 4 4 4 0 0 0 2 2 2 4 4 4 2 2 2 1 1 1 5 5 5 3 3 3 4 4 4 6 6 6 7 7 7 5 5 5 3 3 3 7 7 7 3 3 3 6 6 6 2 2 2 5 5 5 7 7 7 8 8 8 9 9 9 10 10 10 8 8 8 10 10 10 11 11 11 12 12 12 13 13 13 14 14 14 12 12 12 15 15 15 13 13 13 10 10 10 16 16 16 17 17 17 10 10 10 9 9 9 16 16 16 17 17 17 16 16 16 18 18 18 17 17 17 18 18 18 19 19 19 20 20 20 21 21 21 22 22 22 20 20 20 22 22 22 23 23 23 24 24 24 25 25 25 26 26 26 23 23 23 27 27 27 28 28 28 23 23 23 22 22 22 27 27 27 29 29 29 30 30 30 31 31 31 29 29 29 32 32 32 30 30 30 33 33 33 34 34 34 35 35 35 33 33 33 35 35 35 36 36 36 25 25 25 37 37 37 26 26 26 26 26 26 20 20 20 38 38 38 26 26 26 38 38 38 24 24 24 26 26 26 39 39 39 20 20 20 20 20 20 40 40 40 38 38 38 41 41 41 42 42 42 43 43 43 41 41 41 44 44 44 42 42 42 43 43 43 45 45 45 46 46 46 47 47 47 44 44 44 41 41 41 43 43 43 42 42 42 45 45 45 47 47 47 48 48 48 44 44 44</p>
                </polylist>
            </mesh>
        </geometry>
        <geometry id="meshMesh48_1">
            <mesh>
                <source id="pointsMesh48_1">
                    <float_array id="pointarrayMesh48_1" count="249">4250 1229 154 4198 1229 205 4198 1229 358 4301 1229 256 4301 1229 154 4301 1229 -716 4198 1229 -665 4250 1229 -613 4198 1229 -818 4301 1229 -613 1229 307 -716 1229 1229 -716 1229 1229 -460 1229 307 -460 1178 1229 -409 1178 307 -409 1126 1229 -409 1126 307 -409 1126 307 -50 1126 1229 -50 1178 1229 -50 1178 307 -50 1229 1229 0 1229 307 0 1229 1229 256 1229 307 256 2036 1024 -1523 1229 1229 -716 1229 307 -716 2253 1229 -1740 2036 819 -1523 2180 1024 -1667 2180 819 -1667 2253 307 -1740 2036 819 1063 1229 307 256 1229 1229 256 2253 307 1280 2180 819 1208 2036 1024 1063 2253 1229 1280 2180 1024 1208 2355 358 1280 3174 358 1280 3277 307 1280 2355 768 1280 3277 1229 1280 3385 768 1171 3385 358 1171 3174 768 1280 4198 307 358 4109 358 447 3385 358 -1631 3277 307 -1740 4198 307 -818 3385 768 -1631 3277 1229 -1740 3174 768 -1740 3174 358 -1740 2355 358 -1740 2355 768 -1740 4198 1229 -818 4109 768 -907 4109 358 -907 4109 768 447 4198 1229 358 3385 768 1171 4250 307 154 4250 1229 154 4301 1229 154 4198 307 -665 4198 1229 -818 4198 307 -818 4198 1229 -665 4250 307 -613 4250 1229 -613 4198 1229 358 4198 307 205 4198 307 358 4198 1229 205 4301 307 -613 4301 307 154 4301 1229 -613</float_array>
                    <technique_common>
                        <accessor count="83" source="#pointarrayMesh48_1" stride="3">
                            <param name="X" type="float"/>
                            <param name="Y" type="float"/>
                            <param name="Z" type="float"/>
                        </accessor>
                    </technique_common>
                </source>
                <source id="uvsMesh48_1">
                    <float_array id="uvarrayMesh48_1" count="166">0.18359375 1 0.134765625 1 0 1 0.083984375 1 0.18359375 1 0.083984375 1 0.134765625 1 0.18359375 1 0 1 0.18359375 1 0.982421875 0.033203125 0.982421875 1 0.732421875 1 0.732421875 0.033203125 0.68359375 1 0.68359375 0.033203125 0.68359375 1 0.68359375 0.033203125 0.68359375 0.033203125 0.68359375 1 0.68359375 1 0.68359375 0.033203125 0.732421875 1 0.732421875 0.033203125 0.982421875 1 0.982421875 0.033203125 0.52734375 0.80859375 0 1 0 0.033203125 0.671875 1 0.52734375 0.587890625 0.623046875 0.80859375 0.623046875 0.587890625 0.671875 0.033203125 0.52734375 0.587890625 0 0.033203125 0 1 0.671875 0.033203125 0.623046875 0.587890625 0.52734375 0.80859375 0.671875 1 0.623046875 0.80859375 0.7421875 0.087890625 1.29296875 0.087890625 1.361328125 0.033203125 0.7421875 0.533203125 1.361328125 1 1.43359375 0.53125 1.43359375 0.087890625 1.29296875 0.533203125 1.98046875 0.033203125 1.919921875 0.087890625 1.43359375 0.087890625 1.361328125 0.033203125 1.98046875 0.033203125 1.43359375 0.53125 1.361328125 1 1.29296875 0.53125 1.29296875 0.087890625 0.7421875 0.087890625 0.7421875 0.53125 1.98046875 1 1.919921875 0.53125 1.919921875 0.087890625 1.919921875 0.533203125 1.98046875 1 1.43359375 0.533203125 0.18359375 0.033203125 0.18359375 1 0.18359375 1 0.134765625 0.033203125 0 1 0 0.033203125 0.134765625 1 0.18359375 0.033203125 0.18359375 1 0 1 0.134765625 0.033203125 0 0.033203125 0.134765625 1 0.18359375 0.033203125 0.18359375 0.033203125 0.18359375 1</float_array>
                    <technique_common>
                        <accessor count="83" source="#uvarrayMesh48_1" stride="2">
                            <param name="S" type="float"/>
                            <param name="T" type="float"/>
                        </accessor>
                    </technique_common>
                </source>
                <source id="colorsMesh48_1">
                    <float_array id="colorarrayMesh48_1" count="332">0.3333333333333333 0.3333333333333333 0.3333333333333333 1 0.3333333333333333 0.3333333333333333 0.3333333333333333 1 0.3333333333333333 0.3333333333333333 0.3333333333333333 1 0.3333333333333333 0.3333333333333333 0.3333333333333333 1 0.3333333333333333 0.3333333333333333 0.3333333333333333 1 0.3333333333333333 0.3333333333333333 0.3333333333333333 1 0.3333333333333333 0.3333333333333333 0.3333333333333333 1 0.3333333333333333 0.3333333333333333 0.3333333333333333 1 0.3333333333333333 0.3333333333333333 0.3333333333333333 1 0.3333333333333333 0.3333333333333333 0.3333333333333333 1 0.4 0.4 0.4 1 0.4 0.4 0.4 1 0.4 0.4 0.4 1 0.4 0.4 0.4 1 0.4 0.4 0.4 1 0.4 0.4 0.4 1 0.4 0.4 0.4 1 0.4 0.4 0.4 1 0.4 0.4 0.4 1 0.4 0.4 0.4 1 0.4 0.4 0.4 1 0.4 0.4 0.4 1 0.4 0.4 0.4 1 0.4 0.4 0.4 1 0.4 0.4 0.4 1 0.4 0.4 0.4 1 0.4 0.4 0.4 1 0.4 0.4 0.4 1 0.4 0.4 0.4 1 0.4 0.4 0.4 1 0.4 0.4 0.4 1 0.4 0.4 0.4 1 0.4 0.4 0.4 1 0.4 0.4 0.4 1 0.4 0.4 0.4 1 0.4 0.4 0.4 1 0.4 0.4 0.4 1 0.4 0.4 0.4 1 0.4 0.4 0.4 1 0.4 0.4 0.4 1 0.4 0.4 0.4 1 0.4 0.4 0.4 1 0.4 0.4 0.4 1 0.4 0.4 0.4 1 0.4 0.4 0.4 1 0.4 0.4 0.4 1 0.4 0.4 0.4 1 0.4 0.4 0.4 1 0.4 0.4 0.4 1 0.4 0.4 0.4 1 0.4 0.4 0.4 1 0.4 0.4 0.4 1 0.4 0.4 0.4 1 0.4 0.4 0.4 1 0.4 0.4 0.4 1 0.4 0.4 0.4 1 0.4 0.4 0.4 1 0.4 0.4 0.4 1 0.4 0.4 0.4 1 0.4 0.4 0.4 1 0.4 0.4 0.4 1 0.4 0.4 0.4 1 0.4 0.4 0.4 1 0.4 0.4 0.4 1 0.4 0.4 0.4 1 0.4 0.4 0.4 1 0.4 0.4 0.4 1 0.4 0.4 0.4 1 0.4 0.4 0.4 1 0.4 0.4 0.4 1 0.4 0.4 0.4 1 0.4 0.4 0.4 1 0.4 0.4 0.4 1 0.4 0.4 0.4 1 0.4 0.4 0.4 1 0.4 0.4 0.4 1 0.4 0.4 0.4 1 0.4 0.4 0.4 1 0.4 0.4 0.4 1 0.4 0.4 0.4 1 0.4 0.4 0.4 1 0.4 0.4 0.4 1 0.4 0.4 0.4 1</float_array>
                    <technique_common>
                        <accessor count="83" source="#colorarrayMesh48_1" stride="4">
                            <param name="R" type="float"/>
                            <param name="G" type="float"/>
                            <param name="B" type="float"/>
                            <param name="A" type="float"/>
                        </accessor>
                    </technique_common>
                </source>
                <vertices id="verticesMesh48_1">
                    <input semantic="POSITION" source="#pointsMesh48_1"/>
                </vertices>
                <polylist count="78" material="Material1">
                    <input offset="0" semantic="VERTEX" source="#verticesMesh48_1"/>
                    <input offset="1" semantic="TEXCOORD" source="#uvsMesh48_1" set="0"/>
                    <input offset="2" semantic="COLOR" source="#colorsMesh48_1" set="0"/>
                    <vcount>3 3 3 3 3 3 3 3 3 3 3 3 3 3 3 3 3 3 3 3 3 3 3 3 3 3 3 3 3 3 3 3 3 3 3 3 3 3 3 3 3 3 3 3 3 3 3 3 3 3 3 3 3 3 3 3 3 3 3 3 3 3 3 3 3 3 3 3 3 3 3 3 3 3 3 3 3 3</vcount>
                    <p>0 0 0 1 1 1 2 2 2 0 0 0 3 3 3 4 4 4 0 0 0 2 2 2 3 3 3 5 5 5 6 6 6 7 7 7 5 5 5 8 8 8 6 6 6 5 5 5 7 7 7 9 9 9 10 10 10 11 11 11 12 12 12 10 10 10 12 12 12 13 13 13 13 13 13 12 12 12 14 14 14 13 13 13 14 14 14 15 15 15 15 15 15 14 14 14 16 16 16 15 15 15 16 16 16 17 17 17 18 18 18 19 19 19 20 20 20 18 18 18 20 20 20 21 21 21 21 21 21 20 20 20 22 22 22 21 21 21 22 22 22 23 23 23 23 23 23 22 22 22 24 24 24 23 23 23 24 24 24 25 25 25 26 26 26 27 27 27 28 28 28 27 27 27 26 26 26 29 29 29 26 26 26 28 28 28 30 30 30 26 26 26 31 31 31 29 29 29 31 31 31 32 32 32 29 29 29 32 32 32 33 33 33 29 29 29 32 32 32 30 30 30 33 33 33 30 30 30 28 28 28 33 33 33 34 34 34 35 35 35 36 36 36 37 37 37 35 35 35 34 34 34 37 37 37 34 34 34 38 38 38 34 34 34 36 36 36 39 39 39 40 40 40 39 39 39 36 36 36 40 40 40 37 37 37 38 38 38 40 40 40 41 41 41 39 39 39 37 37 37 42 42 42 43 43 43 37 37 37 43 43 43 44 44 44 40 40 40 38 38 38 41 41 41 42 42 42 37 37 37 40 40 40 45 45 45 40 40 40 46 46 46 45 45 45 42 42 42 40 40 40 46 46 46 47 47 47 48 48 48 46 46 46 48 48 48 44 44 44 46 46 46 44 44 44 43 43 43 46 46 46 49 49 49 45 45 45 46 46 46 43 43 43 49 49 49 50 50 50 48 48 48 51 51 51 52 52 52 53 53 53 54 54 54 53 53 53 55 55 55 56 56 56 53 53 53 52 52 52 55 55 55 57 57 57 53 53 53 56 56 56 57 57 57 58 58 58 53 53 53 53 53 53 59 59 59 33 33 33 53 53 53 58 58 58 59 59 59 29 29 29 59 59 59 60 60 60 29 29 29 33 33 33 59 59 59 57 57 57 56 56 56 29 29 29 29 29 29 60 60 60 57 57 57 61 61 61 56 56 56 55 55 55 61 61 61 62 62 62 63 63 63 50 50 50 51 51 51 64 64 64 64 64 64 65 65 65 50 50 50 50 50 50 44 44 44 48 48 48 64 64 64 66 66 66 46 46 46 64 64 64 46 46 46 65 65 65 63 63 63 52 52 52 54 54 54 61 61 61 55 55 55 62 62 62 63 63 63 54 54 54 61 61 61 67 67 67 68 68 68 69 69 69 70 70 70 71 71 71 72 72 72 70 70 70 73 73 73 71 71 71 74 74 74 73 73 73 70 70 70 74 74 74 75 75 75 73 73 73 76 76 76 77 77 77 78 78 78 76 76 76 79 79 79 77 77 77 77 77 77 79 79 79 68 68 68 77 77 77 68 68 68 67 67 67 80 80 80 75 75 75 74 74 74 67 67 67 69 69 69 81 81 81 80 80 80 82 82 82 75 75 75</p>
                </polylist>
            </mesh>
        </geometry>
        <geometry id="meshMesh48_2">
            <mesh>
                <source id="pointsMesh48_2">
                    <float_array id="pointarrayMesh48_2" count="249">4250 1229 154 4198 1229 205 4198 1229 358 4301 1229 256 4301 1229 154 4301 1229 -716 4198 1229 -665 4250 1229 -613 4198 1229 -818 4301 1229 -613 1229 307 -716 1229 1229 -716 1229 1229 -460 1229 307 -460 1178 1229 -409 1178 307 -409 1126 1229 -409 1126 307 -409 1126 307 -50 1126 1229 -50 1178 1229 -50 1178 307 -50 1229 1229 0 1229 307 0 1229 1229 256 1229 307 256 2036 1024 -1523 1229 1229 -716 1229 307 -716 2253 1229 -1740 2036 819 -1523 2180 1024 -1667 2180 819 -1667 2253 307 -1740 2036 819 1063 1229 307 256 1229 1229 256 2253 307 1280 2180 819 1208 2036 1024 1063 2253 1229 1280 2180 1024 1208 2355 358 1280 3174 358 1280 3277 307 1280 2355 768 1280 3277 1229 1280 3385 768 1171 3385 358 1171 3174 768 1280 4198 307 358 4109 358 447 3385 358 -1631 3277 307 -1740 4198 307 -818 3385 768 -1631 3277 1229 -1740 3174 768 -1740 3174 358 -1740 2355 358 -1740 2355 768 -1740 4198 1229 -818 4109 768 -907 4109 358 -907 4109 768 447 4198 1229 358 3385 768 1171 4250 307 154 4250 1229 154 4301 1229 154 4198 307 -665 4198 1229 -818 4198 307 -818 4198 1229 -665 4250 307 -613 4250 1229 -613 4198 1229 358 4198 307 205 4198 307 358 4198 1229 205 4301 307 -613 4301 307 154 4301 1229 -613</float_array>
                    <technique_common>
                        <accessor count="83" source="#pointarrayMesh48_2" stride="3">
                            <param name="X" type="float"/>
                            <param name="Y" type="float"/>
                            <param name="Z" type="float"/>
                        </accessor>
                    </technique_common>
                </source>
                <source id="uvsMesh48_2">
                    <float_array id="uvarrayMesh48_2" count="166">0.18359375 1 0.134765625 1 0 1 0.083984375 1 0.18359375 1 0.083984375 1 0.134765625 1 0.18359375 1 0 1 0.18359375 1 0.982421875 0.033203125 0.982421875 1 0.732421875 1 0.732421875 0.033203125 0.68359375 1 0.68359375 0.033203125 0.68359375 1 0.68359375 0.033203125 0.68359375 0.033203125 0.68359375 1 0.68359375 1 0.68359375 0.033203125 0.732421875 1 0.732421875 0.033203125 0.982421875 1 0.982421875 0.033203125 0.52734375 0.80859375 0 1 0 0.033203125 0.671875 1 0.52734375 0.587890625 0.623046875 0.80859375 0.623046875 0.587890625 0.671875 0.033203125 0.52734375 0.587890625 0 0.033203125 0 1 0.671875 0.033203125 0.623046875 0.587890625 0.52734375 0.80859375 0.671875 1 0.623046875 0.80859375 0.7421875 0.087890625 1.29296875 0.087890625 1.361328125 0.033203125 0.7421875 0.533203125 1.361328125 1 1.43359375 0.53125 1.43359375 0.087890625 1.29296875 0.533203125 1.98046875 0.033203125 1.919921875 0.087890625 1.43359375 0.087890625 1.361328125 0.033203125 1.98046875 0.033203125 1.43359375 0.53125 1.361328125 1 1.29296875 0.53125 1.29296875 0.087890625 0.7421875 0.087890625 0.7421875 0.53125 1.98046875 1 1.919921875 0.53125 1.919921875 0.087890625 1.919921875 0.533203125 1.98046875 1 1.43359375 0.533203125 0.18359375 0.033203125 0.18359375 1 0.18359375 1 0.134765625 0.033203125 0 1 0 0.033203125 0.134765625 1 0.18359375 0.033203125 0.18359375 1 0 1 0.134765625 0.033203125 0 0.033203125 0.134765625 1 0.18359375 0.033203125 0.18359375 0.033203125 0.18359375 1</float_array>
                    <technique_common>
                        <accessor count="83" source="#uvarrayMesh48_2" stride="2">
                            <param name="S" type="float"/>
                            <param name="T" type="float"/>
                        </accessor>
                    </technique_common>
                </source>
                <source id="colorsMesh48_2">
                    <float_array id="colorarrayMesh48_2" count="332">0.12156862745098039 0.12156862745098039 0.12156862745098039 1 0.12156862745098039 0.12156862745098039 0.12156862745098039 1 0.12156862745098039 0.12156862745098039 0.12156862745098039 1 0.12156862745098039 0.12156862745098039 0.12156862745098039 1 0.12156862745098039 0.12156862745098039 0.12156862745098039 1 0.12156862745098039 0.12156862745098039 0.12156862745098039 1 0.12156862745098039 0.12156862745098039 0.12156862745098039 1 0.12156862745098039 0.12156862745098039 0.12156862745098039 1 0.12156862745098039 0.12156862745098039 0.12156862745098039 1 0.12156862745098039 0.12156862745098039 0.12156862745098039 1 0.14901960784313725 0.14901960784313725 0.14901960784313725 1 0.14901960784313725 0.14901960784313725 0.14901960784313725 1 0.14901960784313725 0.14901960784313725 0.14901960784313725 1 0.14901960784313725 0.14901960784313725 0.14901960784313725 1 0.14901960784313725 0.14901960784313725 0.14901960784313725 1 0.14901960784313725 0.14901960784313725 0.14901960784313725 1 0.14901960784313725 0.14901960784313725 0.14901960784313725 1 0.14901960784313725 0.14901960784313725 0.14901960784313725 1 0.14901960784313725 0.14901960784313725 0.14901960784313725 1 0.14901960784313725 0.14901960784313725 0.14901960784313725 1 0.14901960784313725 0.14901960784313725 0.14901960784313725 1 0.14901960784313725 0.14901960784313725 0.14901960784313725 1 0.14901960784313725 0.14901960784313725 0.14901960784313725 1 0.14901960784313725 0.14901960784313725 0.14901960784313725 1 0.14901960784313725 0.14901960784313725 0.14901960784313725 1 0.14901960784313725 0.14901960784313725 0.14901960784313725 1 0.14901960784313725 0.14901960784313725 0.14901960784313725 1 0.14901960784313725 0.14901960784313725 0.14901960784313725 1 0.14901960784313725 0.14901960784313725 0.14901960784313725 1 0.14901960784313725 0.14901960784313725 0.14901960784313725 1 0.14901960784313725 0.14901960784313725 0.14901960784313725 1 0.14901960784313725 0.14901960784313725 0.14901960784313725 1 0.14901960784313725 0.14901960784313725 0.14901960784313725 1 0.14901960784313725 0.14901960784313725 0.14901960784313725 1 0.14901960784313725 0.14901960784313725 0.14901960784313725 1 0.14901960784313725 0.14901960784313725 0.14901960784313725 1 0.14901960784313725 0.14901960784313725 0.14901960784313725 1 0.14901960784313725 0.14901960784313725 0.14901960784313725 1 0.14901960784313725 0.14901960784313725 0.14901960784313725 1 0.14901960784313725 0.14901960784313725 0.14901960784313725 1 0.14901960784313725 0.14901960784313725 0.14901960784313725 1 0.14901960784313725 0.14901960784313725 0.14901960784313725 1 0.14901960784313725 0.14901960784313725 0.14901960784313725 1 0.14901960784313725 0.14901960784313725 0.14901960784313725 1 0.14901960784313725 0.14901960784313725 0.14901960784313725 1 0.14901960784313725 0.14901960784313725 0.14901960784313725 1 0.14901960784313725 0.14901960784313725 0.14901960784313725 1 0.14901960784313725 0.14901960784313725 0.14901960784313725 1 0.14901960784313725 0.14901960784313725 0.14901960784313725 1 0.14901960784313725 0.14901960784313725 0.14901960784313725 1 0.14901960784313725 0.14901960784313725 0.14901960784313725 1 0.14901960784313725 0.14901960784313725 0.14901960784313725 1 0.14901960784313725 0.14901960784313725 0.14901960784313725 1 0.14901960784313725 0.14901960784313725 0.14901960784313725 1 0.14901960784313725 0.14901960784313725 0.14901960784313725 1 0.14901960784313725 0.14901960784313725 0.14901960784313725 1 0.14901960784313725 0.14901960784313725 0.14901960784313725 1 0.14901960784313725 0.14901960784313725 0.14901960784313725 1 0.14901960784313725 0.14901960784313725 0.14901960784313725 1 0.14901960784313725 0.14901960784313725 0.14901960784313725 1 0.14901960784313725 0.14901960784313725 0.14901960784313725 1 0.14901960784313725 0.14901960784313725 0.14901960784313725 1 0.14901960784313725 0.14901960784313725 0.14901960784313725 1 0.14901960784313725 0.14901960784313725 0.14901960784313725 1 0.14901960784313725 0.14901960784313725 0.14901960784313725 1 0.14901960784313725 0.14901960784313725 0.14901960784313725 1 0.14901960784313725 0.14901960784313725 0.14901960784313725 1 0.14901960784313725 0.14901960784313725 0.14901960784313725 1 0.14901960784313725 0.14901960784313725 0.14901960784313725 1 0.14901960784313725 0.14901960784313725 0.14901960784313725 1 0.14901960784313725 0.14901960784313725 0.14901960784313725 1 0.14901960784313725 0.14901960784313725 0.14901960784313725 1 0.14901960784313725 0.14901960784313725 0.14901960784313725 1 0.14901960784313725 0.14901960784313725 0.14901960784313725 1 0.14901960784313725 0.14901960784313725 0.14901960784313725 1 0.14901960784313725 0.14901960784313725 0.14901960784313725 1 0.14901960784313725 0.14901960784313725 0.14901960784313725 1 0.14901960784313725 0.14901960784313725 0.14901960784313725 1 0.14901960784313725 0.14901960784313725 0.14901960784313725 1 0.14901960784313725 0.14901960784313725 0.14901960784313725 1 0.14901960784313725 0.14901960784313725 0.14901960784313725 1 0.14901960784313725 0.14901960784313725 0.14901960784313725 1 0.14901960784313725 0.14901960784313725 0.14901960784313725 1</float_array>
                    <technique_common>
                        <accessor count="83" source="#colorarrayMesh48_2" stride="4">
                            <param name="R" type="float"/>
                            <param name="G" type="float"/>
                            <param name="B" type="float"/>
                            <param name="A" type="float"/>
                        </accessor>
                    </technique_common>
                </source>
                <vertices id="verticesMesh48_2">
                    <input semantic="POSITION" source="#pointsMesh48_2"/>
                </vertices>
                <polylist count="78" material="Material1">
                    <input offset="0" semantic="VERTEX" source="#verticesMesh48_2"/>
                    <input offset="1" semantic="TEXCOORD" source="#uvsMesh48_2" set="0"/>
                    <input offset="2" semantic="COLOR" source="#colorsMesh48_2" set="0"/>
                    <vcount>3 3 3 3 3 3 3 3 3 3 3 3 3 3 3 3 3 3 3 3 3 3 3 3 3 3 3 3 3 3 3 3 3 3 3 3 3 3 3 3 3 3 3 3 3 3 3 3 3 3 3 3 3 3 3 3 3 3 3 3 3 3 3 3 3 3 3 3 3 3 3 3 3 3 3 3 3 3</vcount>
                    <p>0 0 0 1 1 1 2 2 2 0 0 0 3 3 3 4 4 4 0 0 0 2 2 2 3 3 3 5 5 5 6 6 6 7 7 7 5 5 5 8 8 8 6 6 6 5 5 5 7 7 7 9 9 9 10 10 10 11 11 11 12 12 12 10 10 10 12 12 12 13 13 13 13 13 13 12 12 12 14 14 14 13 13 13 14 14 14 15 15 15 15 15 15 14 14 14 16 16 16 15 15 15 16 16 16 17 17 17 18 18 18 19 19 19 20 20 20 18 18 18 20 20 20 21 21 21 21 21 21 20 20 20 22 22 22 21 21 21 22 22 22 23 23 23 23 23 23 22 22 22 24 24 24 23 23 23 24 24 24 25 25 25 26 26 26 27 27 27 28 28 28 27 27 27 26 26 26 29 29 29 26 26 26 28 28 28 30 30 30 26 26 26 31 31 31 29 29 29 31 31 31 32 32 32 29 29 29 32 32 32 33 33 33 29 29 29 32 32 32 30 30 30 33 33 33 30 30 30 28 28 28 33 33 33 34 34 34 35 35 35 36 36 36 37 37 37 35 35 35 34 34 34 37 37 37 34 34 34 38 38 38 34 34 34 36 36 36 39 39 39 40 40 40 39 39 39 36 36 36 40 40 40 37 37 37 38 38 38 40 40 40 41 41 41 39 39 39 37 37 37 42 42 42 43 43 43 37 37 37 43 43 43 44 44 44 40 40 40 38 38 38 41 41 41 42 42 42 37 37 37 40 40 40 45 45 45 40 40 40 46 46 46 45 45 45 42 42 42 40 40 40 46 46 46 47 47 47 48 48 48 46 46 46 48 48 48 44 44 44 46 46 46 44 44 44 43 43 43 46 46 46 49 49 49 45 45 45 46 46 46 43 43 43 49 49 49 50 50 50 48 48 48 51 51 51 52 52 52 53 53 53 54 54 54 53 53 53 55 55 55 56 56 56 53 53 53 52 52 52 55 55 55 57 57 57 53 53 53 56 56 56 57 57 57 58 58 58 53 53 53 53 53 53 59 59 59 33 33 33 53 53 53 58 58 58 59 59 59 29 29 29 59 59 59 60 60 60 29 29 29 33 33 33 59 59 59 57 57 57 56 56 56 29 29 29 29 29 29 60 60 60 57 57 57 61 61 61 56 56 56 55 55 55 61 61 61 62 62 62 63 63 63 50 50 50 51 51 51 64 64 64 64 64 64 65 65 65 50 50 50 50 50 50 44 44 44 48 48 48 64 64 64 66 66 66 46 46 46 64 64 64 46 46 46 65 65 65 63 63 63 52 52 52 54 54 54 61 61 61 55 55 55 62 62 62 63 63 63 54 54 54 61 61 61 67 67 67 68 68 68 69 69 69 70 70 70 71 71 71 72 72 72 70 70 70 73 73 73 71 71 71 74 74 74 73 73 73 70 70 70 74 74 74 75 75 75 73 73 73 76 76 76 77 77 77 78 78 78 76 76 76 79 79 79 77 77 77 77 77 77 79 79 79 68 68 68 77 77 77 68 68 68 67 67 67 80 80 80 75 75 75 74 74 74 67 67 67 69 69 69 81 81 81 80 80 80 82 82 82 75 75 75</p>
                </polylist>
            </mesh>
        </geometry>
        <geometry id="meshMesh49_1">
            <mesh>
                <source id="pointsMesh49_1">
                    <float_array id="pointarrayMesh49_1" count="48">2180 1024 1208 1891 1024 1208 2036 1024 1063 1891 819 -1667 2036 819 -1812 2036 1024 -1812 1891 1024 -1667 2180 819 -1667 2036 819 -1523 2180 1024 -1667 2036 1024 -1523 1891 819 1208 2036 819 1063 2180 819 1208 2036 1024 1352 2036 819 1352</float_array>
                    <technique_common>
                        <accessor count="16" source="#pointarrayMesh49_1" stride="3">
                            <param name="X" type="float"/>
                            <param name="Y" type="float"/>
                            <param name="Z" type="float"/>
                        </accessor>
                    </technique_common>
                </source>
                <source id="uvsMesh49_1">
                    <float_array id="uvarrayMesh49_1" count="32">0 1 0 1 0 1 0 1 0 1 0 1 0 1 0 1 0 1 0 1 0 1 0 1 0 1 0 1 0 1 0 1</float_array>
                    <technique_common>
                        <accessor count="16" source="#uvarrayMesh49_1" stride="2">
                            <param name="S" type="float"/>
                            <param name="T" type="float"/>
                        </accessor>
                    </technique_common>
                </source>
                <source id="colorsMesh49_1">
                    <float_array id="colorarrayMesh49_1" count="64">0 0 0 1 0 0 0 1 0 0 0 1 0 0 0 1 0 0 0 1 0 0 0 1 0 0 0 1 0 0 0 1 0 0 0 1 0 0 0 1 0 0 0 1 0 0 0 1 0 0 0 1 0 0 0 1 0 0 0 1 0 0 0 1</float_array>
                    <technique_common>
                        <accessor count="16" source="#colorarrayMesh49_1" stride="4">
                            <param name="R" type="float"/>
                            <param name="G" type="float"/>
                            <param name="B" type="float"/>
                            <param name="A" type="float"/>
                        </accessor>
                    </technique_common>
                </source>
                <vertices id="verticesMesh49_1">
                    <input semantic="POSITION" source="#pointsMesh49_1"/>
                </vertices>
                <polylist count="20" material="Material1">
                    <input offset="0" semantic="VERTEX" source="#verticesMesh49_1"/>
                    <input offset="1" semantic="TEXCOORD" source="#uvsMesh49_1" set="0"/>
                    <input offset="2" semantic="COLOR" source="#colorsMesh49_1" set="0"/>
                    <vcount>3 3 3 3 3 3 3 3 3 3 3 3 3 3 3 3 3 3 3 3</vcount>
                    <p>0 0 0 1 1 1 2 2 2 3 3 3 4 4 4 5 5 5 3 3 3 5 5 5 6 6 6 7 7 7 4 4 4 3 3 3 7 7 7 3 3 3 8 8 8 8 8 8 3 3 3 6 6 6 9 9 9 5 5 5 4 4 4 9 9 9 4 4 4 7 7 7 10 10 10 6 6 6 5 5 5 10 10 10 5 5 5 9 9 9 8 8 8 6 6 6 10 10 10 2 2 2 11 11 11 12 12 12 2 2 2 1 1 1 11 11 11 13 13 13 14 14 14 0 0 0 1 1 1 15 15 15 11 11 11 1 1 1 14 14 14 15 15 15 0 0 0 14 14 14 1 1 1 12 12 12 11 11 11 15 15 15 12 12 12 15 15 15 13 13 13 13 13 13 15 15 15 14 14 14</p>
                </polylist>
            </mesh>
        </geometry>
        <geometry id="meshMesh50_1">
            <mesh>
                <source id="pointsMesh50_1">
                    <float_array id="pointarrayMesh50_1" count="339">4109 768 447 4182 358 520 4182 768 520 4109 358 447 3385 358 1171 3458 358 1244 4182 358 520 4182 768 520 3458 768 1244 3385 768 1171 4109 768 447 3458 768 1244 3458 358 1244 3385 358 1171 3385 768 1171 4109 768 -907 3458 768 -1704 4182 768 -980 4109 358 447 4182 768 -980 4182 358 -980 4109 358 -907 4109 768 -907 3385 768 -1631 3385 358 -1631 3458 358 -1704 3458 768 -1704 3385 768 -1631 3174 768 1280 2355 768 1382 2355 768 1280 4182 358 -980 3458 358 -1704 3385 358 -1631 4109 358 -907 3174 768 -1842 3174 768 -1740 2355 768 -1740 2355 768 -1842 3174 358 -1740 3174 358 -1842 2355 358 -1842 2355 358 -1740 3174 358 -1842 3174 768 -1740 3174 768 -1842 3174 768 1382 3174 358 1382 2355 358 1280 2355 358 1382 3174 358 1280 2355 768 -1842 2355 768 -1740 3174 358 -1740 2355 358 1382 2355 358 1280 2355 768 1280 2355 768 1382 3174 358 1280 3174 358 1382 3174 768 1280 4403 307 -767 3573 307 -2457 3319 307 -1842 4836 307 -1203 2253 307 -2457 2253 307 -1842 4836 1024 -1203 4836 307 -1203 4403 307 -767 2253 1024 -1842 2253 1024 -2457 3573 1024 -2457 3319 1024 -1842 4836 1024 -1203 4403 1024 -767 2253 1024 -2457 3573 307 -2457 3573 1024 -2457 4836 307 -1203 4836 1024 -1203 2253 307 -2457 4836 1024 743 4836 307 743 3573 307 1997 4403 1024 -767 2253 1024 -1842 2253 307 -1842 2253 307 -2457 2253 1024 -2457 3573 1024 1997 2253 307 1997 2253 1024 1997 3319 1024 1382 3573 1024 1997 2253 1024 1997 2253 1024 1997 2253 307 1997 2253 307 1382 2253 1024 1382 4403 1024 307 4403 307 307 4836 307 743 4836 1024 743 4403 1024 307 4836 1024 743 2253 307 1382 2253 307 1997 3573 307 1997 2253 1024 1382 3319 307 1382 4836 307 743 4403 307 307</float_array>
                    <technique_common>
                        <accessor count="113" source="#pointarrayMesh50_1" stride="3">
                            <param name="X" type="float"/>
                            <param name="Y" type="float"/>
                            <param name="Z" type="float"/>
                        </accessor>
                    </technique_common>
                </source>
                <source id="uvsMesh50_1">
                    <float_array id="uvarrayMesh50_1" count="226">-3.0234375 0.53125 0.966796875 1 -3.0234375 1 0 0.533203125 9.94921875 0.53125 9.94921875 1 0 1 0 1 9.94921875 1 9.94921875 0.53125 0 0.53125 -3.0234375 1 0.966796875 1 0.966796875 0.53125 -3.0234375 0.53125 5.95703125 0.533203125 -4.021484375 1 5.95703125 1 0.966796875 0.53125 -3.0234375 1 0.966796875 1 0.966796875 0.53125 -3.0234375 0.53125 -3.0234375 0.53125 0.966796875 0.53125 0.966796875 1 -3.0234375 1 -4.021484375 0.53125 0 0.533203125 7.953125 1 7.953125 0.53125 5.95703125 1 -4.021484375 1 -4.021484375 0.53125 5.95703125 0.533203125 7.953125 1 7.953125 0.533203125 0 0.53125 0 1 7.953125 0.533203125 7.953125 1 0 1 0 0.53125 0 1 3.9609375 0.533203125 3.9609375 1 0 1 0 1 7.953125 0.53125 7.953125 1 0 0.533203125 3.9609375 1 3.9609375 0.533203125 0 0.53125 3.9609375 1 3.9609375 0.53125 0 0.53125 0 1 3.9609375 0.53125 3.9609375 1 0 0.53125 -8.013671875 -0.33984375 -3.966796875 -4.455078125 -2.73046875 -2.958984375 -10.123046875 -1.40234375 2.462890625 -4.455078125 2.462890625 -2.958984375 9.4609375 3.52734375 9.4609375 0.033203125 7.333984375 0.033203125 2.462890625 -2.958984375 2.462890625 -4.455078125 -3.966796875 -4.455078125 -2.73046875 -2.958984375 -10.123046875 -1.40234375 -8.013671875 -0.33984375 -6.515625 3.52734375 -0.083984375 0.033203125 -0.083984375 3.52734375 6.0703125 0.033203125 6.0703125 3.52734375 -6.515625 0.033203125 6.0703125 3.52734375 6.0703125 0.033203125 -0.083984375 0.033203125 7.333984375 3.525390625 12.57421875 3.52734375 12.57421875 0.033203125 15.568359375 0.033203125 15.568359375 3.52734375 -0.083984375 3.52734375 -6.515625 0.033203125 -6.515625 3.52734375 -4.228515625 -0.46484375 -5.46484375 1 0.966796875 1 -6.13671875 3.525390625 -6.13671875 0.033203125 -3.142578125 0.033203125 -3.142578125 3.525390625 2.09375 3.525390625 2.09375 0.033203125 0 0.033203125 0 3.525390625 -9.51171875 -3.083984375 -11.619140625 -2.021484375 0.966796875 -0.462890625 0.966796875 1 -5.46484375 1 0.966796875 -0.462890625 -4.228515625 -0.46484375 -11.619140625 -2.021484375 -9.51171875 -3.083984375</float_array>
                    <technique_common>
                        <accessor count="113" source="#uvarrayMesh50_1" stride="2">
                            <param name="S" type="float"/>
                            <param name="T" type="float"/>
                        </accessor>
                    </technique_common>
                </source>
                <vertices id="verticesMesh50_1">
                    <input semantic="POSITION" source="#pointsMesh50_1"/>
                </vertices>
                <polylist count="64" material="Material1">
                    <input offset="0" semantic="VERTEX" source="#verticesMesh50_1"/>
                    <input offset="1" semantic="TEXCOORD" source="#uvsMesh50_1" set="0"/>
                    <vcount>3 3 3 3 3 3 3 3 3 3 3 3 3 3 3 3 3 3 3 3 3 3 3 3 3 3 3 3 3 3 3 3 3 3 3 3 3 3 3 3 3 3 3 3 3 3 3 3 3 3 3 3 3 3 3 3 3 3 3 3 3 3 3 3</vcount>
                    <p>0 0 1 1 2 2 3 3 4 4 5 5 3 3 5 5 6 6 7 7 8 8 9 9 7 7 9 9 10 10 11 11 12 12 13 13 11 11 13 13 14 14 15 15 16 16 17 17 0 0 18 18 1 1 19 19 20 20 21 21 19 19 21 21 22 22 23 23 24 24 25 25 23 23 25 25 26 26 15 15 27 27 16 16 28 28 29 29 30 30 31 31 32 32 33 33 31 31 33 33 34 34 35 35 36 36 37 37 35 35 37 37 38 38 39 39 40 40 41 41 39 39 41 41 42 42 43 43 44 44 45 45 28 28 46 46 29 29 47 47 48 48 49 49 47 47 50 50 48 48 42 42 51 51 52 52 42 42 41 41 51 51 43 43 53 53 44 44 54 54 55 55 56 56 54 54 56 56 57 57 58 58 59 59 46 46 58 58 46 46 60 60 61 61 62 62 63 63 61 61 64 64 62 62 63 63 62 62 65 65 63 63 65 65 66 66 67 67 68 68 69 69 70 70 71 71 72 72 70 70 72 72 73 73 73 73 72 72 74 74 73 73 74 74 75 75 76 76 77 77 78 78 78 78 77 77 79 79 78 78 79 79 80 80 76 76 81 81 77 77 82 82 83 83 84 84 67 67 69 69 85 85 86 86 87 87 88 88 86 86 88 88 89 89 90 90 84 84 91 91 90 90 91 91 92 92 82 82 84 84 90 90 93 93 94 94 95 95 96 96 97 97 98 98 96 96 98 98 99 99 100 100 101 101 102 102 100 100 102 102 103 103 104 104 105 105 94 94 104 104 94 94 93 93 106 106 107 107 108 108 93 93 95 95 109 109 110 110 108 108 111 111 110 110 111 111 112 112 106 106 108 108 110 110</p>
                </polylist>
            </mesh>
        </geometry>
        <geometry id="meshMesh50_2">
            <mesh>
                <source id="pointsMesh50_2">
                    <float_array id="pointarrayMesh50_2" count="339">4109 768 447 4182 358 520 4182 768 520 4109 358 447 3385 358 1171 3458 358 1244 4182 358 520 4182 768 520 3458 768 1244 3385 768 1171 4109 768 447 3458 768 1244 3458 358 1244 3385 358 1171 3385 768 1171 4109 768 -907 3458 768 -1704 4182 768 -980 4109 358 447 4182 768 -980 4182 358 -980 4109 358 -907 4109 768 -907 3385 768 -1631 3385 358 -1631 3458 358 -1704 3458 768 -1704 3385 768 -1631 3174 768 1280 2355 768 1382 2355 768 1280 4182 358 -980 3458 358 -1704 3385 358 -1631 4109 358 -907 3174 768 -1842 3174 768 -1740 2355 768 -1740 2355 768 -1842 3174 358 -1740 3174 358 -1842 2355 358 -1842 2355 358 -1740 3174 358 -1842 3174 768 -1740 3174 768 -1842 3174 768 1382 3174 358 1382 2355 358 1280 2355 358 1382 3174 358 1280 2355 768 -1842 2355 768 -1740 3174 358 -1740 2355 358 1382 2355 358 1280 2355 768 1280 2355 768 1382 3174 358 1280 3174 358 1382 3174 768 1280 4403 307 -767 3573 307 -2457 3319 307 -1842 4836 307 -1203 2253 307 -2457 2253 307 -1842 4836 1024 -1203 4836 307 -1203 4403 307 -767 2253 1024 -1842 2253 1024 -2457 3573 1024 -2457 3319 1024 -1842 4836 1024 -1203 4403 1024 -767 2253 1024 -2457 3573 307 -2457 3573 1024 -2457 4836 307 -1203 4836 1024 -1203 2253 307 -2457 4836 1024 743 4836 307 743 3573 307 1997 4403 1024 -767 2253 1024 -1842 2253 307 -1842 2253 307 -2457 2253 1024 -2457 3573 1024 1997 2253 307 1997 2253 1024 1997 3319 1024 1382 3573 1024 1997 2253 1024 1997 2253 1024 1997 2253 307 1997 2253 307 1382 2253 1024 1382 4403 1024 307 4403 307 307 4836 307 743 4836 1024 743 4403 1024 307 4836 1024 743 2253 307 1382 2253 307 1997 3573 307 1997 2253 1024 1382 3319 307 1382 4836 307 743 4403 307 307</float_array>
                    <technique_common>
                        <accessor count="113" source="#pointarrayMesh50_2" stride="3">
                            <param name="X" type="float"/>
                            <param name="Y" type="float"/>
                            <param name="Z" type="float"/>
                        </accessor>
                    </technique_common>
                </source>
                <source id="uvsMesh50_2">
                    <float_array id="uvarrayMesh50_2" count="226">-3.0234375 0.53125 0.966796875 1 -3.0234375 1 0 0.533203125 9.94921875 0.53125 9.94921875 1 0 1 0 1 9.94921875 1 9.94921875 0.53125 0 0.53125 -3.0234375 1 0.966796875 1 0.966796875 0.53125 -3.0234375 0.53125 5.95703125 0.533203125 -4.021484375 1 5.95703125 1 0.966796875 0.53125 -3.0234375 1 0.966796875 1 0.966796875 0.53125 -3.0234375 0.53125 -3.0234375 0.53125 0.966796875 0.53125 0.966796875 1 -3.0234375 1 -4.021484375 0.53125 0 0.533203125 7.953125 1 7.953125 0.53125 5.95703125 1 -4.021484375 1 -4.021484375 0.53125 5.95703125 0.533203125 7.953125 1 7.953125 0.533203125 0 0.53125 0 1 7.953125 0.533203125 7.953125 1 0 1 0 0.53125 0 1 3.9609375 0.533203125 3.9609375 1 0 1 0 1 7.953125 0.53125 7.953125 1 0 0.533203125 3.9609375 1 3.9609375 0.533203125 0 0.53125 3.9609375 1 3.9609375 0.53125 0 0.53125 0 1 3.9609375 0.53125 3.9609375 1 0 0.53125 -8.013671875 -0.33984375 -3.966796875 -4.455078125 -2.73046875 -2.958984375 -10.123046875 -1.40234375 2.462890625 -4.455078125 2.462890625 -2.958984375 9.4609375 3.52734375 9.4609375 0.033203125 7.333984375 0.033203125 2.462890625 -2.958984375 2.462890625 -4.455078125 -3.966796875 -4.455078125 -2.73046875 -2.958984375 -10.123046875 -1.40234375 -8.013671875 -0.33984375 -6.515625 3.52734375 -0.083984375 0.033203125 -0.083984375 3.52734375 6.0703125 0.033203125 6.0703125 3.52734375 -6.515625 0.033203125 6.0703125 3.52734375 6.0703125 0.033203125 -0.083984375 0.033203125 7.333984375 3.525390625 12.57421875 3.52734375 12.57421875 0.033203125 15.568359375 0.033203125 15.568359375 3.52734375 -0.083984375 3.52734375 -6.515625 0.033203125 -6.515625 3.52734375 -4.228515625 -0.46484375 -5.46484375 1 0.966796875 1 -6.13671875 3.525390625 -6.13671875 0.033203125 -3.142578125 0.033203125 -3.142578125 3.525390625 2.09375 3.525390625 2.09375 0.033203125 0 0.033203125 0 3.525390625 -9.51171875 -3.083984375 -11.619140625 -2.021484375 0.966796875 -0.462890625 0.966796875 1 -5.46484375 1 0.966796875 -0.462890625 -4.228515625 -0.46484375 -11.619140625 -2.021484375 -9.51171875 -3.083984375</float_array>
                    <technique_common>
                        <accessor count="113" source="#uvarrayMesh50_2" stride="2">
                            <param name="S" type="float"/>
                            <param name="T" type="float"/>
                        </accessor>
                    </technique_common>
                </source>
                <source id="colorsMesh50_2">
                    <float_array id="colorarrayMesh50_2" count="452">0.8 0.8 0.8 1 0.8 0.8 0.8 1 0.8 0.8 0.8 1 0.8 0.8 0.8 1 0.8 0.8 0.8 1 0.8 0.8 0.8 1 0.8 0.8 0.8 1 0.8 0.8 0.8 1 0.8 0.8 0.8 1 0.8 0.8 0.8 1 0.8 0.8 0.8 1 0.8 0.8 0.8 1 0.8 0.8 0.8 1 0.8 0.8 0.8 1 0.8 0.8 0.8 1 0.8 0.8 0.8 1 0.8 0.8 0.8 1 0.8 0.8 0.8 1 0.8 0.8 0.8 1 0.8 0.8 0.8 1 0.8 0.8 0.8 1 0.8 0.8 0.8 1 0.8 0.8 0.8 1 0.8 0.8 0.8 1 0.8 0.8 0.8 1 0.8 0.8 0.8 1 0.8 0.8 0.8 1 0.8 0.8 0.8 1 0.8 0.8 0.8 1 0.8 0.8 0.8 1 0.8 0.8 0.8 1 0.8 0.8 0.8 1 0.8 0.8 0.8 1 0.8 0.8 0.8 1 0.8 0.8 0.8 1 0.8 0.8 0.8 1 0.8 0.8 0.8 1 0.8 0.8 0.8 1 0.8 0.8 0.8 1 0.8 0.8 0.8 1 0.8 0.8 0.8 1 0.8 0.8 0.8 1 0.8 0.8 0.8 1 0.8 0.8 0.8 1 0.8 0.8 0.8 1 0.8 0.8 0.8 1 0.8 0.8 0.8 1 0.8 0.8 0.8 1 0.8 0.8 0.8 1 0.8 0.8 0.8 1 0.8 0.8 0.8 1 0.8 0.8 0.8 1 0.8 0.8 0.8 1 0.8 0.8 0.8 1 0.8 0.8 0.8 1 0.8 0.8 0.8 1 0.8 0.8 0.8 1 0.8 0.8 0.8 1 0.8 0.8 0.8 1 0.8 0.8 0.8 1 0.8 0.8 0.8 1 0.8 0.8 0.8 1 0.8 0.8 0.8 1 0.8 0.8 0.8 1 0.8 0.8 0.8 1 0.8 0.8 0.8 1 0.8 0.8 0.8 1 0.8 0.8 0.8 1 0.8 0.8 0.8 1 0.8 0.8 0.8 1 0.8 0.8 0.8 1 0.8 0.8 0.8 1 0.8 0.8 0.8 1 0.8 0.8 0.8 1 0.8 0.8 0.8 1 0.8 0.8 0.8 1 0.8 0.8 0.8 1 0.8 0.8 0.8 1 0.8 0.8 0.8 1 0.8 0.8 0.8 1 0.8 0.8 0.8 1 0.8 0.8 0.8 1 0.8 0.8 0.8 1 0.8 0.8 0.8 1 0.8 0.8 0.8 1 0.8 0.8 0.8 1 0.8 0.8 0.8 1 0.8 0.8 0.8 1 0.8 0.8 0.8 1 0.8 0.8 0.8 1 0.8 0.8 0.8 1 0.8 0.8 0.8 1 0.8 0.8 0.8 1 0.8 0.8 0.8 1 0.8 0.8 0.8 1 0.8 0.8 0.8 1 0.8 0.8 0.8 1 0.8 0.8 0.8 1 0.8 0.8 0.8 1 0.8 0.8 0.8 1 0.8 0.8 0.8 1 0.8 0.8 0.8 1 0.8 0.8 0.8 1 0.8 0.8 0.8 1 0.8 0.8 0.8 1 0.8 0.8 0.8 1 0.8 0.8 0.8 1 0.8 0.8 0.8 1 0.8 0.8 0.8 1 0.8 0.8 0.8 1 0.8 0.8 0.8 1 0.8 0.8 0.8 1 0.8 0.8 0.8 1</float_array>
                    <technique_common>
                        <accessor count="113" source="#colorarrayMesh50_2" stride="4">
                            <param name="R" type="float"/>
                            <param name="G" type="float"/>
                            <param name="B" type="float"/>
                            <param name="A" type="float"/>
                        </accessor>
                    </technique_common>
                </source>
                <vertices id="verticesMesh50_2">
                    <input semantic="POSITION" source="#pointsMesh50_2"/>
                </vertices>
                <polylist count="64" material="Material1">
                    <input offset="0" semantic="VERTEX" source="#verticesMesh50_2"/>
                    <input offset="1" semantic="TEXCOORD" source="#uvsMesh50_2" set="0"/>
                    <input offset="2" semantic="COLOR" source="#colorsMesh50_2" set="0"/>
                    <vcount>3 3 3 3 3 3 3 3 3 3 3 3 3 3 3 3 3 3 3 3 3 3 3 3 3 3 3 3 3 3 3 3 3 3 3 3 3 3 3 3 3 3 3 3 3 3 3 3 3 3 3 3 3 3 3 3 3 3 3 3 3 3 3 3</vcount>
                    <p>0 0 0 1 1 1 2 2 2 3 3 3 4 4 4 5 5 5 3 3 3 5 5 5 6 6 6 7 7 7 8 8 8 9 9 9 7 7 7 9 9 9 10 10 10 11 11 11 12 12 12 13 13 13 11 11 11 13 13 13 14 14 14 15 15 15 16 16 16 17 17 17 0 0 0 18 18 18 1 1 1 19 19 19 20 20 20 21 21 21 19 19 19 21 21 21 22 22 22 23 23 23 24 24 24 25 25 25 23 23 23 25 25 25 26 26 26 15 15 15 27 27 27 16 16 16 28 28 28 29 29 29 30 30 30 31 31 31 32 32 32 33 33 33 31 31 31 33 33 33 34 34 34 35 35 35 36 36 36 37 37 37 35 35 35 37 37 37 38 38 38 39 39 39 40 40 40 41 41 41 39 39 39 41 41 41 42 42 42 43 43 43 44 44 44 45 45 45 28 28 28 46 46 46 29 29 29 47 47 47 48 48 48 49 49 49 47 47 47 50 50 50 48 48 48 42 42 42 51 51 51 52 52 52 42 42 42 41 41 41 51 51 51 43 43 43 53 53 53 44 44 44 54 54 54 55 55 55 56 56 56 54 54 54 56 56 56 57 57 57 58 58 58 59 59 59 46 46 46 58 58 58 46 46 46 60 60 60 61 61 61 62 62 62 63 63 63 61 61 61 64 64 64 62 62 62 63 63 63 62 62 62 65 65 65 63 63 63 65 65 65 66 66 66 67 67 67 68 68 68 69 69 69 70 70 70 71 71 71 72 72 72 70 70 70 72 72 72 73 73 73 73 73 73 72 72 72 74 74 74 73 73 73 74 74 74 75 75 75 76 76 76 77 77 77 78 78 78 78 78 78 77 77 77 79 79 79 78 78 78 79 79 79 80 80 80 76 76 76 81 81 81 77 77 77 82 82 82 83 83 83 84 84 84 67 67 67 69 69 69 85 85 85 86 86 86 87 87 87 88 88 88 86 86 86 88 88 88 89 89 89 90 90 90 84 84 84 91 91 91 90 90 90 91 91 91 92 92 92 82 82 82 84 84 84 90 90 90 93 93 93 94 94 94 95 95 95 96 96 96 97 97 97 98 98 98 96 96 96 98 98 98 99 99 99 100 100 100 101 101 101 102 102 102 100 100 100 102 102 102 103 103 103 104 104 104 105 105 105 94 94 94 104 104 104 94 94 94 93 93 93 106 106 106 107 107 107 108 108 108 93 93 93 95 95 95 109 109 109 110 110 110 108 108 108 111 111 111 110 110 110 111 111 111 112 112 112 106 106 106 108 108 108 110 110 110</p>
                </polylist>
            </mesh>
        </geometry>
        <geometry id="meshMesh51_1">
            <mesh>
                <source id="pointsMesh51_1">
                    <float_array id="pointarrayMesh51_1" count="48">4301 1229 -716 3789 1638 -504 3065 1638 -1228 1229 1229 256 1741 1638 44 2465 1638 768 1229 1229 -716 1741 1638 -504 3789 1638 44 3065 1638 768 2465 1638 -1228 2253 1229 -1740 3277 1229 -1740 2253 1229 1280 4301 1229 256 3277 1229 1280</float_array>
                    <technique_common>
                        <accessor count="16" source="#pointarrayMesh51_1" stride="3">
                            <param name="X" type="float"/>
                            <param name="Y" type="float"/>
                            <param name="Z" type="float"/>
                        </accessor>
                    </technique_common>
                </source>
                <source id="uvsMesh51_1">
                    <float_array id="uvarrayMesh51_1" count="32">1.17578125 -1.73828125 1.2734375 -1.451171875 1.021484375 -1.021484375 1.6484375 -0.005859375 1.55078125 -0.29296875 1.802734375 -0.72265625 1.279296875 0.017578125 1.341796875 -0.28125 1.482421875 -1.462890625 1.783203125 -1.064453125 1.04296875 -0.677734375 0.853515625 -0.544921875 0.8203125 -1.130859375 2.005859375 -0.61328125 1.546875 -1.759765625 1.970703125 -1.197265625</float_array>
                    <technique_common>
                        <accessor count="16" source="#uvarrayMesh51_1" stride="2">
                            <param name="S" type="float"/>
                            <param name="T" type="float"/>
                        </accessor>
                    </technique_common>
                </source>
                <vertices id="verticesMesh51_1">
                    <input semantic="POSITION" source="#pointsMesh51_1"/>
                </vertices>
                <polylist count="22" material="Material1">
                    <input offset="0" semantic="VERTEX" source="#verticesMesh51_1"/>
                    <input offset="1" semantic="TEXCOORD" source="#uvsMesh51_1" set="0"/>
                    <vcount>3 3 3 3 3 3 3 3 3 3 3 3 3 3 3 3 3 3 3 3 3 3</vcount>
                    <p>0 0 1 1 2 2 3 3 4 4 5 5 6 6 4 4 3 3 6 6 7 7 4 4 4 4 8 8 9 9 4 4 1 1 8 8 4 4 2 2 1 1 4 4 10 10 2 2 4 4 7 7 10 10 4 4 9 9 5 5 11 11 7 7 6 6 11 11 10 10 7 7 12 12 10 10 11 11 12 12 2 2 10 10 0 0 2 2 12 12 3 3 5 5 13 13 14 14 1 1 0 0 14 14 8 8 1 1 9 9 8 8 14 14 13 13 5 5 9 9 15 15 9 9 14 14 13 13 9 9 15 15</p>
                </polylist>
            </mesh>
        </geometry>
        <geometry id="meshMesh51_2">
            <mesh>
                <source id="pointsMesh51_2">
                    <float_array id="pointarrayMesh51_2" count="48">4301 1229 -716 3789 1638 -504 3065 1638 -1228 1229 1229 256 1741 1638 44 2465 1638 768 1229 1229 -716 1741 1638 -504 3789 1638 44 3065 1638 768 2465 1638 -1228 2253 1229 -1740 3277 1229 -1740 2253 1229 1280 4301 1229 256 3277 1229 1280</float_array>
                    <technique_common>
                        <accessor count="16" source="#pointarrayMesh51_2" stride="3">
                            <param name="X" type="float"/>
                            <param name="Y" type="float"/>
                            <param name="Z" type="float"/>
                        </accessor>
                    </technique_common>
                </source>
                <source id="uvsMesh51_2">
                    <float_array id="uvarrayMesh51_2" count="32">1.17578125 -1.73828125 1.2734375 -1.451171875 1.021484375 -1.021484375 1.6484375 -0.005859375 1.55078125 -0.29296875 1.802734375 -0.72265625 1.279296875 0.017578125 1.341796875 -0.28125 1.482421875 -1.462890625 1.783203125 -1.064453125 1.04296875 -0.677734375 0.853515625 -0.544921875 0.8203125 -1.130859375 2.005859375 -0.61328125 1.546875 -1.759765625 1.970703125 -1.197265625</float_array>
                    <technique_common>
                        <accessor count="16" source="#uvarrayMesh51_2" stride="2">
                            <param name="S" type="float"/>
                            <param name="T" type="float"/>
                        </accessor>
                    </technique_common>
                </source>
                <source id="colorsMesh51_2">
                    <float_array id="colorarrayMesh51_2" count="64">0.37254901960784315 0.37254901960784315 0.37254901960784315 1 0.37254901960784315 0.37254901960784315 0.37254901960784315 1 0.37254901960784315 0.37254901960784315 0.37254901960784315 1 0.37254901960784315 0.37254901960784315 0.37254901960784315 1 0.37254901960784315 0.37254901960784315 0.37254901960784315 1 0.37254901960784315 0.37254901960784315 0.37254901960784315 1 0.37254901960784315 0.37254901960784315 0.37254901960784315 1 0.37254901960784315 0.37254901960784315 0.37254901960784315 1 0.37254901960784315 0.37254901960784315 0.37254901960784315 1 0.37254901960784315 0.37254901960784315 0.37254901960784315 1 0.37254901960784315 0.37254901960784315 0.37254901960784315 1 0.37254901960784315 0.37254901960784315 0.37254901960784315 1 0.37254901960784315 0.37254901960784315 0.37254901960784315 1 0.37254901960784315 0.37254901960784315 0.37254901960784315 1 0.37254901960784315 0.37254901960784315 0.37254901960784315 1 0.37254901960784315 0.37254901960784315 0.37254901960784315 1</float_array>
                    <technique_common>
                        <accessor count="16" source="#colorarrayMesh51_2" stride="4">
                            <param name="R" type="float"/>
                            <param name="G" type="float"/>
                            <param name="B" type="float"/>
                            <param name="A" type="float"/>
                        </accessor>
                    </technique_common>
                </source>
                <vertices id="verticesMesh51_2">
                    <input semantic="POSITION" source="#pointsMesh51_2"/>
                </vertices>
                <polylist count="22" material="Material1">
                    <input offset="0" semantic="VERTEX" source="#verticesMesh51_2"/>
                    <input offset="1" semantic="TEXCOORD" source="#uvsMesh51_2" set="0"/>
                    <input offset="2" semantic="COLOR" source="#colorsMesh51_2" set="0"/>
                    <vcount>3 3 3 3 3 3 3 3 3 3 3 3 3 3 3 3 3 3 3 3 3 3</vcount>
                    <p>0 0 0 1 1 1 2 2 2 3 3 3 4 4 4 5 5 5 6 6 6 4 4 4 3 3 3 6 6 6 7 7 7 4 4 4 4 4 4 8 8 8 9 9 9 4 4 4 1 1 1 8 8 8 4 4 4 2 2 2 1 1 1 4 4 4 10 10 10 2 2 2 4 4 4 7 7 7 10 10 10 4 4 4 9 9 9 5 5 5 11 11 11 7 7 7 6 6 6 11 11 11 10 10 10 7 7 7 12 12 12 10 10 10 11 11 11 12 12 12 2 2 2 10 10 10 0 0 0 2 2 2 12 12 12 3 3 3 5 5 5 13 13 13 14 14 14 1 1 1 0 0 0 14 14 14 8 8 8 1 1 1 9 9 9 8 8 8 14 14 14 13 13 13 5 5 5 9 9 9 15 15 15 9 9 9 14 14 14 13 13 13 9 9 9 15 15 15</p>
                </polylist>
            </mesh>
        </geometry>
        <geometry id="meshMesh52_1">
            <mesh>
                <source id="pointsMesh52_1">
                    <float_array id="pointarrayMesh52_1" count="48">3422 768 1208 4146 358 484 3422 358 1208 3422 768 -1667 3422 358 -1667 4146 358 -943 4146 768 -943 3174 768 -1791 2355 768 -1791 2355 358 -1791 3174 358 -1791 2355 768 1331 3174 358 1331 2355 358 1331 3174 768 1331 4146 768 484</float_array>
                    <technique_common>
                        <accessor count="16" source="#pointarrayMesh52_1" stride="3">
                            <param name="X" type="float"/>
                            <param name="Y" type="float"/>
                            <param name="Z" type="float"/>
                        </accessor>
                    </technique_common>
                </source>
                <source id="uvsMesh52_1">
                    <float_array id="uvarrayMesh52_1" count="32">0.83984375 0.435546875 1.314453125 0.240234375 0.759765625 0.310546875 0.83984375 0.435546875 0.759765625 0.310546875 1.314453125 0.240234375 1.39453125 0.3671875 0.650390625 0.458984375 0.021484375 0.537109375 -0.056640625 0.41015625 0.5703125 0.333984375 0.021484375 0.537109375 0.5703125 0.333984375 -0.056640625 0.41015625 0.650390625 0.458984375 1.39453125 0.3671875</float_array>
                    <technique_common>
                        <accessor count="16" source="#uvarrayMesh52_1" stride="2">
                            <param name="S" type="float"/>
                            <param name="T" type="float"/>
                        </accessor>
                    </technique_common>
                </source>
                <source id="colorsMesh52_1">
                    <float_array id="colorarrayMesh52_1" count="64">0.21568627450980393 0.21568627450980393 0.21568627450980393 0.39215686274509803 0.21568627450980393 0.21568627450980393 0.21568627450980393 0.39215686274509803 0.21568627450980393 0.21568627450980393 0.21568627450980393 0.39215686274509803 0.21568627450980393 0.21568627450980393 0.21568627450980393 0.39215686274509803 0.21568627450980393 0.21568627450980393 0.21568627450980393 0.39215686274509803 0.21568627450980393 0.21568627450980393 0.21568627450980393 0.39215686274509803 0.21568627450980393 0.21568627450980393 0.21568627450980393 0.39215686274509803 0.21568627450980393 0.21568627450980393 0.21568627450980393 0.39215686274509803 0.21568627450980393 0.21568627450980393 0.21568627450980393 0.39215686274509803 0.21568627450980393 0.21568627450980393 0.21568627450980393 0.39215686274509803 0.21568627450980393 0.21568627450980393 0.21568627450980393 0.39215686274509803 0.21568627450980393 0.21568627450980393 0.21568627450980393 0.39215686274509803 0.21568627450980393 0.21568627450980393 0.21568627450980393 0.39215686274509803 0.21568627450980393 0.21568627450980393 0.21568627450980393 0.39215686274509803 0.21568627450980393 0.21568627450980393 0.21568627450980393 0.39215686274509803 0.21568627450980393 0.21568627450980393 0.21568627450980393 0.39215686274509803</float_array>
                    <technique_common>
                        <accessor count="16" source="#colorarrayMesh52_1" stride="4">
                            <param name="R" type="float"/>
                            <param name="G" type="float"/>
                            <param name="B" type="float"/>
                            <param name="A" type="float"/>
                        </accessor>
                    </technique_common>
                </source>
                <vertices id="verticesMesh52_1">
                    <input semantic="POSITION" source="#pointsMesh52_1"/>
                </vertices>
                <polylist count="8" material="Material1">
                    <input offset="0" semantic="VERTEX" source="#verticesMesh52_1"/>
                    <input offset="1" semantic="TEXCOORD" source="#uvsMesh52_1" set="0"/>
                    <input offset="2" semantic="COLOR" source="#colorsMesh52_1" set="0"/>
                    <vcount>3 3 3 3 3 3 3 3</vcount>
                    <p>0 0 0 1 1 1 2 2 2 3 3 3 4 4 4 5 5 5 6 6 6 3 3 3 5 5 5 7 7 7 8 8 8 9 9 9 7 7 7 9 9 9 10 10 10 11 11 11 12 12 12 13 13 13 11 11 11 14 14 14 12 12 12 0 0 0 15 15 15 1 1 1</p>
                </polylist>
            </mesh>
        </geometry>
        <geometry id="meshMesh53_1">
            <mesh>
                <source id="pointsMesh53_1">
                    <float_array id="pointarrayMesh53_1" count="96">3385 358 -1631 3060 307 -1305 3385 768 -1631 3174 307 -1279 2355 768 -1740 2355 307 -1279 3174 768 -1740 3174 307 -1689 3174 358 -1740 2355 358 -1740 2355 307 -1689 3784 307 -581 4109 768 -907 3385 358 1171 3349 307 1135 4073 307 411 3349 307 -1595 4073 307 -871 4109 358 -907 4109 358 447 3784 307 121 4109 768 447 2355 307 1229 2355 358 1280 2355 768 1280 3060 307 846 3385 768 1171 3174 307 1229 3174 358 1280 3174 307 819 3174 768 1280 2355 307 819</float_array>
                    <technique_common>
                        <accessor count="32" source="#pointarrayMesh53_1" stride="3">
                            <param name="X" type="float"/>
                            <param name="Y" type="float"/>
                            <param name="Z" type="float"/>
                        </accessor>
                    </technique_common>
                </source>
                <source id="uvsMesh53_1">
                    <float_array id="uvarrayMesh53_1" count="64">0 0.4765625 0 1 0 0.033203125 0.966796875 1 0 0.033203125 0 1 0.966796875 0.033203125 0.966796875 0.587890625 0.966796875 0.4765625 0 0.4765625 0 0.587890625 0.966796875 1 0.966796875 0.033203125 0 0.4765625 0 0.587890625 0.966796875 0.587890625 0 0.587890625 0.966796875 0.587890625 0.966796875 0.4765625 0.966796875 0.4765625 0.966796875 1 0.966796875 0.033203125 0 0.587890625 0 0.4765625 0 0.033203125 0 1 0 0.033203125 0.966796875 0.587890625 0.966796875 0.4765625 0.966796875 1 0.966796875 0.033203125 0 1</float_array>
                    <technique_common>
                        <accessor count="32" source="#uvarrayMesh53_1" stride="2">
                            <param name="S" type="float"/>
                            <param name="T" type="float"/>
                        </accessor>
                    </technique_common>
                </source>
                <source id="colorsMesh53_1">
                    <float_array id="colorarrayMesh53_1" count="128">0.7333333333333333 0.7803921568627451 1 0.5019607843137255 0.7333333333333333 0.7803921568627451 1 0.5019607843137255 0.7333333333333333 0.7803921568627451 1 0.5019607843137255 0.7333333333333333 0.7803921568627451 1 0.5019607843137255 0.7333333333333333 0.7803921568627451 1 0.5019607843137255 0.7333333333333333 0.7803921568627451 1 0.5019607843137255 0.7333333333333333 0.7803921568627451 1 0.5019607843137255 0.7333333333333333 0.7803921568627451 1 0.5019607843137255 0.7333333333333333 0.7803921568627451 1 0.5019607843137255 0.7333333333333333 0.7803921568627451 1 0.5019607843137255 0.7333333333333333 0.7803921568627451 1 0.5019607843137255 0.7333333333333333 0.7803921568627451 1 0.5019607843137255 0.7333333333333333 0.7803921568627451 1 0.5019607843137255 0.7333333333333333 0.7803921568627451 1 0.5019607843137255 0.7333333333333333 0.7803921568627451 1 0.5019607843137255 0.7333333333333333 0.7803921568627451 1 0.5019607843137255 0.7333333333333333 0.7803921568627451 1 0.5019607843137255 0.7333333333333333 0.7803921568627451 1 0.5019607843137255 0.7333333333333333 0.7803921568627451 1 0.5019607843137255 0.7333333333333333 0.7803921568627451 1 0.5019607843137255 0.7333333333333333 0.7803921568627451 1 0.5019607843137255 0.7333333333333333 0.7803921568627451 1 0.5019607843137255 0.7333333333333333 0.7803921568627451 1 0.5019607843137255 0.7333333333333333 0.7803921568627451 1 0.5019607843137255 0.7333333333333333 0.7803921568627451 1 0.5019607843137255 0.7333333333333333 0.7803921568627451 1 0.5019607843137255 0.7333333333333333 0.7803921568627451 1 0.5019607843137255 0.7333333333333333 0.7803921568627451 1 0.5019607843137255 0.7333333333333333 0.7803921568627451 1 0.5019607843137255 0.7333333333333333 0.7803921568627451 1 0.5019607843137255 0.7333333333333333 0.7803921568627451 1 0.5019607843137255 0.7333333333333333 0.7803921568627451 1 0.5019607843137255</float_array>
                    <technique_common>
                        <accessor count="32" source="#colorarrayMesh53_1" stride="4">
                            <param name="R" type="float"/>
                            <param name="G" type="float"/>
                            <param name="B" type="float"/>
                            <param name="A" type="float"/>
                        </accessor>
                    </technique_common>
                </source>
                <vertices id="verticesMesh53_1">
                    <input semantic="POSITION" source="#pointsMesh53_1"/>
                </vertices>
                <polylist count="32" material="Material1">
                    <input offset="0" semantic="VERTEX" source="#verticesMesh53_1"/>
                    <input offset="1" semantic="TEXCOORD" source="#uvsMesh53_1" set="0"/>
                    <input offset="2" semantic="COLOR" source="#colorsMesh53_1" set="0"/>
                    <vcount>3 3 3 3 3 3 3 3 3 3 3 3 3 3 3 3 3 3 3 3 3 3 3 3 3 3 3 3 3 3 3 3</vcount>
                    <p>0 0 0 1 1 1 2 2 2 3 3 3 4 4 4 5 5 5 3 3 3 6 6 6 4 4 4 7 7 7 6 6 6 3 3 3 7 7 7 8 8 8 6 6 6 5 5 5 4 4 4 9 9 9 5 5 5 9 9 9 10 10 10 10 10 10 9 9 9 8 8 8 10 10 10 8 8 8 7 7 7 2 2 2 1 1 1 11 11 11 2 2 2 11 11 11 12 12 12 13 13 13 14 14 14 15 15 15 0 0 0 16 16 16 1 1 1 12 12 12 11 11 11 17 17 17 12 12 12 17 17 17 18 18 18 18 18 18 16 16 16 0 0 0 18 18 18 17 17 17 16 16 16 13 13 13 15 15 15 19 19 19 19 19 19 20 20 20 21 21 21 19 19 19 15 15 15 20 20 20 22 22 22 23 23 23 24 24 24 21 21 21 20 20 20 25 25 25 21 21 21 25 25 25 26 26 26 26 26 26 25 25 25 13 13 13 25 25 25 14 14 14 13 13 13 27 27 27 28 28 28 23 23 23 29 29 29 28 28 28 27 27 27 27 27 27 23 23 23 22 22 22 29 29 29 30 30 30 28 28 28 22 22 22 24 24 24 31 31 31 31 31 31 30 30 30 29 29 29 31 31 31 24 24 24 30 30 30</p>
                </polylist>
            </mesh>
        </geometry>
        <geometry id="meshMesh54_1">
            <mesh>
                <source id="pointsMesh54_1">
                    <float_array id="pointarrayMesh54_1" count="12">1616 512 -1089 1616 358 -1089 1725 358 -1197 1725 512 -1197</float_array>
                    <technique_common>
                        <accessor count="4" source="#pointarrayMesh54_1" stride="3">
                            <param name="X" type="float"/>
                            <param name="Y" type="float"/>
                            <param name="Z" type="float"/>
                        </accessor>
                    </technique_common>
                </source>
                <source id="uvsMesh54_1">
                    <float_array id="uvarrayMesh54_1" count="8">0 1 0 0.033203125 0.966796875 0.033203125 0.966796875 1</float_array>
                    <technique_common>
                        <accessor count="4" source="#uvarrayMesh54_1" stride="2">
                            <param name="S" type="float"/>
                            <param name="T" type="float"/>
                        </accessor>
                    </technique_common>
                </source>
                <vertices id="verticesMesh54_1">
                    <input semantic="POSITION" source="#pointsMesh54_1"/>
                </vertices>
                <polylist count="2" material="Material1">
                    <input offset="0" semantic="VERTEX" source="#verticesMesh54_1"/>
                    <input offset="1" semantic="TEXCOORD" source="#uvsMesh54_1" set="0"/>
                    <vcount>3 3</vcount>
                    <p>0 0 1 1 2 2 3 3 0 0 2 2</p>
                </polylist>
            </mesh>
        </geometry>
        <geometry id="meshMesh54_2">
            <mesh>
                <source id="pointsMesh54_2">
                    <float_array id="pointarrayMesh54_2" count="12">1616 512 -1089 1616 358 -1089 1725 358 -1197 1725 512 -1197</float_array>
                    <technique_common>
                        <accessor count="4" source="#pointarrayMesh54_2" stride="3">
                            <param name="X" type="float"/>
                            <param name="Y" type="float"/>
                            <param name="Z" type="float"/>
                        </accessor>
                    </technique_common>
                </source>
                <source id="uvsMesh54_2">
                    <float_array id="uvarrayMesh54_2" count="8">0 1 0 0.033203125 0.966796875 0.033203125 0.966796875 1</float_array>
                    <technique_common>
                        <accessor count="4" source="#uvarrayMesh54_2" stride="2">
                            <param name="S" type="float"/>
                            <param name="T" type="float"/>
                        </accessor>
                    </technique_common>
                </source>
                <source id="colorsMesh54_2">
                    <float_array id="colorarrayMesh54_2" count="16">0.37254901960784315 0.37254901960784315 0.37254901960784315 1 0.37254901960784315 0.37254901960784315 0.37254901960784315 1 0.37254901960784315 0.37254901960784315 0.37254901960784315 1 0.37254901960784315 0.37254901960784315 0.37254901960784315 1</float_array>
                    <technique_common>
                        <accessor count="4" source="#colorarrayMesh54_2" stride="4">
                            <param name="R" type="float"/>
                            <param name="G" type="float"/>
                            <param name="B" type="float"/>
                            <param name="A" type="float"/>
                        </accessor>
                    </technique_common>
                </source>
                <vertices id="verticesMesh54_2">
                    <input semantic="POSITION" source="#pointsMesh54_2"/>
                </vertices>
                <polylist count="2" material="Material1">
                    <input offset="0" semantic="VERTEX" source="#verticesMesh54_2"/>
                    <input offset="1" semantic="TEXCOORD" source="#uvsMesh54_2" set="0"/>
                    <input offset="2" semantic="COLOR" source="#colorsMesh54_2" set="0"/>
                    <vcount>3 3</vcount>
                    <p>0 0 0 1 1 1 2 2 2 3 3 3 0 0 0 2 2 2</p>
                </polylist>
            </mesh>
        </geometry>
        <geometry id="meshMesh55_1">
            <mesh>
                <source id="pointsMesh55_1">
                    <float_array id="pointarrayMesh55_1" count="210">-2175 -101 -2124 -2431 -101 -2124 -2431 -76 -2124 -2431 0 -2047 -2175 -25 -2047 -2431 -25 -2047 -2175 0 -2047 -2175 -50 -2073 -2431 -25 -2073 -2175 -25 -2073 -2431 -50 -2073 -2175 -76 -2098 -2431 -76 -2098 -2431 -50 -2098 -2175 -50 -2098 -2175 -178 -2201 -2431 -153 -2201 -2175 -153 -2201 -2175 -76 -2124 -2175 -127 -2149 -2431 -127 -2149 -2431 -101 -2149 -2175 -101 -2149 -2175 -153 -2175 -2431 -127 -2175 -2175 -127 -2175 -2431 -153 -2175 -2431 -178 -2201 -2175 -204 -2226 -2431 -204 -2226 -2431 -178 -2226 -2175 -178 -2226 -2175 0 -2047 -2431 0 -2047 -2431 0 -1996 -2175 0 -1996 -2453 0 -1996 -2585 0 -1740 -2585 0 -1125 -2021 0 -1125 -2021 0 -1740 -2153 0 -1996 -2175 -25 -2073 -2431 -25 -2073 -2175 -25 -2047 -2431 -25 -2047 -2175 -127 -2149 -2431 -127 -2175 -2431 -127 -2149 -2175 -50 -2098 -2431 -50 -2098 -2431 -50 -2073 -2175 -50 -2073 -2175 -76 -2124 -2431 -76 -2098 -2175 -76 -2098 -2431 -76 -2124 -2175 -101 -2149 -2431 -101 -2124 -2175 -101 -2124 -2431 -101 -2149 -2175 -178 -2226 -2431 -178 -2226 -2175 -178 -2201 -2175 -127 -2175 -2175 -153 -2175 -2431 -153 -2201 -2431 -153 -2175 -2175 -153 -2201 -2431 -178 -2201</float_array>
                    <technique_common>
                        <accessor count="70" source="#pointarrayMesh55_1" stride="3">
                            <param name="X" type="float"/>
                            <param name="Y" type="float"/>
                            <param name="Z" type="float"/>
                        </accessor>
                    </technique_common>
                </source>
                <source id="uvsMesh55_1">
                    <float_array id="uvarrayMesh55_1" count="140">-1.02734375 0.78515625 1.466796875 0.78515625 1.466796875 0.97265625 1.466796875 2.029296875 -1.02734375 1.841796875 1.466796875 1.841796875 -1.02734375 2.029296875 -1.02734375 1.490234375 1.466796875 1.677734375 -1.02734375 1.677734375 1.466796875 1.490234375 -1.02734375 1.13671875 1.466796875 1.13671875 1.466796875 1.32421875 -1.02734375 1.32421875 -1.02734375 -0.26953125 1.466796875 -0.08203125 -1.02734375 -0.08203125 -1.02734375 0.97265625 -1.02734375 0.43359375 1.466796875 0.43359375 1.466796875 0.62109375 -1.02734375 0.62109375 -1.02734375 0.08203125 1.466796875 0.26953125 -1.02734375 0.26953125 1.466796875 0.08203125 1.466796875 -0.26953125 -1.02734375 -0.62109375 1.466796875 -0.62109375 1.466796875 -0.43359375 -1.02734375 -0.43359375 -1.02734375 -3.95703125 0.21875 -3.95703125 0.21875 -3.70703125 -1.02734375 -3.70703125 0.326171875 -3.70703125 0.966796875 -2.640625 0.966796875 1 -1.775390625 1 -1.775390625 -2.640625 -1.134765625 -3.70703125 -1.02734375 1.677734375 1.466796875 1.677734375 -1.02734375 1.841796875 1.466796875 1.841796875 -1.02734375 0.43359375 1.466796875 0.26953125 1.466796875 0.43359375 -1.02734375 1.32421875 1.466796875 1.32421875 1.466796875 1.490234375 -1.02734375 1.490234375 -1.02734375 0.97265625 1.466796875 1.13671875 -1.02734375 1.13671875 1.466796875 0.97265625 -1.02734375 0.62109375 1.466796875 0.78515625 -1.02734375 0.78515625 1.466796875 0.62109375 -1.02734375 -0.43359375 1.466796875 -0.43359375 -1.02734375 -0.26953125 -1.02734375 0.26953125 -1.02734375 0.08203125 1.466796875 -0.08203125 1.466796875 0.08203125 -1.02734375 -0.08203125 1.466796875 -0.26953125</float_array>
                    <technique_common>
                        <accessor count="70" source="#uvarrayMesh55_1" stride="2">
                            <param name="S" type="float"/>
                            <param name="T" type="float"/>
                        </accessor>
                    </technique_common>
                </source>
                <source id="colorsMesh55_1">
                    <float_array id="colorarrayMesh55_1" count="280">0.8666666666666667 0.8666666666666667 0.8666666666666667 1 0.8666666666666667 0.8666666666666667 0.8666666666666667 1 0.8666666666666667 0.8666666666666667 0.8666666666666667 1 0.8666666666666667 0.8666666666666667 0.8666666666666667 1 0.8666666666666667 0.8666666666666667 0.8666666666666667 1 0.8666666666666667 0.8666666666666667 0.8666666666666667 1 0.8666666666666667 0.8666666666666667 0.8666666666666667 1 0.8666666666666667 0.8666666666666667 0.8666666666666667 1 0.8666666666666667 0.8666666666666667 0.8666666666666667 1 0.8666666666666667 0.8666666666666667 0.8666666666666667 1 0.8666666666666667 0.8666666666666667 0.8666666666666667 1 0.8666666666666667 0.8666666666666667 0.8666666666666667 1 0.8666666666666667 0.8666666666666667 0.8666666666666667 1 0.8666666666666667 0.8666666666666667 0.8666666666666667 1 0.8666666666666667 0.8666666666666667 0.8666666666666667 1 0.8666666666666667 0.8666666666666667 0.8666666666666667 1 0.8666666666666667 0.8666666666666667 0.8666666666666667 1 0.8666666666666667 0.8666666666666667 0.8666666666666667 1 0.8666666666666667 0.8666666666666667 0.8666666666666667 1 0.8666666666666667 0.8666666666666667 0.8666666666666667 1 0.8666666666666667 0.8666666666666667 0.8666666666666667 1 0.8666666666666667 0.8666666666666667 0.8666666666666667 1 0.8666666666666667 0.8666666666666667 0.8666666666666667 1 0.8666666666666667 0.8666666666666667 0.8666666666666667 1 0.8666666666666667 0.8666666666666667 0.8666666666666667 1 0.8666666666666667 0.8666666666666667 0.8666666666666667 1 0.8666666666666667 0.8666666666666667 0.8666666666666667 1 0.8666666666666667 0.8666666666666667 0.8666666666666667 1 0.8666666666666667 0.8666666666666667 0.8666666666666667 1 0.8666666666666667 0.8666666666666667 0.8666666666666667 1 0.8666666666666667 0.8666666666666667 0.8666666666666667 1 0.8666666666666667 0.8666666666666667 0.8666666666666667 1 1 1 1 1 1 1 1 1 1 1 1 1 1 1 1 1 1 1 1 1 1 1 1 1 1 1 1 1 1 1 1 1 1 1 1 1 1 1 1 1 1 1 1 1 1 1 1 1 1 1 1 1 1 1 1 1 1 1 1 1 1 1 1 1 1 1 1 1 1 1 1 1 1 1 1 1 1 1 1 1 1 1 1 1 1 1 1 1 1 1 1 1 1 1 1 1 1 1 1 1 1 1 1 1 1 1 1 1 1 1 1 1 1 1 1 1 1 1 1 1 1 1 1 1 1 1 1 1 1 1 1 1 1 1 1 1 1 1 1 1 1 1 1 1 1 1 1 1 1 1 1 1</float_array>
                    <technique_common>
                        <accessor count="70" source="#colorarrayMesh55_1" stride="4">
                            <param name="R" type="float"/>
                            <param name="G" type="float"/>
                            <param name="B" type="float"/>
                            <param name="A" type="float"/>
                        </accessor>
                    </technique_common>
                </source>
                <vertices id="verticesMesh55_1">
                    <input semantic="POSITION" source="#pointsMesh55_1"/>
                </vertices>
                <polylist count="36" material="Material1">
                    <input offset="0" semantic="VERTEX" source="#verticesMesh55_1"/>
                    <input offset="1" semantic="TEXCOORD" source="#uvsMesh55_1" set="0"/>
                    <input offset="2" semantic="COLOR" source="#colorsMesh55_1" set="0"/>
                    <vcount>3 3 3 3 3 3 3 3 3 3 3 3 3 3 3 3 3 3 3 3 3 3 3 3 3 3 3 3 3 3 3 3 3 3 3 3</vcount>
                    <p>0 0 0 1 1 1 2 2 2 3 3 3 4 4 4 5 5 5 3 3 3 6 6 6 4 4 4 7 7 7 8 8 8 9 9 9 7 7 7 10 10 10 8 8 8 11 11 11 12 12 12 13 13 13 11 11 11 13 13 13 14 14 14 15 15 15 16 16 16 17 17 17 0 0 0 2 2 2 18 18 18 19 19 19 20 20 20 21 21 21 19 19 19 21 21 21 22 22 22 23 23 23 24 24 24 25 25 25 23 23 23 26 26 26 24 24 24 15 15 15 27 27 27 16 16 16 28 28 28 29 29 29 30 30 30 28 28 28 30 30 30 31 31 31 32 32 32 33 33 33 34 34 34 32 32 32 34 34 34 35 35 35 36 36 36 37 37 37 38 38 38 36 36 36 38 38 38 39 39 39 36 36 36 39 39 39 40 40 40 36 36 36 40 40 40 41 41 41 42 42 42 43 43 43 44 44 44 44 44 44 43 43 43 45 45 45 46 46 46 47 47 47 48 48 48 49 49 49 50 50 50 51 51 51 49 49 49 51 51 51 52 52 52 53 53 53 54 54 54 55 55 55 53 53 53 56 56 56 54 54 54 57 57 57 58 58 58 59 59 59 57 57 57 60 60 60 58 58 58 61 61 61 62 62 62 63 63 63 64 64 64 47 47 47 46 46 46 65 65 65 66 66 66 67 67 67 68 68 68 66 66 66 65 65 65 63 63 63 62 62 62 69 69 69</p>
                </polylist>
            </mesh>
        </geometry>
        <geometry id="meshMesh55_2">
            <mesh>
                <source id="pointsMesh55_2">
                    <float_array id="pointarrayMesh55_2" count="210">-2175 -101 -2124 -2431 -101 -2124 -2431 -76 -2124 -2431 0 -2047 -2175 -25 -2047 -2431 -25 -2047 -2175 0 -2047 -2175 -50 -2073 -2431 -25 -2073 -2175 -25 -2073 -2431 -50 -2073 -2175 -76 -2098 -2431 -76 -2098 -2431 -50 -2098 -2175 -50 -2098 -2175 -178 -2201 -2431 -153 -2201 -2175 -153 -2201 -2175 -76 -2124 -2175 -127 -2149 -2431 -127 -2149 -2431 -101 -2149 -2175 -101 -2149 -2175 -153 -2175 -2431 -127 -2175 -2175 -127 -2175 -2431 -153 -2175 -2431 -178 -2201 -2175 -204 -2226 -2431 -204 -2226 -2431 -178 -2226 -2175 -178 -2226 -2175 0 -2047 -2431 0 -2047 -2431 0 -1996 -2175 0 -1996 -2453 0 -1996 -2585 0 -1740 -2585 0 -1125 -2021 0 -1125 -2021 0 -1740 -2153 0 -1996 -2175 -25 -2073 -2431 -25 -2073 -2175 -25 -2047 -2431 -25 -2047 -2175 -127 -2149 -2431 -127 -2175 -2431 -127 -2149 -2175 -50 -2098 -2431 -50 -2098 -2431 -50 -2073 -2175 -50 -2073 -2175 -76 -2124 -2431 -76 -2098 -2175 -76 -2098 -2431 -76 -2124 -2175 -101 -2149 -2431 -101 -2124 -2175 -101 -2124 -2431 -101 -2149 -2175 -178 -2226 -2431 -178 -2226 -2175 -178 -2201 -2175 -127 -2175 -2175 -153 -2175 -2431 -153 -2201 -2431 -153 -2175 -2175 -153 -2201 -2431 -178 -2201</float_array>
                    <technique_common>
                        <accessor count="70" source="#pointarrayMesh55_2" stride="3">
                            <param name="X" type="float"/>
                            <param name="Y" type="float"/>
                            <param name="Z" type="float"/>
                        </accessor>
                    </technique_common>
                </source>
                <source id="uvsMesh55_2">
                    <float_array id="uvarrayMesh55_2" count="140">-1.02734375 0.78515625 1.466796875 0.78515625 1.466796875 0.97265625 1.466796875 2.029296875 -1.02734375 1.841796875 1.466796875 1.841796875 -1.02734375 2.029296875 -1.02734375 1.490234375 1.466796875 1.677734375 -1.02734375 1.677734375 1.466796875 1.490234375 -1.02734375 1.13671875 1.466796875 1.13671875 1.466796875 1.32421875 -1.02734375 1.32421875 -1.02734375 -0.26953125 1.466796875 -0.08203125 -1.02734375 -0.08203125 -1.02734375 0.97265625 -1.02734375 0.43359375 1.466796875 0.43359375 1.466796875 0.62109375 -1.02734375 0.62109375 -1.02734375 0.08203125 1.466796875 0.26953125 -1.02734375 0.26953125 1.466796875 0.08203125 1.466796875 -0.26953125 -1.02734375 -0.62109375 1.466796875 -0.62109375 1.466796875 -0.43359375 -1.02734375 -0.43359375 -1.02734375 -3.95703125 0.21875 -3.95703125 0.21875 -3.70703125 -1.02734375 -3.70703125 0.326171875 -3.70703125 0.966796875 -2.640625 0.966796875 1 -1.775390625 1 -1.775390625 -2.640625 -1.134765625 -3.70703125 -1.02734375 1.677734375 1.466796875 1.677734375 -1.02734375 1.841796875 1.466796875 1.841796875 -1.02734375 0.43359375 1.466796875 0.26953125 1.466796875 0.43359375 -1.02734375 1.32421875 1.466796875 1.32421875 1.466796875 1.490234375 -1.02734375 1.490234375 -1.02734375 0.97265625 1.466796875 1.13671875 -1.02734375 1.13671875 1.466796875 0.97265625 -1.02734375 0.62109375 1.466796875 0.78515625 -1.02734375 0.78515625 1.466796875 0.62109375 -1.02734375 -0.43359375 1.466796875 -0.43359375 -1.02734375 -0.26953125 -1.02734375 0.26953125 -1.02734375 0.08203125 1.466796875 -0.08203125 1.466796875 0.08203125 -1.02734375 -0.08203125 1.466796875 -0.26953125</float_array>
                    <technique_common>
                        <accessor count="70" source="#uvarrayMesh55_2" stride="2">
                            <param name="S" type="float"/>
                            <param name="T" type="float"/>
                        </accessor>
                    </technique_common>
                </source>
                <source id="colorsMesh55_2">
                    <float_array id="colorarrayMesh55_2" count="280">0.3215686274509804 0.3215686274509804 0.3215686274509804 1 0.3215686274509804 0.3215686274509804 0.3215686274509804 1 0.3215686274509804 0.3215686274509804 0.3215686274509804 1 0.3215686274509804 0.3215686274509804 0.3215686274509804 1 0.3215686274509804 0.3215686274509804 0.3215686274509804 1 0.3215686274509804 0.3215686274509804 0.3215686274509804 1 0.3215686274509804 0.3215686274509804 0.3215686274509804 1 0.3215686274509804 0.3215686274509804 0.3215686274509804 1 0.3215686274509804 0.3215686274509804 0.3215686274509804 1 0.3215686274509804 0.3215686274509804 0.3215686274509804 1 0.3215686274509804 0.3215686274509804 0.3215686274509804 1 0.3215686274509804 0.3215686274509804 0.3215686274509804 1 0.3215686274509804 0.3215686274509804 0.3215686274509804 1 0.3215686274509804 0.3215686274509804 0.3215686274509804 1 0.3215686274509804 0.3215686274509804 0.3215686274509804 1 0.3215686274509804 0.3215686274509804 0.3215686274509804 1 0.3215686274509804 0.3215686274509804 0.3215686274509804 1 0.3215686274509804 0.3215686274509804 0.3215686274509804 1 0.3215686274509804 0.3215686274509804 0.3215686274509804 1 0.3215686274509804 0.3215686274509804 0.3215686274509804 1 0.3215686274509804 0.3215686274509804 0.3215686274509804 1 0.3215686274509804 0.3215686274509804 0.3215686274509804 1 0.3215686274509804 0.3215686274509804 0.3215686274509804 1 0.3215686274509804 0.3215686274509804 0.3215686274509804 1 0.3215686274509804 0.3215686274509804 0.3215686274509804 1 0.3215686274509804 0.3215686274509804 0.3215686274509804 1 0.3215686274509804 0.3215686274509804 0.3215686274509804 1 0.3215686274509804 0.3215686274509804 0.3215686274509804 1 0.3215686274509804 0.3215686274509804 0.3215686274509804 1 0.3215686274509804 0.3215686274509804 0.3215686274509804 1 0.3215686274509804 0.3215686274509804 0.3215686274509804 1 0.3215686274509804 0.3215686274509804 0.3215686274509804 1 0.37254901960784315 0.37254901960784315 0.37254901960784315 1 0.37254901960784315 0.37254901960784315 0.37254901960784315 1 0.37254901960784315 0.37254901960784315 0.37254901960784315 1 0.37254901960784315 0.37254901960784315 0.37254901960784315 1 0.37254901960784315 0.37254901960784315 0.37254901960784315 1 0.37254901960784315 0.37254901960784315 0.37254901960784315 1 0.37254901960784315 0.37254901960784315 0.37254901960784315 1 0.37254901960784315 0.37254901960784315 0.37254901960784315 1 0.37254901960784315 0.37254901960784315 0.37254901960784315 1 0.37254901960784315 0.37254901960784315 0.37254901960784315 1 0.37254901960784315 0.37254901960784315 0.37254901960784315 1 0.37254901960784315 0.37254901960784315 0.37254901960784315 1 0.37254901960784315 0.37254901960784315 0.37254901960784315 1 0.37254901960784315 0.37254901960784315 0.37254901960784315 1 0.37254901960784315 0.37254901960784315 0.37254901960784315 1 0.37254901960784315 0.37254901960784315 0.37254901960784315 1 0.37254901960784315 0.37254901960784315 0.37254901960784315 1 0.37254901960784315 0.37254901960784315 0.37254901960784315 1 0.37254901960784315 0.37254901960784315 0.37254901960784315 1 0.37254901960784315 0.37254901960784315 0.37254901960784315 1 0.37254901960784315 0.37254901960784315 0.37254901960784315 1 0.37254901960784315 0.37254901960784315 0.37254901960784315 1 0.37254901960784315 0.37254901960784315 0.37254901960784315 1 0.37254901960784315 0.37254901960784315 0.37254901960784315 1 0.37254901960784315 0.37254901960784315 0.37254901960784315 1 0.37254901960784315 0.37254901960784315 0.37254901960784315 1 0.37254901960784315 0.37254901960784315 0.37254901960784315 1 0.37254901960784315 0.37254901960784315 0.37254901960784315 1 0.37254901960784315 0.37254901960784315 0.37254901960784315 1 0.37254901960784315 0.37254901960784315 0.37254901960784315 1 0.37254901960784315 0.37254901960784315 0.37254901960784315 1 0.37254901960784315 0.37254901960784315 0.37254901960784315 1 0.37254901960784315 0.37254901960784315 0.37254901960784315 1 0.37254901960784315 0.37254901960784315 0.37254901960784315 1 0.37254901960784315 0.37254901960784315 0.37254901960784315 1 0.37254901960784315 0.37254901960784315 0.37254901960784315 1 0.37254901960784315 0.37254901960784315 0.37254901960784315 1 0.37254901960784315 0.37254901960784315 0.37254901960784315 1</float_array>
                    <technique_common>
                        <accessor count="70" source="#colorarrayMesh55_2" stride="4">
                            <param name="R" type="float"/>
                            <param name="G" type="float"/>
                            <param name="B" type="float"/>
                            <param name="A" type="float"/>
                        </accessor>
                    </technique_common>
                </source>
                <vertices id="verticesMesh55_2">
                    <input semantic="POSITION" source="#pointsMesh55_2"/>
                </vertices>
                <polylist count="36" material="Material1">
                    <input offset="0" semantic="VERTEX" source="#verticesMesh55_2"/>
                    <input offset="1" semantic="TEXCOORD" source="#uvsMesh55_2" set="0"/>
                    <input offset="2" semantic="COLOR" source="#colorsMesh55_2" set="0"/>
                    <vcount>3 3 3 3 3 3 3 3 3 3 3 3 3 3 3 3 3 3 3 3 3 3 3 3 3 3 3 3 3 3 3 3 3 3 3 3</vcount>
                    <p>0 0 0 1 1 1 2 2 2 3 3 3 4 4 4 5 5 5 3 3 3 6 6 6 4 4 4 7 7 7 8 8 8 9 9 9 7 7 7 10 10 10 8 8 8 11 11 11 12 12 12 13 13 13 11 11 11 13 13 13 14 14 14 15 15 15 16 16 16 17 17 17 0 0 0 2 2 2 18 18 18 19 19 19 20 20 20 21 21 21 19 19 19 21 21 21 22 22 22 23 23 23 24 24 24 25 25 25 23 23 23 26 26 26 24 24 24 15 15 15 27 27 27 16 16 16 28 28 28 29 29 29 30 30 30 28 28 28 30 30 30 31 31 31 32 32 32 33 33 33 34 34 34 32 32 32 34 34 34 35 35 35 36 36 36 37 37 37 38 38 38 36 36 36 38 38 38 39 39 39 36 36 36 39 39 39 40 40 40 36 36 36 40 40 40 41 41 41 42 42 42 43 43 43 44 44 44 44 44 44 43 43 43 45 45 45 46 46 46 47 47 47 48 48 48 49 49 49 50 50 50 51 51 51 49 49 49 51 51 51 52 52 52 53 53 53 54 54 54 55 55 55 53 53 53 56 56 56 54 54 54 57 57 57 58 58 58 59 59 59 57 57 57 60 60 60 58 58 58 61 61 61 62 62 62 63 63 63 64 64 64 47 47 47 46 46 46 65 65 65 66 66 66 67 67 67 68 68 68 66 66 66 65 65 65 63 63 63 62 62 62 69 69 69</p>
                </polylist>
            </mesh>
        </geometry>
        <geometry id="meshMesh56_1">
            <mesh>
                <source id="pointsMesh56_1">
                    <float_array id="pointarrayMesh56_1" count="96">-2636 -204 -2866 -3097 -204 -2866 -2482 -204 -2047 -1509 410 -1740 -3097 410 -1740 -3097 410 -3634 -1919 410 -4351 -1509 410 -3634 -2687 410 -4351 -2124 -204 -2047 -1919 -204 -2866 -2509 -204 -2940 -2046 -204 -2940 -1868 -303 -3238 -2021 -237 -2991 -1509 -204 -2866 -2533 -237 -2991 -2687 -303 -3238 -3097 -409 -3634 -2636 -204 -1740 -1970 -204 -1740 -1509 -409 -3634 -2687 -409 -3634 -2688 -409 -3239 -1867 -409 -3239 -1868 -409 -3634 -2533 -409 -2991 -2021 -409 -2991 -2687 -409 -4351 -1919 -409 -4351 -1509 -204 -1740 -3097 -204 -1740</float_array>
                    <technique_common>
                        <accessor count="32" source="#pointarrayMesh56_1" stride="3">
                            <param name="X" type="float"/>
                            <param name="Y" type="float"/>
                            <param name="Z" type="float"/>
                        </accessor>
                    </technique_common>
                </source>
                <source id="uvsMesh56_1">
                    <float_array id="uvarrayMesh56_1" count="64">1.96484375 -0.712890625 1.96484375 -2.958984375 5.95703125 0.033203125 4.458984375 6.76953125 -3.2734375 6.76953125 -3.2734375 -2.4609375 2.462890625 -5.953125 4.458984375 -2.458984375 -1.27734375 -5.953125 5.95703125 1.779296875 1.96484375 2.77734375 1.60546875 -0.095703125 1.60546875 2.16015625 0.150390625 3.02734375 1.35546875 2.279296875 1.96484375 4.7734375 1.35546875 -0.21484375 0.150390625 -0.962890625 -1.775390625 -2.958984375 7.453125 -0.712890625 7.453125 2.52734375 -1.775390625 4.7734375 -1.775390625 -0.962890625 0.146484375 -0.966796875 0.146484375 3.03125 -1.775390625 3.02734375 1.35546875 -0.21484375 1.35546875 2.279296875 -5.26953125 -0.962890625 -5.26953125 2.77734375 7.453125 4.7734375 7.453125 -2.958984375</float_array>
                    <technique_common>
                        <accessor count="32" source="#uvarrayMesh56_1" stride="2">
                            <param name="S" type="float"/>
                            <param name="T" type="float"/>
                        </accessor>
                    </technique_common>
                </source>
                <vertices id="verticesMesh56_1">
                    <input semantic="POSITION" source="#pointsMesh56_1"/>
                </vertices>
                <polylist count="28" material="Material1">
                    <input offset="0" semantic="VERTEX" source="#verticesMesh56_1"/>
                    <input offset="1" semantic="TEXCOORD" source="#uvsMesh56_1" set="0"/>
                    <vcount>3 3 3 3 3 3 3 3 3 3 3 3 3 3 3 3 3 3 3 3 3 3 3 3 3 3 3 3</vcount>
                    <p>0 0 1 1 2 2 3 3 4 4 5 5 5 5 6 6 7 7 5 5 8 8 6 6 3 3 5 5 7 7 9 9 0 0 2 2 9 9 10 10 0 0 10 10 11 11 0 0 10 10 12 12 11 11 13 13 14 14 15 15 16 16 1 1 0 0 17 17 18 18 1 1 16 16 17 17 1 1 1 1 19 19 2 2 9 9 15 15 10 10 14 14 10 10 15 15 15 15 9 9 20 20 13 13 15 15 21 21 22 22 23 23 24 24 22 22 24 24 25 25 23 23 26 26 27 27 23 23 27 27 24 24 25 25 13 13 21 21 17 17 22 22 18 18 21 21 28 28 18 18 21 21 29 29 28 28 20 20 30 30 15 15 19 19 1 1 31 31</p>
                </polylist>
            </mesh>
        </geometry>
        <geometry id="meshMesh56_2">
            <mesh>
                <source id="pointsMesh56_2">
                    <float_array id="pointarrayMesh56_2" count="96">-2636 -204 -2866 -3097 -204 -2866 -2482 -204 -2047 -1509 410 -1740 -3097 410 -1740 -3097 410 -3634 -1919 410 -4351 -1509 410 -3634 -2687 410 -4351 -2124 -204 -2047 -1919 -204 -2866 -2509 -204 -2940 -2046 -204 -2940 -1868 -303 -3238 -2021 -237 -2991 -1509 -204 -2866 -2533 -237 -2991 -2687 -303 -3238 -3097 -409 -3634 -2636 -204 -1740 -1970 -204 -1740 -1509 -409 -3634 -2687 -409 -3634 -2688 -409 -3239 -1867 -409 -3239 -1868 -409 -3634 -2533 -409 -2991 -2021 -409 -2991 -2687 -409 -4351 -1919 -409 -4351 -1509 -204 -1740 -3097 -204 -1740</float_array>
                    <technique_common>
                        <accessor count="32" source="#pointarrayMesh56_2" stride="3">
                            <param name="X" type="float"/>
                            <param name="Y" type="float"/>
                            <param name="Z" type="float"/>
                        </accessor>
                    </technique_common>
                </source>
                <source id="uvsMesh56_2">
                    <float_array id="uvarrayMesh56_2" count="64">1.96484375 -0.712890625 1.96484375 -2.958984375 5.95703125 0.033203125 4.458984375 6.76953125 -3.2734375 6.76953125 -3.2734375 -2.4609375 2.462890625 -5.953125 4.458984375 -2.458984375 -1.27734375 -5.953125 5.95703125 1.779296875 1.96484375 2.77734375 1.60546875 -0.095703125 1.60546875 2.16015625 0.150390625 3.02734375 1.35546875 2.279296875 1.96484375 4.7734375 1.35546875 -0.21484375 0.150390625 -0.962890625 -1.775390625 -2.958984375 7.453125 -0.712890625 7.453125 2.52734375 -1.775390625 4.7734375 -1.775390625 -0.962890625 0.146484375 -0.966796875 0.146484375 3.03125 -1.775390625 3.02734375 1.35546875 -0.21484375 1.35546875 2.279296875 -5.26953125 -0.962890625 -5.26953125 2.77734375 7.453125 4.7734375 7.453125 -2.958984375</float_array>
                    <technique_common>
                        <accessor count="32" source="#uvarrayMesh56_2" stride="2">
                            <param name="S" type="float"/>
                            <param name="T" type="float"/>
                        </accessor>
                    </technique_common>
                </source>
                <source id="colorsMesh56_2">
                    <float_array id="colorarrayMesh56_2" count="128">0.37254901960784315 0.37254901960784315 0.37254901960784315 1 0.37254901960784315 0.37254901960784315 0.37254901960784315 1 0.37254901960784315 0.37254901960784315 0.37254901960784315 1 0.37254901960784315 0.37254901960784315 0.37254901960784315 1 0.37254901960784315 0.37254901960784315 0.37254901960784315 1 0.37254901960784315 0.37254901960784315 0.37254901960784315 1 0.37254901960784315 0.37254901960784315 0.37254901960784315 1 0.37254901960784315 0.37254901960784315 0.37254901960784315 1 0.37254901960784315 0.37254901960784315 0.37254901960784315 1 0.37254901960784315 0.37254901960784315 0.37254901960784315 1 0.37254901960784315 0.37254901960784315 0.37254901960784315 1 0.37254901960784315 0.37254901960784315 0.37254901960784315 1 0.37254901960784315 0.37254901960784315 0.37254901960784315 1 0.37254901960784315 0.37254901960784315 0.37254901960784315 1 0.37254901960784315 0.37254901960784315 0.37254901960784315 1 0.37254901960784315 0.37254901960784315 0.37254901960784315 1 0.37254901960784315 0.37254901960784315 0.37254901960784315 1 0.37254901960784315 0.37254901960784315 0.37254901960784315 1 0.37254901960784315 0.37254901960784315 0.37254901960784315 1 0.37254901960784315 0.37254901960784315 0.37254901960784315 1 0.37254901960784315 0.37254901960784315 0.37254901960784315 1 0.37254901960784315 0.37254901960784315 0.37254901960784315 1 0.37254901960784315 0.37254901960784315 0.37254901960784315 1 0.37254901960784315 0.37254901960784315 0.37254901960784315 1 0.37254901960784315 0.37254901960784315 0.37254901960784315 1 0.37254901960784315 0.37254901960784315 0.37254901960784315 1 0.37254901960784315 0.37254901960784315 0.37254901960784315 1 0.37254901960784315 0.37254901960784315 0.37254901960784315 1 0.37254901960784315 0.37254901960784315 0.37254901960784315 1 0.37254901960784315 0.37254901960784315 0.37254901960784315 1 0.37254901960784315 0.37254901960784315 0.37254901960784315 1 0.37254901960784315 0.37254901960784315 0.37254901960784315 1</float_array>
                    <technique_common>
                        <accessor count="32" source="#colorarrayMesh56_2" stride="4">
                            <param name="R" type="float"/>
                            <param name="G" type="float"/>
                            <param name="B" type="float"/>
                            <param name="A" type="float"/>
                        </accessor>
                    </technique_common>
                </source>
                <vertices id="verticesMesh56_2">
                    <input semantic="POSITION" source="#pointsMesh56_2"/>
                </vertices>
                <polylist count="28" material="Material1">
                    <input offset="0" semantic="VERTEX" source="#verticesMesh56_2"/>
                    <input offset="1" semantic="TEXCOORD" source="#uvsMesh56_2" set="0"/>
                    <input offset="2" semantic="COLOR" source="#colorsMesh56_2" set="0"/>
                    <vcount>3 3 3 3 3 3 3 3 3 3 3 3 3 3 3 3 3 3 3 3 3 3 3 3 3 3 3 3</vcount>
                    <p>0 0 0 1 1 1 2 2 2 3 3 3 4 4 4 5 5 5 5 5 5 6 6 6 7 7 7 5 5 5 8 8 8 6 6 6 3 3 3 5 5 5 7 7 7 9 9 9 0 0 0 2 2 2 9 9 9 10 10 10 0 0 0 10 10 10 11 11 11 0 0 0 10 10 10 12 12 12 11 11 11 13 13 13 14 14 14 15 15 15 16 16 16 1 1 1 0 0 0 17 17 17 18 18 18 1 1 1 16 16 16 17 17 17 1 1 1 1 1 1 19 19 19 2 2 2 9 9 9 15 15 15 10 10 10 14 14 14 10 10 10 15 15 15 15 15 15 9 9 9 20 20 20 13 13 13 15 15 15 21 21 21 22 22 22 23 23 23 24 24 24 22 22 22 24 24 24 25 25 25 23 23 23 26 26 26 27 27 27 23 23 23 27 27 27 24 24 24 25 25 25 13 13 13 21 21 21 17 17 17 22 22 22 18 18 18 21 21 21 28 28 28 18 18 18 21 21 21 29 29 29 28 28 28 20 20 20 30 30 30 15 15 15 19 19 19 1 1 1 31 31 31</p>
                </polylist>
            </mesh>
        </geometry>
        <geometry id="meshMesh57_1">
            <mesh>
                <source id="pointsMesh57_1">
                    <float_array id="pointarrayMesh57_1" count="408">-2021 307 -1740 -2021 0 -1125 -2021 307 -1125 -2021 0 -1740 -2585 0 -1740 -2585 307 -1125 -2585 0 -1125 -2585 307 -1740 -2533 -153 -2991 -2021 -409 -2991 -2533 -409 -2991 -2021 -153 -2991 -2046 -153 -2940 -1919 -153 -2866 -2687 -303 -3238 -2688 -409 -3239 -2687 -409 -3634 -2509 -153 -2940 -2046 -204 -2940 -1959 -153 -2834 -2596 -153 -2834 -2636 -153 -2866 -2509 -204 -2940 -2533 -409 -2991 -2533 -237 -2991 -2431 -204 -2047 -2431 -204 -2277 -2431 -127 -2277 -2021 -409 -2991 -1868 -303 -3238 -1867 -409 -3239 -2021 -237 -2991 -1868 -409 -3634 -2124 -204 -2047 -2124 -127 -2226 -2124 51 -2047 -2124 -127 -2277 -2124 -204 -2277 -2431 -127 -2226 -2431 51 -2047 -2482 -127 -2277 -2482 -204 -2277 -2482 -204 -2047 -2482 -127 -2226 -2482 51 -2047 -2175 -204 -2047 -2175 -127 -2226 -2175 -127 -2277 -2175 -204 -2277 -2175 51 -2047 -2175 51 -1996 -2636 -204 -1740 -2636 51 -1740 -1970 51 -1740 -1970 -204 -1740 -2175 0 -1996 -2175 0 -2047 -2153 51 -1996 -2431 0 -2047 -2431 51 -1996 -2431 0 -1996 -2453 51 -1996 -2585 51 -1740 -2453 0 -1996 -2153 0 -1996 -2021 0 -1740 -2021 51 -1740 -2585 307 -1125 -2482 410 -1125 -2124 410 -1125 -2585 0 -1740 -2585 0 -1125 -2380 256 -1125 -2226 256 -1125 -2021 307 -1125 -2380 256 -1074 -2380 0 -1074 -2380 0 -1125 -2021 0 -1125 -2226 0 -1125 -2380 0 -1125 -2226 256 -1074 -2380 256 -1074 -2380 256 -1125 -2124 410 -1740 -2482 410 -1125 -2482 410 -1740 -2226 256 -1125 -2226 0 -1125 -2226 0 -1074 -2226 256 -1074 -2380 0 -1074 -2226 0 -1074 -2124 410 -1125 -2124 410 -1740 -2175 0 -1996 -2153 51 -1996 -2175 51 -1996 -2124 410 -1125 -2482 410 -1740 -2482 410 -1125 -2453 51 -1996 -2431 0 -1996 -2431 51 -1996 -2453 0 -1996 -2153 0 -1996 -2636 -153 -2866 -2636 -204 -2866 -2596 -204 -2834 -1959 -153 -2834 -1919 -204 -2866 -1919 -153 -2866 -2021 -153 -2991 -1959 -204 -2834 -2046 -153 -2940 -2046 -204 -2940 -2533 -153 -2991 -2431 -204 -2277 -2482 -204 -2277 -2482 -127 -2277 -2596 -153 -2834 -2509 -204 -2940 -2509 -153 -2940 -2431 -127 -2277 -2482 -127 -2226 -2431 -127 -2226 -2482 51 -2047 -2431 51 -2047 -2124 -127 -2277 -2175 -127 -2226 -2124 -127 -2226 -2175 51 -2047 -2124 51 -2047 -2175 -127 -2277 -2124 -204 -2277 -2175 -204 -2277</float_array>
                    <technique_common>
                        <accessor count="136" source="#pointarrayMesh57_1" stride="3">
                            <param name="X" type="float"/>
                            <param name="Y" type="float"/>
                            <param name="Z" type="float"/>
                        </accessor>
                    </technique_common>
                </source>
                <source id="uvsMesh57_1">
                    <float_array id="uvarrayMesh57_1" count="272">-5.01953125 3.02734375 0.966796875 0.033203125 0.966796875 3.02734375 -5.01953125 0.033203125 -5.01953125 0.033203125 0.966796875 3.02734375 0.966796875 0.033203125 -5.01953125 3.02734375 4.958984375 2.52734375 0 0.033203125 4.958984375 0.033203125 0 2.529296875 0.205078125 2.529296875 -1.02734375 2.529296875 3.826171875 1.0625 3.81640625 0.033203125 0 0.033203125 4.72265625 2.52734375 0.205078125 2.029296875 -0.640625 2.529296875 5.5703125 2.529296875 5.95703125 2.529296875 4.72265625 2.029296875 6.236328125 0.033203125 6.236328125 1.705078125 -1.525390625 0.033203125 -3.771484375 0.033203125 -3.771484375 0.78125 6.236328125 0.033203125 3.826171875 1.0625 3.81640625 0.033203125 6.236328125 1.705078125 0 0.033203125 -1.525390625 0.033203125 -3.2734375 0.78125 -1.525390625 2.52734375 -3.771484375 0.78125 -3.771484375 0.033203125 -3.2734375 0.78125 -1.525390625 2.52734375 -3.771484375 0.78125 -3.771484375 0.033203125 -1.525390625 0.033203125 -3.2734375 0.78125 -1.525390625 2.52734375 -1.525390625 0.033203125 -3.2734375 0.78125 -3.771484375 0.78125 -3.771484375 0.033203125 -1.525390625 2.52734375 -1.02734375 2.52734375 0.966796875 0.033203125 0.966796875 2.52734375 0.966796875 2.52734375 0.966796875 0.033203125 -1.02734375 2.029296875 -1.525390625 2.029296875 -1.02734375 2.52734375 -1.525390625 2.029296875 -1.02734375 2.52734375 -1.02734375 2.029296875 -1.02734375 2.52734375 1.10546875 2.52734375 -1.02734375 2.029296875 -1.02734375 2.029296875 1.10546875 2.029296875 1.10546875 2.52734375 4.4609375 0.033203125 3.462890625 1 0 1 1.10546875 2.029296875 4.4609375 -2.958984375 2.46484375 -0.46484375 0.966796875 -0.46484375 -1.02734375 0.033203125 -0.52734375 2.529296875 -0.529296875 0.033203125 0 0.033203125 -1.02734375 -2.958984375 0.966796875 -2.958984375 2.46484375 -2.958984375 0.966796875 -0.46484375 2.46484375 -0.46484375 0 2.529296875 0 -0.962890625 5.95703125 1 0 1 0 2.529296875 0 0.033203125 -0.529296875 0.033203125 -0.52734375 2.529296875 2.46484375 -2.958984375 0.966796875 -2.958984375 0.966796875 4.025390625 -5.01953125 4.025390625 0 2.029296875 -0.24609375 2.529296875 0 2.529296875 5.95703125 -0.962890625 -5.01953125 4.025390625 0.966796875 4.025390625 2.6796875 2.529296875 2.462890625 2.029296875 2.462890625 2.529296875 2.6796875 2.029296875 -0.24609375 2.029296875 7.453125 2.529296875 7.453125 2.029296875 7.771484375 2.029296875 7.771484375 2.529296875 7.453125 2.029296875 7.453125 2.529296875 6.236328125 2.529296875 7.771484375 2.029296875 6.736328125 2.529296875 6.736328125 2.029296875 6.236328125 2.529296875 2.46484375 0.033203125 2.962890625 0.033203125 2.962890625 0.78125 7.771484375 2.529296875 6.736328125 2.029296875 6.736328125 2.52734375 2.46484375 0.78125 2.962890625 0.78125 2.46484375 0.78125 2.962890625 2.529296875 2.46484375 2.529296875 -0.529296875 0.78125 0 0.78125 -0.529296875 0.78125 0 2.529296875 -0.529296875 2.529296875 0 0.78125 -0.52734375 0.033203125 0 0.033203125</float_array>
                    <technique_common>
                        <accessor count="136" source="#uvarrayMesh57_1" stride="2">
                            <param name="S" type="float"/>
                            <param name="T" type="float"/>
                        </accessor>
                    </technique_common>
                </source>
                <vertices id="verticesMesh57_1">
                    <input semantic="POSITION" source="#pointsMesh57_1"/>
                </vertices>
                <polylist count="102" material="Material1">
                    <input offset="0" semantic="VERTEX" source="#verticesMesh57_1"/>
                    <input offset="1" semantic="TEXCOORD" source="#uvsMesh57_1" set="0"/>
                    <vcount>3 3 3 3 3 3 3 3 3 3 3 3 3 3 3 3 3 3 3 3 3 3 3 3 3 3 3 3 3 3 3 3 3 3 3 3 3 3 3 3 3 3 3 3 3 3 3 3 3 3 3 3 3 3 3 3 3 3 3 3 3 3 3 3 3 3 3 3 3 3 3 3 3 3 3 3 3 3 3 3 3 3 3 3 3 3 3 3 3 3 3 3 3 3 3 3 3 3 3 3 3 3</vcount>
                    <p>0 0 1 1 2 2 0 0 3 3 1 1 4 4 5 5 6 6 4 4 7 7 5 5 8 8 9 9 10 10 8 8 11 11 9 9 11 11 12 12 13 13 8 8 12 12 11 11 14 14 15 15 16 16 17 17 18 18 12 12 12 12 19 19 13 13 8 8 17 17 12 12 20 20 17 17 8 8 21 21 20 20 8 8 17 17 22 22 18 18 14 14 23 23 15 15 14 14 24 24 23 23 25 25 26 26 27 27 28 28 29 29 30 30 28 28 31 31 29 29 32 32 30 30 29 29 33 33 34 34 35 35 33 33 36 36 34 34 33 33 37 37 36 36 25 25 38 38 39 39 25 25 27 27 38 38 40 40 41 41 42 42 42 42 43 43 40 40 42 42 44 44 43 43 45 45 46 46 47 47 47 47 48 48 45 45 45 45 49 49 46 46 50 50 35 35 49 49 44 44 51 51 52 52 44 44 42 42 51 51 53 53 54 54 33 33 53 53 33 33 35 35 49 49 55 55 50 50 49 49 56 56 55 55 50 50 57 57 35 35 58 58 59 59 60 60 58 58 39 39 59 59 44 44 59 59 39 39 44 44 61 61 59 59 52 52 61 61 44 44 62 62 63 63 61 61 52 52 62 62 61 61 57 57 64 64 65 65 57 57 65 65 66 66 35 35 57 57 66 66 67 67 68 68 69 69 35 35 66 66 53 53 62 62 70 70 63 63 71 71 67 67 72 72 67 67 73 73 72 72 67 67 74 74 73 73 67 67 69 69 74 74 75 75 76 76 77 77 74 74 78 78 73 73 78 78 79 79 73 73 80 80 71 71 72 72 81 81 72 72 73 73 81 81 82 82 72 72 75 75 77 77 83 83 84 84 85 85 86 86 87 87 88 88 89 89 87 87 89 89 90 90 91 91 92 92 79 79 91 91 79 79 80 80 0 0 93 93 94 94 0 0 2 2 93 93 95 95 96 96 97 97 84 84 98 98 85 85 99 99 5 5 7 7 99 99 100 100 5 5 101 101 102 102 103 103 101 101 104 104 102 102 95 95 105 105 96 96 106 106 107 107 108 108 109 109 110 110 111 111 111 111 31 31 112 112 111 111 110 110 31 31 109 109 113 113 110 110 114 114 113 113 109 109 114 114 115 115 113 113 116 116 107 107 106 106 116 116 24 24 107 107 117 117 118 118 119 119 106 106 108 108 120 120 120 120 121 121 122 122 120 120 108 108 121 121 123 123 124 124 125 125 125 125 126 126 127 127 125 125 124 124 126 126 123 123 119 119 124 124 117 117 119 119 123 123 128 128 129 129 130 130 130 130 131 131 132 132 130 130 129 129 131 131 128 128 133 133 129 129 134 134 133 133 128 128 134 134 135 135 133 133</p>
                </polylist>
            </mesh>
        </geometry>
        <geometry id="meshMesh57_2">
            <mesh>
                <source id="pointsMesh57_2">
                    <float_array id="pointarrayMesh57_2" count="408">-2021 307 -1740 -2021 0 -1125 -2021 307 -1125 -2021 0 -1740 -2585 0 -1740 -2585 307 -1125 -2585 0 -1125 -2585 307 -1740 -2533 -153 -2991 -2021 -409 -2991 -2533 -409 -2991 -2021 -153 -2991 -2046 -153 -2940 -1919 -153 -2866 -2687 -303 -3238 -2688 -409 -3239 -2687 -409 -3634 -2509 -153 -2940 -2046 -204 -2940 -1959 -153 -2834 -2596 -153 -2834 -2636 -153 -2866 -2509 -204 -2940 -2533 -409 -2991 -2533 -237 -2991 -2431 -204 -2047 -2431 -204 -2277 -2431 -127 -2277 -2021 -409 -2991 -1868 -303 -3238 -1867 -409 -3239 -2021 -237 -2991 -1868 -409 -3634 -2124 -204 -2047 -2124 -127 -2226 -2124 51 -2047 -2124 -127 -2277 -2124 -204 -2277 -2431 -127 -2226 -2431 51 -2047 -2482 -127 -2277 -2482 -204 -2277 -2482 -204 -2047 -2482 -127 -2226 -2482 51 -2047 -2175 -204 -2047 -2175 -127 -2226 -2175 -127 -2277 -2175 -204 -2277 -2175 51 -2047 -2175 51 -1996 -2636 -204 -1740 -2636 51 -1740 -1970 51 -1740 -1970 -204 -1740 -2175 0 -1996 -2175 0 -2047 -2153 51 -1996 -2431 0 -2047 -2431 51 -1996 -2431 0 -1996 -2453 51 -1996 -2585 51 -1740 -2453 0 -1996 -2153 0 -1996 -2021 0 -1740 -2021 51 -1740 -2585 307 -1125 -2482 410 -1125 -2124 410 -1125 -2585 0 -1740 -2585 0 -1125 -2380 256 -1125 -2226 256 -1125 -2021 307 -1125 -2380 256 -1074 -2380 0 -1074 -2380 0 -1125 -2021 0 -1125 -2226 0 -1125 -2380 0 -1125 -2226 256 -1074 -2380 256 -1074 -2380 256 -1125 -2124 410 -1740 -2482 410 -1125 -2482 410 -1740 -2226 256 -1125 -2226 0 -1125 -2226 0 -1074 -2226 256 -1074 -2380 0 -1074 -2226 0 -1074 -2124 410 -1125 -2124 410 -1740 -2175 0 -1996 -2153 51 -1996 -2175 51 -1996 -2124 410 -1125 -2482 410 -1740 -2482 410 -1125 -2453 51 -1996 -2431 0 -1996 -2431 51 -1996 -2453 0 -1996 -2153 0 -1996 -2636 -153 -2866 -2636 -204 -2866 -2596 -204 -2834 -1959 -153 -2834 -1919 -204 -2866 -1919 -153 -2866 -2021 -153 -2991 -1959 -204 -2834 -2046 -153 -2940 -2046 -204 -2940 -2533 -153 -2991 -2431 -204 -2277 -2482 -204 -2277 -2482 -127 -2277 -2596 -153 -2834 -2509 -204 -2940 -2509 -153 -2940 -2431 -127 -2277 -2482 -127 -2226 -2431 -127 -2226 -2482 51 -2047 -2431 51 -2047 -2124 -127 -2277 -2175 -127 -2226 -2124 -127 -2226 -2175 51 -2047 -2124 51 -2047 -2175 -127 -2277 -2124 -204 -2277 -2175 -204 -2277</float_array>
                    <technique_common>
                        <accessor count="136" source="#pointarrayMesh57_2" stride="3">
                            <param name="X" type="float"/>
                            <param name="Y" type="float"/>
                            <param name="Z" type="float"/>
                        </accessor>
                    </technique_common>
                </source>
                <source id="uvsMesh57_2">
                    <float_array id="uvarrayMesh57_2" count="272">-5.01953125 3.02734375 0.966796875 0.033203125 0.966796875 3.02734375 -5.01953125 0.033203125 -5.01953125 0.033203125 0.966796875 3.02734375 0.966796875 0.033203125 -5.01953125 3.02734375 4.958984375 2.52734375 0 0.033203125 4.958984375 0.033203125 0 2.529296875 0.205078125 2.529296875 -1.02734375 2.529296875 3.826171875 1.0625 3.81640625 0.033203125 0 0.033203125 4.72265625 2.52734375 0.205078125 2.029296875 -0.640625 2.529296875 5.5703125 2.529296875 5.95703125 2.529296875 4.72265625 2.029296875 6.236328125 0.033203125 6.236328125 1.705078125 -1.525390625 0.033203125 -3.771484375 0.033203125 -3.771484375 0.78125 6.236328125 0.033203125 3.826171875 1.0625 3.81640625 0.033203125 6.236328125 1.705078125 0 0.033203125 -1.525390625 0.033203125 -3.2734375 0.78125 -1.525390625 2.52734375 -3.771484375 0.78125 -3.771484375 0.033203125 -3.2734375 0.78125 -1.525390625 2.52734375 -3.771484375 0.78125 -3.771484375 0.033203125 -1.525390625 0.033203125 -3.2734375 0.78125 -1.525390625 2.52734375 -1.525390625 0.033203125 -3.2734375 0.78125 -3.771484375 0.78125 -3.771484375 0.033203125 -1.525390625 2.52734375 -1.02734375 2.52734375 0.966796875 0.033203125 0.966796875 2.52734375 0.966796875 2.52734375 0.966796875 0.033203125 -1.02734375 2.029296875 -1.525390625 2.029296875 -1.02734375 2.52734375 -1.525390625 2.029296875 -1.02734375 2.52734375 -1.02734375 2.029296875 -1.02734375 2.52734375 1.10546875 2.52734375 -1.02734375 2.029296875 -1.02734375 2.029296875 1.10546875 2.029296875 1.10546875 2.52734375 4.4609375 0.033203125 3.462890625 1 0 1 1.10546875 2.029296875 4.4609375 -2.958984375 2.46484375 -0.46484375 0.966796875 -0.46484375 -1.02734375 0.033203125 -0.52734375 2.529296875 -0.529296875 0.033203125 0 0.033203125 -1.02734375 -2.958984375 0.966796875 -2.958984375 2.46484375 -2.958984375 0.966796875 -0.46484375 2.46484375 -0.46484375 0 2.529296875 0 -0.962890625 5.95703125 1 0 1 0 2.529296875 0 0.033203125 -0.529296875 0.033203125 -0.52734375 2.529296875 2.46484375 -2.958984375 0.966796875 -2.958984375 0.966796875 4.025390625 -5.01953125 4.025390625 0 2.029296875 -0.24609375 2.529296875 0 2.529296875 5.95703125 -0.962890625 -5.01953125 4.025390625 0.966796875 4.025390625 2.6796875 2.529296875 2.462890625 2.029296875 2.462890625 2.529296875 2.6796875 2.029296875 -0.24609375 2.029296875 7.453125 2.529296875 7.453125 2.029296875 7.771484375 2.029296875 7.771484375 2.529296875 7.453125 2.029296875 7.453125 2.529296875 6.236328125 2.529296875 7.771484375 2.029296875 6.736328125 2.529296875 6.736328125 2.029296875 6.236328125 2.529296875 2.46484375 0.033203125 2.962890625 0.033203125 2.962890625 0.78125 7.771484375 2.529296875 6.736328125 2.029296875 6.736328125 2.52734375 2.46484375 0.78125 2.962890625 0.78125 2.46484375 0.78125 2.962890625 2.529296875 2.46484375 2.529296875 -0.529296875 0.78125 0 0.78125 -0.529296875 0.78125 0 2.529296875 -0.529296875 2.529296875 0 0.78125 -0.52734375 0.033203125 0 0.033203125</float_array>
                    <technique_common>
                        <accessor count="136" source="#uvarrayMesh57_2" stride="2">
                            <param name="S" type="float"/>
                            <param name="T" type="float"/>
                        </accessor>
                    </technique_common>
                </source>
                <source id="colorsMesh57_2">
                    <float_array id="colorarrayMesh57_2" count="544">0.37254901960784315 0.37254901960784315 0.37254901960784315 1 0.37254901960784315 0.37254901960784315 0.37254901960784315 1 0.37254901960784315 0.37254901960784315 0.37254901960784315 1 0.37254901960784315 0.37254901960784315 0.37254901960784315 1 0.37254901960784315 0.37254901960784315 0.37254901960784315 1 0.37254901960784315 0.37254901960784315 0.37254901960784315 1 0.37254901960784315 0.37254901960784315 0.37254901960784315 1 0.37254901960784315 0.37254901960784315 0.37254901960784315 1 0.37254901960784315 0.37254901960784315 0.37254901960784315 1 0.37254901960784315 0.37254901960784315 0.37254901960784315 1 0.37254901960784315 0.37254901960784315 0.37254901960784315 1 0.37254901960784315 0.37254901960784315 0.37254901960784315 1 0.37254901960784315 0.37254901960784315 0.37254901960784315 1 0.37254901960784315 0.37254901960784315 0.37254901960784315 1 0.37254901960784315 0.37254901960784315 0.37254901960784315 1 0.37254901960784315 0.37254901960784315 0.37254901960784315 1 0.37254901960784315 0.37254901960784315 0.37254901960784315 1 0.37254901960784315 0.37254901960784315 0.37254901960784315 1 0.37254901960784315 0.37254901960784315 0.37254901960784315 1 0.37254901960784315 0.37254901960784315 0.37254901960784315 1 0.37254901960784315 0.37254901960784315 0.37254901960784315 1 0.37254901960784315 0.37254901960784315 0.37254901960784315 1 0.37254901960784315 0.37254901960784315 0.37254901960784315 1 0.37254901960784315 0.37254901960784315 0.37254901960784315 1 0.37254901960784315 0.37254901960784315 0.37254901960784315 1 0.37254901960784315 0.37254901960784315 0.37254901960784315 1 0.37254901960784315 0.37254901960784315 0.37254901960784315 1 0.37254901960784315 0.37254901960784315 0.37254901960784315 1 0.37254901960784315 0.37254901960784315 0.37254901960784315 1 0.37254901960784315 0.37254901960784315 0.37254901960784315 1 0.37254901960784315 0.37254901960784315 0.37254901960784315 1 0.37254901960784315 0.37254901960784315 0.37254901960784315 1 0.37254901960784315 0.37254901960784315 0.37254901960784315 1 0.37254901960784315 0.37254901960784315 0.37254901960784315 1 0.37254901960784315 0.37254901960784315 0.37254901960784315 1 0.37254901960784315 0.37254901960784315 0.37254901960784315 1 0.37254901960784315 0.37254901960784315 0.37254901960784315 1 0.37254901960784315 0.37254901960784315 0.37254901960784315 1 0.37254901960784315 0.37254901960784315 0.37254901960784315 1 0.37254901960784315 0.37254901960784315 0.37254901960784315 1 0.37254901960784315 0.37254901960784315 0.37254901960784315 1 0.37254901960784315 0.37254901960784315 0.37254901960784315 1 0.37254901960784315 0.37254901960784315 0.37254901960784315 1 0.37254901960784315 0.37254901960784315 0.37254901960784315 1 0.37254901960784315 0.37254901960784315 0.37254901960784315 1 0.37254901960784315 0.37254901960784315 0.37254901960784315 1 0.37254901960784315 0.37254901960784315 0.37254901960784315 1 0.37254901960784315 0.37254901960784315 0.37254901960784315 1 0.37254901960784315 0.37254901960784315 0.37254901960784315 1 0.37254901960784315 0.37254901960784315 0.37254901960784315 1 0.37254901960784315 0.37254901960784315 0.37254901960784315 1 0.37254901960784315 0.37254901960784315 0.37254901960784315 1 0.37254901960784315 0.37254901960784315 0.37254901960784315 1 0.37254901960784315 0.37254901960784315 0.37254901960784315 1 0.37254901960784315 0.37254901960784315 0.37254901960784315 1 0.37254901960784315 0.37254901960784315 0.37254901960784315 1 0.37254901960784315 0.37254901960784315 0.37254901960784315 1 0.37254901960784315 0.37254901960784315 0.37254901960784315 1 0.37254901960784315 0.37254901960784315 0.37254901960784315 1 0.37254901960784315 0.37254901960784315 0.37254901960784315 1 0.37254901960784315 0.37254901960784315 0.37254901960784315 1 0.37254901960784315 0.37254901960784315 0.37254901960784315 1 0.37254901960784315 0.37254901960784315 0.37254901960784315 1 0.37254901960784315 0.37254901960784315 0.37254901960784315 1 0.37254901960784315 0.37254901960784315 0.37254901960784315 1 0.37254901960784315 0.37254901960784315 0.37254901960784315 1 0.37254901960784315 0.37254901960784315 0.37254901960784315 1 0.37254901960784315 0.37254901960784315 0.37254901960784315 1 0.37254901960784315 0.37254901960784315 0.37254901960784315 1 0.37254901960784315 0.37254901960784315 0.37254901960784315 1 0.37254901960784315 0.37254901960784315 0.37254901960784315 1 0.37254901960784315 0.37254901960784315 0.37254901960784315 1 0.37254901960784315 0.37254901960784315 0.37254901960784315 1 0.37254901960784315 0.37254901960784315 0.37254901960784315 1 0.37254901960784315 0.37254901960784315 0.37254901960784315 1 0.37254901960784315 0.37254901960784315 0.37254901960784315 1 0.37254901960784315 0.37254901960784315 0.37254901960784315 1 0.37254901960784315 0.37254901960784315 0.37254901960784315 1 0.37254901960784315 0.37254901960784315 0.37254901960784315 1 0.37254901960784315 0.37254901960784315 0.37254901960784315 1 0.37254901960784315 0.37254901960784315 0.37254901960784315 1 0.37254901960784315 0.37254901960784315 0.37254901960784315 1 0.37254901960784315 0.37254901960784315 0.37254901960784315 1 0.37254901960784315 0.37254901960784315 0.37254901960784315 1 0.37254901960784315 0.37254901960784315 0.37254901960784315 1 0.37254901960784315 0.37254901960784315 0.37254901960784315 1 0.37254901960784315 0.37254901960784315 0.37254901960784315 1 0.37254901960784315 0.37254901960784315 0.37254901960784315 1 0.37254901960784315 0.37254901960784315 0.37254901960784315 1 0.37254901960784315 0.37254901960784315 0.37254901960784315 1 0.37254901960784315 0.37254901960784315 0.37254901960784315 1 0.37254901960784315 0.37254901960784315 0.37254901960784315 1 0.37254901960784315 0.37254901960784315 0.37254901960784315 1 0.37254901960784315 0.37254901960784315 0.37254901960784315 1 0.37254901960784315 0.37254901960784315 0.37254901960784315 1 0.37254901960784315 0.37254901960784315 0.37254901960784315 1 0.37254901960784315 0.37254901960784315 0.37254901960784315 1 0.37254901960784315 0.37254901960784315 0.37254901960784315 1 0.37254901960784315 0.37254901960784315 0.37254901960784315 1 0.37254901960784315 0.37254901960784315 0.37254901960784315 1 0.37254901960784315 0.37254901960784315 0.37254901960784315 1 0.37254901960784315 0.37254901960784315 0.37254901960784315 1 0.37254901960784315 0.37254901960784315 0.37254901960784315 1 0.37254901960784315 0.37254901960784315 0.37254901960784315 1 0.37254901960784315 0.37254901960784315 0.37254901960784315 1 0.37254901960784315 0.37254901960784315 0.37254901960784315 1 0.37254901960784315 0.37254901960784315 0.37254901960784315 1 0.37254901960784315 0.37254901960784315 0.37254901960784315 1 0.37254901960784315 0.37254901960784315 0.37254901960784315 1 0.37254901960784315 0.37254901960784315 0.37254901960784315 1 0.37254901960784315 0.37254901960784315 0.37254901960784315 1 0.37254901960784315 0.37254901960784315 0.37254901960784315 1 0.37254901960784315 0.37254901960784315 0.37254901960784315 1 0.37254901960784315 0.37254901960784315 0.37254901960784315 1 0.37254901960784315 0.37254901960784315 0.37254901960784315 1 0.37254901960784315 0.37254901960784315 0.37254901960784315 1 0.37254901960784315 0.37254901960784315 0.37254901960784315 1 0.37254901960784315 0.37254901960784315 0.37254901960784315 1 0.37254901960784315 0.37254901960784315 0.37254901960784315 1 0.37254901960784315 0.37254901960784315 0.37254901960784315 1 0.37254901960784315 0.37254901960784315 0.37254901960784315 1 0.37254901960784315 0.37254901960784315 0.37254901960784315 1 0.37254901960784315 0.37254901960784315 0.37254901960784315 1 0.37254901960784315 0.37254901960784315 0.37254901960784315 1 0.37254901960784315 0.37254901960784315 0.37254901960784315 1 0.37254901960784315 0.37254901960784315 0.37254901960784315 1 0.37254901960784315 0.37254901960784315 0.37254901960784315 1 0.37254901960784315 0.37254901960784315 0.37254901960784315 1 0.37254901960784315 0.37254901960784315 0.37254901960784315 1 0.37254901960784315 0.37254901960784315 0.37254901960784315 1 0.37254901960784315 0.37254901960784315 0.37254901960784315 1 0.37254901960784315 0.37254901960784315 0.37254901960784315 1 0.37254901960784315 0.37254901960784315 0.37254901960784315 1 0.37254901960784315 0.37254901960784315 0.37254901960784315 1 0.37254901960784315 0.37254901960784315 0.37254901960784315 1 0.37254901960784315 0.37254901960784315 0.37254901960784315 1</float_array>
                    <technique_common>
                        <accessor count="136" source="#colorarrayMesh57_2" stride="4">
                            <param name="R" type="float"/>
                            <param name="G" type="float"/>
                            <param name="B" type="float"/>
                            <param name="A" type="float"/>
                        </accessor>
                    </technique_common>
                </source>
                <vertices id="verticesMesh57_2">
                    <input semantic="POSITION" source="#pointsMesh57_2"/>
                </vertices>
                <polylist count="102" material="Material1">
                    <input offset="0" semantic="VERTEX" source="#verticesMesh57_2"/>
                    <input offset="1" semantic="TEXCOORD" source="#uvsMesh57_2" set="0"/>
                    <input offset="2" semantic="COLOR" source="#colorsMesh57_2" set="0"/>
                    <vcount>3 3 3 3 3 3 3 3 3 3 3 3 3 3 3 3 3 3 3 3 3 3 3 3 3 3 3 3 3 3 3 3 3 3 3 3 3 3 3 3 3 3 3 3 3 3 3 3 3 3 3 3 3 3 3 3 3 3 3 3 3 3 3 3 3 3 3 3 3 3 3 3 3 3 3 3 3 3 3 3 3 3 3 3 3 3 3 3 3 3 3 3 3 3 3 3 3 3 3 3 3 3</vcount>
                    <p>0 0 0 1 1 1 2 2 2 0 0 0 3 3 3 1 1 1 4 4 4 5 5 5 6 6 6 4 4 4 7 7 7 5 5 5 8 8 8 9 9 9 10 10 10 8 8 8 11 11 11 9 9 9 11 11 11 12 12 12 13 13 13 8 8 8 12 12 12 11 11 11 14 14 14 15 15 15 16 16 16 17 17 17 18 18 18 12 12 12 12 12 12 19 19 19 13 13 13 8 8 8 17 17 17 12 12 12 20 20 20 17 17 17 8 8 8 21 21 21 20 20 20 8 8 8 17 17 17 22 22 22 18 18 18 14 14 14 23 23 23 15 15 15 14 14 14 24 24 24 23 23 23 25 25 25 26 26 26 27 27 27 28 28 28 29 29 29 30 30 30 28 28 28 31 31 31 29 29 29 32 32 32 30 30 30 29 29 29 33 33 33 34 34 34 35 35 35 33 33 33 36 36 36 34 34 34 33 33 33 37 37 37 36 36 36 25 25 25 38 38 38 39 39 39 25 25 25 27 27 27 38 38 38 40 40 40 41 41 41 42 42 42 42 42 42 43 43 43 40 40 40 42 42 42 44 44 44 43 43 43 45 45 45 46 46 46 47 47 47 47 47 47 48 48 48 45 45 45 45 45 45 49 49 49 46 46 46 50 50 50 35 35 35 49 49 49 44 44 44 51 51 51 52 52 52 44 44 44 42 42 42 51 51 51 53 53 53 54 54 54 33 33 33 53 53 53 33 33 33 35 35 35 49 49 49 55 55 55 50 50 50 49 49 49 56 56 56 55 55 55 50 50 50 57 57 57 35 35 35 58 58 58 59 59 59 60 60 60 58 58 58 39 39 39 59 59 59 44 44 44 59 59 59 39 39 39 44 44 44 61 61 61 59 59 59 52 52 52 61 61 61 44 44 44 62 62 62 63 63 63 61 61 61 52 52 52 62 62 62 61 61 61 57 57 57 64 64 64 65 65 65 57 57 57 65 65 65 66 66 66 35 35 35 57 57 57 66 66 66 67 67 67 68 68 68 69 69 69 35 35 35 66 66 66 53 53 53 62 62 62 70 70 70 63 63 63 71 71 71 67 67 67 72 72 72 67 67 67 73 73 73 72 72 72 67 67 67 74 74 74 73 73 73 67 67 67 69 69 69 74 74 74 75 75 75 76 76 76 77 77 77 74 74 74 78 78 78 73 73 73 78 78 78 79 79 79 73 73 73 80 80 80 71 71 71 72 72 72 81 81 81 72 72 72 73 73 73 81 81 81 82 82 82 72 72 72 75 75 75 77 77 77 83 83 83 84 84 84 85 85 85 86 86 86 87 87 87 88 88 88 89 89 89 87 87 87 89 89 89 90 90 90 91 91 91 92 92 92 79 79 79 91 91 91 79 79 79 80 80 80 0 0 0 93 93 93 94 94 94 0 0 0 2 2 2 93 93 93 95 95 95 96 96 96 97 97 97 84 84 84 98 98 98 85 85 85 99 99 99 5 5 5 7 7 7 99 99 99 100 100 100 5 5 5 101 101 101 102 102 102 103 103 103 101 101 101 104 104 104 102 102 102 95 95 95 105 105 105 96 96 96 106 106 106 107 107 107 108 108 108 109 109 109 110 110 110 111 111 111 111 111 111 31 31 31 112 112 112 111 111 111 110 110 110 31 31 31 109 109 109 113 113 113 110 110 110 114 114 114 113 113 113 109 109 109 114 114 114 115 115 115 113 113 113 116 116 116 107 107 107 106 106 106 116 116 116 24 24 24 107 107 107 117 117 117 118 118 118 119 119 119 106 106 106 108 108 108 120 120 120 120 120 120 121 121 121 122 122 122 120 120 120 108 108 108 121 121 121 123 123 123 124 124 124 125 125 125 125 125 125 126 126 126 127 127 127 125 125 125 124 124 124 126 126 126 123 123 123 119 119 119 124 124 124 117 117 117 119 119 119 123 123 123 128 128 128 129 129 129 130 130 130 130 130 130 131 131 131 132 132 132 130 130 130 129 129 129 131 131 131 128 128 128 133 133 133 129 129 129 134 134 134 133 133 133 128 128 128 134 134 134 135 135 135 133 133 133</p>
                </polylist>
            </mesh>
        </geometry>
        <geometry id="meshMesh58_1">
            <mesh>
                <source id="pointsMesh58_1">
                    <float_array id="pointarrayMesh58_1" count="123">-3097 -409 -3634 -3046 -306 -3723 -3046 307 -3723 -1509 410 -3634 -1560 -306 -3723 -1509 -409 -3634 -1560 307 -3723 -1865 307 -4257 -1919 410 -4351 -1919 -409 -4351 -1865 -306 -4257 -2687 -409 -4351 -3097 410 -3634 -1996 -306 -4351 -2610 -306 -4351 -1919 -409 -4351 -2741 -306 -4257 -2687 410 -4351 -2741 307 -4257 -2687 -409 -4351 -2610 307 -4351 -2687 410 -4351 -1970 51 -1740 -2021 51 -1740 -2021 307 -1740 -1919 410 -4351 -1996 307 -4351 -2585 307 -1740 -2585 51 -1740 -2636 51 -1740 -3097 410 -1740 -2636 -204 -1740 -3097 -204 -1740 -3097 410 -1740 -1509 -204 -1740 -1509 410 -1740 -1970 -204 -1740 -2482 410 -1740 -2124 410 -1740 -3097 -409 -1740 -1509 -409 -1740</float_array>
                    <technique_common>
                        <accessor count="41" source="#pointarrayMesh58_1" stride="3">
                            <param name="X" type="float"/>
                            <param name="Y" type="float"/>
                            <param name="Z" type="float"/>
                        </accessor>
                    </technique_common>
                </source>
                <source id="uvsMesh58_1">
                    <float_array id="uvarrayMesh58_1" count="82">4.583984375 0.017578125 4.80078125 0.142578125 4.80078125 0.890625 4.583984375 1 4.80078125 0.142578125 4.583984375 0.017578125 4.80078125 0.890625 6.1015625 0.890625 6.33203125 1 6.33203125 0.017578125 6.1015625 0.142578125 6.33203125 0.017578125 4.583984375 1 1.65234375 0.142578125 0.15625 0.142578125 1.83984375 0.017578125 6.1015625 0.142578125 6.33203125 1 6.1015625 0.890625 0 0.017578125 0.15625 0.890625 0 1 1.091796875 0.578125 1.216796875 0.578125 1.216796875 0.890625 1.83984375 1 1.65234375 0.890625 2.587890625 0.890625 2.587890625 0.578125 2.712890625 0.578125 3.8359375 1 2.712890625 0.267578125 3.8359375 0.267578125 0 1 0 0.267578125 0 1 1.091796875 0.267578125 2.33984375 1 1.46484375 1 0 0.017578125 0 0.017578125</float_array>
                    <technique_common>
                        <accessor count="41" source="#uvarrayMesh58_1" stride="2">
                            <param name="S" type="float"/>
                            <param name="T" type="float"/>
                        </accessor>
                    </technique_common>
                </source>
                <source id="colorsMesh58_1">
                    <float_array id="colorarrayMesh58_1" count="164">0.7333333333333333 0.7333333333333333 0.7333333333333333 1 0.7333333333333333 0.7333333333333333 0.7333333333333333 1 0.7333333333333333 0.7333333333333333 0.7333333333333333 1 0.7333333333333333 0.7333333333333333 0.7333333333333333 1 0.7333333333333333 0.7333333333333333 0.7333333333333333 1 0.7333333333333333 0.7333333333333333 0.7333333333333333 1 0.7333333333333333 0.7333333333333333 0.7333333333333333 1 0.7333333333333333 0.7333333333333333 0.7333333333333333 1 0.7333333333333333 0.7333333333333333 0.7333333333333333 1 0.7333333333333333 0.7333333333333333 0.7333333333333333 1 0.7333333333333333 0.7333333333333333 0.7333333333333333 1 0.7333333333333333 0.7333333333333333 0.7333333333333333 1 0.7333333333333333 0.7333333333333333 0.7333333333333333 1 0.7333333333333333 0.7333333333333333 0.7333333333333333 1 0.7333333333333333 0.7333333333333333 0.7333333333333333 1 0.7333333333333333 0.7333333333333333 0.7333333333333333 1 0.7333333333333333 0.7333333333333333 0.7333333333333333 1 0.7333333333333333 0.7333333333333333 0.7333333333333333 1 0.7333333333333333 0.7333333333333333 0.7333333333333333 1 0.7333333333333333 0.7333333333333333 0.7333333333333333 1 0.7333333333333333 0.7333333333333333 0.7333333333333333 1 0.7333333333333333 0.7333333333333333 0.7333333333333333 1 0.7333333333333333 0.7333333333333333 0.7333333333333333 1 0.7333333333333333 0.7333333333333333 0.7333333333333333 1 0.7333333333333333 0.7333333333333333 0.7333333333333333 1 0.7333333333333333 0.7333333333333333 0.7333333333333333 1 0.7333333333333333 0.7333333333333333 0.7333333333333333 1 0.7333333333333333 0.7333333333333333 0.7333333333333333 1 0.7333333333333333 0.7333333333333333 0.7333333333333333 1 0.7333333333333333 0.7333333333333333 0.7333333333333333 1 0.7333333333333333 0.7333333333333333 0.7333333333333333 1 0.7333333333333333 0.7333333333333333 0.7333333333333333 1 0.7333333333333333 0.7333333333333333 0.7333333333333333 1 0.7333333333333333 0.7333333333333333 0.7333333333333333 1 0.7333333333333333 0.7333333333333333 0.7333333333333333 1 0.7333333333333333 0.7333333333333333 0.7333333333333333 1 0.7333333333333333 0.7333333333333333 0.7333333333333333 1 0.7333333333333333 0.7333333333333333 0.7333333333333333 1 0.7333333333333333 0.7333333333333333 0.7333333333333333 1 0.7333333333333333 0.7333333333333333 0.7333333333333333 1 0.7333333333333333 0.7333333333333333 0.7333333333333333 1</float_array>
                    <technique_common>
                        <accessor count="41" source="#colorarrayMesh58_1" stride="4">
                            <param name="R" type="float"/>
                            <param name="G" type="float"/>
                            <param name="B" type="float"/>
                            <param name="A" type="float"/>
                        </accessor>
                    </technique_common>
                </source>
                <vertices id="verticesMesh58_1">
                    <input semantic="POSITION" source="#pointsMesh58_1"/>
                </vertices>
                <polylist count="38" material="Material1">
                    <input offset="0" semantic="VERTEX" source="#verticesMesh58_1"/>
                    <input offset="1" semantic="TEXCOORD" source="#uvsMesh58_1" set="0"/>
                    <input offset="2" semantic="COLOR" source="#colorsMesh58_1" set="0"/>
                    <vcount>3 3 3 3 3 3 3 3 3 3 3 3 3 3 3 3 3 3 3 3 3 3 3 3 3 3 3 3 3 3 3 3 3 3 3 3 3 3</vcount>
                    <p>0 0 0 1 1 1 2 2 2 3 3 3 4 4 4 5 5 5 3 3 3 6 6 6 4 4 4 7 7 7 3 3 3 8 8 8 7 7 7 6 6 6 3 3 3 9 9 9 5 5 5 4 4 4 9 9 9 4 4 4 10 10 10 7 7 7 8 8 8 9 9 9 9 9 9 10 10 10 7 7 7 1 1 1 0 0 0 11 11 11 0 0 0 2 2 2 12 12 12 13 13 13 14 14 14 15 15 15 16 16 16 1 1 1 11 11 11 17 17 17 12 12 12 2 2 2 17 17 17 2 2 2 18 18 18 16 16 16 11 11 11 17 17 17 17 17 17 18 18 18 16 16 16 14 14 14 19 19 19 15 15 15 19 19 19 20 20 20 21 21 21 19 19 19 14 14 14 20 20 20 22 22 22 23 23 23 24 24 24 25 25 25 21 21 21 20 20 20 25 25 25 20 20 20 26 26 26 13 13 13 15 15 15 25 25 25 25 25 25 26 26 26 13 13 13 27 27 27 28 28 28 29 29 29 30 30 30 27 27 27 29 29 29 29 29 29 31 31 31 32 32 32 30 30 30 29 29 29 32 32 32 33 33 33 0 0 0 12 12 12 34 34 34 22 22 22 35 35 35 34 34 34 36 36 36 22 22 22 22 22 22 24 24 24 35 35 35 37 37 37 27 27 27 30 30 30 24 24 24 38 38 38 35 35 35 33 33 33 39 39 39 0 0 0 3 3 3 40 40 40 35 35 35 3 3 3 5 5 5 40 40 40</p>
                </polylist>
            </mesh>
        </geometry>
        <geometry id="meshMesh58_2">
            <mesh>
                <source id="pointsMesh58_2">
                    <float_array id="pointarrayMesh58_2" count="123">-3097 -409 -3634 -3046 -306 -3723 -3046 307 -3723 -1509 410 -3634 -1560 -306 -3723 -1509 -409 -3634 -1560 307 -3723 -1865 307 -4257 -1919 410 -4351 -1919 -409 -4351 -1865 -306 -4257 -2687 -409 -4351 -3097 410 -3634 -1996 -306 -4351 -2610 -306 -4351 -1919 -409 -4351 -2741 -306 -4257 -2687 410 -4351 -2741 307 -4257 -2687 -409 -4351 -2610 307 -4351 -2687 410 -4351 -1970 51 -1740 -2021 51 -1740 -2021 307 -1740 -1919 410 -4351 -1996 307 -4351 -2585 307 -1740 -2585 51 -1740 -2636 51 -1740 -3097 410 -1740 -2636 -204 -1740 -3097 -204 -1740 -3097 410 -1740 -1509 -204 -1740 -1509 410 -1740 -1970 -204 -1740 -2482 410 -1740 -2124 410 -1740 -3097 -409 -1740 -1509 -409 -1740</float_array>
                    <technique_common>
                        <accessor count="41" source="#pointarrayMesh58_2" stride="3">
                            <param name="X" type="float"/>
                            <param name="Y" type="float"/>
                            <param name="Z" type="float"/>
                        </accessor>
                    </technique_common>
                </source>
                <source id="uvsMesh58_2">
                    <float_array id="uvarrayMesh58_2" count="82">4.583984375 0.017578125 4.80078125 0.142578125 4.80078125 0.890625 4.583984375 1 4.80078125 0.142578125 4.583984375 0.017578125 4.80078125 0.890625 6.1015625 0.890625 6.33203125 1 6.33203125 0.017578125 6.1015625 0.142578125 6.33203125 0.017578125 4.583984375 1 1.65234375 0.142578125 0.15625 0.142578125 1.83984375 0.017578125 6.1015625 0.142578125 6.33203125 1 6.1015625 0.890625 0 0.017578125 0.15625 0.890625 0 1 1.091796875 0.578125 1.216796875 0.578125 1.216796875 0.890625 1.83984375 1 1.65234375 0.890625 2.587890625 0.890625 2.587890625 0.578125 2.712890625 0.578125 3.8359375 1 2.712890625 0.267578125 3.8359375 0.267578125 0 1 0 0.267578125 0 1 1.091796875 0.267578125 2.33984375 1 1.46484375 1 0 0.017578125 0 0.017578125</float_array>
                    <technique_common>
                        <accessor count="41" source="#uvarrayMesh58_2" stride="2">
                            <param name="S" type="float"/>
                            <param name="T" type="float"/>
                        </accessor>
                    </technique_common>
                </source>
                <source id="colorsMesh58_2">
                    <float_array id="colorarrayMesh58_2" count="164">0.27450980392156865 0.27450980392156865 0.27450980392156865 1 0.27450980392156865 0.27450980392156865 0.27450980392156865 1 0.27450980392156865 0.27450980392156865 0.27450980392156865 1 0.27450980392156865 0.27450980392156865 0.27450980392156865 1 0.27450980392156865 0.27450980392156865 0.27450980392156865 1 0.27450980392156865 0.27450980392156865 0.27450980392156865 1 0.27450980392156865 0.27450980392156865 0.27450980392156865 1 0.27450980392156865 0.27450980392156865 0.27450980392156865 1 0.27450980392156865 0.27450980392156865 0.27450980392156865 1 0.27450980392156865 0.27450980392156865 0.27450980392156865 1 0.27450980392156865 0.27450980392156865 0.27450980392156865 1 0.27450980392156865 0.27450980392156865 0.27450980392156865 1 0.27450980392156865 0.27450980392156865 0.27450980392156865 1 0.27450980392156865 0.27450980392156865 0.27450980392156865 1 0.27450980392156865 0.27450980392156865 0.27450980392156865 1 0.27450980392156865 0.27450980392156865 0.27450980392156865 1 0.27450980392156865 0.27450980392156865 0.27450980392156865 1 0.27450980392156865 0.27450980392156865 0.27450980392156865 1 0.27450980392156865 0.27450980392156865 0.27450980392156865 1 0.27450980392156865 0.27450980392156865 0.27450980392156865 1 0.27450980392156865 0.27450980392156865 0.27450980392156865 1 0.27450980392156865 0.27450980392156865 0.27450980392156865 1 0.27450980392156865 0.27450980392156865 0.27450980392156865 1 0.27450980392156865 0.27450980392156865 0.27450980392156865 1 0.27450980392156865 0.27450980392156865 0.27450980392156865 1 0.27450980392156865 0.27450980392156865 0.27450980392156865 1 0.27450980392156865 0.27450980392156865 0.27450980392156865 1 0.27450980392156865 0.27450980392156865 0.27450980392156865 1 0.27450980392156865 0.27450980392156865 0.27450980392156865 1 0.27450980392156865 0.27450980392156865 0.27450980392156865 1 0.27450980392156865 0.27450980392156865 0.27450980392156865 1 0.27450980392156865 0.27450980392156865 0.27450980392156865 1 0.27450980392156865 0.27450980392156865 0.27450980392156865 1 0.27450980392156865 0.27450980392156865 0.27450980392156865 1 0.27450980392156865 0.27450980392156865 0.27450980392156865 1 0.27450980392156865 0.27450980392156865 0.27450980392156865 1 0.27450980392156865 0.27450980392156865 0.27450980392156865 1 0.27450980392156865 0.27450980392156865 0.27450980392156865 1 0.27450980392156865 0.27450980392156865 0.27450980392156865 1 0.27450980392156865 0.27450980392156865 0.27450980392156865 1 0.27450980392156865 0.27450980392156865 0.27450980392156865 1</float_array>
                    <technique_common>
                        <accessor count="41" source="#colorarrayMesh58_2" stride="4">
                            <param name="R" type="float"/>
                            <param name="G" type="float"/>
                            <param name="B" type="float"/>
                            <param name="A" type="float"/>
                        </accessor>
                    </technique_common>
                </source>
                <vertices id="verticesMesh58_2">
                    <input semantic="POSITION" source="#pointsMesh58_2"/>
                </vertices>
                <polylist count="38" material="Material1">
                    <input offset="0" semantic="VERTEX" source="#verticesMesh58_2"/>
                    <input offset="1" semantic="TEXCOORD" source="#uvsMesh58_2" set="0"/>
                    <input offset="2" semantic="COLOR" source="#colorsMesh58_2" set="0"/>
                    <vcount>3 3 3 3 3 3 3 3 3 3 3 3 3 3 3 3 3 3 3 3 3 3 3 3 3 3 3 3 3 3 3 3 3 3 3 3 3 3</vcount>
                    <p>0 0 0 1 1 1 2 2 2 3 3 3 4 4 4 5 5 5 3 3 3 6 6 6 4 4 4 7 7 7 3 3 3 8 8 8 7 7 7 6 6 6 3 3 3 9 9 9 5 5 5 4 4 4 9 9 9 4 4 4 10 10 10 7 7 7 8 8 8 9 9 9 9 9 9 10 10 10 7 7 7 1 1 1 0 0 0 11 11 11 0 0 0 2 2 2 12 12 12 13 13 13 14 14 14 15 15 15 16 16 16 1 1 1 11 11 11 17 17 17 12 12 12 2 2 2 17 17 17 2 2 2 18 18 18 16 16 16 11 11 11 17 17 17 17 17 17 18 18 18 16 16 16 14 14 14 19 19 19 15 15 15 19 19 19 20 20 20 21 21 21 19 19 19 14 14 14 20 20 20 22 22 22 23 23 23 24 24 24 25 25 25 21 21 21 20 20 20 25 25 25 20 20 20 26 26 26 13 13 13 15 15 15 25 25 25 25 25 25 26 26 26 13 13 13 27 27 27 28 28 28 29 29 29 30 30 30 27 27 27 29 29 29 29 29 29 31 31 31 32 32 32 30 30 30 29 29 29 32 32 32 33 33 33 0 0 0 12 12 12 34 34 34 22 22 22 35 35 35 34 34 34 36 36 36 22 22 22 22 22 22 24 24 24 35 35 35 37 37 37 27 27 27 30 30 30 24 24 24 38 38 38 35 35 35 33 33 33 39 39 39 0 0 0 3 3 3 40 40 40 35 35 35 3 3 3 5 5 5 40 40 40</p>
                </polylist>
            </mesh>
        </geometry>
        <geometry id="meshMesh59_1">
            <mesh>
                <source id="pointsMesh59_1">
                    <float_array id="pointarrayMesh59_1" count="12">-2354 -204 -3001 -2201 -204 -3001 -2201 -357 -3001 -2354 -357 -3001</float_array>
                    <technique_common>
                        <accessor count="4" source="#pointarrayMesh59_1" stride="3">
                            <param name="X" type="float"/>
                            <param name="Y" type="float"/>
                            <param name="Z" type="float"/>
                        </accessor>
                    </technique_common>
                </source>
                <source id="uvsMesh59_1">
                    <float_array id="uvarrayMesh59_1" count="8">0.966796875 1 0 1 0 0.033203125 0.966796875 0.033203125</float_array>
                    <technique_common>
                        <accessor count="4" source="#uvarrayMesh59_1" stride="2">
                            <param name="S" type="float"/>
                            <param name="T" type="float"/>
                        </accessor>
                    </technique_common>
                </source>
                <vertices id="verticesMesh59_1">
                    <input semantic="POSITION" source="#pointsMesh59_1"/>
                </vertices>
                <polylist count="2" material="Material1">
                    <input offset="0" semantic="VERTEX" source="#verticesMesh59_1"/>
                    <input offset="1" semantic="TEXCOORD" source="#uvsMesh59_1" set="0"/>
                    <vcount>3 3</vcount>
                    <p>0 0 1 1 2 2 0 0 2 2 3 3</p>
                </polylist>
            </mesh>
        </geometry>
        <geometry id="meshMesh59_2">
            <mesh>
                <source id="pointsMesh59_2">
                    <float_array id="pointarrayMesh59_2" count="12">-2354 -204 -3001 -2201 -204 -3001 -2201 -357 -3001 -2354 -357 -3001</float_array>
                    <technique_common>
                        <accessor count="4" source="#pointarrayMesh59_2" stride="3">
                            <param name="X" type="float"/>
                            <param name="Y" type="float"/>
                            <param name="Z" type="float"/>
                        </accessor>
                    </technique_common>
                </source>
                <source id="uvsMesh59_2">
                    <float_array id="uvarrayMesh59_2" count="8">0.966796875 1 0 1 0 0.033203125 0.966796875 0.033203125</float_array>
                    <technique_common>
                        <accessor count="4" source="#uvarrayMesh59_2" stride="2">
                            <param name="S" type="float"/>
                            <param name="T" type="float"/>
                        </accessor>
                    </technique_common>
                </source>
                <source id="colorsMesh59_2">
                    <float_array id="colorarrayMesh59_2" count="16">0.37254901960784315 0.37254901960784315 0.37254901960784315 1 0.37254901960784315 0.37254901960784315 0.37254901960784315 1 0.37254901960784315 0.37254901960784315 0.37254901960784315 1 0.37254901960784315 0.37254901960784315 0.37254901960784315 1</float_array>
                    <technique_common>
                        <accessor count="4" source="#colorarrayMesh59_2" stride="4">
                            <param name="R" type="float"/>
                            <param name="G" type="float"/>
                            <param name="B" type="float"/>
                            <param name="A" type="float"/>
                        </accessor>
                    </technique_common>
                </source>
                <vertices id="verticesMesh59_2">
                    <input semantic="POSITION" source="#pointsMesh59_2"/>
                </vertices>
                <polylist count="2" material="Material1">
                    <input offset="0" semantic="VERTEX" source="#verticesMesh59_2"/>
                    <input offset="1" semantic="TEXCOORD" source="#uvsMesh59_2" set="0"/>
                    <input offset="2" semantic="COLOR" source="#colorsMesh59_2" set="0"/>
                    <vcount>3 3</vcount>
                    <p>0 0 0 1 1 1 2 2 2 0 0 0 2 2 2 3 3 3</p>
                </polylist>
            </mesh>
        </geometry>
        <geometry id="meshMesh60_1">
            <mesh>
                <source id="pointsMesh60_1">
                    <float_array id="pointarrayMesh60_1" count="12">-3046 -307 -3724 -2742 -307 -4258 -2742 0 -4258 -3046 0 -3724</float_array>
                    <technique_common>
                        <accessor count="4" source="#pointarrayMesh60_1" stride="3">
                            <param name="X" type="float"/>
                            <param name="Y" type="float"/>
                            <param name="Z" type="float"/>
                        </accessor>
                    </technique_common>
                </source>
                <source id="uvsMesh60_1">
                    <float_array id="uvarrayMesh60_1" count="8">-0.015625 0.03125 0.982421875 0.03125 0.982421875 1 -0.015625 1</float_array>
                    <technique_common>
                        <accessor count="4" source="#uvarrayMesh60_1" stride="2">
                            <param name="S" type="float"/>
                            <param name="T" type="float"/>
                        </accessor>
                    </technique_common>
                </source>
                <vertices id="verticesMesh60_1">
                    <input semantic="POSITION" source="#pointsMesh60_1"/>
                </vertices>
                <polylist count="2" material="Material1">
                    <input offset="0" semantic="VERTEX" source="#verticesMesh60_1"/>
                    <input offset="1" semantic="TEXCOORD" source="#uvsMesh60_1" set="0"/>
                    <vcount>3 3</vcount>
                    <p>0 0 1 1 2 2 0 0 2 2 3 3</p>
                </polylist>
            </mesh>
        </geometry>
        <geometry id="meshMesh60_2">
            <mesh>
                <source id="pointsMesh60_2">
                    <float_array id="pointarrayMesh60_2" count="12">-3046 -307 -3724 -2742 -307 -4258 -2742 0 -4258 -3046 0 -3724</float_array>
                    <technique_common>
                        <accessor count="4" source="#pointarrayMesh60_2" stride="3">
                            <param name="X" type="float"/>
                            <param name="Y" type="float"/>
                            <param name="Z" type="float"/>
                        </accessor>
                    </technique_common>
                </source>
                <source id="uvsMesh60_2">
                    <float_array id="uvarrayMesh60_2" count="8">-0.015625 0.03125 0.982421875 0.03125 0.982421875 1 -0.015625 1</float_array>
                    <technique_common>
                        <accessor count="4" source="#uvarrayMesh60_2" stride="2">
                            <param name="S" type="float"/>
                            <param name="T" type="float"/>
                        </accessor>
                    </technique_common>
                </source>
                <source id="colorsMesh60_2">
                    <float_array id="colorarrayMesh60_2" count="16">0.3137254901960784 0.3137254901960784 0.3137254901960784 1 0.3137254901960784 0.3137254901960784 0.3137254901960784 1 0.3137254901960784 0.3137254901960784 0.3137254901960784 1 0.3137254901960784 0.3137254901960784 0.3137254901960784 1</float_array>
                    <technique_common>
                        <accessor count="4" source="#colorarrayMesh60_2" stride="4">
                            <param name="R" type="float"/>
                            <param name="G" type="float"/>
                            <param name="B" type="float"/>
                            <param name="A" type="float"/>
                        </accessor>
                    </technique_common>
                </source>
                <vertices id="verticesMesh60_2">
                    <input semantic="POSITION" source="#pointsMesh60_2"/>
                </vertices>
                <polylist count="2" material="Material1">
                    <input offset="0" semantic="VERTEX" source="#verticesMesh60_2"/>
                    <input offset="1" semantic="TEXCOORD" source="#uvsMesh60_2" set="0"/>
                    <input offset="2" semantic="COLOR" source="#colorsMesh60_2" set="0"/>
                    <vcount>3 3</vcount>
                    <p>0 0 0 1 1 1 2 2 2 0 0 0 2 2 2 3 3 3</p>
                </polylist>
            </mesh>
        </geometry>
        <geometry id="meshMesh61_1">
            <mesh>
                <source id="pointsMesh61_1">
                    <float_array id="pointarrayMesh61_1" count="12">-3046 0 -3724 -2742 0 -4258 -2742 307 -4258 -3046 307 -3724</float_array>
                    <technique_common>
                        <accessor count="4" source="#pointarrayMesh61_1" stride="3">
                            <param name="X" type="float"/>
                            <param name="Y" type="float"/>
                            <param name="Z" type="float"/>
                        </accessor>
                    </technique_common>
                </source>
                <source id="uvsMesh61_1">
                    <float_array id="uvarrayMesh61_1" count="8">-0.015625 0.03125 0.982421875 0.03125 0.982421875 1 -0.015625 1</float_array>
                    <technique_common>
                        <accessor count="4" source="#uvarrayMesh61_1" stride="2">
                            <param name="S" type="float"/>
                            <param name="T" type="float"/>
                        </accessor>
                    </technique_common>
                </source>
                <vertices id="verticesMesh61_1">
                    <input semantic="POSITION" source="#pointsMesh61_1"/>
                </vertices>
                <polylist count="2" material="Material1">
                    <input offset="0" semantic="VERTEX" source="#verticesMesh61_1"/>
                    <input offset="1" semantic="TEXCOORD" source="#uvsMesh61_1" set="0"/>
                    <vcount>3 3</vcount>
                    <p>0 0 1 1 2 2 0 0 2 2 3 3</p>
                </polylist>
            </mesh>
        </geometry>
        <geometry id="meshMesh61_2">
            <mesh>
                <source id="pointsMesh61_2">
                    <float_array id="pointarrayMesh61_2" count="12">-3046 0 -3724 -2742 0 -4258 -2742 307 -4258 -3046 307 -3724</float_array>
                    <technique_common>
                        <accessor count="4" source="#pointarrayMesh61_2" stride="3">
                            <param name="X" type="float"/>
                            <param name="Y" type="float"/>
                            <param name="Z" type="float"/>
                        </accessor>
                    </technique_common>
                </source>
                <source id="uvsMesh61_2">
                    <float_array id="uvarrayMesh61_2" count="8">-0.015625 0.03125 0.982421875 0.03125 0.982421875 1 -0.015625 1</float_array>
                    <technique_common>
                        <accessor count="4" source="#uvarrayMesh61_2" stride="2">
                            <param name="S" type="float"/>
                            <param name="T" type="float"/>
                        </accessor>
                    </technique_common>
                </source>
                <source id="colorsMesh61_2">
                    <float_array id="colorarrayMesh61_2" count="16">0.3137254901960784 0.3137254901960784 0.3137254901960784 1 0.3137254901960784 0.3137254901960784 0.3137254901960784 1 0.3137254901960784 0.3137254901960784 0.3137254901960784 1 0.3137254901960784 0.3137254901960784 0.3137254901960784 1</float_array>
                    <technique_common>
                        <accessor count="4" source="#colorarrayMesh61_2" stride="4">
                            <param name="R" type="float"/>
                            <param name="G" type="float"/>
                            <param name="B" type="float"/>
                            <param name="A" type="float"/>
                        </accessor>
                    </technique_common>
                </source>
                <vertices id="verticesMesh61_2">
                    <input semantic="POSITION" source="#pointsMesh61_2"/>
                </vertices>
                <polylist count="2" material="Material1">
                    <input offset="0" semantic="VERTEX" source="#verticesMesh61_2"/>
                    <input offset="1" semantic="TEXCOORD" source="#uvsMesh61_2" set="0"/>
                    <input offset="2" semantic="COLOR" source="#colorsMesh61_2" set="0"/>
                    <vcount>3 3</vcount>
                    <p>0 0 0 1 1 1 2 2 2 0 0 0 2 2 2 3 3 3</p>
                </polylist>
            </mesh>
        </geometry>
        <geometry id="meshMesh62_1">
            <mesh>
                <source id="pointsMesh62_1">
                    <float_array id="pointarrayMesh62_1" count="12">-1866 -307 -4258 -1562 -307 -3724 -1562 0 -3724 -1866 0 -4258</float_array>
                    <technique_common>
                        <accessor count="4" source="#pointarrayMesh62_1" stride="3">
                            <param name="X" type="float"/>
                            <param name="Y" type="float"/>
                            <param name="Z" type="float"/>
                        </accessor>
                    </technique_common>
                </source>
                <source id="uvsMesh62_1">
                    <float_array id="uvarrayMesh62_1" count="8">-0.015625 0.03125 0.982421875 0.03125 0.982421875 1 -0.015625 1</float_array>
                    <technique_common>
                        <accessor count="4" source="#uvarrayMesh62_1" stride="2">
                            <param name="S" type="float"/>
                            <param name="T" type="float"/>
                        </accessor>
                    </technique_common>
                </source>
                <vertices id="verticesMesh62_1">
                    <input semantic="POSITION" source="#pointsMesh62_1"/>
                </vertices>
                <polylist count="2" material="Material1">
                    <input offset="0" semantic="VERTEX" source="#verticesMesh62_1"/>
                    <input offset="1" semantic="TEXCOORD" source="#uvsMesh62_1" set="0"/>
                    <vcount>3 3</vcount>
                    <p>0 0 1 1 2 2 0 0 2 2 3 3</p>
                </polylist>
            </mesh>
        </geometry>
        <geometry id="meshMesh62_2">
            <mesh>
                <source id="pointsMesh62_2">
                    <float_array id="pointarrayMesh62_2" count="12">-1866 -307 -4258 -1562 -307 -3724 -1562 0 -3724 -1866 0 -4258</float_array>
                    <technique_common>
                        <accessor count="4" source="#pointarrayMesh62_2" stride="3">
                            <param name="X" type="float"/>
                            <param name="Y" type="float"/>
                            <param name="Z" type="float"/>
                        </accessor>
                    </technique_common>
                </source>
                <source id="uvsMesh62_2">
                    <float_array id="uvarrayMesh62_2" count="8">-0.015625 0.03125 0.982421875 0.03125 0.982421875 1 -0.015625 1</float_array>
                    <technique_common>
                        <accessor count="4" source="#uvarrayMesh62_2" stride="2">
                            <param name="S" type="float"/>
                            <param name="T" type="float"/>
                        </accessor>
                    </technique_common>
                </source>
                <source id="colorsMesh62_2">
                    <float_array id="colorarrayMesh62_2" count="16">0.3137254901960784 0.3137254901960784 0.3137254901960784 1 0.3137254901960784 0.3137254901960784 0.3137254901960784 1 0.3137254901960784 0.3137254901960784 0.3137254901960784 1 0.3137254901960784 0.3137254901960784 0.3137254901960784 1</float_array>
                    <technique_common>
                        <accessor count="4" source="#colorarrayMesh62_2" stride="4">
                            <param name="R" type="float"/>
                            <param name="G" type="float"/>
                            <param name="B" type="float"/>
                            <param name="A" type="float"/>
                        </accessor>
                    </technique_common>
                </source>
                <vertices id="verticesMesh62_2">
                    <input semantic="POSITION" source="#pointsMesh62_2"/>
                </vertices>
                <polylist count="2" material="Material1">
                    <input offset="0" semantic="VERTEX" source="#verticesMesh62_2"/>
                    <input offset="1" semantic="TEXCOORD" source="#uvsMesh62_2" set="0"/>
                    <input offset="2" semantic="COLOR" source="#colorsMesh62_2" set="0"/>
                    <vcount>3 3</vcount>
                    <p>0 0 0 1 1 1 2 2 2 0 0 0 2 2 2 3 3 3</p>
                </polylist>
            </mesh>
        </geometry>
        <geometry id="meshMesh63_1">
            <mesh>
                <source id="pointsMesh63_1">
                    <float_array id="pointarrayMesh63_1" count="12">-1866 0 -4258 -1562 0 -3724 -1562 307 -3724 -1866 307 -4258</float_array>
                    <technique_common>
                        <accessor count="4" source="#pointarrayMesh63_1" stride="3">
                            <param name="X" type="float"/>
                            <param name="Y" type="float"/>
                            <param name="Z" type="float"/>
                        </accessor>
                    </technique_common>
                </source>
                <source id="uvsMesh63_1">
                    <float_array id="uvarrayMesh63_1" count="8">-0.015625 0.03125 0.982421875 0.03125 0.982421875 1 -0.015625 1</float_array>
                    <technique_common>
                        <accessor count="4" source="#uvarrayMesh63_1" stride="2">
                            <param name="S" type="float"/>
                            <param name="T" type="float"/>
                        </accessor>
                    </technique_common>
                </source>
                <vertices id="verticesMesh63_1">
                    <input semantic="POSITION" source="#pointsMesh63_1"/>
                </vertices>
                <polylist count="2" material="Material1">
                    <input offset="0" semantic="VERTEX" source="#verticesMesh63_1"/>
                    <input offset="1" semantic="TEXCOORD" source="#uvsMesh63_1" set="0"/>
                    <vcount>3 3</vcount>
                    <p>0 0 1 1 2 2 0 0 2 2 3 3</p>
                </polylist>
            </mesh>
        </geometry>
        <geometry id="meshMesh63_2">
            <mesh>
                <source id="pointsMesh63_2">
                    <float_array id="pointarrayMesh63_2" count="12">-1866 0 -4258 -1562 0 -3724 -1562 307 -3724 -1866 307 -4258</float_array>
                    <technique_common>
                        <accessor count="4" source="#pointarrayMesh63_2" stride="3">
                            <param name="X" type="float"/>
                            <param name="Y" type="float"/>
                            <param name="Z" type="float"/>
                        </accessor>
                    </technique_common>
                </source>
                <source id="uvsMesh63_2">
                    <float_array id="uvarrayMesh63_2" count="8">-0.015625 0.03125 0.982421875 0.03125 0.982421875 1 -0.015625 1</float_array>
                    <technique_common>
                        <accessor count="4" source="#uvarrayMesh63_2" stride="2">
                            <param name="S" type="float"/>
                            <param name="T" type="float"/>
                        </accessor>
                    </technique_common>
                </source>
                <source id="colorsMesh63_2">
                    <float_array id="colorarrayMesh63_2" count="16">0.3137254901960784 0.3137254901960784 0.3137254901960784 1 0.3137254901960784 0.3137254901960784 0.3137254901960784 1 0.3137254901960784 0.3137254901960784 0.3137254901960784 1 0.3137254901960784 0.3137254901960784 0.3137254901960784 1</float_array>
                    <technique_common>
                        <accessor count="4" source="#colorarrayMesh63_2" stride="4">
                            <param name="R" type="float"/>
                            <param name="G" type="float"/>
                            <param name="B" type="float"/>
                            <param name="A" type="float"/>
                        </accessor>
                    </technique_common>
                </source>
                <vertices id="verticesMesh63_2">
                    <input semantic="POSITION" source="#pointsMesh63_2"/>
                </vertices>
                <polylist count="2" material="Material1">
                    <input offset="0" semantic="VERTEX" source="#verticesMesh63_2"/>
                    <input offset="1" semantic="TEXCOORD" source="#uvsMesh63_2" set="0"/>
                    <input offset="2" semantic="COLOR" source="#colorsMesh63_2" set="0"/>
                    <vcount>3 3</vcount>
                    <p>0 0 0 1 1 1 2 2 2 0 0 0 2 2 2 3 3 3</p>
                </polylist>
            </mesh>
        </geometry>
        <geometry id="meshMesh64_1">
            <mesh>
                <source id="pointsMesh64_1">
                    <float_array id="pointarrayMesh64_1" count="60">-1381 1024 -1125 -1202 1178 -1279 -844 1178 -1279 -665 1024 -1125 -1381 1024 -1535 -1202 1178 -1535 -844 1178 -1535 -1279 922 -1740 -1177 1024 -1740 -869 1024 -1740 -665 1024 -1535 -767 922 -1740 -1279 1024 -2354 -1177 1126 -2354 -869 1126 -2354 -767 1024 -2354 -1381 1152 -2866 -767 1152 -2866 -767 1152 -2354 -1381 1152 -2354</float_array>
                    <technique_common>
                        <accessor count="20" source="#pointarrayMesh64_1" stride="3">
                            <param name="X" type="float"/>
                            <param name="Y" type="float"/>
                            <param name="Z" type="float"/>
                        </accessor>
                    </technique_common>
                </source>
                <source id="uvsMesh64_1">
                    <float_array id="uvarrayMesh64_1" count="40">0 -1.9609375 0.716796875 -1.087890625 0.716796875 0.65625 0 1.53125 1.96484375 -1.9609375 1.96484375 -1.087890625 1.96484375 0.65625 2.962890625 -1.462890625 2.962890625 -0.962890625 2.962890625 0.533203125 1.96484375 1.53125 2.962890625 1 5.95703125 -1.462890625 5.95703125 -0.962890625 5.95703125 0.53125 5.95703125 1 -3.0234375 0.033203125 0 0.033203125 0 2.52734375 -3.0234375 2.529296875</float_array>
                    <technique_common>
                        <accessor count="20" source="#uvarrayMesh64_1" stride="2">
                            <param name="S" type="float"/>
                            <param name="T" type="float"/>
                        </accessor>
                    </technique_common>
                </source>
                <source id="colorsMesh64_1">
                    <float_array id="colorarrayMesh64_1" count="80">0.8 0.8 0.8 1 0.8 0.8 0.8 1 0.8 0.8 0.8 1 0.8 0.8 0.8 1 0.8 0.8 0.8 1 0.8 0.8 0.8 1 0.8 0.8 0.8 1 0.8 0.8 0.8 1 0.8 0.8 0.8 1 0.8 0.8 0.8 1 0.8 0.8 0.8 1 0.8 0.8 0.8 1 0.8 0.8 0.8 1 0.8 0.8 0.8 1 0.8 0.8 0.8 1 0.8 0.8 0.8 1 1 1 1 1 1 1 1 1 1 1 1 1 1 1 1 1</float_array>
                    <technique_common>
                        <accessor count="20" source="#colorarrayMesh64_1" stride="4">
                            <param name="R" type="float"/>
                            <param name="G" type="float"/>
                            <param name="B" type="float"/>
                            <param name="A" type="float"/>
                        </accessor>
                    </technique_common>
                </source>
                <vertices id="verticesMesh64_1">
                    <input semantic="POSITION" source="#pointsMesh64_1"/>
                </vertices>
                <polylist count="22" material="Material1">
                    <input offset="0" semantic="VERTEX" source="#verticesMesh64_1"/>
                    <input offset="1" semantic="TEXCOORD" source="#uvsMesh64_1" set="0"/>
                    <input offset="2" semantic="COLOR" source="#colorsMesh64_1" set="0"/>
                    <vcount>3 3 3 3 3 3 3 3 3 3 3 3 3 3 3 3 3 3 3 3 3 3</vcount>
                    <p>0 0 0 1 1 1 2 2 2 0 0 0 2 2 2 3 3 3 1 1 1 0 0 0 4 4 4 1 1 1 5 5 5 6 6 6 2 2 2 1 1 1 6 6 6 1 1 1 4 4 4 5 5 5 3 3 3 2 2 2 6 6 6 4 4 4 7 7 7 5 5 5 7 7 7 8 8 8 5 5 5 8 8 8 6 6 6 5 5 5 8 8 8 9 9 9 6 6 6 3 3 3 6 6 6 10 10 10 11 11 11 10 10 10 6 6 6 9 9 9 11 11 11 6 6 6 7 7 7 12 12 12 13 13 13 7 7 7 13 13 13 8 8 8 8 8 8 13 13 13 14 14 14 8 8 8 14 14 14 9 9 9 9 9 9 14 14 14 15 15 15 9 9 9 15 15 15 11 11 11 16 16 16 17 17 17 18 18 18 16 16 16 18 18 18 19 19 19</p>
                </polylist>
            </mesh>
        </geometry>
        <geometry id="meshMesh64_2">
            <mesh>
                <source id="pointsMesh64_2">
                    <float_array id="pointarrayMesh64_2" count="60">-1381 1024 -1125 -1202 1178 -1279 -844 1178 -1279 -665 1024 -1125 -1381 1024 -1535 -1202 1178 -1535 -844 1178 -1535 -1279 922 -1740 -1177 1024 -1740 -869 1024 -1740 -665 1024 -1535 -767 922 -1740 -1279 1024 -2354 -1177 1126 -2354 -869 1126 -2354 -767 1024 -2354 -1381 1152 -2866 -767 1152 -2866 -767 1152 -2354 -1381 1152 -2354</float_array>
                    <technique_common>
                        <accessor count="20" source="#pointarrayMesh64_2" stride="3">
                            <param name="X" type="float"/>
                            <param name="Y" type="float"/>
                            <param name="Z" type="float"/>
                        </accessor>
                    </technique_common>
                </source>
                <source id="uvsMesh64_2">
                    <float_array id="uvarrayMesh64_2" count="40">0 -1.9609375 0.716796875 -1.087890625 0.716796875 0.65625 0 1.53125 1.96484375 -1.9609375 1.96484375 -1.087890625 1.96484375 0.65625 2.962890625 -1.462890625 2.962890625 -0.962890625 2.962890625 0.533203125 1.96484375 1.53125 2.962890625 1 5.95703125 -1.462890625 5.95703125 -0.962890625 5.95703125 0.53125 5.95703125 1 -3.0234375 0.033203125 0 0.033203125 0 2.52734375 -3.0234375 2.529296875</float_array>
                    <technique_common>
                        <accessor count="20" source="#uvarrayMesh64_2" stride="2">
                            <param name="S" type="float"/>
                            <param name="T" type="float"/>
                        </accessor>
                    </technique_common>
                </source>
                <source id="colorsMesh64_2">
                    <float_array id="colorarrayMesh64_2" count="80">0.2980392156862745 0.2980392156862745 0.2980392156862745 1 0.2980392156862745 0.2980392156862745 0.2980392156862745 1 0.2980392156862745 0.2980392156862745 0.2980392156862745 1 0.2980392156862745 0.2980392156862745 0.2980392156862745 1 0.2980392156862745 0.2980392156862745 0.2980392156862745 1 0.2980392156862745 0.2980392156862745 0.2980392156862745 1 0.2980392156862745 0.2980392156862745 0.2980392156862745 1 0.2980392156862745 0.2980392156862745 0.2980392156862745 1 0.2980392156862745 0.2980392156862745 0.2980392156862745 1 0.2980392156862745 0.2980392156862745 0.2980392156862745 1 0.2980392156862745 0.2980392156862745 0.2980392156862745 1 0.2980392156862745 0.2980392156862745 0.2980392156862745 1 0.2980392156862745 0.2980392156862745 0.2980392156862745 1 0.2980392156862745 0.2980392156862745 0.2980392156862745 1 0.2980392156862745 0.2980392156862745 0.2980392156862745 1 0.2980392156862745 0.2980392156862745 0.2980392156862745 1 0.37254901960784315 0.37254901960784315 0.37254901960784315 1 0.37254901960784315 0.37254901960784315 0.37254901960784315 1 0.37254901960784315 0.37254901960784315 0.37254901960784315 1 0.37254901960784315 0.37254901960784315 0.37254901960784315 1</float_array>
                    <technique_common>
                        <accessor count="20" source="#colorarrayMesh64_2" stride="4">
                            <param name="R" type="float"/>
                            <param name="G" type="float"/>
                            <param name="B" type="float"/>
                            <param name="A" type="float"/>
                        </accessor>
                    </technique_common>
                </source>
                <vertices id="verticesMesh64_2">
                    <input semantic="POSITION" source="#pointsMesh64_2"/>
                </vertices>
                <polylist count="22" material="Material1">
                    <input offset="0" semantic="VERTEX" source="#verticesMesh64_2"/>
                    <input offset="1" semantic="TEXCOORD" source="#uvsMesh64_2" set="0"/>
                    <input offset="2" semantic="COLOR" source="#colorsMesh64_2" set="0"/>
                    <vcount>3 3 3 3 3 3 3 3 3 3 3 3 3 3 3 3 3 3 3 3 3 3</vcount>
                    <p>0 0 0 1 1 1 2 2 2 0 0 0 2 2 2 3 3 3 1 1 1 0 0 0 4 4 4 1 1 1 5 5 5 6 6 6 2 2 2 1 1 1 6 6 6 1 1 1 4 4 4 5 5 5 3 3 3 2 2 2 6 6 6 4 4 4 7 7 7 5 5 5 7 7 7 8 8 8 5 5 5 8 8 8 6 6 6 5 5 5 8 8 8 9 9 9 6 6 6 3 3 3 6 6 6 10 10 10 11 11 11 10 10 10 6 6 6 9 9 9 11 11 11 6 6 6 7 7 7 12 12 12 13 13 13 7 7 7 13 13 13 8 8 8 8 8 8 13 13 13 14 14 14 8 8 8 14 14 14 9 9 9 9 9 9 14 14 14 15 15 15 9 9 9 15 15 15 11 11 11 16 16 16 17 17 17 18 18 18 16 16 16 18 18 18 19 19 19</p>
                </polylist>
            </mesh>
        </geometry>
        <geometry id="meshMesh65_1">
            <mesh>
                <source id="pointsMesh65_1">
                    <float_array id="pointarrayMesh65_1" count="45">-1381 512 -1125 -665 512 -1535 -1381 512 -1535 -1279 512 -1740 -665 512 -1125 -767 512 -1740 -869 512 -1125 -1177 512 -1125 -1177 512 -1074 -869 512 -1074 -767 614 -2354 -1177 614 -2354 -1207 602 -2282 -1279 512 -1740 -1279 597 -2252</float_array>
                    <technique_common>
                        <accessor count="15" source="#pointarrayMesh65_1" stride="3">
                            <param name="X" type="float"/>
                            <param name="Y" type="float"/>
                            <param name="Z" type="float"/>
                        </accessor>
                    </technique_common>
                </source>
                <source id="uvsMesh65_1">
                    <float_array id="uvarrayMesh65_1" count="30">0.966796875 0.033203125 -1.02734375 3.525390625 -1.02734375 0.033203125 -2.025390625 0.533203125 0.966796875 3.525390625 -2.025390625 3.02734375 0.966796875 2.52734375 0.966796875 1 1.216796875 1 1.216796875 2.52734375 -5.01953125 3.02734375 -5.01953125 1 -4.666015625 0.884765625 -2.025390625 0.53125 -4.51953125 0.53125</float_array>
                    <technique_common>
                        <accessor count="15" source="#uvarrayMesh65_1" stride="2">
                            <param name="S" type="float"/>
                            <param name="T" type="float"/>
                        </accessor>
                    </technique_common>
                </source>
                <vertices id="verticesMesh65_1">
                    <input semantic="POSITION" source="#pointsMesh65_1"/>
                </vertices>
                <polylist count="10" material="Material1">
                    <input offset="0" semantic="VERTEX" source="#verticesMesh65_1"/>
                    <input offset="1" semantic="TEXCOORD" source="#uvsMesh65_1" set="0"/>
                    <vcount>3 3 3 3 3 3 3 3 3 3</vcount>
                    <p>0 0 1 1 2 2 1 1 3 3 2 2 0 0 4 4 1 1 1 1 5 5 3 3 6 6 7 7 8 8 6 6 8 8 9 9 10 10 11 11 12 12 5 5 10 10 12 12 5 5 12 12 13 13 12 12 14 14 13 13</p>
                </polylist>
            </mesh>
        </geometry>
        <geometry id="meshMesh65_2">
            <mesh>
                <source id="pointsMesh65_2">
                    <float_array id="pointarrayMesh65_2" count="45">-1381 512 -1125 -665 512 -1535 -1381 512 -1535 -1279 512 -1740 -665 512 -1125 -767 512 -1740 -869 512 -1125 -1177 512 -1125 -1177 512 -1074 -869 512 -1074 -767 614 -2354 -1177 614 -2354 -1207 602 -2282 -1279 512 -1740 -1279 597 -2252</float_array>
                    <technique_common>
                        <accessor count="15" source="#pointarrayMesh65_2" stride="3">
                            <param name="X" type="float"/>
                            <param name="Y" type="float"/>
                            <param name="Z" type="float"/>
                        </accessor>
                    </technique_common>
                </source>
                <source id="uvsMesh65_2">
                    <float_array id="uvarrayMesh65_2" count="30">0.966796875 0.033203125 -1.02734375 3.525390625 -1.02734375 0.033203125 -2.025390625 0.533203125 0.966796875 3.525390625 -2.025390625 3.02734375 0.966796875 2.52734375 0.966796875 1 1.216796875 1 1.216796875 2.52734375 -5.01953125 3.02734375 -5.01953125 1 -4.666015625 0.884765625 -2.025390625 0.53125 -4.51953125 0.53125</float_array>
                    <technique_common>
                        <accessor count="15" source="#uvarrayMesh65_2" stride="2">
                            <param name="S" type="float"/>
                            <param name="T" type="float"/>
                        </accessor>
                    </technique_common>
                </source>
                <source id="colorsMesh65_2">
                    <float_array id="colorarrayMesh65_2" count="60">0.37254901960784315 0.37254901960784315 0.37254901960784315 1 0.37254901960784315 0.37254901960784315 0.37254901960784315 1 0.37254901960784315 0.37254901960784315 0.37254901960784315 1 0.37254901960784315 0.37254901960784315 0.37254901960784315 1 0.37254901960784315 0.37254901960784315 0.37254901960784315 1 0.37254901960784315 0.37254901960784315 0.37254901960784315 1 0.37254901960784315 0.37254901960784315 0.37254901960784315 1 0.37254901960784315 0.37254901960784315 0.37254901960784315 1 0.37254901960784315 0.37254901960784315 0.37254901960784315 1 0.37254901960784315 0.37254901960784315 0.37254901960784315 1 0.37254901960784315 0.37254901960784315 0.37254901960784315 1 0.37254901960784315 0.37254901960784315 0.37254901960784315 1 0.37254901960784315 0.37254901960784315 0.37254901960784315 1 0.37254901960784315 0.37254901960784315 0.37254901960784315 1 0.37254901960784315 0.37254901960784315 0.37254901960784315 1</float_array>
                    <technique_common>
                        <accessor count="15" source="#colorarrayMesh65_2" stride="4">
                            <param name="R" type="float"/>
                            <param name="G" type="float"/>
                            <param name="B" type="float"/>
                            <param name="A" type="float"/>
                        </accessor>
                    </technique_common>
                </source>
                <vertices id="verticesMesh65_2">
                    <input semantic="POSITION" source="#pointsMesh65_2"/>
                </vertices>
                <polylist count="10" material="Material1">
                    <input offset="0" semantic="VERTEX" source="#verticesMesh65_2"/>
                    <input offset="1" semantic="TEXCOORD" source="#uvsMesh65_2" set="0"/>
                    <input offset="2" semantic="COLOR" source="#colorsMesh65_2" set="0"/>
                    <vcount>3 3 3 3 3 3 3 3 3 3</vcount>
                    <p>0 0 0 1 1 1 2 2 2 1 1 1 3 3 3 2 2 2 0 0 0 4 4 4 1 1 1 1 1 1 5 5 5 3 3 3 6 6 6 7 7 7 8 8 8 6 6 6 8 8 8 9 9 9 10 10 10 11 11 11 12 12 12 5 5 5 10 10 10 12 12 12 5 5 5 12 12 12 13 13 13 12 12 12 14 14 14 13 13 13</p>
                </polylist>
            </mesh>
        </geometry>
        <geometry id="meshMesh66_1">
            <mesh>
                <source id="pointsMesh66_1">
                    <float_array id="pointarrayMesh66_1" count="60">-1279 768 -2354 -1279 742 -2354 -1279 742 -2866 -1279 768 -2866 -1279 717 -2354 -1146 717 -2849 -1146 742 -2849 -1023 691 -2798 -1023 717 -2798 -1279 691 -2354 -917 666 -2716 -917 691 -2716 -1279 666 -2354 -1279 640 -2354 -784 614 -2487 -784 640 -2487 -836 666 -2610 -836 640 -2610 -1279 614 -2354 -767 614 -2354</float_array>
                    <technique_common>
                        <accessor count="20" source="#pointarrayMesh66_1" stride="3">
                            <param name="X" type="float"/>
                            <param name="Y" type="float"/>
                            <param name="Z" type="float"/>
                        </accessor>
                    </technique_common>
                </source>
                <source id="uvsMesh66_1">
                    <float_array id="uvarrayMesh66_1" count="40">-1.02734375 0.033203125 -1.02734375 0.033203125 -6.017578125 0.033203125 -6.017578125 0.033203125 -1.02734375 0.033203125 -5.84765625 1.32421875 -5.84765625 1.32421875 -5.349609375 2.529296875 -5.349609375 2.529296875 -1.02734375 0.033203125 -4.556640625 3.5625 -4.556640625 3.5625 -1.02734375 0.033203125 -1.02734375 0.033203125 -2.318359375 4.853515625 -2.318359375 4.853515625 -3.521484375 4.35546875 -3.521484375 4.35546875 -1.02734375 0.033203125 -1.02734375 5.0234375</float_array>
                    <technique_common>
                        <accessor count="20" source="#uvarrayMesh66_1" stride="2">
                            <param name="S" type="float"/>
                            <param name="T" type="float"/>
                        </accessor>
                    </technique_common>
                </source>
                <vertices id="verticesMesh66_1">
                    <input semantic="POSITION" source="#pointsMesh66_1"/>
                </vertices>
                <polylist count="18" material="Material1">
                    <input offset="0" semantic="VERTEX" source="#verticesMesh66_1"/>
                    <input offset="1" semantic="TEXCOORD" source="#uvsMesh66_1" set="0"/>
                    <vcount>3 3 3 3 3 3 3 3 3 3 3 3 3 3 3 3 3 3</vcount>
                    <p>0 0 1 1 2 2 0 0 2 2 3 3 1 1 4 4 5 5 1 1 5 5 6 6 1 1 6 6 2 2 4 4 7 7 8 8 4 4 9 9 7 7 4 4 8 8 5 5 9 9 10 10 11 11 9 9 12 12 10 10 13 13 14 14 15 15 9 9 11 11 7 7 13 13 16 16 12 12 12 12 16 16 10 10 13 13 17 17 16 16 13 13 15 15 17 17 13 13 18 18 14 14 14 14 18 18 19 19</p>
                </polylist>
            </mesh>
        </geometry>
        <geometry id="meshMesh66_2">
            <mesh>
                <source id="pointsMesh66_2">
                    <float_array id="pointarrayMesh66_2" count="60">-1279 768 -2354 -1279 742 -2354 -1279 742 -2866 -1279 768 -2866 -1279 717 -2354 -1146 717 -2849 -1146 742 -2849 -1023 691 -2798 -1023 717 -2798 -1279 691 -2354 -917 666 -2716 -917 691 -2716 -1279 666 -2354 -1279 640 -2354 -784 614 -2487 -784 640 -2487 -836 666 -2610 -836 640 -2610 -1279 614 -2354 -767 614 -2354</float_array>
                    <technique_common>
                        <accessor count="20" source="#pointarrayMesh66_2" stride="3">
                            <param name="X" type="float"/>
                            <param name="Y" type="float"/>
                            <param name="Z" type="float"/>
                        </accessor>
                    </technique_common>
                </source>
                <source id="uvsMesh66_2">
                    <float_array id="uvarrayMesh66_2" count="40">-1.02734375 0.033203125 -1.02734375 0.033203125 -6.017578125 0.033203125 -6.017578125 0.033203125 -1.02734375 0.033203125 -5.84765625 1.32421875 -5.84765625 1.32421875 -5.349609375 2.529296875 -5.349609375 2.529296875 -1.02734375 0.033203125 -4.556640625 3.5625 -4.556640625 3.5625 -1.02734375 0.033203125 -1.02734375 0.033203125 -2.318359375 4.853515625 -2.318359375 4.853515625 -3.521484375 4.35546875 -3.521484375 4.35546875 -1.02734375 0.033203125 -1.02734375 5.0234375</float_array>
                    <technique_common>
                        <accessor count="20" source="#uvarrayMesh66_2" stride="2">
                            <param name="S" type="float"/>
                            <param name="T" type="float"/>
                        </accessor>
                    </technique_common>
                </source>
                <source id="colorsMesh66_2">
                    <float_array id="colorarrayMesh66_2" count="80">0.37254901960784315 0.37254901960784315 0.37254901960784315 1 0.37254901960784315 0.37254901960784315 0.37254901960784315 1 0.37254901960784315 0.37254901960784315 0.37254901960784315 1 0.37254901960784315 0.37254901960784315 0.37254901960784315 1 0.37254901960784315 0.37254901960784315 0.37254901960784315 1 0.37254901960784315 0.37254901960784315 0.37254901960784315 1 0.37254901960784315 0.37254901960784315 0.37254901960784315 1 0.37254901960784315 0.37254901960784315 0.37254901960784315 1 0.37254901960784315 0.37254901960784315 0.37254901960784315 1 0.37254901960784315 0.37254901960784315 0.37254901960784315 1 0.37254901960784315 0.37254901960784315 0.37254901960784315 1 0.37254901960784315 0.37254901960784315 0.37254901960784315 1 0.37254901960784315 0.37254901960784315 0.37254901960784315 1 0.37254901960784315 0.37254901960784315 0.37254901960784315 1 0.37254901960784315 0.37254901960784315 0.37254901960784315 1 0.37254901960784315 0.37254901960784315 0.37254901960784315 1 0.37254901960784315 0.37254901960784315 0.37254901960784315 1 0.37254901960784315 0.37254901960784315 0.37254901960784315 1 0.37254901960784315 0.37254901960784315 0.37254901960784315 1 0.37254901960784315 0.37254901960784315 0.37254901960784315 1</float_array>
                    <technique_common>
                        <accessor count="20" source="#colorarrayMesh66_2" stride="4">
                            <param name="R" type="float"/>
                            <param name="G" type="float"/>
                            <param name="B" type="float"/>
                            <param name="A" type="float"/>
                        </accessor>
                    </technique_common>
                </source>
                <vertices id="verticesMesh66_2">
                    <input semantic="POSITION" source="#pointsMesh66_2"/>
                </vertices>
                <polylist count="18" material="Material1">
                    <input offset="0" semantic="VERTEX" source="#verticesMesh66_2"/>
                    <input offset="1" semantic="TEXCOORD" source="#uvsMesh66_2" set="0"/>
                    <input offset="2" semantic="COLOR" source="#colorsMesh66_2" set="0"/>
                    <vcount>3 3 3 3 3 3 3 3 3 3 3 3 3 3 3 3 3 3</vcount>
                    <p>0 0 0 1 1 1 2 2 2 0 0 0 2 2 2 3 3 3 1 1 1 4 4 4 5 5 5 1 1 1 5 5 5 6 6 6 1 1 1 6 6 6 2 2 2 4 4 4 7 7 7 8 8 8 4 4 4 9 9 9 7 7 7 4 4 4 8 8 8 5 5 5 9 9 9 10 10 10 11 11 11 9 9 9 12 12 12 10 10 10 13 13 13 14 14 14 15 15 15 9 9 9 11 11 11 7 7 7 13 13 13 16 16 16 12 12 12 12 12 12 16 16 16 10 10 10 13 13 13 17 17 17 16 16 16 13 13 13 15 15 15 17 17 17 13 13 13 18 18 18 14 14 14 14 14 14 18 18 18 19 19 19</p>
                </polylist>
            </mesh>
        </geometry>
        <geometry id="meshMesh67_1">
            <mesh>
                <source id="pointsMesh67_1">
                    <float_array id="pointarrayMesh67_1" count="168">-1381 512 -1125 -1177 768 -1125 -1177 512 -1125 -869 1126 -2354 -1177 1126 -2354 -1177 1152 -2354 -767 1152 -2354 -767 1024 -2354 -665 512 -1125 -869 512 -1125 -869 768 -1125 -665 1024 -1125 -1381 1024 -1125 -1177 768 -1074 -1177 512 -1074 -1177 512 -1125 -665 512 -1535 -665 1024 -1535 -767 922 -1740 -767 512 -1740 -665 512 -1125 -665 1024 -1125 -1381 512 -1535 -1279 512 -1740 -1279 922 -1740 -1381 1024 -1535 -1381 1024 -1125 -1381 512 -1125 -1279 597 -2252 -1177 768 -1125 -869 768 -1125 -869 512 -1125 -869 512 -1074 -869 768 -1074 -1279 1007 -2252 -1279 1152 -2866 -1279 742 -2866 -1146 742 -2849 -1146 1152 -2849 -1146 717 -2849 -1023 717 -2798 -1023 1152 -2798 -1023 691 -2798 -917 691 -2716 -917 1152 -2716 -917 666 -2716 -836 666 -2610 -836 1152 -2610 -784 640 -2487 -784 1152 -2487 -836 640 -2610 -767 614 -2354 -767 1152 -2354 -784 614 -2487 -767 614 -2354 -767 1024 -2354</float_array>
                    <technique_common>
                        <accessor count="56" source="#pointarrayMesh67_1" stride="3">
                            <param name="X" type="float"/>
                            <param name="Y" type="float"/>
                            <param name="Z" type="float"/>
                        </accessor>
                    </technique_common>
                </source>
                <source id="uvsMesh67_1">
                    <float_array id="uvarrayMesh67_1" count="112">6.955078125 0.033203125 4.958984375 2.529296875 4.958984375 0.033203125 0.966796875 0.78125 3.9609375 0.78125 3.9609375 1 0 1 0 -0.21484375 0 0.033203125 1.96484375 0.033203125 1.96484375 2.529296875 0 5.0234375 6.955078125 5.0234375 0.46875 2.52734375 0.46875 0.033203125 0 0.033203125 0 0.033203125 0 5.0234375 -2.025390625 4.025390625 -2.025390625 0.033203125 3.9609375 0.033203125 3.9609375 5.0234375 0.966796875 0.033203125 2.962890625 0.033203125 2.962890625 4.025390625 0.966796875 5.0234375 -3.0234375 5.0234375 -3.0234375 0.033203125 7.953125 0.865234375 0 2.52734375 0 2.52734375 0 0.033203125 0.46875 0.033203125 0.46875 2.52734375 7.953125 4.857421875 -1.02734375 -1.4609375 -1.02734375 -5.453125 0.00390625 -5.453125 0.00390625 -1.4609375 0.00390625 -5.703125 1.20703125 -5.703125 1.20703125 -1.4609375 1.20703125 -5.953125 2.5 -5.953125 2.5 -1.4609375 2.5 -6.203125 3.791015625 -6.203125 3.791015625 -1.462890625 4.994140625 -6.451171875 4.994140625 -1.462890625 3.791015625 -6.451171875 6.02734375 -6.701171875 6.02734375 -1.462890625 4.994140625 -6.701171875 -8.013671875 1 -8.013671875 5.0234375</float_array>
                    <technique_common>
                        <accessor count="56" source="#uvarrayMesh67_1" stride="2">
                            <param name="S" type="float"/>
                            <param name="T" type="float"/>
                        </accessor>
                    </technique_common>
                </source>
                <vertices id="verticesMesh67_1">
                    <input semantic="POSITION" source="#pointsMesh67_1"/>
                </vertices>
                <polylist count="39" material="Material1">
                    <input offset="0" semantic="VERTEX" source="#verticesMesh67_1"/>
                    <input offset="1" semantic="TEXCOORD" source="#uvsMesh67_1" set="0"/>
                    <vcount>3 3 3 3 3 3 3 3 3 3 3 3 3 3 3 3 3 3 3 3 3 3 3 3 3 3 3 3 3 3 3 3 3 3 3 3 3 3 3</vcount>
                    <p>0 0 1 1 2 2 3 3 4 4 5 5 3 3 5 5 6 6 3 3 6 6 7 7 8 8 9 9 10 10 11 11 8 8 10 10 12 12 11 11 10 10 12 12 10 10 1 1 0 0 12 12 1 1 13 13 14 14 15 15 16 16 17 17 18 18 19 19 16 16 18 18 17 17 16 16 20 20 17 17 20 20 21 21 22 22 23 23 24 24 22 22 24 24 25 25 26 26 27 27 22 22 26 26 22 22 25 25 23 23 28 28 24 24 13 13 15 15 29 29 30 30 31 31 32 32 30 30 32 32 33 33 33 33 29 29 30 30 33 33 13 13 29 29 28 28 34 34 24 24 35 35 36 36 37 37 35 35 37 37 38 38 38 38 39 39 40 40 38 38 40 40 41 41 41 41 42 42 43 43 41 41 43 43 44 44 44 44 45 45 46 46 44 44 46 46 47 47 47 47 48 48 49 49 47 47 50 50 48 48 49 49 51 51 52 52 49 49 53 53 51 51 18 18 54 54 19 19 18 18 55 55 54 54</p>
                </polylist>
            </mesh>
        </geometry>
        <geometry id="meshMesh67_2">
            <mesh>
                <source id="pointsMesh67_2">
                    <float_array id="pointarrayMesh67_2" count="168">-1381 512 -1125 -1177 768 -1125 -1177 512 -1125 -869 1126 -2354 -1177 1126 -2354 -1177 1152 -2354 -767 1152 -2354 -767 1024 -2354 -665 512 -1125 -869 512 -1125 -869 768 -1125 -665 1024 -1125 -1381 1024 -1125 -1177 768 -1074 -1177 512 -1074 -1177 512 -1125 -665 512 -1535 -665 1024 -1535 -767 922 -1740 -767 512 -1740 -665 512 -1125 -665 1024 -1125 -1381 512 -1535 -1279 512 -1740 -1279 922 -1740 -1381 1024 -1535 -1381 1024 -1125 -1381 512 -1125 -1279 597 -2252 -1177 768 -1125 -869 768 -1125 -869 512 -1125 -869 512 -1074 -869 768 -1074 -1279 1007 -2252 -1279 1152 -2866 -1279 742 -2866 -1146 742 -2849 -1146 1152 -2849 -1146 717 -2849 -1023 717 -2798 -1023 1152 -2798 -1023 691 -2798 -917 691 -2716 -917 1152 -2716 -917 666 -2716 -836 666 -2610 -836 1152 -2610 -784 640 -2487 -784 1152 -2487 -836 640 -2610 -767 614 -2354 -767 1152 -2354 -784 614 -2487 -767 614 -2354 -767 1024 -2354</float_array>
                    <technique_common>
                        <accessor count="56" source="#pointarrayMesh67_2" stride="3">
                            <param name="X" type="float"/>
                            <param name="Y" type="float"/>
                            <param name="Z" type="float"/>
                        </accessor>
                    </technique_common>
                </source>
                <source id="uvsMesh67_2">
                    <float_array id="uvarrayMesh67_2" count="112">6.955078125 0.033203125 4.958984375 2.529296875 4.958984375 0.033203125 0.966796875 0.78125 3.9609375 0.78125 3.9609375 1 0 1 0 -0.21484375 0 0.033203125 1.96484375 0.033203125 1.96484375 2.529296875 0 5.0234375 6.955078125 5.0234375 0.46875 2.52734375 0.46875 0.033203125 0 0.033203125 0 0.033203125 0 5.0234375 -2.025390625 4.025390625 -2.025390625 0.033203125 3.9609375 0.033203125 3.9609375 5.0234375 0.966796875 0.033203125 2.962890625 0.033203125 2.962890625 4.025390625 0.966796875 5.0234375 -3.0234375 5.0234375 -3.0234375 0.033203125 7.953125 0.865234375 0 2.52734375 0 2.52734375 0 0.033203125 0.46875 0.033203125 0.46875 2.52734375 7.953125 4.857421875 -1.02734375 -1.4609375 -1.02734375 -5.453125 0.00390625 -5.453125 0.00390625 -1.4609375 0.00390625 -5.703125 1.20703125 -5.703125 1.20703125 -1.4609375 1.20703125 -5.953125 2.5 -5.953125 2.5 -1.4609375 2.5 -6.203125 3.791015625 -6.203125 3.791015625 -1.462890625 4.994140625 -6.451171875 4.994140625 -1.462890625 3.791015625 -6.451171875 6.02734375 -6.701171875 6.02734375 -1.462890625 4.994140625 -6.701171875 -8.013671875 1 -8.013671875 5.0234375</float_array>
                    <technique_common>
                        <accessor count="56" source="#uvarrayMesh67_2" stride="2">
                            <param name="S" type="float"/>
                            <param name="T" type="float"/>
                        </accessor>
                    </technique_common>
                </source>
                <source id="colorsMesh67_2">
                    <float_array id="colorarrayMesh67_2" count="224">0.37254901960784315 0.37254901960784315 0.37254901960784315 1 0.37254901960784315 0.37254901960784315 0.37254901960784315 1 0.37254901960784315 0.37254901960784315 0.37254901960784315 1 0.37254901960784315 0.37254901960784315 0.37254901960784315 1 0.37254901960784315 0.37254901960784315 0.37254901960784315 1 0.37254901960784315 0.37254901960784315 0.37254901960784315 1 0.37254901960784315 0.37254901960784315 0.37254901960784315 1 0.37254901960784315 0.37254901960784315 0.37254901960784315 1 0.37254901960784315 0.37254901960784315 0.37254901960784315 1 0.37254901960784315 0.37254901960784315 0.37254901960784315 1 0.37254901960784315 0.37254901960784315 0.37254901960784315 1 0.37254901960784315 0.37254901960784315 0.37254901960784315 1 0.37254901960784315 0.37254901960784315 0.37254901960784315 1 0.37254901960784315 0.37254901960784315 0.37254901960784315 1 0.37254901960784315 0.37254901960784315 0.37254901960784315 1 0.37254901960784315 0.37254901960784315 0.37254901960784315 1 0.37254901960784315 0.37254901960784315 0.37254901960784315 1 0.37254901960784315 0.37254901960784315 0.37254901960784315 1 0.37254901960784315 0.37254901960784315 0.37254901960784315 1 0.37254901960784315 0.37254901960784315 0.37254901960784315 1 0.37254901960784315 0.37254901960784315 0.37254901960784315 1 0.37254901960784315 0.37254901960784315 0.37254901960784315 1 0.37254901960784315 0.37254901960784315 0.37254901960784315 1 0.37254901960784315 0.37254901960784315 0.37254901960784315 1 0.37254901960784315 0.37254901960784315 0.37254901960784315 1 0.37254901960784315 0.37254901960784315 0.37254901960784315 1 0.37254901960784315 0.37254901960784315 0.37254901960784315 1 0.37254901960784315 0.37254901960784315 0.37254901960784315 1 0.37254901960784315 0.37254901960784315 0.37254901960784315 1 0.37254901960784315 0.37254901960784315 0.37254901960784315 1 0.37254901960784315 0.37254901960784315 0.37254901960784315 1 0.37254901960784315 0.37254901960784315 0.37254901960784315 1 0.37254901960784315 0.37254901960784315 0.37254901960784315 1 0.37254901960784315 0.37254901960784315 0.37254901960784315 1 0.37254901960784315 0.37254901960784315 0.37254901960784315 1 0.37254901960784315 0.37254901960784315 0.37254901960784315 1 0.37254901960784315 0.37254901960784315 0.37254901960784315 1 0.37254901960784315 0.37254901960784315 0.37254901960784315 1 0.37254901960784315 0.37254901960784315 0.37254901960784315 1 0.37254901960784315 0.37254901960784315 0.37254901960784315 1 0.37254901960784315 0.37254901960784315 0.37254901960784315 1 0.37254901960784315 0.37254901960784315 0.37254901960784315 1 0.37254901960784315 0.37254901960784315 0.37254901960784315 1 0.37254901960784315 0.37254901960784315 0.37254901960784315 1 0.37254901960784315 0.37254901960784315 0.37254901960784315 1 0.37254901960784315 0.37254901960784315 0.37254901960784315 1 0.37254901960784315 0.37254901960784315 0.37254901960784315 1 0.37254901960784315 0.37254901960784315 0.37254901960784315 1 0.37254901960784315 0.37254901960784315 0.37254901960784315 1 0.37254901960784315 0.37254901960784315 0.37254901960784315 1 0.37254901960784315 0.37254901960784315 0.37254901960784315 1 0.37254901960784315 0.37254901960784315 0.37254901960784315 1 0.37254901960784315 0.37254901960784315 0.37254901960784315 1 0.37254901960784315 0.37254901960784315 0.37254901960784315 1 0.37254901960784315 0.37254901960784315 0.37254901960784315 1 0.37254901960784315 0.37254901960784315 0.37254901960784315 1</float_array>
                    <technique_common>
                        <accessor count="56" source="#colorarrayMesh67_2" stride="4">
                            <param name="R" type="float"/>
                            <param name="G" type="float"/>
                            <param name="B" type="float"/>
                            <param name="A" type="float"/>
                        </accessor>
                    </technique_common>
                </source>
                <vertices id="verticesMesh67_2">
                    <input semantic="POSITION" source="#pointsMesh67_2"/>
                </vertices>
                <polylist count="39" material="Material1">
                    <input offset="0" semantic="VERTEX" source="#verticesMesh67_2"/>
                    <input offset="1" semantic="TEXCOORD" source="#uvsMesh67_2" set="0"/>
                    <input offset="2" semantic="COLOR" source="#colorsMesh67_2" set="0"/>
                    <vcount>3 3 3 3 3 3 3 3 3 3 3 3 3 3 3 3 3 3 3 3 3 3 3 3 3 3 3 3 3 3 3 3 3 3 3 3 3 3 3</vcount>
                    <p>0 0 0 1 1 1 2 2 2 3 3 3 4 4 4 5 5 5 3 3 3 5 5 5 6 6 6 3 3 3 6 6 6 7 7 7 8 8 8 9 9 9 10 10 10 11 11 11 8 8 8 10 10 10 12 12 12 11 11 11 10 10 10 12 12 12 10 10 10 1 1 1 0 0 0 12 12 12 1 1 1 13 13 13 14 14 14 15 15 15 16 16 16 17 17 17 18 18 18 19 19 19 16 16 16 18 18 18 17 17 17 16 16 16 20 20 20 17 17 17 20 20 20 21 21 21 22 22 22 23 23 23 24 24 24 22 22 22 24 24 24 25 25 25 26 26 26 27 27 27 22 22 22 26 26 26 22 22 22 25 25 25 23 23 23 28 28 28 24 24 24 13 13 13 15 15 15 29 29 29 30 30 30 31 31 31 32 32 32 30 30 30 32 32 32 33 33 33 33 33 33 29 29 29 30 30 30 33 33 33 13 13 13 29 29 29 28 28 28 34 34 34 24 24 24 35 35 35 36 36 36 37 37 37 35 35 35 37 37 37 38 38 38 38 38 38 39 39 39 40 40 40 38 38 38 40 40 40 41 41 41 41 41 41 42 42 42 43 43 43 41 41 41 43 43 43 44 44 44 44 44 44 45 45 45 46 46 46 44 44 44 46 46 46 47 47 47 47 47 47 48 48 48 49 49 49 47 47 47 50 50 50 48 48 48 49 49 49 51 51 51 52 52 52 49 49 49 53 53 53 51 51 51 18 18 18 54 54 54 19 19 19 18 18 18 55 55 55 54 54 54</p>
                </polylist>
            </mesh>
        </geometry>
        <geometry id="meshMesh68_1">
            <mesh>
                <source id="pointsMesh68_1">
                    <float_array id="pointarrayMesh68_1" count="39">-1177 1152 -2354 -1177 614 -2354 -1207 614 -2427 -1207 1152 -2427 -1381 1818 -2354 -1381 614 -2354 -1351 602 -2282 -1351 1818 -2282 -1279 597 -2252 -1279 1818 -2252 -1207 602 -2282 -1207 1818 -2282 -1177 1818 -2354</float_array>
                    <technique_common>
                        <accessor count="13" source="#pointarrayMesh68_1" stride="3">
                            <param name="X" type="float"/>
                            <param name="Y" type="float"/>
                            <param name="Z" type="float"/>
                        </accessor>
                    </technique_common>
                </source>
                <source id="uvsMesh68_1">
                    <float_array id="uvarrayMesh68_1" count="26">0.966796875 0.462890625 0.966796875 0.017578125 0.8203125 0.017578125 0.8203125 0.462890625 0 1 0 0.017578125 0.115234375 0.009765625 0.115234375 1 0.466796875 0.005859375 0.466796875 1 0.8203125 0.009765625 0.8203125 1 0.966796875 1</float_array>
                    <technique_common>
                        <accessor count="13" source="#uvarrayMesh68_1" stride="2">
                            <param name="S" type="float"/>
                            <param name="T" type="float"/>
                        </accessor>
                    </technique_common>
                </source>
                <vertices id="verticesMesh68_1">
                    <input semantic="POSITION" source="#pointsMesh68_1"/>
                </vertices>
                <polylist count="10" material="Material1">
                    <input offset="0" semantic="VERTEX" source="#verticesMesh68_1"/>
                    <input offset="1" semantic="TEXCOORD" source="#uvsMesh68_1" set="0"/>
                    <vcount>3 3 3 3 3 3 3 3 3 3</vcount>
                    <p>0 0 1 1 2 2 0 0 2 2 3 3 4 4 5 5 6 6 4 4 6 6 7 7 7 7 6 6 8 8 7 7 8 8 9 9 9 9 10 10 11 11 11 11 10 10 1 1 11 11 1 1 12 12 9 9 8 8 10 10</p>
                </polylist>
            </mesh>
        </geometry>
        <geometry id="meshMesh68_2">
            <mesh>
                <source id="pointsMesh68_2">
                    <float_array id="pointarrayMesh68_2" count="39">-1177 1152 -2354 -1177 614 -2354 -1207 614 -2427 -1207 1152 -2427 -1381 1818 -2354 -1381 614 -2354 -1351 602 -2282 -1351 1818 -2282 -1279 597 -2252 -1279 1818 -2252 -1207 602 -2282 -1207 1818 -2282 -1177 1818 -2354</float_array>
                    <technique_common>
                        <accessor count="13" source="#pointarrayMesh68_2" stride="3">
                            <param name="X" type="float"/>
                            <param name="Y" type="float"/>
                            <param name="Z" type="float"/>
                        </accessor>
                    </technique_common>
                </source>
                <source id="uvsMesh68_2">
                    <float_array id="uvarrayMesh68_2" count="26">0.966796875 0.462890625 0.966796875 0.017578125 0.8203125 0.017578125 0.8203125 0.462890625 0 1 0 0.017578125 0.115234375 0.009765625 0.115234375 1 0.466796875 0.005859375 0.466796875 1 0.8203125 0.009765625 0.8203125 1 0.966796875 1</float_array>
                    <technique_common>
                        <accessor count="13" source="#uvarrayMesh68_2" stride="2">
                            <param name="S" type="float"/>
                            <param name="T" type="float"/>
                        </accessor>
                    </technique_common>
                </source>
                <source id="colorsMesh68_2">
                    <float_array id="colorarrayMesh68_2" count="52">0.37254901960784315 0.37254901960784315 0.37254901960784315 1 0.37254901960784315 0.37254901960784315 0.37254901960784315 1 0.37254901960784315 0.37254901960784315 0.37254901960784315 1 0.37254901960784315 0.37254901960784315 0.37254901960784315 1 0.37254901960784315 0.37254901960784315 0.37254901960784315 1 0.37254901960784315 0.37254901960784315 0.37254901960784315 1 0.37254901960784315 0.37254901960784315 0.37254901960784315 1 0.37254901960784315 0.37254901960784315 0.37254901960784315 1 0.37254901960784315 0.37254901960784315 0.37254901960784315 1 0.37254901960784315 0.37254901960784315 0.37254901960784315 1 0.37254901960784315 0.37254901960784315 0.37254901960784315 1 0.37254901960784315 0.37254901960784315 0.37254901960784315 1 0.37254901960784315 0.37254901960784315 0.37254901960784315 1</float_array>
                    <technique_common>
                        <accessor count="13" source="#colorarrayMesh68_2" stride="4">
                            <param name="R" type="float"/>
                            <param name="G" type="float"/>
                            <param name="B" type="float"/>
                            <param name="A" type="float"/>
                        </accessor>
                    </technique_common>
                </source>
                <vertices id="verticesMesh68_2">
                    <input semantic="POSITION" source="#pointsMesh68_2"/>
                </vertices>
                <polylist count="10" material="Material1">
                    <input offset="0" semantic="VERTEX" source="#verticesMesh68_2"/>
                    <input offset="1" semantic="TEXCOORD" source="#uvsMesh68_2" set="0"/>
                    <input offset="2" semantic="COLOR" source="#colorsMesh68_2" set="0"/>
                    <vcount>3 3 3 3 3 3 3 3 3 3</vcount>
                    <p>0 0 0 1 1 1 2 2 2 0 0 0 2 2 2 3 3 3 4 4 4 5 5 5 6 6 6 4 4 4 6 6 6 7 7 7 7 7 7 6 6 6 8 8 8 7 7 7 8 8 8 9 9 9 9 9 9 10 10 10 11 11 11 11 11 11 10 10 10 1 1 1 11 11 11 1 1 1 12 12 12 9 9 9 8 8 8 10 10 10</p>
                </polylist>
            </mesh>
        </geometry>
    </library_geometries>
    <library_visual_scenes>
        <visual_scene id="VisualSceneNode">
            <node id="node_Node0" name="Node0_root">
                <node id="node_Node1" name="Node1_master_list">
                    <node id="node_Node2" name="Node2_BG">
                    </node>
                </node>
                <node id="node_Node3" name="Node3_master_list">
                    <node id="node_Node4" name="Node4_perspective">
                        <node id="node_Node5" name="Node5_camera">
                            <node id="node_Node6" name="Node6_switch">
                                <node id="node_Node7" name="Node7_start">
                                    <node id="node_Node8" name="Node8_display">
                                        <node id="node_Node9" name="Node9_display">
                                            <node id="node_Mesh0_1" name="Mesh0_light">
                                                <instance_geometry url="#meshMesh0_1">
                                                    <bind_material>
                                                        <technique_common>
                                                            <instance_material symbol="Material1" target="#mat0">
                                                                <bind_vertex_input semantic="UVSET0" input_semantic="TEXCOORD" input_set="0"/>
                                                            </instance_material>
                                                        </technique_common>
                                                    </bind_material>
                                                </instance_geometry>
                                            </node>
                                            <node id="node_Mesh0_2" name="Mesh0_dark">
                                                <instance_geometry url="#meshMesh0_2">
                                                    <bind_material>
                                                        <technique_common>
                                                            <instance_material symbol="Material1" target="#mat0">
                                                                <bind_vertex_input semantic="UVSET0" input_semantic="TEXCOORD" input_set="0"/>
                                                            </instance_material>
                                                        </technique_common>
                                                    </bind_material>
                                                </instance_geometry>
                                            </node>
                                            <node id="node_Mesh1_1" name="Mesh1_light">
                                                <instance_geometry url="#meshMesh1_1">
                                                    <bind_material>
                                                        <technique_common>
                                                            <instance_material symbol="Material1" target="#mat1">
                                                                <bind_vertex_input semantic="UVSET0" input_semantic="TEXCOORD" input_set="0"/>
                                                            </instance_material>
                                                        </technique_common>
                                                    </bind_material>
                                                </instance_geometry>
                                            </node>
                                            <node id="node_Mesh1_2" name="Mesh1_dark">
                                                <instance_geometry url="#meshMesh1_2">
                                                    <bind_material>
                                                        <technique_common>
                                                            <instance_material symbol="Material1" target="#mat1">
                                                                <bind_vertex_input semantic="UVSET0" input_semantic="TEXCOORD" input_set="0"/>
                                                            </instance_material>
                                                        </technique_common>
                                                    </bind_material>
                                                </instance_geometry>
                                            </node>
                                            <node id="node_Mesh2_1" name="Mesh2_light">
                                                <instance_geometry url="#meshMesh2_1">
                                                    <bind_material>
                                                        <technique_common>
                                                            <instance_material symbol="Material1" target="#mat2">
                                                                <bind_vertex_input semantic="UVSET0" input_semantic="TEXCOORD" input_set="0"/>
                                                            </instance_material>
                                                        </technique_common>
                                                    </bind_material>
                                                </instance_geometry>
                                            </node>
                                            <node id="node_Mesh2_2" name="Mesh2_dark">
                                                <instance_geometry url="#meshMesh2_2">
                                                    <bind_material>
                                                        <technique_common>
                                                            <instance_material symbol="Material1" target="#mat2">
                                                                <bind_vertex_input semantic="UVSET0" input_semantic="TEXCOORD" input_set="0"/>
                                                            </instance_material>
                                                        </technique_common>
                                                    </bind_material>
                                                </instance_geometry>
                                            </node>
                                            <node id="node_Mesh3_1" name="Mesh3_light">
                                                <instance_geometry url="#meshMesh3_1">
                                                    <bind_material>
                                                        <technique_common>
                                                            <instance_material symbol="Material1" target="#mat3">
                                                                <bind_vertex_input semantic="UVSET0" input_semantic="TEXCOORD" input_set="0"/>
                                                            </instance_material>
                                                        </technique_common>
                                                    </bind_material>
                                                </instance_geometry>
                                            </node>
                                            <node id="node_Mesh3_2" name="Mesh3_dark">
                                                <instance_geometry url="#meshMesh3_2">
                                                    <bind_material>
                                                        <technique_common>
                                                            <instance_material symbol="Material1" target="#mat3">
                                                                <bind_vertex_input semantic="UVSET0" input_semantic="TEXCOORD" input_set="0"/>
                                                            </instance_material>
                                                        </technique_common>
                                                    </bind_material>
                                                </instance_geometry>
                                            </node>
                                            <node id="node_Mesh4_1" name="Mesh4_light">
                                                <instance_geometry url="#meshMesh4_1">
                                                    <bind_material>
                                                        <technique_common>
                                                            <instance_material symbol="Material1" target="#mat4">
                                                                <bind_vertex_input semantic="UVSET0" input_semantic="TEXCOORD" input_set="0"/>
                                                            </instance_material>
                                                        </technique_common>
                                                    </bind_material>
                                                </instance_geometry>
                                            </node>
                                            <node id="node_Mesh4_2" name="Mesh4_dark">
                                                <instance_geometry url="#meshMesh4_2">
                                                    <bind_material>
                                                        <technique_common>
                                                            <instance_material symbol="Material1" target="#mat4">
                                                                <bind_vertex_input semantic="UVSET0" input_semantic="TEXCOORD" input_set="0"/>
                                                            </instance_material>
                                                        </technique_common>
                                                    </bind_material>
                                                </instance_geometry>
                                            </node>
                                        </node>
                                        <node id="node_Node10" name="Node10_display">
                                            <node id="node_Mesh5_1" name="Mesh5">
                                                <instance_geometry url="#meshMesh5_1">
                                                    <bind_material>
                                                        <technique_common>
                                                            <instance_material symbol="Material1" target="#mat5">
                                                                <bind_vertex_input semantic="UVSET0" input_semantic="TEXCOORD" input_set="0"/>
                                                            </instance_material>
                                                        </technique_common>
                                                    </bind_material>
                                                </instance_geometry>
                                            </node>
                                        </node>
                                        <node id="node_Node11" name="Node11_display">
                                            <node id="node_Mesh6_1" name="Mesh6_light">
                                                <instance_geometry url="#meshMesh6_1">
                                                    <bind_material>
                                                        <technique_common>
                                                            <instance_material symbol="Material1" target="#mat6">
                                                                <bind_vertex_input semantic="UVSET0" input_semantic="TEXCOORD" input_set="0"/>
                                                            </instance_material>
                                                        </technique_common>
                                                    </bind_material>
                                                </instance_geometry>
                                            </node>
                                            <node id="node_Mesh6_2" name="Mesh6_dark">
                                                <instance_geometry url="#meshMesh6_2">
                                                    <bind_material>
                                                        <technique_common>
                                                            <instance_material symbol="Material1" target="#mat6">
                                                                <bind_vertex_input semantic="UVSET0" input_semantic="TEXCOORD" input_set="0"/>
                                                            </instance_material>
                                                        </technique_common>
                                                    </bind_material>
                                                </instance_geometry>
                                            </node>
                                            <node id="node_Mesh7_1" name="Mesh7_light">
                                                <instance_geometry url="#meshMesh7_1">
                                                    <bind_material>
                                                        <technique_common>
                                                            <instance_material symbol="Material1" target="#mat3">
                                                                <bind_vertex_input semantic="UVSET0" input_semantic="TEXCOORD" input_set="0"/>
                                                            </instance_material>
                                                        </technique_common>
                                                    </bind_material>
                                                </instance_geometry>
                                            </node>
                                            <node id="node_Mesh7_2" name="Mesh7_dark">
                                                <instance_geometry url="#meshMesh7_2">
                                                    <bind_material>
                                                        <technique_common>
                                                            <instance_material symbol="Material1" target="#mat3">
                                                                <bind_vertex_input semantic="UVSET0" input_semantic="TEXCOORD" input_set="0"/>
                                                            </instance_material>
                                                        </technique_common>
                                                    </bind_material>
                                                </instance_geometry>
                                            </node>
                                            <node id="node_Mesh8_1" name="Mesh8_light">
                                                <instance_geometry url="#meshMesh8_1">
                                                    <bind_material>
                                                        <technique_common>
                                                            <instance_material symbol="Material1" target="#mat4">
                                                                <bind_vertex_input semantic="UVSET0" input_semantic="TEXCOORD" input_set="0"/>
                                                            </instance_material>
                                                        </technique_common>
                                                    </bind_material>
                                                </instance_geometry>
                                            </node>
                                            <node id="node_Mesh8_2" name="Mesh8_dark">
                                                <instance_geometry url="#meshMesh8_2">
                                                    <bind_material>
                                                        <technique_common>
                                                            <instance_material symbol="Material1" target="#mat4">
                                                                <bind_vertex_input semantic="UVSET0" input_semantic="TEXCOORD" input_set="0"/>
                                                            </instance_material>
                                                        </technique_common>
                                                    </bind_material>
                                                </instance_geometry>
                                            </node>
                                        </node>
                                        <node id="node_Node12" name="Node12_display">
                                            <node id="node_Mesh9_1" name="Mesh9_light">
                                                <instance_geometry url="#meshMesh9_1">
                                                    <bind_material>
                                                        <technique_common>
                                                            <instance_material symbol="Material1" target="#mat7">
                                                                <bind_vertex_input semantic="UVSET0" input_semantic="TEXCOORD" input_set="0"/>
                                                            </instance_material>
                                                        </technique_common>
                                                    </bind_material>
                                                </instance_geometry>
                                            </node>
                                            <node id="node_Mesh9_2" name="Mesh9_dark">
                                                <instance_geometry url="#meshMesh9_2">
                                                    <bind_material>
                                                        <technique_common>
                                                            <instance_material symbol="Material1" target="#mat7">
                                                                <bind_vertex_input semantic="UVSET0" input_semantic="TEXCOORD" input_set="0"/>
                                                            </instance_material>
                                                        </technique_common>
                                                    </bind_material>
                                                </instance_geometry>
                                            </node>
                                        </node>
                                        <node id="node_Node13" name="Node13_display">
                                            <node id="node_Mesh10_1" name="Mesh10_light">
                                                <instance_geometry url="#meshMesh10_1">
                                                    <bind_material>
                                                        <technique_common>
                                                            <instance_material symbol="Material1" target="#mat8">
                                                                <bind_vertex_input semantic="UVSET0" input_semantic="TEXCOORD" input_set="0"/>
                                                            </instance_material>
                                                        </technique_common>
                                                    </bind_material>
                                                </instance_geometry>
                                            </node>
                                            <node id="node_Mesh10_2" name="Mesh10_dark">
                                                <instance_geometry url="#meshMesh10_2">
                                                    <bind_material>
                                                        <technique_common>
                                                            <instance_material symbol="Material1" target="#mat8">
                                                                <bind_vertex_input semantic="UVSET0" input_semantic="TEXCOORD" input_set="0"/>
                                                            </instance_material>
                                                        </technique_common>
                                                    </bind_material>
                                                </instance_geometry>
                                            </node>
                                        </node>
                                    </node>
                                    <node id="node_Node14" name="Node14_list">
                                        <node id="node_Mesh11_1" name="Mesh11">
                                            <instance_geometry url="#meshMesh11_1">
                                                <bind_material>
                                                    <technique_common>
                                                        <instance_material symbol="Material1" target="#mat9">
                                                            <bind_vertex_input semantic="UVSET0" input_semantic="TEXCOORD" input_set="0"/>
                                                        </instance_material>
                                                    </technique_common>
                                                </bind_material>
                                            </instance_geometry>
                                        </node>
                                    </node>
                                </node>
                                <node id="node_Node15" name="Node15_start">
                                    <node id="node_Node16" name="Node16_display">
                                        <node id="node_Node17" name="Node17_display">
                                            <node id="node_Mesh12_1" name="Mesh12_light">
                                                <instance_geometry url="#meshMesh12_1">
                                                    <bind_material>
                                                        <technique_common>
                                                            <instance_material symbol="Material1" target="#mat0">
                                                                <bind_vertex_input semantic="UVSET0" input_semantic="TEXCOORD" input_set="0"/>
                                                            </instance_material>
                                                        </technique_common>
                                                    </bind_material>
                                                </instance_geometry>
                                            </node>
                                            <node id="node_Mesh12_2" name="Mesh12_dark">
                                                <instance_geometry url="#meshMesh12_2">
                                                    <bind_material>
                                                        <technique_common>
                                                            <instance_material symbol="Material1" target="#mat0">
                                                                <bind_vertex_input semantic="UVSET0" input_semantic="TEXCOORD" input_set="0"/>
                                                            </instance_material>
                                                        </technique_common>
                                                    </bind_material>
                                                </instance_geometry>
                                            </node>
                                            <node id="node_Mesh13_1" name="Mesh13_light">
                                                <instance_geometry url="#meshMesh13_1">
                                                    <bind_material>
                                                        <technique_common>
                                                            <instance_material symbol="Material1" target="#mat10">
                                                                <bind_vertex_input semantic="UVSET0" input_semantic="TEXCOORD" input_set="0"/>
                                                            </instance_material>
                                                        </technique_common>
                                                    </bind_material>
                                                </instance_geometry>
                                            </node>
                                            <node id="node_Mesh13_2" name="Mesh13_dark">
                                                <instance_geometry url="#meshMesh13_2">
                                                    <bind_material>
                                                        <technique_common>
                                                            <instance_material symbol="Material1" target="#mat10">
                                                                <bind_vertex_input semantic="UVSET0" input_semantic="TEXCOORD" input_set="0"/>
                                                            </instance_material>
                                                        </technique_common>
                                                    </bind_material>
                                                </instance_geometry>
                                            </node>
                                            <node id="node_Mesh14_1" name="Mesh14_light">
                                                <instance_geometry url="#meshMesh14_1">
                                                    <bind_material>
                                                        <technique_common>
                                                            <instance_material symbol="Material1" target="#mat1">
                                                                <bind_vertex_input semantic="UVSET0" input_semantic="TEXCOORD" input_set="0"/>
                                                            </instance_material>
                                                        </technique_common>
                                                    </bind_material>
                                                </instance_geometry>
                                            </node>
                                            <node id="node_Mesh14_2" name="Mesh14_dark">
                                                <instance_geometry url="#meshMesh14_2">
                                                    <bind_material>
                                                        <technique_common>
                                                            <instance_material symbol="Material1" target="#mat1">
                                                                <bind_vertex_input semantic="UVSET0" input_semantic="TEXCOORD" input_set="0"/>
                                                            </instance_material>
                                                        </technique_common>
                                                    </bind_material>
                                                </instance_geometry>
                                            </node>
                                            <node id="node_Mesh15_1" name="Mesh15_light">
                                                <instance_geometry url="#meshMesh15_1">
                                                    <bind_material>
                                                        <technique_common>
                                                            <instance_material symbol="Material1" target="#mat11">
                                                                <bind_vertex_input semantic="UVSET0" input_semantic="TEXCOORD" input_set="0"/>
                                                            </instance_material>
                                                        </technique_common>
                                                    </bind_material>
                                                </instance_geometry>
                                            </node>
                                            <node id="node_Mesh15_2" name="Mesh15_dark">
                                                <instance_geometry url="#meshMesh15_2">
                                                    <bind_material>
                                                        <technique_common>
                                                            <instance_material symbol="Material1" target="#mat11">
                                                                <bind_vertex_input semantic="UVSET0" input_semantic="TEXCOORD" input_set="0"/>
                                                            </instance_material>
                                                        </technique_common>
                                                    </bind_material>
                                                </instance_geometry>
                                            </node>
                                        </node>
                                    </node>
                                </node>
                                <node id="node_Node18" name="Node18_start">
                                    <node id="node_Node19" name="Node19_display">
                                        <node id="node_Node20" name="Node20_display">
                                            <node id="node_Mesh16_1" name="Mesh16_light">
                                                <instance_geometry url="#meshMesh16_1">
                                                    <bind_material>
                                                        <technique_common>
                                                            <instance_material symbol="Material1" target="#mat0">
                                                                <bind_vertex_input semantic="UVSET0" input_semantic="TEXCOORD" input_set="0"/>
                                                            </instance_material>
                                                        </technique_common>
                                                    </bind_material>
                                                </instance_geometry>
                                            </node>
                                            <node id="node_Mesh16_2" name="Mesh16_dark">
                                                <instance_geometry url="#meshMesh16_2">
                                                    <bind_material>
                                                        <technique_common>
                                                            <instance_material symbol="Material1" target="#mat0">
                                                                <bind_vertex_input semantic="UVSET0" input_semantic="TEXCOORD" input_set="0"/>
                                                            </instance_material>
                                                        </technique_common>
                                                    </bind_material>
                                                </instance_geometry>
                                            </node>
                                            <node id="node_Mesh17_1" name="Mesh17_light">
                                                <instance_geometry url="#meshMesh17_1">
                                                    <bind_material>
                                                        <technique_common>
                                                            <instance_material symbol="Material1" target="#mat1">
                                                                <bind_vertex_input semantic="UVSET0" input_semantic="TEXCOORD" input_set="0"/>
                                                            </instance_material>
                                                        </technique_common>
                                                    </bind_material>
                                                </instance_geometry>
                                            </node>
                                            <node id="node_Mesh17_2" name="Mesh17_dark">
                                                <instance_geometry url="#meshMesh17_2">
                                                    <bind_material>
                                                        <technique_common>
                                                            <instance_material symbol="Material1" target="#mat1">
                                                                <bind_vertex_input semantic="UVSET0" input_semantic="TEXCOORD" input_set="0"/>
                                                            </instance_material>
                                                        </technique_common>
                                                    </bind_material>
                                                </instance_geometry>
                                            </node>
                                            <node id="node_Mesh18_1" name="Mesh18_light">
                                                <instance_geometry url="#meshMesh18_1">
                                                    <bind_material>
                                                        <technique_common>
                                                            <instance_material symbol="Material1" target="#mat2">
                                                                <bind_vertex_input semantic="UVSET0" input_semantic="TEXCOORD" input_set="0"/>
                                                            </instance_material>
                                                        </technique_common>
                                                    </bind_material>
                                                </instance_geometry>
                                            </node>
                                            <node id="node_Mesh18_2" name="Mesh18_dark">
                                                <instance_geometry url="#meshMesh18_2">
                                                    <bind_material>
                                                        <technique_common>
                                                            <instance_material symbol="Material1" target="#mat2">
                                                                <bind_vertex_input semantic="UVSET0" input_semantic="TEXCOORD" input_set="0"/>
                                                            </instance_material>
                                                        </technique_common>
                                                    </bind_material>
                                                </instance_geometry>
                                            </node>
                                            <node id="node_Mesh19_1" name="Mesh19_light">
                                                <instance_geometry url="#meshMesh19_1">
                                                    <bind_material>
                                                        <technique_common>
                                                            <instance_material symbol="Material1" target="#mat12">
                                                                <bind_vertex_input semantic="UVSET0" input_semantic="TEXCOORD" input_set="0"/>
                                                            </instance_material>
                                                        </technique_common>
                                                    </bind_material>
                                                </instance_geometry>
                                            </node>
                                            <node id="node_Mesh19_2" name="Mesh19_dark">
                                                <instance_geometry url="#meshMesh19_2">
                                                    <bind_material>
                                                        <technique_common>
                                                            <instance_material symbol="Material1" target="#mat12">
                                                                <bind_vertex_input semantic="UVSET0" input_semantic="TEXCOORD" input_set="0"/>
                                                            </instance_material>
                                                        </technique_common>
                                                    </bind_material>
                                                </instance_geometry>
                                            </node>
                                            <node id="node_Mesh20_1" name="Mesh20_light">
                                                <instance_geometry url="#meshMesh20_1">
                                                    <bind_material>
                                                        <technique_common>
                                                            <instance_material symbol="Material1" target="#mat13">
                                                                <bind_vertex_input semantic="UVSET0" input_semantic="TEXCOORD" input_set="0"/>
                                                            </instance_material>
                                                        </technique_common>
                                                    </bind_material>
                                                </instance_geometry>
                                            </node>
                                            <node id="node_Mesh20_2" name="Mesh20_dark">
                                                <instance_geometry url="#meshMesh20_2">
                                                    <bind_material>
                                                        <technique_common>
                                                            <instance_material symbol="Material1" target="#mat13">
                                                                <bind_vertex_input semantic="UVSET0" input_semantic="TEXCOORD" input_set="0"/>
                                                            </instance_material>
                                                        </technique_common>
                                                    </bind_material>
                                                </instance_geometry>
                                            </node>
                                        </node>
                                        <node id="node_Node21" name="Node21_display">
                                            <node id="node_Mesh21_1" name="Mesh21">
                                                <instance_geometry url="#meshMesh21_1">
                                                    <bind_material>
                                                        <technique_common>
                                                            <instance_material symbol="Material1" target="#mat14">
                                                                <bind_vertex_input semantic="UVSET0" input_semantic="TEXCOORD" input_set="0"/>
                                                            </instance_material>
                                                        </technique_common>
                                                    </bind_material>
                                                </instance_geometry>
                                            </node>
                                            <node id="node_Mesh22_1" name="Mesh22">
                                                <instance_geometry url="#meshMesh22_1">
                                                    <bind_material>
                                                        <technique_common>
                                                            <instance_material symbol="Material1" target="#mat15">
                                                                <bind_vertex_input semantic="UVSET0" input_semantic="TEXCOORD" input_set="0"/>
                                                            </instance_material>
                                                        </technique_common>
                                                    </bind_material>
                                                </instance_geometry>
                                            </node>
                                            <node id="node_Mesh23_1" name="Mesh23">
                                                <instance_geometry url="#meshMesh23_1">
                                                    <bind_material>
                                                        <technique_common>
                                                            <instance_material symbol="Material1" target="#mat16">
                                                                <bind_vertex_input semantic="UVSET0" input_semantic="TEXCOORD" input_set="0"/>
                                                            </instance_material>
                                                        </technique_common>
                                                    </bind_material>
                                                </instance_geometry>
                                            </node>
                                            <node id="node_Mesh24_1" name="Mesh24">
                                                <instance_geometry url="#meshMesh24_1">
                                                    <bind_material>
                                                        <technique_common>
                                                            <instance_material symbol="Material1" target="#mat17">
                                                                <bind_vertex_input semantic="UVSET0" input_semantic="TEXCOORD" input_set="0"/>
                                                            </instance_material>
                                                        </technique_common>
                                                    </bind_material>
                                                </instance_geometry>
                                            </node>
                                        </node>
                                    </node>
                                </node>
                                <node id="node_Node22" name="Node22_start">
                                    <node id="node_Node23" name="Node23_display">
                                        <node id="node_Node24" name="Node24_display">
                                            <node id="node_Mesh25_1" name="Mesh25_light">
                                                <instance_geometry url="#meshMesh25_1">
                                                    <bind_material>
                                                        <technique_common>
                                                            <instance_material symbol="Material1" target="#mat1">
                                                                <bind_vertex_input semantic="UVSET0" input_semantic="TEXCOORD" input_set="0"/>
                                                            </instance_material>
                                                        </technique_common>
                                                    </bind_material>
                                                </instance_geometry>
                                            </node>
                                            <node id="node_Mesh25_2" name="Mesh25_dark">
                                                <instance_geometry url="#meshMesh25_2">
                                                    <bind_material>
                                                        <technique_common>
                                                            <instance_material symbol="Material1" target="#mat1">
                                                                <bind_vertex_input semantic="UVSET0" input_semantic="TEXCOORD" input_set="0"/>
                                                            </instance_material>
                                                        </technique_common>
                                                    </bind_material>
                                                </instance_geometry>
                                            </node>
                                            <node id="node_Mesh26_1" name="Mesh26_light">
                                                <instance_geometry url="#meshMesh26_1">
                                                    <bind_material>
                                                        <technique_common>
                                                            <instance_material symbol="Material1" target="#mat0">
                                                                <bind_vertex_input semantic="UVSET0" input_semantic="TEXCOORD" input_set="0"/>
                                                            </instance_material>
                                                        </technique_common>
                                                    </bind_material>
                                                </instance_geometry>
                                            </node>
                                            <node id="node_Mesh26_2" name="Mesh26_dark">
                                                <instance_geometry url="#meshMesh26_2">
                                                    <bind_material>
                                                        <technique_common>
                                                            <instance_material symbol="Material1" target="#mat0">
                                                                <bind_vertex_input semantic="UVSET0" input_semantic="TEXCOORD" input_set="0"/>
                                                            </instance_material>
                                                        </technique_common>
                                                    </bind_material>
                                                </instance_geometry>
                                            </node>
                                            <node id="node_Mesh27_1" name="Mesh27_light">
                                                <instance_geometry url="#meshMesh27_1">
                                                    <bind_material>
                                                        <technique_common>
                                                            <instance_material symbol="Material1" target="#mat11">
                                                                <bind_vertex_input semantic="UVSET0" input_semantic="TEXCOORD" input_set="0"/>
                                                            </instance_material>
                                                        </technique_common>
                                                    </bind_material>
                                                </instance_geometry>
                                            </node>
                                            <node id="node_Mesh27_2" name="Mesh27_dark">
                                                <instance_geometry url="#meshMesh27_2">
                                                    <bind_material>
                                                        <technique_common>
                                                            <instance_material symbol="Material1" target="#mat11">
                                                                <bind_vertex_input semantic="UVSET0" input_semantic="TEXCOORD" input_set="0"/>
                                                            </instance_material>
                                                        </technique_common>
                                                    </bind_material>
                                                </instance_geometry>
                                            </node>
                                        </node>
                                        <node id="node_Node25" name="Node25_display">
                                            <node id="node_Mesh28_1" name="Mesh28">
                                                <instance_geometry url="#meshMesh28_1">
                                                    <bind_material>
                                                        <technique_common>
                                                            <instance_material symbol="Material1" target="#mat8">
                                                                <bind_vertex_input semantic="UVSET0" input_semantic="TEXCOORD" input_set="0"/>
                                                            </instance_material>
                                                        </technique_common>
                                                    </bind_material>
                                                </instance_geometry>
                                            </node>
                                        </node>
                                        <node id="node_Node26" name="Node26_display">
                                            <node id="node_Mesh29_1" name="Mesh29_light">
                                                <instance_geometry url="#meshMesh29_1">
                                                    <bind_material>
                                                        <technique_common>
                                                            <instance_material symbol="Material1" target="#mat18">
                                                                <bind_vertex_input semantic="UVSET0" input_semantic="TEXCOORD" input_set="0"/>
                                                            </instance_material>
                                                        </technique_common>
                                                    </bind_material>
                                                </instance_geometry>
                                            </node>
                                            <node id="node_Mesh29_2" name="Mesh29_dark">
                                                <instance_geometry url="#meshMesh29_2">
                                                    <bind_material>
                                                        <technique_common>
                                                            <instance_material symbol="Material1" target="#mat18">
                                                                <bind_vertex_input semantic="UVSET0" input_semantic="TEXCOORD" input_set="0"/>
                                                            </instance_material>
                                                        </technique_common>
                                                    </bind_material>
                                                </instance_geometry>
                                            </node>
                                        </node>
                                    </node>
                                </node>
                                <node id="node_Node27" name="Node27_start">
                                    <node id="node_Node28" name="Node28_display">
                                        <node id="node_Node29" name="Node29_display">
                                            <node id="node_Mesh30_1" name="Mesh30_light">
                                                <instance_geometry url="#meshMesh30_1">
                                                    <bind_material>
                                                        <technique_common>
                                                            <instance_material symbol="Material1" target="#mat0">
                                                                <bind_vertex_input semantic="UVSET0" input_semantic="TEXCOORD" input_set="0"/>
                                                            </instance_material>
                                                        </technique_common>
                                                    </bind_material>
                                                </instance_geometry>
                                            </node>
                                            <node id="node_Mesh30_2" name="Mesh30_dark">
                                                <instance_geometry url="#meshMesh30_2">
                                                    <bind_material>
                                                        <technique_common>
                                                            <instance_material symbol="Material1" target="#mat0">
                                                                <bind_vertex_input semantic="UVSET0" input_semantic="TEXCOORD" input_set="0"/>
                                                            </instance_material>
                                                        </technique_common>
                                                    </bind_material>
                                                </instance_geometry>
                                            </node>
                                            <node id="node_Mesh31_1" name="Mesh31_light">
                                                <instance_geometry url="#meshMesh31_1">
                                                    <bind_material>
                                                        <technique_common>
                                                            <instance_material symbol="Material1" target="#mat1">
                                                                <bind_vertex_input semantic="UVSET0" input_semantic="TEXCOORD" input_set="0"/>
                                                            </instance_material>
                                                        </technique_common>
                                                    </bind_material>
                                                </instance_geometry>
                                            </node>
                                            <node id="node_Mesh31_2" name="Mesh31_dark">
                                                <instance_geometry url="#meshMesh31_2">
                                                    <bind_material>
                                                        <technique_common>
                                                            <instance_material symbol="Material1" target="#mat1">
                                                                <bind_vertex_input semantic="UVSET0" input_semantic="TEXCOORD" input_set="0"/>
                                                            </instance_material>
                                                        </technique_common>
                                                    </bind_material>
                                                </instance_geometry>
                                            </node>
                                            <node id="node_Mesh32_1" name="Mesh32_light">
                                                <instance_geometry url="#meshMesh32_1">
                                                    <bind_material>
                                                        <technique_common>
                                                            <instance_material symbol="Material1" target="#mat2">
                                                                <bind_vertex_input semantic="UVSET0" input_semantic="TEXCOORD" input_set="0"/>
                                                            </instance_material>
                                                        </technique_common>
                                                    </bind_material>
                                                </instance_geometry>
                                            </node>
                                            <node id="node_Mesh32_2" name="Mesh32_dark">
                                                <instance_geometry url="#meshMesh32_2">
                                                    <bind_material>
                                                        <technique_common>
                                                            <instance_material symbol="Material1" target="#mat2">
                                                                <bind_vertex_input semantic="UVSET0" input_semantic="TEXCOORD" input_set="0"/>
                                                            </instance_material>
                                                        </technique_common>
                                                    </bind_material>
                                                </instance_geometry>
                                            </node>
                                            <node id="node_Mesh33_1" name="Mesh33_light">
                                                <instance_geometry url="#meshMesh33_1">
                                                    <bind_material>
                                                        <technique_common>
                                                            <instance_material symbol="Material1" target="#mat19">
                                                                <bind_vertex_input semantic="UVSET0" input_semantic="TEXCOORD" input_set="0"/>
                                                            </instance_material>
                                                        </technique_common>
                                                    </bind_material>
                                                </instance_geometry>
                                            </node>
                                            <node id="node_Mesh33_2" name="Mesh33_dark">
                                                <instance_geometry url="#meshMesh33_2">
                                                    <bind_material>
                                                        <technique_common>
                                                            <instance_material symbol="Material1" target="#mat19">
                                                                <bind_vertex_input semantic="UVSET0" input_semantic="TEXCOORD" input_set="0"/>
                                                            </instance_material>
                                                        </technique_common>
                                                    </bind_material>
                                                </instance_geometry>
                                            </node>
                                            <node id="node_Mesh34_1" name="Mesh34_light">
                                                <instance_geometry url="#meshMesh34_1">
                                                    <bind_material>
                                                        <technique_common>
                                                            <instance_material symbol="Material1" target="#mat12">
                                                                <bind_vertex_input semantic="UVSET0" input_semantic="TEXCOORD" input_set="0"/>
                                                            </instance_material>
                                                        </technique_common>
                                                    </bind_material>
                                                </instance_geometry>
                                            </node>
                                            <node id="node_Mesh34_2" name="Mesh34_dark">
                                                <instance_geometry url="#meshMesh34_2">
                                                    <bind_material>
                                                        <technique_common>
                                                            <instance_material symbol="Material1" target="#mat12">
                                                                <bind_vertex_input semantic="UVSET0" input_semantic="TEXCOORD" input_set="0"/>
                                                            </instance_material>
                                                        </technique_common>
                                                    </bind_material>
                                                </instance_geometry>
                                            </node>
                                        </node>
                                        <node id="node_Node30" name="Node30_display">
                                            <node id="node_Mesh35_1" name="Mesh35_light">
                                                <instance_geometry url="#meshMesh35_1">
                                                    <bind_material>
                                                        <technique_common>
                                                            <instance_material symbol="Material1" target="#mat18">
                                                                <bind_vertex_input semantic="UVSET0" input_semantic="TEXCOORD" input_set="0"/>
                                                            </instance_material>
                                                        </technique_common>
                                                    </bind_material>
                                                </instance_geometry>
                                            </node>
                                            <node id="node_Mesh35_2" name="Mesh35_dark">
                                                <instance_geometry url="#meshMesh35_2">
                                                    <bind_material>
                                                        <technique_common>
                                                            <instance_material symbol="Material1" target="#mat18">
                                                                <bind_vertex_input semantic="UVSET0" input_semantic="TEXCOORD" input_set="0"/>
                                                            </instance_material>
                                                        </technique_common>
                                                    </bind_material>
                                                </instance_geometry>
                                            </node>
                                        </node>
                                    </node>
                                    <node id="node_Node31" name="Node31_list">
                                    </node>
                                    <node id="node_Node32" name="Node32_list">
                                    </node>
                                </node>
                                <node id="node_Node33" name="Node33_start">
                                    <node id="node_Node34" name="Node34_display">
                                        <node id="node_Node35" name="Node35_display">
                                            <node id="node_Mesh36_1" name="Mesh36_light">
                                                <instance_geometry url="#meshMesh36_1">
                                                    <bind_material>
                                                        <technique_common>
                                                            <instance_material symbol="Material1" target="#mat0">
                                                                <bind_vertex_input semantic="UVSET0" input_semantic="TEXCOORD" input_set="0"/>
                                                            </instance_material>
                                                        </technique_common>
                                                    </bind_material>
                                                </instance_geometry>
                                            </node>
                                            <node id="node_Mesh36_2" name="Mesh36_dark">
                                                <instance_geometry url="#meshMesh36_2">
                                                    <bind_material>
                                                        <technique_common>
                                                            <instance_material symbol="Material1" target="#mat0">
                                                                <bind_vertex_input semantic="UVSET0" input_semantic="TEXCOORD" input_set="0"/>
                                                            </instance_material>
                                                        </technique_common>
                                                    </bind_material>
                                                </instance_geometry>
                                            </node>
                                            <node id="node_Mesh37_1" name="Mesh37_light">
                                                <instance_geometry url="#meshMesh37_1">
                                                    <bind_material>
                                                        <technique_common>
                                                            <instance_material symbol="Material1" target="#mat1">
                                                                <bind_vertex_input semantic="UVSET0" input_semantic="TEXCOORD" input_set="0"/>
                                                            </instance_material>
                                                        </technique_common>
                                                    </bind_material>
                                                </instance_geometry>
                                            </node>
                                            <node id="node_Mesh37_2" name="Mesh37_dark">
                                                <instance_geometry url="#meshMesh37_2">
                                                    <bind_material>
                                                        <technique_common>
                                                            <instance_material symbol="Material1" target="#mat1">
                                                                <bind_vertex_input semantic="UVSET0" input_semantic="TEXCOORD" input_set="0"/>
                                                            </instance_material>
                                                        </technique_common>
                                                    </bind_material>
                                                </instance_geometry>
                                            </node>
                                            <node id="node_Mesh38_1" name="Mesh38_light">
                                                <instance_geometry url="#meshMesh38_1">
                                                    <bind_material>
                                                        <technique_common>
                                                            <instance_material symbol="Material1" target="#mat2">
                                                                <bind_vertex_input semantic="UVSET0" input_semantic="TEXCOORD" input_set="0"/>
                                                            </instance_material>
                                                        </technique_common>
                                                    </bind_material>
                                                </instance_geometry>
                                            </node>
                                            <node id="node_Mesh38_2" name="Mesh38_dark">
                                                <instance_geometry url="#meshMesh38_2">
                                                    <bind_material>
                                                        <technique_common>
                                                            <instance_material symbol="Material1" target="#mat2">
                                                                <bind_vertex_input semantic="UVSET0" input_semantic="TEXCOORD" input_set="0"/>
                                                            </instance_material>
                                                        </technique_common>
                                                    </bind_material>
                                                </instance_geometry>
                                            </node>
                                            <node id="node_Mesh39_1" name="Mesh39_light">
                                                <instance_geometry url="#meshMesh39_1">
                                                    <bind_material>
                                                        <technique_common>
                                                            <instance_material symbol="Material1" target="#mat11">
                                                                <bind_vertex_input semantic="UVSET0" input_semantic="TEXCOORD" input_set="0"/>
                                                            </instance_material>
                                                        </technique_common>
                                                    </bind_material>
                                                </instance_geometry>
                                            </node>
                                            <node id="node_Mesh39_2" name="Mesh39_dark">
                                                <instance_geometry url="#meshMesh39_2">
                                                    <bind_material>
                                                        <technique_common>
                                                            <instance_material symbol="Material1" target="#mat11">
                                                                <bind_vertex_input semantic="UVSET0" input_semantic="TEXCOORD" input_set="0"/>
                                                            </instance_material>
                                                        </technique_common>
                                                    </bind_material>
                                                </instance_geometry>
                                            </node>
                                            <node id="node_Mesh40_1" name="Mesh40_light">
                                                <instance_geometry url="#meshMesh40_1">
                                                    <bind_material>
                                                        <technique_common>
                                                            <instance_material symbol="Material1" target="#mat12">
                                                                <bind_vertex_input semantic="UVSET0" input_semantic="TEXCOORD" input_set="0"/>
                                                            </instance_material>
                                                        </technique_common>
                                                    </bind_material>
                                                </instance_geometry>
                                            </node>
                                            <node id="node_Mesh40_2" name="Mesh40_dark">
                                                <instance_geometry url="#meshMesh40_2">
                                                    <bind_material>
                                                        <technique_common>
                                                            <instance_material symbol="Material1" target="#mat12">
                                                                <bind_vertex_input semantic="UVSET0" input_semantic="TEXCOORD" input_set="0"/>
                                                            </instance_material>
                                                        </technique_common>
                                                    </bind_material>
                                                </instance_geometry>
                                            </node>
                                            <node id="node_Mesh41_1" name="Mesh41_light">
                                                <instance_geometry url="#meshMesh41_1">
                                                    <bind_material>
                                                        <technique_common>
                                                            <instance_material symbol="Material1" target="#mat19">
                                                                <bind_vertex_input semantic="UVSET0" input_semantic="TEXCOORD" input_set="0"/>
                                                            </instance_material>
                                                        </technique_common>
                                                    </bind_material>
                                                </instance_geometry>
                                            </node>
                                            <node id="node_Mesh41_2" name="Mesh41_dark">
                                                <instance_geometry url="#meshMesh41_2">
                                                    <bind_material>
                                                        <technique_common>
                                                            <instance_material symbol="Material1" target="#mat19">
                                                                <bind_vertex_input semantic="UVSET0" input_semantic="TEXCOORD" input_set="0"/>
                                                            </instance_material>
                                                        </technique_common>
                                                    </bind_material>
                                                </instance_geometry>
                                            </node>
                                        </node>
                                        <node id="node_Node36" name="Node36_display">
                                            <node id="node_Mesh42_1" name="Mesh42">
                                                <instance_geometry url="#meshMesh42_1">
                                                    <bind_material>
                                                        <technique_common>
                                                            <instance_material symbol="Material1" target="#mat5">
                                                                <bind_vertex_input semantic="UVSET0" input_semantic="TEXCOORD" input_set="0"/>
                                                            </instance_material>
                                                        </technique_common>
                                                    </bind_material>
                                                </instance_geometry>
                                            </node>
                                        </node>
                                        <node id="node_Node37" name="Node37_display">
                                            <node id="node_Mesh43_1" name="Mesh43_light">
                                                <instance_geometry url="#meshMesh43_1">
                                                    <bind_material>
                                                        <technique_common>
                                                            <instance_material symbol="Material1" target="#mat18">
                                                                <bind_vertex_input semantic="UVSET0" input_semantic="TEXCOORD" input_set="0"/>
                                                            </instance_material>
                                                        </technique_common>
                                                    </bind_material>
                                                </instance_geometry>
                                            </node>
                                            <node id="node_Mesh43_2" name="Mesh43_dark">
                                                <instance_geometry url="#meshMesh43_2">
                                                    <bind_material>
                                                        <technique_common>
                                                            <instance_material symbol="Material1" target="#mat18">
                                                                <bind_vertex_input semantic="UVSET0" input_semantic="TEXCOORD" input_set="0"/>
                                                            </instance_material>
                                                        </technique_common>
                                                    </bind_material>
                                                </instance_geometry>
                                            </node>
                                        </node>
                                    </node>
                                    <node id="node_Node38" name="Node38_list">
                                    </node>
                                    <node id="node_Node39" name="Node39_list">
                                    </node>
                                </node>
                                <node id="node_Node40" name="Node40_start">
                                    <node id="node_Node41" name="Node41_display">
                                        <node id="node_Node42" name="Node42_display">
                                            <node id="node_Mesh44_1" name="Mesh44_light">
                                                <instance_geometry url="#meshMesh44_1">
                                                    <bind_material>
                                                        <technique_common>
                                                            <instance_material symbol="Material1" target="#mat0">
                                                                <bind_vertex_input semantic="UVSET0" input_semantic="TEXCOORD" input_set="0"/>
                                                            </instance_material>
                                                        </technique_common>
                                                    </bind_material>
                                                </instance_geometry>
                                            </node>
                                            <node id="node_Mesh44_2" name="Mesh44_dark">
                                                <instance_geometry url="#meshMesh44_2">
                                                    <bind_material>
                                                        <technique_common>
                                                            <instance_material symbol="Material1" target="#mat0">
                                                                <bind_vertex_input semantic="UVSET0" input_semantic="TEXCOORD" input_set="0"/>
                                                            </instance_material>
                                                        </technique_common>
                                                    </bind_material>
                                                </instance_geometry>
                                            </node>
                                            <node id="node_Mesh45_1" name="Mesh45_light">
                                                <instance_geometry url="#meshMesh45_1">
                                                    <bind_material>
                                                        <technique_common>
                                                            <instance_material symbol="Material1" target="#mat6">
                                                                <bind_vertex_input semantic="UVSET0" input_semantic="TEXCOORD" input_set="0"/>
                                                            </instance_material>
                                                        </technique_common>
                                                    </bind_material>
                                                </instance_geometry>
                                            </node>
                                            <node id="node_Mesh45_2" name="Mesh45_dark">
                                                <instance_geometry url="#meshMesh45_2">
                                                    <bind_material>
                                                        <technique_common>
                                                            <instance_material symbol="Material1" target="#mat6">
                                                                <bind_vertex_input semantic="UVSET0" input_semantic="TEXCOORD" input_set="0"/>
                                                            </instance_material>
                                                        </technique_common>
                                                    </bind_material>
                                                </instance_geometry>
                                            </node>
                                            <node id="node_Mesh46_1" name="Mesh46_light">
                                                <instance_geometry url="#meshMesh46_1">
                                                    <bind_material>
                                                        <technique_common>
                                                            <instance_material symbol="Material1" target="#mat1">
                                                                <bind_vertex_input semantic="UVSET0" input_semantic="TEXCOORD" input_set="0"/>
                                                            </instance_material>
                                                        </technique_common>
                                                    </bind_material>
                                                </instance_geometry>
                                            </node>
                                            <node id="node_Mesh46_2" name="Mesh46_dark">
                                                <instance_geometry url="#meshMesh46_2">
                                                    <bind_material>
                                                        <technique_common>
                                                            <instance_material symbol="Material1" target="#mat1">
                                                                <bind_vertex_input semantic="UVSET0" input_semantic="TEXCOORD" input_set="0"/>
                                                            </instance_material>
                                                        </technique_common>
                                                    </bind_material>
                                                </instance_geometry>
                                            </node>
                                            <node id="node_Mesh47_1" name="Mesh47_light">
                                                <instance_geometry url="#meshMesh47_1">
                                                    <bind_material>
                                                        <technique_common>
                                                            <instance_material symbol="Material1" target="#mat11">
                                                                <bind_vertex_input semantic="UVSET0" input_semantic="TEXCOORD" input_set="0"/>
                                                            </instance_material>
                                                        </technique_common>
                                                    </bind_material>
                                                </instance_geometry>
                                            </node>
                                            <node id="node_Mesh47_2" name="Mesh47_dark">
                                                <instance_geometry url="#meshMesh47_2">
                                                    <bind_material>
                                                        <technique_common>
                                                            <instance_material symbol="Material1" target="#mat11">
                                                                <bind_vertex_input semantic="UVSET0" input_semantic="TEXCOORD" input_set="0"/>
                                                            </instance_material>
                                                        </technique_common>
                                                    </bind_material>
                                                </instance_geometry>
                                            </node>
                                            <node id="node_Mesh48_1" name="Mesh48_light">
                                                <instance_geometry url="#meshMesh48_1">
                                                    <bind_material>
                                                        <technique_common>
                                                            <instance_material symbol="Material1" target="#mat3">
                                                                <bind_vertex_input semantic="UVSET0" input_semantic="TEXCOORD" input_set="0"/>
                                                            </instance_material>
                                                        </technique_common>
                                                    </bind_material>
                                                </instance_geometry>
                                            </node>
                                            <node id="node_Mesh48_2" name="Mesh48_dark">
                                                <instance_geometry url="#meshMesh48_2">
                                                    <bind_material>
                                                        <technique_common>
                                                            <instance_material symbol="Material1" target="#mat3">
                                                                <bind_vertex_input semantic="UVSET0" input_semantic="TEXCOORD" input_set="0"/>
                                                            </instance_material>
                                                        </technique_common>
                                                    </bind_material>
                                                </instance_geometry>
                                            </node>
                                            <node id="node_Mesh49_1" name="Mesh49">
                                                <instance_geometry url="#meshMesh49_1">
                                                    <bind_material>
                                                        <technique_common>
                                                            <instance_material symbol="Material1" target="#mat13">
                                                                <bind_vertex_input semantic="UVSET0" input_semantic="TEXCOORD" input_set="0"/>
                                                            </instance_material>
                                                        </technique_common>
                                                    </bind_material>
                                                </instance_geometry>
                                            </node>
                                        </node>
                                        <node id="node_Node43" name="Node43_display">
                                            <node id="node_Mesh50_1" name="Mesh50_light">
                                                <instance_geometry url="#meshMesh50_1">
                                                    <bind_material>
                                                        <technique_common>
                                                            <instance_material symbol="Material1" target="#mat11">
                                                                <bind_vertex_input semantic="UVSET0" input_semantic="TEXCOORD" input_set="0"/>
                                                            </instance_material>
                                                        </technique_common>
                                                    </bind_material>
                                                </instance_geometry>
                                            </node>
                                            <node id="node_Mesh50_2" name="Mesh50_dark">
                                                <instance_geometry url="#meshMesh50_2">
                                                    <bind_material>
                                                        <technique_common>
                                                            <instance_material symbol="Material1" target="#mat11">
                                                                <bind_vertex_input semantic="UVSET0" input_semantic="TEXCOORD" input_set="0"/>
                                                            </instance_material>
                                                        </technique_common>
                                                    </bind_material>
                                                </instance_geometry>
                                            </node>
                                        </node>
                                        <node id="node_Node44" name="Node44_display">
                                            <node id="node_Mesh51_1" name="Mesh51_light">
                                                <instance_geometry url="#meshMesh51_1">
                                                    <bind_material>
                                                        <technique_common>
                                                            <instance_material symbol="Material1" target="#mat6">
                                                                <bind_vertex_input semantic="UVSET0" input_semantic="TEXCOORD" input_set="0"/>
                                                            </instance_material>
                                                        </technique_common>
                                                    </bind_material>
                                                </instance_geometry>
                                            </node>
                                            <node id="node_Mesh51_2" name="Mesh51_dark">
                                                <instance_geometry url="#meshMesh51_2">
                                                    <bind_material>
                                                        <technique_common>
                                                            <instance_material symbol="Material1" target="#mat6">
                                                                <bind_vertex_input semantic="UVSET0" input_semantic="TEXCOORD" input_set="0"/>
                                                            </instance_material>
                                                        </technique_common>
                                                    </bind_material>
                                                </instance_geometry>
                                            </node>
                                        </node>
                                        <node id="node_Node45" name="Node45_display">
                                            <node id="node_Mesh52_1" name="Mesh52">
                                                <instance_geometry url="#meshMesh52_1">
                                                    <bind_material>
                                                        <technique_common>
                                                            <instance_material symbol="Material1" target="#mat10">
                                                                <bind_vertex_input semantic="UVSET0" input_semantic="TEXCOORD" input_set="0"/>
                                                            </instance_material>
                                                        </technique_common>
                                                    </bind_material>
                                                </instance_geometry>
                                            </node>
                                        </node>
                                        <node id="node_Node46" name="Node46_display">
                                            <node id="node_Mesh53_1" name="Mesh53">
                                                <instance_geometry url="#meshMesh53_1">
                                                    <bind_material>
                                                        <technique_common>
                                                            <instance_material symbol="Material1" target="#mat9">
                                                                <bind_vertex_input semantic="UVSET0" input_semantic="TEXCOORD" input_set="0"/>
                                                            </instance_material>
                                                        </technique_common>
                                                    </bind_material>
                                                </instance_geometry>
                                            </node>
                                        </node>
                                        <node id="node_Node47" name="Node47_display">
                                            <node id="node_Mesh54_1" name="Mesh54_light">
                                                <instance_geometry url="#meshMesh54_1">
                                                    <bind_material>
                                                        <technique_common>
                                                            <instance_material symbol="Material1" target="#mat18">
                                                                <bind_vertex_input semantic="UVSET0" input_semantic="TEXCOORD" input_set="0"/>
                                                            </instance_material>
                                                        </technique_common>
                                                    </bind_material>
                                                </instance_geometry>
                                            </node>
                                            <node id="node_Mesh54_2" name="Mesh54_dark">
                                                <instance_geometry url="#meshMesh54_2">
                                                    <bind_material>
                                                        <technique_common>
                                                            <instance_material symbol="Material1" target="#mat18">
                                                                <bind_vertex_input semantic="UVSET0" input_semantic="TEXCOORD" input_set="0"/>
                                                            </instance_material>
                                                        </technique_common>
                                                    </bind_material>
                                                </instance_geometry>
                                            </node>
                                        </node>
                                    </node>
                                    <node id="node_Node48" name="Node48_list">
                                    </node>
                                    <node id="node_Node49" name="Node49_list">
                                    </node>
                                </node>
                                <node id="node_Node50" name="Node50_start">
                                    <node id="node_Node51" name="Node51_display">
                                        <node id="node_Node52" name="Node52_display">
                                            <node id="node_Mesh55_1" name="Mesh55_light">
                                                <instance_geometry url="#meshMesh55_1">
                                                    <bind_material>
                                                        <technique_common>
                                                            <instance_material symbol="Material1" target="#mat0">
                                                                <bind_vertex_input semantic="UVSET0" input_semantic="TEXCOORD" input_set="0"/>
                                                            </instance_material>
                                                        </technique_common>
                                                    </bind_material>
                                                </instance_geometry>
                                            </node>
                                            <node id="node_Mesh55_2" name="Mesh55_dark">
                                                <instance_geometry url="#meshMesh55_2">
                                                    <bind_material>
                                                        <technique_common>
                                                            <instance_material symbol="Material1" target="#mat0">
                                                                <bind_vertex_input semantic="UVSET0" input_semantic="TEXCOORD" input_set="0"/>
                                                            </instance_material>
                                                        </technique_common>
                                                    </bind_material>
                                                </instance_geometry>
                                            </node>
                                            <node id="node_Mesh56_1" name="Mesh56_light">
                                                <instance_geometry url="#meshMesh56_1">
                                                    <bind_material>
                                                        <technique_common>
                                                            <instance_material symbol="Material1" target="#mat1">
                                                                <bind_vertex_input semantic="UVSET0" input_semantic="TEXCOORD" input_set="0"/>
                                                            </instance_material>
                                                        </technique_common>
                                                    </bind_material>
                                                </instance_geometry>
                                            </node>
                                            <node id="node_Mesh56_2" name="Mesh56_dark">
                                                <instance_geometry url="#meshMesh56_2">
                                                    <bind_material>
                                                        <technique_common>
                                                            <instance_material symbol="Material1" target="#mat1">
                                                                <bind_vertex_input semantic="UVSET0" input_semantic="TEXCOORD" input_set="0"/>
                                                            </instance_material>
                                                        </technique_common>
                                                    </bind_material>
                                                </instance_geometry>
                                            </node>
                                            <node id="node_Mesh57_1" name="Mesh57_light">
                                                <instance_geometry url="#meshMesh57_1">
                                                    <bind_material>
                                                        <technique_common>
                                                            <instance_material symbol="Material1" target="#mat2">
                                                                <bind_vertex_input semantic="UVSET0" input_semantic="TEXCOORD" input_set="0"/>
                                                            </instance_material>
                                                        </technique_common>
                                                    </bind_material>
                                                </instance_geometry>
                                            </node>
                                            <node id="node_Mesh57_2" name="Mesh57_dark">
                                                <instance_geometry url="#meshMesh57_2">
                                                    <bind_material>
                                                        <technique_common>
                                                            <instance_material symbol="Material1" target="#mat2">
                                                                <bind_vertex_input semantic="UVSET0" input_semantic="TEXCOORD" input_set="0"/>
                                                            </instance_material>
                                                        </technique_common>
                                                    </bind_material>
                                                </instance_geometry>
                                            </node>
                                            <node id="node_Mesh58_1" name="Mesh58_light">
                                                <instance_geometry url="#meshMesh58_1">
                                                    <bind_material>
                                                        <technique_common>
                                                            <instance_material symbol="Material1" target="#mat19">
                                                                <bind_vertex_input semantic="UVSET0" input_semantic="TEXCOORD" input_set="0"/>
                                                            </instance_material>
                                                        </technique_common>
                                                    </bind_material>
                                                </instance_geometry>
                                            </node>
                                            <node id="node_Mesh58_2" name="Mesh58_dark">
                                                <instance_geometry url="#meshMesh58_2">
                                                    <bind_material>
                                                        <technique_common>
                                                            <instance_material symbol="Material1" target="#mat19">
                                                                <bind_vertex_input semantic="UVSET0" input_semantic="TEXCOORD" input_set="0"/>
                                                            </instance_material>
                                                        </technique_common>
                                                    </bind_material>
                                                </instance_geometry>
                                            </node>
                                        </node>
                                        <node id="node_Node53" name="Node53_display">
                                            <node id="node_Mesh59_1" name="Mesh59_light">
                                                <instance_geometry url="#meshMesh59_1">
                                                    <bind_material>
                                                        <technique_common>
                                                            <instance_material symbol="Material1" target="#mat18">
                                                                <bind_vertex_input semantic="UVSET0" input_semantic="TEXCOORD" input_set="0"/>
                                                            </instance_material>
                                                        </technique_common>
                                                    </bind_material>
                                                </instance_geometry>
                                            </node>
                                            <node id="node_Mesh59_2" name="Mesh59_dark">
                                                <instance_geometry url="#meshMesh59_2">
                                                    <bind_material>
                                                        <technique_common>
                                                            <instance_material symbol="Material1" target="#mat18">
                                                                <bind_vertex_input semantic="UVSET0" input_semantic="TEXCOORD" input_set="0"/>
                                                            </instance_material>
                                                        </technique_common>
                                                    </bind_material>
                                                </instance_geometry>
                                            </node>
                                        </node>
                                        <node id="node_Node54" name="Node54_display">
                                            <node id="node_Mesh60_1" name="Mesh60_light">
                                                <instance_geometry url="#meshMesh60_1">
                                                    <bind_material>
                                                        <technique_common>
                                                            <instance_material symbol="Material1" target="#mat20">
                                                                <bind_vertex_input semantic="UVSET0" input_semantic="TEXCOORD" input_set="0"/>
                                                            </instance_material>
                                                        </technique_common>
                                                    </bind_material>
                                                </instance_geometry>
                                            </node>
                                            <node id="node_Mesh60_2" name="Mesh60_dark">
                                                <instance_geometry url="#meshMesh60_2">
                                                    <bind_material>
                                                        <technique_common>
                                                            <instance_material symbol="Material1" target="#mat20">
                                                                <bind_vertex_input semantic="UVSET0" input_semantic="TEXCOORD" input_set="0"/>
                                                            </instance_material>
                                                        </technique_common>
                                                    </bind_material>
                                                </instance_geometry>
                                            </node>
                                            <node id="node_Mesh61_1" name="Mesh61_light">
                                                <instance_geometry url="#meshMesh61_1">
                                                    <bind_material>
                                                        <technique_common>
                                                            <instance_material symbol="Material1" target="#mat21">
                                                                <bind_vertex_input semantic="UVSET0" input_semantic="TEXCOORD" input_set="0"/>
                                                            </instance_material>
                                                        </technique_common>
                                                    </bind_material>
                                                </instance_geometry>
                                            </node>
                                            <node id="node_Mesh61_2" name="Mesh61_dark">
                                                <instance_geometry url="#meshMesh61_2">
                                                    <bind_material>
                                                        <technique_common>
                                                            <instance_material symbol="Material1" target="#mat21">
                                                                <bind_vertex_input semantic="UVSET0" input_semantic="TEXCOORD" input_set="0"/>
                                                            </instance_material>
                                                        </technique_common>
                                                    </bind_material>
                                                </instance_geometry>
                                            </node>
                                        </node>
                                        <node id="node_Node55" name="Node55_display">
                                            <node id="node_Mesh62_1" name="Mesh62_light">
                                                <instance_geometry url="#meshMesh62_1">
                                                    <bind_material>
                                                        <technique_common>
                                                            <instance_material symbol="Material1" target="#mat20">
                                                                <bind_vertex_input semantic="UVSET0" input_semantic="TEXCOORD" input_set="0"/>
                                                            </instance_material>
                                                        </technique_common>
                                                    </bind_material>
                                                </instance_geometry>
                                            </node>
                                            <node id="node_Mesh62_2" name="Mesh62_dark">
                                                <instance_geometry url="#meshMesh62_2">
                                                    <bind_material>
                                                        <technique_common>
                                                            <instance_material symbol="Material1" target="#mat20">
                                                                <bind_vertex_input semantic="UVSET0" input_semantic="TEXCOORD" input_set="0"/>
                                                            </instance_material>
                                                        </technique_common>
                                                    </bind_material>
                                                </instance_geometry>
                                            </node>
                                            <node id="node_Mesh63_1" name="Mesh63_light">
                                                <instance_geometry url="#meshMesh63_1">
                                                    <bind_material>
                                                        <technique_common>
                                                            <instance_material symbol="Material1" target="#mat21">
                                                                <bind_vertex_input semantic="UVSET0" input_semantic="TEXCOORD" input_set="0"/>
                                                            </instance_material>
                                                        </technique_common>
                                                    </bind_material>
                                                </instance_geometry>
                                            </node>
                                            <node id="node_Mesh63_2" name="Mesh63_dark">
                                                <instance_geometry url="#meshMesh63_2">
                                                    <bind_material>
                                                        <technique_common>
                                                            <instance_material symbol="Material1" target="#mat21">
                                                                <bind_vertex_input semantic="UVSET0" input_semantic="TEXCOORD" input_set="0"/>
                                                            </instance_material>
                                                        </technique_common>
                                                    </bind_material>
                                                </instance_geometry>
                                            </node>
                                        </node>
                                    </node>
                                    <node id="node_Node56" name="Node56_list">
                                    </node>
                                    <node id="node_Node57" name="Node57_list">
                                    </node>
                                </node>
                                <node id="node_Node58" name="Node58_start">
                                    <node id="node_Node59" name="Node59_display">
                                        <node id="node_Node60" name="Node60_display">
                                        </node>
                                        <node id="node_Node61" name="Node61_display">
                                        </node>
                                        <node id="node_Node62" name="Node62_display">
                                        </node>
                                        <node id="node_Node63" name="Node63_display">
                                        </node>
                                        <node id="node_Node64" name="Node64_display">
                                        </node>
                                    </node>
                                    <node id="node_Node65" name="Node65_list">
                                        <node id="node_Node66" name="Node66_display">
                                            <node id="node_Mesh64_1" name="Mesh64_light">
                                                <instance_geometry url="#meshMesh64_1">
                                                    <bind_material>
                                                        <technique_common>
                                                            <instance_material symbol="Material1" target="#mat10">
                                                                <bind_vertex_input semantic="UVSET0" input_semantic="TEXCOORD" input_set="0"/>
                                                            </instance_material>
                                                        </technique_common>
                                                    </bind_material>
                                                </instance_geometry>
                                            </node>
                                            <node id="node_Mesh64_2" name="Mesh64_dark">
                                                <instance_geometry url="#meshMesh64_2">
                                                    <bind_material>
                                                        <technique_common>
                                                            <instance_material symbol="Material1" target="#mat10">
                                                                <bind_vertex_input semantic="UVSET0" input_semantic="TEXCOORD" input_set="0"/>
                                                            </instance_material>
                                                        </technique_common>
                                                    </bind_material>
                                                </instance_geometry>
                                            </node>
                                            <node id="node_Mesh65_1" name="Mesh65_light">
                                                <instance_geometry url="#meshMesh65_1">
                                                    <bind_material>
                                                        <technique_common>
                                                            <instance_material symbol="Material1" target="#mat1">
                                                                <bind_vertex_input semantic="UVSET0" input_semantic="TEXCOORD" input_set="0"/>
                                                            </instance_material>
                                                        </technique_common>
                                                    </bind_material>
                                                </instance_geometry>
                                            </node>
                                            <node id="node_Mesh65_2" name="Mesh65_dark">
                                                <instance_geometry url="#meshMesh65_2">
                                                    <bind_material>
                                                        <technique_common>
                                                            <instance_material symbol="Material1" target="#mat1">
                                                                <bind_vertex_input semantic="UVSET0" input_semantic="TEXCOORD" input_set="0"/>
                                                            </instance_material>
                                                        </technique_common>
                                                    </bind_material>
                                                </instance_geometry>
                                            </node>
                                            <node id="node_Mesh66_1" name="Mesh66_light">
                                                <instance_geometry url="#meshMesh66_1">
                                                    <bind_material>
                                                        <technique_common>
                                                            <instance_material symbol="Material1" target="#mat0">
                                                                <bind_vertex_input semantic="UVSET0" input_semantic="TEXCOORD" input_set="0"/>
                                                            </instance_material>
                                                        </technique_common>
                                                    </bind_material>
                                                </instance_geometry>
                                            </node>
                                            <node id="node_Mesh66_2" name="Mesh66_dark">
                                                <instance_geometry url="#meshMesh66_2">
                                                    <bind_material>
                                                        <technique_common>
                                                            <instance_material symbol="Material1" target="#mat0">
                                                                <bind_vertex_input semantic="UVSET0" input_semantic="TEXCOORD" input_set="0"/>
                                                            </instance_material>
                                                        </technique_common>
                                                    </bind_material>
                                                </instance_geometry>
                                            </node>
                                            <node id="node_Mesh67_1" name="Mesh67_light">
                                                <instance_geometry url="#meshMesh67_1">
                                                    <bind_material>
                                                        <technique_common>
                                                            <instance_material symbol="Material1" target="#mat11">
                                                                <bind_vertex_input semantic="UVSET0" input_semantic="TEXCOORD" input_set="0"/>
                                                            </instance_material>
                                                        </technique_common>
                                                    </bind_material>
                                                </instance_geometry>
                                            </node>
                                            <node id="node_Mesh67_2" name="Mesh67_dark">
                                                <instance_geometry url="#meshMesh67_2">
                                                    <bind_material>
                                                        <technique_common>
                                                            <instance_material symbol="Material1" target="#mat11">
                                                                <bind_vertex_input semantic="UVSET0" input_semantic="TEXCOORD" input_set="0"/>
                                                            </instance_material>
                                                        </technique_common>
                                                    </bind_material>
                                                </instance_geometry>
                                            </node>
                                            <node id="node_Mesh68_1" name="Mesh68_light">
                                                <instance_geometry url="#meshMesh68_1">
                                                    <bind_material>
                                                        <technique_common>
                                                            <instance_material symbol="Material1" target="#mat12">
                                                                <bind_vertex_input semantic="UVSET0" input_semantic="TEXCOORD" input_set="0"/>
                                                            </instance_material>
                                                        </technique_common>
                                                    </bind_material>
                                                </instance_geometry>
                                            </node>
                                            <node id="node_Mesh68_2" name="Mesh68_dark">
                                                <instance_geometry url="#meshMesh68_2">
                                                    <bind_material>
                                                        <technique_common>
                                                            <instance_material symbol="Material1" target="#mat12">
                                                                <bind_vertex_input semantic="UVSET0" input_semantic="TEXCOORD" input_set="0"/>
                                                            </instance_material>
                                                        </technique_common>
                                                    </bind_material>
                                                </instance_geometry>
                                            </node>
                                        </node>
                                    </node>
                                </node>
                                <node id="node_Node67" name="Node67_start">
                                    <node id="node_Node68" name="Node68_display">
                                        <node id="node_Node69" name="Node69_display">
                                        </node>
                                        <node id="node_Node70" name="Node70_display">
                                        </node>
                                        <node id="node_Node71" name="Node71_display">
                                        </node>
                                        <node id="node_Node72" name="Node72_display">
                                        </node>
                                        <node id="node_Node73" name="Node73_display">
                                        </node>
                                    </node>
                                    <node id="node_Node74" name="Node74_list">
                                        <node id="node_Node75" name="Node75_display">
                                        </node>
                                    </node>
                                </node>
                                <node id="node_Node76" name="Node76_start">
                                    <node id="node_Node77" name="Node77_display">
                                        <node id="node_Node78" name="Node78_display">
                                        </node>
                                        <node id="node_Node79" name="Node79_display">
                                        </node>
                                        <node id="node_Node80" name="Node80_display">
                                        </node>
                                        <node id="node_Node81" name="Node81_display">
                                        </node>
                                        <node id="node_Node82" name="Node82_display">
                                        </node>
                                    </node>
                                    <node id="node_Node83" name="Node83_list">
                                        <node id="node_Node84" name="Node84_display">
                                        </node>
                                        <node id="node_Node85" name="Node85_display">
                                        </node>
                                    </node>
                                </node>
                                <node id="node_Node86" name="Node86_start">
                                    <node id="node_Node87" name="Node87_display">
                                        <node id="node_Node88" name="Node88_display">
                                        </node>
                                        <node id="node_Node89" name="Node89_display">
                                        </node>
                                        <node id="node_Node90" name="Node90_display">
                                        </node>
                                        <node id="node_Node91" name="Node91_display">
                                        </node>
                                        <node id="node_Node92" name="Node92_display">
                                        </node>
                                    </node>
                                    <node id="node_Node93" name="Node93_list">
                                        <node id="node_Node94" name="Node94_display">
                                        </node>
                                        <node id="node_Node95" name="Node95_display">
                                        </node>
                                        <node id="node_Node96" name="Node96_display">
                                        </node>
                                    </node>
                                </node>
                                <node id="node_Node97" name="Node97_start">
                                    <node id="node_Node98" name="Node98_display">
                                        <node id="node_Node99" name="Node99_display">
                                        </node>
                                        <node id="node_Node100" name="Node100_display">
                                        </node>
                                        <node id="node_Node101" name="Node101_display">
                                        </node>
                                        <node id="node_Node102" name="Node102_display">
                                        </node>
                                        <node id="node_Node103" name="Node103_display">
                                        </node>
                                    </node>
                                    <node id="node_Node104" name="Node104_list">
                                        <node id="node_Node105" name="Node105_display">
                                        </node>
                                        <node id="node_Node106" name="Node106_display">
                                        </node>
                                    </node>
                                    <node id="node_Node107" name="Node107_list">
                                    </node>
                                    <node id="node_Node108" name="Node108_list">
                                    </node>
                                </node>
                                <node id="node_Node109" name="Node109_start">
                                    <node id="node_Node110" name="Node110_display">
                                        <node id="node_Node111" name="Node111_display">
                                        </node>
                                        <node id="node_Node112" name="Node112_display">
                                        </node>
                                        <node id="node_Node113" name="Node113_display">
                                        </node>
                                        <node id="node_Node114" name="Node114_display">
                                        </node>
                                        <node id="node_Node115" name="Node115_display">
                                        </node>
                                    </node>
                                    <node id="node_Node116" name="Node116_list">
                                        <node id="node_Node117" name="Node117_display">
                                        </node>
                                        <node id="node_Node118" name="Node118_display">
                                        </node>
                                        <node id="node_Node119" name="Node119_display">
                                        </node>
                                    </node>
                                    <node id="node_Node120" name="Node120_list">
                                    </node>
                                    <node id="node_Node121" name="Node121_list">
                                    </node>
                                </node>
                                <node id="node_Node122" name="Node122_start">
                                    <node id="node_Node123" name="Node123_display">
                                        <node id="node_Node124" name="Node124_display">
                                        </node>
                                        <node id="node_Node125" name="Node125_display">
                                        </node>
                                        <node id="node_Node126" name="Node126_display">
                                        </node>
                                        <node id="node_Node127" name="Node127_display">
                                        </node>
                                        <node id="node_Node128" name="Node128_display">
                                        </node>
                                    </node>
                                    <node id="node_Node129" name="Node129_list">
                                        <node id="node_Node130" name="Node130_display">
                                        </node>
                                        <node id="node_Node131" name="Node131_display">
                                        </node>
                                        <node id="node_Node132" name="Node132_display">
                                        </node>
                                        <node id="node_Node133" name="Node133_display">
                                        </node>
                                        <node id="node_Node134" name="Node134_display">
                                        </node>
                                        <node id="node_Node135" name="Node135_display">
                                        </node>
                                    </node>
                                    <node id="node_Node136" name="Node136_list">
                                    </node>
                                    <node id="node_Node137" name="Node137_list">
                                    </node>
                                </node>
                                <node id="node_Node138" name="Node138_start">
                                    <node id="node_Node139" name="Node139_display">
                                        <node id="node_Node140" name="Node140_display">
                                        </node>
                                        <node id="node_Node141" name="Node141_display">
                                        </node>
                                        <node id="node_Node142" name="Node142_display">
                                        </node>
                                        <node id="node_Node143" name="Node143_display">
                                        </node>
                                        <node id="node_Node144" name="Node144_display">
                                        </node>
                                    </node>
                                    <node id="node_Node145" name="Node145_list">
                                        <node id="node_Node146" name="Node146_display">
                                        </node>
                                        <node id="node_Node147" name="Node147_display">
                                        </node>
                                        <node id="node_Node148" name="Node148_display">
                                        </node>
                                        <node id="node_Node149" name="Node149_display">
                                        </node>
                                    </node>
                                    <node id="node_Node150" name="Node150_list">
                                    </node>
                                    <node id="node_Node151" name="Node151_list">
                                    </node>
                                </node>
                                <node id="node_Node152" name="Node152_start">
                                    <node id="node_Node153" name="Node153_display">
                                        <node id="node_Node154" name="Node154_display">
                                        </node>
                                        <node id="node_Node155" name="Node155_display">
                                        </node>
                                        <node id="node_Node156" name="Node156_display">
                                        </node>
                                        <node id="node_Node157" name="Node157_display">
                                        </node>
                                        <node id="node_Node158" name="Node158_display">
                                        </node>
                                    </node>
                                    <node id="node_Node159" name="Node159_list">
                                        <node id="node_Node160" name="Node160_display">
                                        </node>
                                    </node>
                                </node>
                            </node>
                            <node id="node_Node161" name="Node161_parent">
                            </node>
                            <node id="node_Node162" name="Node162_list">
                            </node>
                        </node>
                    </node>
                </node>
            </node>
            <node id="obj_group" name="Objects">
                <node id="obj_0" name="0x0_Castle_Floor_Trap">
                    <translate sid="translate">-5513 717 -4324</translate>
                    <rotate sid="rotateZ">0 0 1 0</rotate>
                    <rotate sid="rotateY">0 1 0 45</rotate>
                    <rotate sid="rotateX">1 0 0 0</rotate>
                </node>
                <node id="obj_1" name="0x0_Aquarium_Bubble">
                    <translate sid="translate">2477 307 -2000</translate>
                </node>
                <node id="obj_2" name="0x0_Fish_in_Aquarium">
                    <translate sid="translate">2774 507 -1716</translate>
                    <rotate sid="rotateZ">0 0 1 0</rotate>
                    <rotate sid="rotateY">0 1 0 90</rotate>
                    <rotate sid="rotateX">1 0 0 0</rotate>
                </node>
                <node id="obj_3" name="0x0_Fish_in_Aquarium">
                    <translate sid="translate">3672 507 -1307</translate>
                    <rotate sid="rotateZ">0 0 1 0</rotate>
                    <rotate sid="rotateY">0 1 0 45</rotate>
                    <rotate sid="rotateX">1 0 0 0</rotate>
                </node>
                <node id="obj_4" name="0x0_Fish_in_Aquarium">
                    <translate sid="translate">3748 507 773</translate>
                    <rotate sid="rotateZ">0 0 1 0</rotate>
                    <rotate sid="rotateY">0 1 0 65491</rotate>
                    <rotate sid="rotateX">1 0 0 0</rotate>
                </node>
                <node id="obj_5" name="0x0_Fish_in_Aquarium">
                    <translate sid="translate">2778 507 1255</translate>
                    <rotate sid="rotateZ">0 0 1 0</rotate>
                    <rotate sid="rotateY">0 1 0 65446</rotate>
                    <rotate sid="rotateX">1 0 0 0</rotate>
                </node>
                <node id="obj_6" name="0x65_Boo_in_Castle">
                    <translate sid="translate">-1000 50 -3500</translate>
                </node>
                <node id="obj_7" name="0xDD_Toad">
                    <translate sid="translate">-1671 0 1313</translate>
                    <rotate sid="rotateZ">0 0 1 0</rotate>
                    <rotate sid="rotateY">0 1 0 83</rotate>
                    <rotate sid="rotateX">1 0 0 0</rotate>
                </node>
                <node id="obj_8" name="0xDD_Toad">
                    <translate sid="translate">1524 307 458</translate>
                    <rotate sid="rotateZ">0 0 1 0</rotate>
                    <rotate sid="rotateY">0 1 0 110</rotate>
                    <rotate sid="rotateX">1 0 0 0</rotate>
                </node>
                <node id="obj_9" name="0xDD_Toad">
                    <translate sid="translate">596 -306 -2637</translate>
                    <rotate sid="rotateZ">0 0 1 0</rotate>
                    <rotate sid="rotateY">0 1 0 152</rotate>
                    <rotate sid="rotateX">1 0 0 0</rotate>
                </node>
                <node id="obj_10" name="0xD5_Sliding_Star_Door_(8_Stars)">
                    <translate sid="translate">-2706 512 -1409</translate>
                    <rotate sid="rotateZ">0 0 1 0</rotate>
                    <rotate sid="rotateY">0 1 0 45</rotate>
                    <rotate sid="rotateX">1 0 0 0</rotate>
                </node>
                <node id="obj_11" name="0xD5_Sliding_Star_Door_(8_Stars)">
                    <translate sid="translate">-2598 512 -1517</translate>
                    <rotate sid="rotateZ">0 0 1 0</rotate>
                    <rotate sid="rotateY">0 1 0 225</rotate>
                    <rotate sid="rotateX">1 0 0 0</rotate>
                </node>
                <node id="obj_12" name="0x25_Locked_Castle_Door">
                    <translate sid="translate">-1100 512 -1074</translate>
                </node>
                <node id="obj_13" name="0x25_Locked_Castle_Door">
                    <translate sid="translate">-946 512 -1074</translate>
                    <rotate sid="rotateZ">0 0 1 0</rotate>
                    <rotate sid="rotateY">0 1 0 180</rotate>
                    <rotate sid="rotateX">1 0 0 0</rotate>
                </node>
                <node id="obj_14" name="0x25_Locked_Castle_Door">
                    <translate sid="translate">-1100 -1074 922</translate>
                </node>
                <node id="obj_15" name="0x25_Locked_Castle_Door">
                    <translate sid="translate">-946 -1074 922</translate>
                    <rotate sid="rotateZ">0 0 1 0</rotate>
                    <rotate sid="rotateY">0 1 0 180</rotate>
                    <rotate sid="rotateX">1 0 0 0</rotate>
                </node>
                <node id="obj_16" name="0x0_Warp_Hole">
                    <translate sid="translate">2013 768 -2014</translate>
                </node>
                <node id="obj_17" name="0x0_Warp_Hole">
                    <translate sid="translate">-5513 512 -4324</translate>
                </node>
                <node id="obj_18" name="0x0_Warp_Hole">
                    <translate sid="translate">1963 819 1280</translate>
                </node>
                <node id="obj_19" name="0x0_Warp">
                    <translate sid="translate">-1024 512 -650</translate>
                </node>
                <node id="obj_20" name="0x0_Warp">
                    <translate sid="translate">-1024 -50 717</translate>
                    <rotate sid="rotateZ">0 0 1 0</rotate>
                    <rotate sid="rotateY">0 1 0 180</rotate>
                    <rotate sid="rotateX">1 0 0 0</rotate>
                </node>
                <node id="obj_21" name="0x0_Warp_(Mario_Start_2)">
                    <translate sid="translate">-1024 900 717</translate>
                    <rotate sid="rotateZ">0 0 1 0</rotate>
                    <rotate sid="rotateY">0 1 0 180</rotate>
                    <rotate sid="rotateX">1 0 0 0</rotate>
                </node>
                <node id="obj_22" name="0x0_Warp_(for_level_exit)">
                    <translate sid="translate">-1024 900 717</translate>
                    <rotate sid="rotateZ">0 0 1 0</rotate>
                    <rotate sid="rotateY">0 1 0 180</rotate>
                    <rotate sid="rotateX">1 0 0 0</rotate>
                </node>
                <node id="obj_23" name="0x0_Warp">
                    <translate sid="translate">-1024 900 717</translate>
                    <rotate sid="rotateZ">0 0 1 0</rotate>
                    <rotate sid="rotateY">0 1 0 180</rotate>
                    <rotate sid="rotateX">1 0 0 0</rotate>
                </node>
                <node id="obj_24" name="0x0_Warp_(Level_Exit,_Restore_Life)">
                    <translate sid="translate">-1024 900 717</translate>
                    <rotate sid="rotateZ">0 0 1 0</rotate>
                    <rotate sid="rotateY">0 1 0 180</rotate>
                    <rotate sid="rotateX">1 0 0 0</rotate>
                </node>
                <node id="obj_25" name="0x0_Warp_(Level_Exit)">
                    <translate sid="translate">-5513 512 -4324</translate>
                    <rotate sid="rotateZ">0 0 1 0</rotate>
                    <rotate sid="rotateY">0 1 0 65401</rotate>
                    <rotate sid="rotateX">1 0 0 0</rotate>
                </node>
                <node id="obj_26" name="0x0_Warp_(Level_Exit,_From_Hole)">
                    <translate sid="translate">-5513 512 -4324</translate>
                    <rotate sid="rotateZ">0 0 1 0</rotate>
                    <rotate sid="rotateY">0 1 0 65401</rotate>
                    <rotate sid="rotateX">1 0 0 0</rotate>
                </node>
                <node id="obj_27" name="0x0_Warp_(Level_Exit,_Ceiling)">
                    <translate sid="translate">-1024 900 717</translate>
                </node>
                <node id="obj_28" name="0x0_Warp_(Level_Exit,_Ceiling)">
                    <translate sid="translate">2816 1200 -256</translate>
                    <rotate sid="rotateZ">0 0 1 0</rotate>
                    <rotate sid="rotateY">0 1 0 90</rotate>
                    <rotate sid="rotateX">1 0 0 0</rotate>
                </node>
                <node id="obj_29" name="0x0_Warp_(Level_Exit,_Restore_Life)">
                    <translate sid="translate">2816 1200 -256</translate>
                    <rotate sid="rotateZ">0 0 1 0</rotate>
                    <rotate sid="rotateY">0 1 0 270</rotate>
                    <rotate sid="rotateX">1 0 0 0</rotate>
                </node>
                <node id="obj_30" name="0x0_Warp_Painting_Exit_(Success)">
                    <translate sid="translate">-5422 717 -461</translate>
                    <rotate sid="rotateZ">0 0 1 0</rotate>
                    <rotate sid="rotateY">0 1 0 270</rotate>
                    <rotate sid="rotateX">1 0 0 0</rotate>
                </node>
                <node id="obj_31" name="0x0_Warp_Painting_Exit_(Success)">
                    <translate sid="translate">-2304 0 -4552</translate>
                    <rotate sid="rotateZ">0 0 1 0</rotate>
                    <rotate sid="rotateY">0 1 0 180</rotate>
                    <rotate sid="rotateX">1 0 0 0</rotate>
                </node>
                <node id="obj_32" name="0x0_Warp_Painting_Exit_(Success)">
                    <translate sid="translate">256 102 -4706</translate>
                    <rotate sid="rotateZ">0 0 1 0</rotate>
                    <rotate sid="rotateY">0 1 0 180</rotate>
                    <rotate sid="rotateX">1 0 0 0</rotate>
                </node>
                <node id="obj_33" name="0x0_Warp_Painting_Exit_(Success)">
                    <translate sid="translate">4501 717 -230</translate>
                    <rotate sid="rotateZ">0 0 1 0</rotate>
                    <rotate sid="rotateY">0 1 0 90</rotate>
                    <rotate sid="rotateX">1 0 0 0</rotate>
                </node>
                <node id="obj_34" name="0x0_Warp_Painting_Exit_(Failure)">
                    <translate sid="translate">-5422 717 -461</translate>
                    <rotate sid="rotateZ">0 0 1 0</rotate>
                    <rotate sid="rotateY">0 1 0 270</rotate>
                    <rotate sid="rotateX">1 0 0 0</rotate>
                </node>
                <node id="obj_35" name="0x0_Warp_Painting_Exit_(Failure)">
                    <translate sid="translate">-2304 0 -4552</translate>
                    <rotate sid="rotateZ">0 0 1 0</rotate>
                    <rotate sid="rotateY">0 1 0 180</rotate>
                    <rotate sid="rotateX">1 0 0 0</rotate>
                </node>
                <node id="obj_36" name="0x0_Warp_Painting_Exit_(Failure)">
                    <translate sid="translate">256 102 -4706</translate>
                    <rotate sid="rotateZ">0 0 1 0</rotate>
                    <rotate sid="rotateY">0 1 0 180</rotate>
                    <rotate sid="rotateX">1 0 0 0</rotate>
                </node>
                <node id="obj_37" name="0x0_Warp_Painting_Exit_(Failure)">
                    <translate sid="translate">4501 717 -230</translate>
                    <rotate sid="rotateZ">0 0 1 0</rotate>
                    <rotate sid="rotateY">0 1 0 90</rotate>
                    <rotate sid="rotateX">1 0 0 0</rotate>
                </node>
                <node id="obj_38" name="0x0_Sign_on_Wall">
                    <translate sid="translate">1178 614 -2434</translate>
                    <rotate sid="rotateZ">0 0 1 0</rotate>
                    <rotate sid="rotateY">0 1 0 90</rotate>
                    <rotate sid="rotateX">1 0 0 0</rotate>
                </node>
                <node id="obj_39" name="0x0_Sign_on_Wall">
                    <translate sid="translate">-3185 205 -410</translate>
                    <rotate sid="rotateZ">0 0 1 0</rotate>
                    <rotate sid="rotateY">0 1 0 270</rotate>
                    <rotate sid="rotateX">1 0 0 0</rotate>
                </node>
                <node id="obj_40" name="0x0_Sign_on_Wall">
                    <translate sid="translate">-3185 205 -51</translate>
                    <rotate sid="rotateZ">0 0 1 0</rotate>
                    <rotate sid="rotateY">0 1 0 270</rotate>
                    <rotate sid="rotateX">1 0 0 0</rotate>
                </node>
                <node id="obj_41" name="0x0_Sign_on_Wall">
                    <translate sid="translate">435 0 -1137</translate>
                    <rotate sid="rotateZ">0 0 1 0</rotate>
                    <rotate sid="rotateY">0 1 0 180</rotate>
                    <rotate sid="rotateX">1 0 0 0</rotate>
                </node>
                <node id="obj_42" name="0x0_Sign_on_Wall">
                    <translate sid="translate">1670 307 -1144</translate>
                    <rotate sid="rotateZ">0 0 1 0</rotate>
                    <rotate sid="rotateY">0 1 0 45</rotate>
                    <rotate sid="rotateX">1 0 0 0</rotate>
                </node>
                <node id="obj_43" name="0x0_Sign_on_Wall">
                    <translate sid="translate">-2278 -410 -3002</translate>
                    <rotate sid="rotateZ">0 0 1 0</rotate>
                    <rotate sid="rotateY">0 1 0 180</rotate>
                    <rotate sid="rotateX">1 0 0 0</rotate>
                </node>
                <node id="obj_44" name="0x74_Yellow_Coin">
                    <translate sid="translate">-618 388 -324</translate>
                </node>
                <node id="obj_45" name="0x74_Yellow_Coin">
                    <translate sid="translate">-1430 388 -324</translate>
                </node>
                <node id="obj_46" name="0x74_Yellow_Coin">
                    <translate sid="translate">-724 388 -324</translate>
                </node>
                <node id="obj_47" name="0x74_Yellow_Coin">
                    <translate sid="translate">-1324 388 -324</translate>
                </node>
                <node id="obj_48" name="0x0_Hidden_1-up_Trigger">
                    <translate sid="translate">2005 800 -1694</translate>
                </node>
                <node id="obj_49" name="0xD4_1-up_Mushroom_(hidden)">
                    <translate sid="translate">2036 800 -1673</translate>
                </node>
                <node id="obj_50" name="0x0_Undefined_Combo_(0x0,_0x0)">
                    <translate sid="translate">-1023 0 1152</translate>
                    <rotate sid="rotateZ">0 0 1 0</rotate>
                    <rotate sid="rotateY">0 1 0 180</rotate>
                    <rotate sid="rotateX">1 0 0 0</rotate>
                </node>
                <node id="obj_51" name="0x1D_Wooden_Door">
                    <translate sid="translate">-271 0 -824</translate>
                    <rotate sid="rotateZ">0 0 1 0</rotate>
                    <rotate sid="rotateY">0 1 0 45</rotate>
                    <rotate sid="rotateX">1 0 0 0</rotate>
                </node>
                <node id="obj_52" name="0x1D_Wooden_Door">
                    <translate sid="translate">-1775 0 -824</translate>
                    <rotate sid="rotateZ">0 0 1 0</rotate>
                    <rotate sid="rotateY">0 1 0 315</rotate>
                    <rotate sid="rotateX">1 0 0 0</rotate>
                </node>
                <node id="obj_53" name="0x26_Door_(Castle)">
                    <translate sid="translate">-1100 0 2202</translate>
                </node>
                <node id="obj_54" name="0x26_Door_(Castle)">
                    <translate sid="translate">-946 0 2202</translate>
                    <rotate sid="rotateZ">0 0 1 0</rotate>
                    <rotate sid="rotateY">0 1 0 180</rotate>
                    <rotate sid="rotateX">1 0 0 0</rotate>
                </node>
                <node id="obj_55" name="0x27_Wooden_Castle_Door">
                    <translate sid="translate">-1023 -101 -5170</translate>
                </node>
                <node id="obj_56" name="0x22_Castle_Door_(0_Stars)">
                    <translate sid="translate">-3122 205 -793</translate>
                    <rotate sid="rotateZ">0 0 1 0</rotate>
                    <rotate sid="rotateY">0 1 0 90</rotate>
                    <rotate sid="rotateX">1 0 0 0</rotate>
                </node>
                <node id="obj_57" name="0x23_Castle_Door_(1_Star)">
                    <translate sid="translate">256 0 -1074</translate>
                </node>
                <node id="obj_58" name="0x23_Castle_Door_(1_Star)">
                    <translate sid="translate">644 614 -1476</translate>
                    <rotate sid="rotateZ">0 0 1 0</rotate>
                    <rotate sid="rotateY">0 1 0 315</rotate>
                    <rotate sid="rotateX">1 0 0 0</rotate>
                </node>
                <node id="obj_59" name="0x24_Castle_Door_(3_Stars)">
                    <translate sid="translate">1075 205 -229</translate>
                    <rotate sid="rotateZ">0 0 1 0</rotate>
                    <rotate sid="rotateY">0 1 0 270</rotate>
                    <rotate sid="rotateX">1 0 0 0</rotate>
                </node>
                <node id="obj_60" name="0x24_Castle_Door_(3_Stars)">
                    <translate sid="translate">-2303 0 -1074</translate>
                </node>
                <node id="obj_61" name="P0x0_Bob-omb_Battlefield">
                    <translate sid="translate">-5222.39990234375 409.6000061035156 -153.60000610351562</translate>
                    <rotate sid="rotateZ">0 0 1 0</rotate>
                    <rotate sid="rotateY">0 1 0 90</rotate>
                    <rotate sid="rotateX">1 0 0 0</rotate>
                </node>
                <node id="obj_62" name="P0x1_Cool_Cool_Mountain">
                    <translate sid="translate">-2611.199951171875 -307.20001220703125 -4352</translate>
                </node>
                <node id="obj_63" name="P0x2_Whomps_Fortress">
                    <translate sid="translate">-51.20000076293945 -204.8000030517578 -4505.60009765625</translate>
                </node>
                <node id="obj_64" name="P0x3_Jolly_Roger_Bay">
                    <translate sid="translate">4300.7998046875 409.6000061035156 -537.5999755859375</translate>
                    <rotate sid="rotateZ">0 0 1 0</rotate>
                    <rotate sid="rotateY">0 1 0 270</rotate>
                    <rotate sid="rotateX">1 0 0 0</rotate>
                </node>
            </node>
        </visual_scene>
    </library_visual_scenes>
    <scene>
        <instance_visual_scene url="#VisualSceneNode"/>
    </scene>
</COLLADA>
