<?xml version="1.0"?>
<COLLADA xmlns="http://www.collada.org/2005/11/COLLADASchema" version="1.4.1">
    <asset>
        <contributor>
            <authoring_tool>CINEMA4D 15.064 COLLADA Exporter</authoring_tool>
        </contributor>
        <created>2026-03-28T22:54:13Z</created>
        <modified>2026-03-28T22:54:13Z</modified>
        <unit meter="0.01" name="centimeter"/>
        <up_axis>Y_UP</up_axis>
    </asset>
    <library_images>
        <image id="ID5">
            <init_from>vertexColors_naked_edit.png</init_from>
        </image>
        <image id="ID10">
            <init_from>tex_6003E48.png</init_from>
        </image>
        <image id="ID15">
            <init_from>tex_6003648.png</init_from>
        </image>
        <image id="ID20">
            <init_from>tex_6005E48_fix.png</init_from>
        </image>
        <image id="ID25">
            <init_from>tex_6005648_fix.png</init_from>
        </image>
        <image id="ID30">
            <init_from>tex_6004648.png</init_from>
        </image>
        <image id="ID35">
            <init_from>tex_6002648.png</init_from>
        </image>
        <image id="ID40">
            <init_from>tex_6002E48.png</init_from>
        </image>
    </library_images>
    <library_effects>
        <effect id="ID4">
            <profile_COMMON>
                <newparam sid="ID6">
                    <surface type="2D">
                        <init_from>ID5</init_from>
                    </surface>
                </newparam>
                <newparam sid="ID7">
                    <sampler2D>
                        <source>ID6</source>
                    </sampler2D>
                </newparam>
                <technique sid="COMMON">
                    <blinn>
                        <diffuse>
                            <texture texture="ID7" texcoord="UVSET0"/>
                        </diffuse>
                    </blinn>
                </technique>
            </profile_COMMON>
        </effect>
        <effect id="ID9">
            <profile_COMMON>
                <newparam sid="ID11">
                    <surface type="2D">
                        <init_from>ID10</init_from>
                    </surface>
                </newparam>
                <newparam sid="ID12">
                    <sampler2D>
                        <source>ID11</source>
                    </sampler2D>
                </newparam>
                <technique sid="COMMON">
                    <blinn>
                        <diffuse>
                            <texture texture="ID12" texcoord="UVSET0"/>
                        </diffuse>
                    </blinn>
                </technique>
            </profile_COMMON>
        </effect>
        <effect id="ID14">
            <profile_COMMON>
                <newparam sid="ID16">
                    <surface type="2D">
                        <init_from>ID15</init_from>
                    </surface>
                </newparam>
                <newparam sid="ID17">
                    <sampler2D>
                        <source>ID16</source>
                    </sampler2D>
                </newparam>
                <technique sid="COMMON">
                    <blinn>
                        <diffuse>
                            <texture texture="ID17" texcoord="UVSET0"/>
                        </diffuse>
                    </blinn>
                </technique>
            </profile_COMMON>
        </effect>
        <effect id="ID19">
            <profile_COMMON>
                <newparam sid="ID21">
                    <surface type="2D">
                        <init_from>ID20</init_from>
                    </surface>
                </newparam>
                <newparam sid="ID22">
                    <sampler2D>
                        <source>ID21</source>
                    </sampler2D>
                </newparam>
                <technique sid="COMMON">
                    <blinn>
                        <diffuse>
                            <texture texture="ID22" texcoord="UVSET0"/>
                        </diffuse>
                    </blinn>
                </technique>
            </profile_COMMON>
        </effect>
        <effect id="ID24">
            <profile_COMMON>
                <newparam sid="ID26">
                    <surface type="2D">
                        <init_from>ID25</init_from>
                    </surface>
                </newparam>
                <newparam sid="ID27">
                    <sampler2D>
                        <source>ID26</source>
                    </sampler2D>
                </newparam>
                <technique sid="COMMON">
                    <blinn>
                        <diffuse>
                            <texture texture="ID27" texcoord="UVSET0"/>
                        </diffuse>
                    </blinn>
                </technique>
            </profile_COMMON>
        </effect>
        <effect id="ID29">
            <profile_COMMON>
                <newparam sid="ID31">
                    <surface type="2D">
                        <init_from>ID30</init_from>
                    </surface>
                </newparam>
                <newparam sid="ID32">
                    <sampler2D>
                        <source>ID31</source>
                    </sampler2D>
                </newparam>
                <technique sid="COMMON">
                    <blinn>
                        <diffuse>
                            <texture texture="ID32" texcoord="UVSET0"/>
                        </diffuse>
                    </blinn>
                </technique>
            </profile_COMMON>
        </effect>
        <effect id="ID34">
            <profile_COMMON>
                <newparam sid="ID36">
                    <surface type="2D">
                        <init_from>ID35</init_from>
                    </surface>
                </newparam>
                <newparam sid="ID37">
                    <sampler2D>
                        <source>ID36</source>
                    </sampler2D>
                </newparam>
                <technique sid="COMMON">
                    <blinn>
                        <diffuse>
                            <texture texture="ID37" texcoord="UVSET0"/>
                        </diffuse>
                    </blinn>
                </technique>
            </profile_COMMON>
        </effect>
        <effect id="ID39">
            <profile_COMMON>
                <newparam sid="ID41">
                    <surface type="2D">
                        <init_from>ID40</init_from>
                    </surface>
                </newparam>
                <newparam sid="ID42">
                    <sampler2D>
                        <source>ID41</source>
                    </sampler2D>
                </newparam>
                <technique sid="COMMON">
                    <blinn>
                        <diffuse>
                            <texture texture="ID42" texcoord="UVSET0"/>
                        </diffuse>
                    </blinn>
                </technique>
            </profile_COMMON>
        </effect>
    </library_effects>
    <library_materials>
        <material id="ID3" name="vertexColors">
            <instance_effect url="#ID4"/>
        </material>
        <material id="ID8" name="Mat8">
            <instance_effect url="#ID9"/>
        </material>
        <material id="ID13" name="Mat7">
            <instance_effect url="#ID14"/>
        </material>
        <material id="ID18" name="Mat5">
            <instance_effect url="#ID19"/>
        </material>
        <material id="ID23" name="Mat4">
            <instance_effect url="#ID24"/>
        </material>
        <material id="ID28" name="Mat3">
            <instance_effect url="#ID29"/>
        </material>
        <material id="ID33" name="Mat1">
            <instance_effect url="#ID34"/>
        </material>
        <material id="ID38" name="Mat0">
            <instance_effect url="#ID39"/>
        </material>
    </library_materials>
    <library_geometries>
        <geometry id="ID74">
            <mesh>
                <source id="ID75">
                    <float_array id="ID76" count="30">-17.75 27 -15.3744 -8.76917e-007 26.7476 -23.3115 -8.25 47.604 -19.1872 -8.25 57.6441 -6.79728 8.25 47.604 -19.1872 8.25 57.6441 -6.79728 18.25 27 -15.3744 -19 47.9372 6.8899 5.16978e-007 59.0149 8.57708 19.75 47.9372 6.8899</float_array>
                    <technique_common>
                        <accessor count="10" source="#ID76" stride="3">
                            <param name="X" type="float"/>
                            <param name="Y" type="float"/>
                            <param name="Z" type="float"/>
                        </accessor>
                    </technique_common>
                </source>
                <source id="ID77">
                    <float_array id="ID78" count="30">0.433547 0.821191 -0.371056 0.757128 0.28124 -0.589629 0.723201 0.679034 -0.126068 -0.771155 0.269542 -0.576773 -0.00335734 0.0839715 -0.996462 -0.305304 0.499986 -0.810434 -0.532716 0.795967 -0.287488 0.376722 0.402781 -0.834175 -0.739229 0.664522 -0.109319 -0.00524795 0.993927 0.109917</float_array>
                    <technique_common>
                        <accessor count="10" source="#ID78" stride="3">
                            <param name="X" type="float"/>
                            <param name="Y" type="float"/>
                            <param name="Z" type="float"/>
                        </accessor>
                    </technique_common>
                </source>
                <source id="ID79">
                    <float_array id="ID80" count="20">0.152344 0.851563 -0.191406 -0.0351563 -0.230469 1.15039 1.10547 -0.0351563 0.457031 -0.314453 0.755859 0.205078 0.751953 0.851563 0.154297 0.205078 1.13672 1.15234 0.451172 1.42773</float_array>
                    <technique_common>
                        <accessor count="10" source="#ID80" stride="2">
                            <param name="S" type="float"/>
                            <param name="T" type="float"/>
                        </accessor>
                    </technique_common>
                </source>
                <vertices id="ID81">
                    <input semantic="POSITION" source="#ID75"/>
                </vertices>
                <polylist count="12" material="Material1">
                    <input offset="0" semantic="VERTEX" source="#ID81"/>
                    <input offset="1" semantic="NORMAL" source="#ID77"/>
                    <input offset="2" semantic="TEXCOORD" source="#ID79" set="0"/>
                    <vcount>3 3 3 3 3 3 3 3 3 3 3 3</vcount>
                    <p>9 2 2 6 1 1 5 0 0 2 5 5 1 4 4 0 3 3 0 3 3 3 6 6 2 5 5 2 5 5 4 7 7 1 4 4 2 5 5 5 0 0 4 7 7 2 5 5 3 6 6 5 0 0 1 4 4 4 7 7 6 1 1 6 1 1 4 7 7 5 0 0 3 6 6 0 3 3 7 8 8 3 6 6 8 9 9 5 0 0 8 9 9 3 6 6 7 8 8 9 2 2 5 0 0 8 9 9</p>
                </polylist>
            </mesh>
        </geometry>
        <geometry id="ID89">
            <mesh>
                <source id="ID90">
                    <float_array id="ID91" count="132">35.5 45.7123 7.03285 44 45.7123 6.28285 44 45.7123 16.2828 35.5 45.7123 15.5328 43 34.2123 6.28285 37 26.7123 11.2828 43 34.2123 16.2828 30.5 29.4623 11.2828 30.5 39.9623 6.03285 30.5 39.9623 16.5328 48.75 40.9623 5.78285 48.75 31.7123 9.03285 48.75 31.7123 13.2828 48.75 40.9623 16.7828 35.5 31.7123 2.53285 43 37.4623 1.28285 39.5 40.9623 2.53285 35.5 31.7123 20.0328 35.5 40.9623 20.0328 39.5 40.9623 20.0328 43 37.4623 21.2828 35.5 40.9623 2.53285 -43.75 45.7123 6.28285 -35.25 45.7123 7.03285 -35.25 45.7123 15.5328 -43.75 45.7123 16.2828 -42.75 34.2123 16.2829 -36.75 26.7123 11.2829 -42.75 34.2123 6.28285 -30.25 39.9623 16.5328 -30.25 39.9623 6.03285 -30.25 29.4623 11.2829 -48.5 31.7123 9.03285 -48.5 40.9623 5.78285 -48.5 40.9623 16.7828 -48.5 31.7123 13.2829 -39.25 40.9623 2.53285 -42.75 37.4623 1.28285 -35.25 31.7123 2.53285 -39.25 40.9623 20.0328 -35.25 40.9623 20.0328 -35.25 31.7123 20.0329 -42.75 37.4623 21.2828 -35.25 40.9623 2.53285</float_array>
                    <technique_common>
                        <accessor count="44" source="#ID91" stride="3">
                            <param name="X" type="float"/>
                            <param name="Y" type="float"/>
                            <param name="Z" type="float"/>
                        </accessor>
                    </technique_common>
                </source>
                <source id="ID92">
                    <float_array id="ID93" count="132">-0.18605 -0.454114 0.871301 0.269796 -0.962918 9.98127e-008 -0.833379 -0.552702 8.9742e-008 -0.18605 -0.454114 -0.871301 0.450942 -0.759592 -0.468691 0.29848 -0.165434 -0.939969 0.168291 -0.939123 -0.299544 0.896028 0.325764 -0.301682 0.279853 0.77499 -0.566632 -0.311895 0.353705 -0.881824 -0.351832 0.869467 -0.346759 -0.85969 0.226676 -0.457768 -0.867185 0.31812 0.383132 -0.312635 0.820447 0.478671 -0.311895 0.353705 0.881824 0.323229 0.852415 0.410989 0.845212 0.275776 0.457782 0.303894 -0.169017 0.937594 0.49571 -0.801417 0.334667 0.29515 -0.888496 0.351371 -0.0250983 0.411752 -0.91095 -0.0250985 0.411752 0.91095 -0.172713 -0.93836 0.299419 -0.303894 -0.169017 0.937594 0.18605 -0.454114 0.871301 0.18605 -0.454114 -0.871301 0.311895 0.353705 -0.881824 0.0250983 0.411752 -0.91095 -0.290322 -0.889907 -0.351822 -0.269796 -0.962918 7.6779e-008 -0.323229 0.852415 -0.410989 -0.279853 0.774991 0.566632 -0.897493 0.323 0.300296 -0.842865 0.279995 -0.459545 0.312635 0.820447 -0.478671 0.351832 0.869467 0.346759 0.867185 0.31812 -0.383132 0.85969 0.226676 0.457768 0.0250985 0.411752 0.91095 0.311895 0.353705 0.881824 0.833379 -0.552702 2.9914e-008 -0.491811 -0.80204 -0.338902 -0.298481 -0.165434 -0.939969 -0.457161 -0.759896 0.462128</float_array>
                    <technique_common>
                        <accessor count="44" source="#ID93" stride="3">
                            <param name="X" type="float"/>
                            <param name="Y" type="float"/>
                            <param name="Z" type="float"/>
                        </accessor>
                    </technique_common>
                </source>
                <source id="ID94">
                    <float_array id="ID95" count="2">0.390625 0.75</float_array>
                    <technique_common>
                        <accessor count="1" source="#ID95" stride="2">
                            <param name="S" type="float"/>
                            <param name="T" type="float"/>
                        </accessor>
                    </technique_common>
                </source>
                <vertices id="ID96">
                    <input semantic="POSITION" source="#ID90"/>
                </vertices>
                <polylist count="80" material="Material1">
                    <input offset="0" semantic="VERTEX" source="#ID96"/>
                    <input offset="1" semantic="NORMAL" source="#ID92"/>
                    <input offset="2" semantic="TEXCOORD" source="#ID94" set="0"/>
                    <vcount>3 3 3 3 3 3 3 3 3 3 3 3 3 3 3 3 3 3 3 3 3 3 3 3 3 3 3 3 3 3 3 3 3 3 3 3 3 3 3 3 3 3 3 3 3 3 3 3 3 3 3 3 3 3 3 3 3 3 3 3 3 3 3 3 3 3 3 3 3 3 3 3 3 3 3 3 3 3 3 3</vcount>
                    <p>7 2 0 5 1 0 17 0 0 14 3 0 5 1 0 7 2 0 4 6 0 15 5 0 11 4 0 1 8 0 10 7 0 15 5 0 8 11 0 0 10 0 21 9 0 18 14 0 3 13 0 9 12 0 20 17 0 13 16 0 2 15 0 20 17 0 12 18 0 13 16 0 14 3 0 7 2 0 8 11 0 18 14 0 9 12 0 17 0 0 6 19 0 20 17 0 17 0 0 14 3 0 21 9 0 16 20 0 4 6 0 5 1 0 14 3 0 10 7 0 1 8 0 2 15 0 10 7 0 2 15 0 13 16 0 0 10 0 1 8 0 16 20 0 9 12 0 3 13 0 0 10 0 9 12 0 0 10 0 8 11 0 19 21 0 2 15 0 3 13 0 3 13 0 18 14 0 19 21 0 16 20 0 21 9 0 0 10 0 9 12 0 7 2 0 17 0 0 8 11 0 21 9 0 14 3 0 10 7 0 11 4 0 15 5 0 17 0 0 20 17 0 19 21 0 4 6 0 11 4 0 12 18 0 4 6 0 12 18 0 6 19 0 15 5 0 16 20 0 1 8 0 2 15 0 19 21 0 20 17 0 17 0 0 5 1 0 6 19 0 14 3 0 15 5 0 4 6 0 2 15 0 1 8 0 0 10 0 2 15 0 0 10 0 3 13 0 6 19 0 5 1 0 4 6 0 9 12 0 8 11 0 7 2 0 12 18 0 11 4 0 10 7 0 12 18 0 10 7 0 13 16 0 16 20 0 15 5 0 14 3 0 19 21 0 18 14 0 17 0 0 20 17 0 6 19 0 12 18 0 41 24 0 42 23 0 26 22 0 36 27 0 43 26 0 38 25 0 38 25 0 27 29 0 28 28 0 34 32 0 25 31 0 22 30 0 34 32 0 22 30 0 33 33 0 36 27 0 22 30 0 23 34 0 30 36 0 23 34 0 24 35 0 30 36 0 24 35 0 29 37 0 24 35 0 25 31 0 39 38 0 39 38 0 40 39 0 24 35 0 23 34 0 43 26 0 36 27 0 41 24 0 31 40 0 29 37 0 38 25 0 43 26 0 30 36 0 37 42 0 32 41 0 33 33 0 39 38 0 42 23 0 41 24 0 26 22 0 35 43 0 32 41 0 26 22 0 32 41 0 28 28 0 22 30 0 36 27 0 37 42 0 42 23 0 39 38 0 25 31 0 26 22 0 27 29 0 41 24 0 28 28 0 37 42 0 38 25 0 24 35 0 23 34 0 22 30 0 24 35 0 22 30 0 25 31 0 28 28 0 27 29 0 26 22 0 31 40 0 30 36 0 29 37 0 34 32 0 33 33 0 32 41 0 34 32 0 32 41 0 35 43 0 38 25 0 37 42 0 36 27 0 41 24 0 40 39 0 39 38 0 35 43 0 26 22 0 42 23 0 41 24 0 27 29 0 31 40 0 31 40 0 27 29 0 38 25 0 32 41 0 37 42 0 28 28 0 37 42 0 33 33 0 22 30 0 43 26 0 23 34 0 30 36 0 29 37 0 24 35 0 40 39 0 25 31 0 34 32 0 42 23 0 34 32 0 35 43 0 42 23 0 30 36 0 31 40 0 38 25 0 41 24 0 29 37 0 40 39 0</p>
                </polylist>
            </mesh>
        </geometry>
        <geometry id="ID104">
            <mesh>
                <source id="ID105">
                    <float_array id="ID106" count="48">4.25 -0.0687478 -6.40368 3 -0.0687472 6.59632 24.5 -0.0687478 -6.40368 18 -0.0687482 -14.6537 11.25 -0.0687482 -14.6537 25.75 -0.0687472 6.59632 8.75 -0.0687469 13.5963 20 -0.0687469 13.5963 -23.75 -0.0687478 -6.40368 -25.75 -0.0687472 6.59632 -4.25 -0.0687478 -6.40368 -10.75 -0.0687482 -14.6537 -17.5 -0.0687482 -14.6537 -2.25 -0.0687472 6.59632 -19.25 -0.0687469 13.5963 -8.75 -0.0687469 13.5963</float_array>
                    <technique_common>
                        <accessor count="16" source="#ID106" stride="3">
                            <param name="X" type="float"/>
                            <param name="Y" type="float"/>
                            <param name="Z" type="float"/>
                        </accessor>
                    </technique_common>
                </source>
                <source id="ID107">
                    <float_array id="ID108" count="48">2.83176e-015 -1 4.47035e-008 3.78956e-015 -1 4.47035e-008 2.51249e-015 -1 4.47035e-008 3.53721e-015 -1 4.50045e-008 1.95108e-015 -1 4.47035e-008 2.03528e-015 -1 4.4854e-008 4.25315e-015 -1 4.5155e-008 6.37973e-015 -1 4.5155e-008 2.9372e-015 -1 4.47035e-008 4.06024e-015 -1 4.47035e-008 2.56285e-015 -1 4.47035e-008 7.32442e-016 -1 4.50045e-008 1.57382e-015 -1 4.47035e-008 1.33716e-015 -1 4.4854e-008 5.52092e-016 -1 4.5155e-008 -0 -1 4.5155e-008</float_array>
                    <technique_common>
                        <accessor count="16" source="#ID108" stride="3">
                            <param name="X" type="float"/>
                            <param name="Y" type="float"/>
                            <param name="Z" type="float"/>
                        </accessor>
                    </technique_common>
                </source>
                <source id="ID109">
                    <float_array id="ID110" count="30">0.207031 0.984375 0.724609 0.984375 0.984375 0.765625 0.0136719 0.306641 -0.0507813 0.765625 0.916016 0.306641 0.634766 0.0332031 0.296875 0.0332031 0.1875 0.984375 0.654297 0.984375 0.886719 0.765625 -0.0449219 0.765625 0.826172 0.306641 0.572266 0.0332031 0.267578 0.0332031</float_array>
                    <technique_common>
                        <accessor count="15" source="#ID110" stride="2">
                            <param name="S" type="float"/>
                            <param name="T" type="float"/>
                        </accessor>
                    </technique_common>
                </source>
                <vertices id="ID111">
                    <input semantic="POSITION" source="#ID105"/>
                </vertices>
                <polylist count="12" material="Material1">
                    <input offset="0" semantic="VERTEX" source="#ID111"/>
                    <input offset="1" semantic="NORMAL" source="#ID107"/>
                    <input offset="2" semantic="TEXCOORD" source="#ID109" set="0"/>
                    <vcount>3 3 3 3 3 3 3 3 3 3 3 3</vcount>
                    <p>5 2 2 7 1 1 6 0 0 2 5 5 1 4 4 0 3 3 0 3 3 4 7 7 3 6 6 0 3 3 3 6 6 2 5 5 2 5 5 5 2 2 1 4 4 5 2 2 6 0 0 1 4 4 13 10 10 15 9 9 14 8 8 10 13 12 9 12 11 8 11 3 8 11 3 12 15 14 11 14 13 8 11 3 11 14 13 10 13 12 10 13 12 13 10 10 9 12 11 13 10 10 14 8 8 9 12 11</p>
                </polylist>
            </mesh>
        </geometry>
        <geometry id="ID119">
            <mesh>
                <source id="ID120">
                    <float_array id="ID121" count="111">-18.5 16.8422 -5.46827 -19.25 32.6495 -7.0891 -17.25 40.6986 3.85224 -12.5 27.0162 9.15369 -4.25 53.1381 18.8982 4.25 53.1381 18.8982 1.0978e-006 48.5 21.8647 22 36.2123 13.0819 14.5 44.1405 10.8139 17.25 40.6986 3.85224 -4.75 30.9672 18.997 4.75 30.9672 18.997 9.75 14.628 -1.3032 -9.75 14.628 -1.3032 7.75 50.1357 6.19791 -7.75 50.1357 6.19791 -10.5 41.4707 -3.81042 8.75 41.4707 -3.81042 -14.5 44.1405 10.8139 -22 36.1208 13.4234 12.5 27.0162 9.15368 19.25 32.6495 -7.0891 18.5 16.8422 -5.46827 -19.25 32.6495 -7.0891 -18.5 16.8422 -5.46827 -7 29.8056 -19.0149 7 39.4437 -13.3212 7 29.8056 -19.0149 19.25 32.6495 -7.0891 -8.5 20.6788 -14.3229 8.75 20.6788 -14.3229 -7 39.4437 -13.3212 8.75 41.4707 -3.81042 -10.5 41.4707 -3.81042 18.5 16.8422 -5.46827 -9.75 14.628 -1.3032 9.75 14.628 -1.3032</float_array>
                    <technique_common>
                        <accessor count="37" source="#ID121" stride="3">
                            <param name="X" type="float"/>
                            <param name="Y" type="float"/>
                            <param name="Z" type="float"/>
                        </accessor>
                    </technique_common>
                </source>
                <source id="ID122">
                    <float_array id="ID123" count="114">-0.839556 -0.285017 0.462505 -0.905447 0.403607 -0.131406 -0.908339 0.386966 -0.158674 -0.68555 -0.601479 0.410177 -0.346671 0.879296 0.326584 0.45762 0.789649 0.408704 -0.117371 0.175392 0.977477 0.862216 0.087372 0.498948 0.66317 0.737405 -0.128213 0.850017 0.443161 -0.284743 -0.216255 -0.563608 0.797232 0.304622 -0.528504 0.792395 0.156454 -0.750241 0.642386 -0.317272 -0.697927 0.642057 0.260779 0.878993 -0.399207 -0.423595 0.85229 -0.306869 -0.298685 0.76552 -0.569883 0.417348 0.77334 -0.477248 -0.733594 0.627945 0.259855 -0.887231 0.0438775 0.459234 0.821042 -0.470044 0.323957 0.930671 -0.102583 0.35118 0.67096 -0.452044 0.587766 0.482484 0.745326 -0.460107 0.00926818 -0.90654 -0.422018 0.396814 -0.598249 -0.696159 0.262353 -0.579639 -0.771485 -0.676314 0.370036 -0.636925 -0.491011 -0.496687 -0.715688 -0.358914 -0.0775092 -0.930147 0.324163 0.752603 -0.573155 0.303192 0.178761 -0.936012 0.700137 0.243243 -0.671298 -0.129154 -0.759082 -0.638054 -0.219414 0.768889 -0.600556 0.197727 0.950677 -0.23899 -0.311195 0.899648 -0.306254 -0.0137781 -0.906259 -0.422499</float_array>
                    <technique_common>
                        <accessor count="38" source="#ID123" stride="3">
                            <param name="X" type="float"/>
                            <param name="Y" type="float"/>
                            <param name="Z" type="float"/>
                        </accessor>
                    </technique_common>
                </source>
                <source id="ID124">
                    <float_array id="ID125" count="4">0.015625 0.75 0.078125 0.75</float_array>
                    <technique_common>
                        <accessor count="2" source="#ID125" stride="2">
                            <param name="S" type="float"/>
                            <param name="T" type="float"/>
                        </accessor>
                    </technique_common>
                </source>
                <vertices id="ID126">
                    <input semantic="POSITION" source="#ID120"/>
                </vertices>
                <polylist count="54" material="Material1">
                    <input offset="0" semantic="VERTEX" source="#ID126"/>
                    <input offset="1" semantic="NORMAL" source="#ID122"/>
                    <input offset="2" semantic="TEXCOORD" source="#ID124" set="0"/>
                    <vcount>3 3 3 3 3 3 3 3 3 3 3 3 3 3 3 3 3 3 3 3 3 3 3 3 3 3 3 3 3 3 3 3 3 3 3 3 3 3 3 3 3 3 3 3 3 3 3 3 3 3 3 3 3 3</vcount>
                    <p>2 2 0 1 1 0 0 0 0 2 2 0 0 0 0 3 3 0 6 6 0 5 5 0 4 4 0 9 9 0 8 8 0 7 7 0 12 12 0 11 11 0 10 10 0 12 12 0 10 10 0 13 13 0 16 16 0 15 15 0 14 14 0 16 16 0 14 14 0 17 17 0 3 3 0 0 0 0 13 13 0 3 3 0 13 13 0 10 10 0 6 6 0 4 4 0 18 18 0 6 6 0 18 18 0 19 19 0 14 14 0 15 15 0 4 4 0 14 14 0 4 4 0 5 5 0 10 10 0 11 11 0 6 6 0 7 7 0 8 8 0 5 5 0 7 7 0 5 5 0 6 6 0 17 17 0 14 14 0 8 8 0 17 17 0 8 8 0 9 9 0 20 20 0 7 7 0 11 11 0 6 6 0 19 19 0 10 10 0 18 18 0 4 4 0 15 15 0 7 7 0 6 6 0 11 11 0 5 5 0 8 8 0 14 14 0 2 2 0 18 18 0 15 15 0 2 2 0 15 15 0 16 16 0 20 20 0 22 22 0 21 21 0 20 20 0 21 21 0 9 9 0 2 2 0 3 3 0 19 19 0 11 11 0 12 12 0 22 22 0 11 11 0 22 22 0 20 20 0 10 10 0 19 19 0 3 3 0 1 1 0 2 2 0 16 16 0 17 17 0 9 9 0 21 23 0 7 7 0 20 20 0 9 9 0 19 19 0 18 18 0 2 2 0 30 26 1 34 25 1 36 24 1 25 29 1 24 28 1 23 27 1 28 32 1 27 31 1 26 30 1 30 26 1 29 33 1 25 29 1 32 35 1 26 30 1 31 34 1 32 35 1 31 34 1 33 36 1 28 32 1 26 30 1 32 35 1 30 26 1 25 29 1 27 31 1 30 26 1 27 31 1 28 32 1 30 26 1 28 32 1 34 25 1 31 34 1 26 30 1 27 31 1 31 34 1 27 31 1 25 29 1 36 24 1 35 37 1 29 33 1 36 24 1 29 33 1 30 26 1 24 28 1 29 33 1 35 37 1 33 36 1 31 34 1 23 27 1 25 29 1 23 27 1 31 34 1 25 29 1 29 33 1 24 28 1</p>
                </polylist>
            </mesh>
        </geometry>
        <geometry id="ID134">
            <mesh>
                <source id="ID135">
                    <float_array id="ID136" count="114">-31.25 31.2123 10.7829 -18 33.4623 11.2829 -18.25 35.9623 9.28285 -31.5 35.4623 7.53285 -31.25 32.9623 15.7829 -18 34.4623 14.2829 -31.5 38.2123 15.7828 -18.25 37.4623 14.2828 -31.5 39.9623 10.7828 -18.25 38.7123 11.2828 15 22.1813 -0.403684 15 6.68125 1.59632 7.5 6.68125 -3.15368 11 22.1813 -3.15368 15 22.1813 -8.65368 12.25 6.93125 -13.1537 17.75 6.93125 -13.1537 22.25 6.68125 -3.15368 19 22.1813 -3.15368 -15 6.68125 1.59632 -15 22.1813 -0.403683 -11 22.1813 -3.15368 -7.75 6.68125 -3.15368 -17.75 6.93125 -13.1537 -12.5 6.93125 -13.1537 -15 22.1813 -8.65368 -22.5 6.68125 -3.15368 -19.25 22.1813 -3.15368 18.25 33.4623 11.5328 31.5 31.2123 11.0328 31.75 35.4623 7.53285 18.5 35.9623 9.53285 18.25 34.4623 14.5328 31.5 32.9623 16.0328 18.5 37.4623 14.5328 31.75 38.2123 16.0328 18.5 38.7123 11.5328 31.75 39.9623 11.0328</float_array>
                    <technique_common>
                        <accessor count="38" source="#ID136" stride="3">
                            <param name="X" type="float"/>
                            <param name="Y" type="float"/>
                            <param name="Z" type="float"/>
                        </accessor>
                    </technique_common>
                </source>
                <source id="ID137">
                    <float_array id="ID138" count="114">0.15911 -0.743091 0.65 0.124889 0.378102 0.917301 0.146308 -0.368853 0.9179 0.101017 0.994132 -0.0386862 0.0993803 0.857577 -0.504663 0.108326 0.734393 0.670024 0.119255 0.229584 -0.965955 0.138847 -0.250887 -0.958007 0.161887 -0.853199 -0.495826 0.166922 -0.984396 -0.0556966 -0.959547 0.273008 -0.0688257 -0.207576 0.133425 0.969077 -0.573829 -0.74275 0.345025 0.319155 0.361826 -0.875912 -0.643358 -0.0823543 -0.761123 0.401084 -0.65787 -0.637447 0.836703 -0.544208 -0.061364 0.858433 0.174411 0.482362 0.217913 -0.254181 0.942288 0.976368 -0.201472 -0.0781907 0.157263 -0.72981 0.665317 0.858433 0.174411 0.482362 -0.571631 -0.428774 -0.699565 0.392222 -0.661553 -0.639148 0.319029 0.354896 -0.878788 -0.817807 -0.248333 0.519155 -0.960846 0.267341 -0.0728262 -0.198118 0.127558 0.971843 -0.160047 -0.742252 0.650728 -0.12448 0.363612 0.923196 -0.1458 -0.365302 0.9194 -0.10458 0.993791 -0.0379936 -0.103188 0.856575 -0.505601 -0.111843 0.733321 0.67062 -0.130659 0.238328 -0.962356 -0.151937 -0.255185 -0.95488 -0.166986 -0.857069 -0.487389 -0.167712 -0.984524 -0.0508499</float_array>
                    <technique_common>
                        <accessor count="38" source="#ID138" stride="3">
                            <param name="X" type="float"/>
                            <param name="Y" type="float"/>
                            <param name="Z" type="float"/>
                        </accessor>
                    </technique_common>
                </source>
                <source id="ID139">
                    <float_array id="ID140" count="2">0.390625 0.75</float_array>
                    <technique_common>
                        <accessor count="1" source="#ID140" stride="2">
                            <param name="S" type="float"/>
                            <param name="T" type="float"/>
                        </accessor>
                    </technique_common>
                </source>
                <vertices id="ID141">
                    <input semantic="POSITION" source="#ID135"/>
                </vertices>
                <polylist count="44" material="Material1">
                    <input offset="0" semantic="VERTEX" source="#ID141"/>
                    <input offset="1" semantic="NORMAL" source="#ID137"/>
                    <input offset="2" semantic="TEXCOORD" source="#ID139" set="0"/>
                    <vcount>3 3 3 3 3 3 3 3 3 3 3 3 3 3 3 3 3 3 3 3 3 3 3 3 3 3 3 3 3 3 3 3 3 3 3 3 3 3 3 3 3 3 3 3</vcount>
                    <p>5 2 0 6 1 0 4 0 0 7 5 0 9 4 0 8 3 0 7 5 0 8 3 0 6 1 0 9 4 0 2 7 0 3 6 0 9 4 0 3 6 0 8 3 0 2 7 0 1 9 0 0 8 0 2 7 0 0 8 0 3 6 0 1 9 0 5 2 0 4 0 0 1 9 0 4 0 0 0 8 0 5 2 0 7 5 0 6 1 0 12 12 0 10 11 0 13 10 0 16 15 0 15 14 0 14 13 0 12 12 0 15 14 0 16 15 0 12 12 0 16 15 0 17 16 0 17 16 0 14 13 0 18 17 0 15 14 0 12 12 0 13 10 0 15 14 0 13 10 0 14 13 0 11 18 0 17 16 0 18 17 0 11 18 0 18 17 0 10 11 0 12 12 0 11 18 0 10 11 0 12 12 0 17 16 0 11 18 0 17 16 0 16 15 0 14 13 0 21 21 0 19 20 0 22 19 0 25 24 0 24 23 0 23 22 0 19 20 0 26 25 0 23 22 0 19 20 0 23 22 0 24 23 0 27 26 0 23 22 0 26 25 0 25 24 0 21 21 0 22 19 0 25 24 0 22 19 0 24 23 0 20 27 0 27 26 0 26 25 0 20 27 0 26 25 0 19 20 0 21 21 0 20 27 0 19 20 0 19 20 0 24 23 0 22 19 0 27 26 0 25 24 0 23 22 0 33 30 0 34 29 0 32 28 0 35 33 0 37 32 0 36 31 0 35 33 0 36 31 0 34 29 0 37 32 0 30 35 0 31 34 0 37 32 0 31 34 0 36 31 0 30 35 0 29 37 0 28 36 0 30 35 0 28 36 0 31 34 0 29 37 0 33 30 0 32 28 0 29 37 0 32 28 0 28 36 0 33 30 0 35 33 0 34 29 0</p>
                </polylist>
            </mesh>
        </geometry>
        <geometry id="ID149">
            <mesh>
                <source id="ID150">
                    <float_array id="ID151" count="159">-14 77.0641 38.2505 1.91431e-006 77.2891 40.5444 5.75 93.9611 36.3481 12.25 83.8638 38.1285 14 77.0641 38.2505 -5.75 93.9611 36.3481 9.67851e-007 46.3661 18.8918 -9 43.1282 33.1051 -4.5 71.701 18.0147 -13.5 63.3652 18.587 6.15211e-007 60.5604 10.8244 9.20614e-007 80.9993 17.8112 4.5 71.701 18.0147 13.5 63.3652 18.587 15 56.4016 19.8149 -14.75 56.4016 19.8149 1.54435e-006 40.7935 32.0807 2.05645e-006 43.5773 43.7961 8 46.7109 43.2436 9 43.1282 33.1051 16.25 48.1672 28.088 21.75 59.0218 29.5846 15.5 55.4773 39.0053 -7.75 46.7109 43.2436 20.5 66.313 29.1965 -15 65.3693 40.1331 -12.25 66.5959 56.2516 -7.75 75.7109 48.9003 2.52039e-006 77.0414 54.4098 2.899e-006 64.5674 63.0715 2.64466e-006 49.7196 57.2528 12.25 66.5959 56.2516 7.75 75.7109 48.9003 15 65.3693 40.1331 -20.5 66.313 29.1965 -21.75 59.0218 29.5846 -16 48.1672 28.088 16 77.1264 32.4954 13.5 75.4477 27.0472 13 70.6947 37.758 -14.5 84.0286 30.9193 -7.25 96.7268 30.6548 1.16777e-006 91.6895 23.4654 -13.5 75.4477 27.0472 -15.75 77.1264 32.4954 -12.75 70.6947 37.758 -12 83.8638 38.1285 14.5 84.0286 30.9193 7.25 96.7268 30.6548 12.75 55.0454 51.8262 -12.75 55.0454 51.8262 2.33046e-006 53.8373 50.0647 -15.5 55.4773 39.0053</float_array>
                    <technique_common>
                        <accessor count="53" source="#ID151" stride="3">
                            <param name="X" type="float"/>
                            <param name="Y" type="float"/>
                            <param name="Z" type="float"/>
                        </accessor>
                    </technique_common>
                </source>
                <source id="ID152">
                    <float_array id="ID153" count="180">0.581198 0.320635 0.747932 0.726693 0.0708402 0.6833 -0.000252729 0.0871059 0.996199 -0.39029 0.558096 0.732259 0.324809 0.645609 0.69115 0.885975 0.303596 0.350539 -0.652114 0.00837173 0.758075 -0.672907 0.314641 0.669475 -0.887281 0.308007 0.343313 -0.548641 -0.560097 0.620713 -0.00218976 -0.358625 0.933479 -0.0520022 -0.835181 0.547511 0.994246 -0.0945693 -0.0503197 0.90796 0.41893 0.0102612 0.650807 0.246161 -0.71823 0.625229 -0.294507 -0.722741 0.757501 0.292572 -0.583605 0.494429 -0.670928 0.552626 -0.00241919 -0.779924 -0.62587 -0.72206 -0.667797 -0.180767 -0.495914 -0.863351 0.093238 -0.324375 0.356656 -0.876115 -0.651376 0.238018 -0.720456 -0.00128297 0.0460479 -0.998938 -0.763795 0.292733 -0.57526 -3.75536e-008 0.314578 -0.949232 0.324375 0.356656 -0.876115 -5.80722e-008 0.521718 -0.853118 -0.621426 -0.305002 -0.721667 0.0762463 -0.997059 0.0077488 0.515495 -0.854664 0.0617569 0.72433 -0.66736 -0.173141 0.832785 -0.299045 0.465876 -0.831617 -0.305065 0.464057 -0.904683 0.425892 0.0127993 -0.992735 -0.106475 -0.0560366 -0.918223 0.2423 0.3133 -0.732399 0.218207 0.644963 -0.890909 -0.107244 0.441339 -0.619961 0.772067 0.13986 7.54129e-008 0.856166 0.516701 1.4964e-007 0.138308 0.990389 1.19576e-007 -0.350987 0.93638 0.732399 0.218207 0.644963 0.621381 0.769288 0.148598 -0.00132279 0.994665 -0.10315 0.890909 -0.107244 0.441339 0.918733 0.233929 0.318129 -0.448377 0.871505 -0.198588 0.526668 0.7722 -0.355427 0.995077 -0.0991002 -0.000846691 -0.925898 0.37609 -0.0356294 -0.997112 -0.0328284 0.0684798 0.930116 0.367007 0.0138003 -4.58961e-009 -0.999433 -0.0336666 -4.14283e-009 -0.999433 -0.0336666 -1.41165e-008 -0.9622 -0.272343 -1.91294e-008 -0.919164 -0.393875 -3.06172e-008 -0.713711 -0.70044 6.41187e-009 0.989183 0.146686</float_array>
                    <technique_common>
                        <accessor count="60" source="#ID153" stride="3">
                            <param name="X" type="float"/>
                            <param name="Y" type="float"/>
                            <param name="Z" type="float"/>
                        </accessor>
                    </technique_common>
                </source>
                <source id="ID154">
                    <float_array id="ID155" count="128">0.886719 0.683594 0.939453 0.320313 0.474609 0.332031 0.294922 1.06445 0.683594 1.0625 0.896484 0.0429688 0.0078125 0.322266 0.0761719 0.685547 0.0390625 0.046875 0.740234 0.629883 0.451172 0.755127 0.451172 0.591309 -0.335938 0.690674 -0.292969 0.778809 -0.0449219 0.681152 -0.0898438 0.604492 -0.0410156 0.883301 0.160156 0.624512 0.447266 0.472656 1.03516 0.560059 0.777344 0.525146 0.611328 0.787354 0.941406 0.69043 0.447266 0.606201 0.9375 0.892334 0.447266 0.900635 0.28125 0.784424 0.447266 1.06958 0.988281 0.614258 0.449219 0.48584 0.121094 0.519287 -0.136719 0.549316 -0.109375 0.705811 1.00977 0.716064 1.19141 0.79248 1.23438 0.705078 -0.300781 0.960938 -0.261719 1.16211 -0.0625 0.946289 -0.0722656 0.713867 -0.0976563 0.711914 0.0390625 0.708984 0.0234375 0.491211 0.189453 1.07129 0.472656 1.01465 0.482422 0.548828 0.488281 0.265625 0.919922 0.719727 0.753906 1.0791 0.46875 1.26563 0.943359 0.50293 1.01367 0.959961 0.931641 1.13574 0.00976563 1.12402 0.949219 1.45117 1.20313 1.18066 1.0332 0.728516 1.25 0.980469 -0.0175781 1.43945 0.015625 0.75 0.917969 0.787842 -0.015625 0.779297 0.449219 0.747559 0.28125 0.75</float_array>
                    <technique_common>
                        <accessor count="64" source="#ID155" stride="2">
                            <param name="S" type="float"/>
                            <param name="T" type="float"/>
                        </accessor>
                    </technique_common>
                </source>
                <vertices id="ID156">
                    <input semantic="POSITION" source="#ID150"/>
                </vertices>
                <polylist count="7" material="Material4">
                    <input offset="0" semantic="VERTEX" source="#ID156"/>
                    <input offset="1" semantic="NORMAL" source="#ID152"/>
                    <input offset="2" semantic="TEXCOORD" source="#ID154" set="0"/>
                    <vcount>3 3 3 3 3 3 3</vcount>
                    <p>1 2 2 4 1 1 3 0 0 2 4 4 5 3 3 1 2 2 39 5 5 4 1 1 1 2 2 46 7 7 0 6 6 1 2 2 1 2 2 5 3 3 46 7 7 1 2 2 0 6 6 45 8 8 3 0 0 2 4 4 1 2 2</p>
                </polylist>
                <polylist count="44" material="Material2">
                    <input offset="0" semantic="VERTEX" source="#ID156"/>
                    <input offset="1" semantic="NORMAL" source="#ID152"/>
                    <input offset="2" semantic="TEXCOORD" source="#ID154" set="0"/>
                    <vcount>3 3 3 3 3 3 3 3 3 3 3 3 3 3 3 3 3 3 3 3 3 3 3 3 3 3 3 3 3 3 3 3 3 3 3 3 3 3 3 3 3 3 3 3</vcount>
                    <p>17 11 11 51 10 10 23 9 9 13 14 14 24 13 13 21 12 12 21 12 12 14 15 15 13 14 14 24 13 13 13 14 14 38 16 16 17 11 11 18 17 17 51 10 10 7 20 20 36 19 19 6 18 18 10 23 23 9 22 22 8 21 21 11 25 25 8 21 21 43 24 24 8 21 21 11 25 25 12 26 26 10 23 23 8 21 21 12 26 26 43 24 24 8 21 21 9 22 22 38 16 16 11 25 25 42 27 27 43 24 24 42 27 27 11 25 25 38 16 16 12 26 26 11 25 25 12 26 26 13 14 14 10 23 23 13 14 14 12 26 26 38 16 16 10 23 23 13 14 14 14 15 15 6 18 18 10 23 23 14 15 15 10 23 23 15 28 28 9 22 22 15 28 28 10 23 23 6 18 18 6 18 18 36 19 19 15 28 28 16 29 29 7 20 20 6 18 18 16 29 29 18 17 17 17 11 11 16 29 29 6 18 18 19 30 30 6 18 18 20 31 31 19 30 30 20 31 31 14 15 15 21 12 12 21 12 12 22 32 32 20 31 31 19 30 30 20 31 31 22 32 32 14 15 15 20 31 31 6 18 18 16 29 29 19 30 30 18 17 17 22 32 32 18 17 17 19 30 30 17 11 11 7 20 20 16 29 29 17 11 11 23 9 9 7 20 20 7 20 20 52 33 33 36 19 19 7 20 20 23 9 9 52 33 33 35 35 35 34 34 34 9 22 22 35 35 35 15 28 28 36 19 19 22 32 32 51 10 10 18 17 17 23 9 9 51 10 10 52 33 33 9 22 22 34 34 34 43 24 24 35 35 35 9 22 22 15 28 28 50 56 60 52 55 33 22 54 32 50 56 60 22 54 32 49 57 61 50 56 60 49 57 61 30 58 62</p>
                </polylist>
                <polylist count="29" material="Material1">
                    <input offset="0" semantic="VERTEX" source="#ID156"/>
                    <input offset="1" semantic="NORMAL" source="#ID152"/>
                    <input offset="2" semantic="TEXCOORD" source="#ID154" set="0"/>
                    <vcount>3 3 3 3 3 3 3 3 3 3 3 3 3 3 3 3 3 3 3 3 3 3 3 3 3 3 3 3 3</vcount>
                    <p>25 36 38 34 34 37 35 35 36 36 19 40 52 33 39 35 35 36 50 38 42 26 37 41 25 36 38 27 39 43 25 36 38 26 37 41 26 37 41 29 41 45 28 40 44 26 37 41 50 38 42 30 42 46 30 42 46 29 41 45 26 37 41 28 40 44 27 39 43 26 37 41 31 43 47 29 41 45 30 42 46 31 43 47 28 40 44 29 41 45 31 43 47 32 44 48 28 40 44 27 39 43 28 40 44 1 45 49 1 45 49 28 40 44 32 44 48 31 43 47 30 42 46 49 46 50 33 47 51 31 43 47 49 46 50 32 44 48 31 43 47 33 47 51 39 5 52 1 45 49 32 44 48 32 44 48 33 47 51 39 5 52 34 34 37 25 36 38 45 8 53 39 5 52 24 13 55 38 16 54 39 5 52 33 47 51 24 13 55 45 8 53 27 39 43 1 45 49 49 46 50 22 32 56 33 47 51 21 12 57 24 13 55 33 47 51 21 12 57 33 47 51 22 32 56 45 8 53 43 24 58 34 34 37 45 8 53 25 36 38 27 39 43 35 35 36 52 33 39 25 36 38 52 33 39 50 38 42 25 36 38</p>
                </polylist>
                <polylist count="22" material="Material3">
                    <input offset="0" semantic="VERTEX" source="#ID156"/>
                    <input offset="1" semantic="NORMAL" source="#ID152"/>
                    <input offset="2" semantic="TEXCOORD" source="#ID154" set="0"/>
                    <vcount>3 3 3 3 3 3 3 3 3 3 3 3 3 3 3 3 3 3 3 3 3 3</vcount>
                    <p>41 48 59 5 3 59 2 4 59 42 27 59 41 48 59 48 49 59 39 5 59 38 16 59 37 50 59 5 3 59 41 48 59 40 51 59 43 24 59 41 48 59 42 27 59 41 48 59 43 24 59 40 51 59 43 24 59 44 52 59 40 51 59 44 52 59 43 24 59 45 8 59 40 51 59 46 7 59 5 3 59 44 52 59 46 7 59 40 51 59 48 49 59 47 53 59 38 16 59 47 53 59 37 50 59 38 16 59 38 16 59 42 27 59 48 49 59 2 4 59 3 0 59 47 53 59 47 53 59 4 1 59 37 50 59 47 53 59 3 0 59 4 1 59 39 5 59 37 50 59 4 1 59 45 8 59 0 6 59 44 52 59 44 52 59 0 6 59 46 7 59 2 4 59 48 49 59 41 48 59 47 53 59 48 49 59 2 4 59 52 59 63 51 59 63 22 59 63</p>
                </polylist>
            </mesh>
        </geometry>
        <geometry id="ID164">
            <mesh>
                <source id="ID165">
                    <float_array id="ID166" count="87">1.23918e-006 39.3978 25.0992 -14.5 39.3128 19.9521 -7.5 58.5598 17.7888 7.5 58.5598 17.7888 15.25 39.3128 19.9521 -26.75 29.2369 -0.499999 -21 21.8194 -15.8474 -17.75 27 -15.3744 -9.85306e-007 19.5425 -25.7912 -6.29969e-007 18.4623 -17.662 -14 17.2728 -13.2224 21.5 21.8194 -15.8474 14 17.2728 -13.2224 -19 21.5652 -3.28766 -7.5 58.5598 17.7888 -23.5 41.7099 15.104 -19 47.9372 6.8899 5.16978e-007 59.0149 8.57708 7.5 58.5598 17.7888 -14.5 39.3128 19.9521 18.25 27 -15.3744 -8.76917e-007 26.7476 -23.3115 -19 31.0652 13.1668 19.75 47.9372 6.8899 23.5 41.7099 15.104 15.25 39.3128 19.9521 26.75 29.2369 -0.500001 19.75 21.5652 -3.28766 19.75 31.0652 13.1668</float_array>
                    <technique_common>
                        <accessor count="29" source="#ID166" stride="3">
                            <param name="X" type="float"/>
                            <param name="Y" type="float"/>
                            <param name="Z" type="float"/>
                        </accessor>
                    </technique_common>
                </source>
                <source id="ID167">
                    <float_array id="ID168" count="87">0.158478 0.297188 0.941575 0.31241 0.229407 0.921831 -0.00515612 0.279638 0.960092 -0.327311 0.222267 0.918404 -0.166282 0.294002 0.94123 0.974938 -0.219068 -0.0387884 0.605774 -0.507965 -0.61238 0.554147 -0.79305 -0.252968 0.710565 -0.692881 0.12253 0.572949 0.410724 -0.709249 0.750774 0.628791 -0.202388 0.837854 0.152257 0.524231 0.673546 -0.480356 0.561778 0.513524 -0.0332423 0.857431 -0.970689 -0.238483 -0.0298073 -0.606593 -0.496509 -0.620906 -0.56579 0.414939 -0.712536 -0.00505756 -0.189542 -0.98186 -0.00188268 -0.891335 -0.453342 -0.544281 -0.808041 -0.22545 -0.657119 -0.730865 0.184476 -0.48877 0.844558 0.218689 -0.835093 0.146489 0.530246 -0.732846 0.63968 -0.23183 -0.00403928 0.97571 -0.21903 0.486288 0.842371 0.23224 -0.485566 -0.0590692 0.872202 -0.00489581 0.325414 -0.945559 -0.634095 -0.512614 0.578922</float_array>
                    <technique_common>
                        <accessor count="29" source="#ID168" stride="3">
                            <param name="X" type="float"/>
                            <param name="Y" type="float"/>
                            <param name="Z" type="float"/>
                        </accessor>
                    </technique_common>
                </source>
                <source id="ID169">
                    <float_array id="ID170" count="4">0.390625 0.75 0.015625 0.75</float_array>
                    <technique_common>
                        <accessor count="2" source="#ID170" stride="2">
                            <param name="S" type="float"/>
                            <param name="T" type="float"/>
                        </accessor>
                    </technique_common>
                </source>
                <vertices id="ID171">
                    <input semantic="POSITION" source="#ID165"/>
                </vertices>
                <polylist count="34" material="Material1">
                    <input offset="0" semantic="VERTEX" source="#ID171"/>
                    <input offset="1" semantic="NORMAL" source="#ID167"/>
                    <input offset="2" semantic="TEXCOORD" source="#ID169" set="0"/>
                    <vcount>3 3 3 3 3 3 3 3 3 3 3 3 3 3 3 3 3 3 3 3 3 3 3 3 3 3 3 3 3 3 3 3 3 3</vcount>
                    <p>0 2 0 4 1 0 3 0 0 2 4 0 1 3 0 0 2 0 3 0 0 2 4 0 0 2 0 12 7 1 11 6 1 26 5 1 27 8 1 12 7 1 26 5 1 26 5 1 11 6 1 20 9 1 20 9 1 23 10 1 26 5 1 28 12 1 26 5 1 24 11 1 28 12 1 27 8 1 26 5 1 24 11 1 26 5 1 23 10 1 28 12 1 24 11 1 25 13 1 7 16 1 6 15 1 5 14 1 8 17 1 6 15 1 7 16 1 9 18 1 6 15 1 8 17 1 5 14 1 6 15 1 10 19 1 6 15 1 9 18 1 10 19 1 9 18 1 8 17 1 11 6 1 12 7 1 9 18 1 11 6 1 5 14 1 10 19 1 13 20 1 16 23 1 15 22 1 14 21 1 14 21 1 17 24 1 16 23 1 17 24 1 14 21 1 18 25 1 14 21 1 15 22 1 19 26 1 16 23 1 5 14 1 15 22 1 5 14 1 16 23 1 7 16 1 8 17 1 21 27 1 20 9 1 22 28 1 19 26 1 15 22 1 15 22 1 5 14 1 22 28 1 5 14 1 13 20 1 22 28 1 8 17 1 7 16 1 21 27 1 23 10 1 17 24 1 18 25 1 20 9 1 11 6 1 8 17 1 25 13 1 24 11 1 18 25 1 18 25 1 24 11 1 23 10 1</p>
                </polylist>
            </mesh>
        </geometry>
        <geometry id="ID179">
            <mesh>
                <source id="ID180">
                    <float_array id="ID181" count="42">-9.5 28.8601 19.3474 1.23918e-006 39.3978 25.0992 10 28.8601 19.3474 10 13.628 -3.03525 -9.5 13.628 -3.03525 15.25 39.3128 19.9521 19.75 31.0652 13.1668 -19 31.0652 13.1668 -14.5 39.3128 19.9521 14 17.2728 -13.2224 -14 17.2728 -13.2224 -19 21.5652 -3.28766 -6.29969e-007 18.4623 -17.662 19.75 21.5652 -3.28766</float_array>
                    <technique_common>
                        <accessor count="14" source="#ID181" stride="3">
                            <param name="X" type="float"/>
                            <param name="Y" type="float"/>
                            <param name="Z" type="float"/>
                        </accessor>
                    </technique_common>
                </source>
                <source id="ID182">
                    <float_array id="ID183" count="42">0.556219 -0.602828 0.572031 0.622459 -0.75849 0.192969 0.379608 -0.891827 0.246053 -0.566617 -0.596348 0.568607 -0.452396 -0.265647 0.851334 -0.297972 -0.550739 0.779679 -0.280964 -0.933932 0.220975 0.165818 -0.953129 -0.253081 -0.228012 -0.951032 -0.208685 -0.630151 -0.74755 0.209949 -1.76307e-008 -0.965926 -0.258819 -0.00502436 -0.312997 0.949741 0.242428 -0.610755 0.753795 0.44019 -0.270615 0.856155</float_array>
                    <technique_common>
                        <accessor count="14" source="#ID183" stride="3">
                            <param name="X" type="float"/>
                            <param name="Y" type="float"/>
                            <param name="Z" type="float"/>
                        </accessor>
                    </technique_common>
                </source>
                <source id="ID184">
                    <float_array id="ID185" count="28">1.09375 0.810547 1.07813 0.382813 0.791016 0.306641 -0.0859375 0.814453 0.0507813 1.02539 0.207031 0.902344 0.191406 0.304688 0.910156 0.15625 0.0566406 0.158203 -0.0957031 0.386719 0.480469 0.0898438 0.511719 1.11914 0.806641 0.904297 0.966797 1.02344</float_array>
                    <technique_common>
                        <accessor count="14" source="#ID185" stride="2">
                            <param name="S" type="float"/>
                            <param name="T" type="float"/>
                        </accessor>
                    </technique_common>
                </source>
                <vertices id="ID186">
                    <input semantic="POSITION" source="#ID180"/>
                </vertices>
                <polylist count="16" material="Material1">
                    <input offset="0" semantic="VERTEX" source="#ID186"/>
                    <input offset="1" semantic="NORMAL" source="#ID182"/>
                    <input offset="2" semantic="TEXCOORD" source="#ID184" set="0"/>
                    <vcount>3 3 3 3 3 3 3 3 3 3 3 3 3 3 3 3</vcount>
                    <p>3 2 2 13 1 1 6 0 0 0 5 5 8 4 4 7 3 3 9 7 7 3 2 2 4 6 6 4 6 6 10 8 8 9 7 7 7 3 3 11 9 9 4 6 6 11 9 9 10 8 8 4 6 6 10 8 8 12 10 10 9 7 7 3 2 2 9 7 7 13 1 1 2 12 12 1 11 11 0 5 5 4 6 6 3 2 2 2 12 12 2 12 12 0 5 5 4 6 6 1 11 11 2 12 12 5 13 13 3 2 2 6 0 0 2 12 12 6 0 0 5 13 13 2 12 12 4 6 6 0 5 5 7 3 3 8 4 4 0 5 5 1 11 11</p>
                </polylist>
            </mesh>
        </geometry>
        <geometry id="ID194">
            <mesh>
                <source id="ID195">
                    <float_array id="ID196" count="120">25.75 -0.0687472 6.59632 20 -0.0687469 13.5963 8.75 -0.0687469 13.5963 24.5 -0.0687478 -6.40368 3 -0.0687472 6.59632 4.25 -0.0687478 -6.40368 11.25 -0.0687482 -14.6537 18 -0.0687482 -14.6537 10 12.4313 0.346316 12.5 6.93125 -14.6537 16.25 6.93125 -14.6537 18.75 12.4313 0.346316 22.5 6.43125 -5.90368 6.75 6.43125 -5.90368 11.25 13.9313 7.34632 3.75 6.93125 6.59632 17.5 13.9313 7.34632 25.75 6.93125 6.59632 20 6.43125 13.5963 8.75 6.43125 13.5963 -25.75 -0.0687472 6.59632 -23.75 -0.0687478 -6.40368 -19.25 -0.0687469 13.5963 -8.75 6.43125 13.5963 -22 6.43125 -5.90368 -8.75 -0.0687469 13.5963 -2.25 -0.0687472 6.59632 -6.25 6.43125 -5.90368 -4.25 -0.0687478 -6.40368 -12 6.93125 -14.6537 -10.75 -0.0687482 -14.6537 -16.25 6.93125 -14.6537 -17.5 -0.0687482 -14.6537 -10 12.4313 0.346317 -18 12.4313 0.346318 -17.5 13.9313 7.34632 -25 6.93125 6.59632 -10.75 13.9313 7.34632 -3 6.93125 6.59632 -19.25 6.43125 13.5963</float_array>
                    <technique_common>
                        <accessor count="40" source="#ID196" stride="3">
                            <param name="X" type="float"/>
                            <param name="Y" type="float"/>
                            <param name="Z" type="float"/>
                        </accessor>
                    </technique_common>
                </source>
                <source id="ID197">
                    <float_array id="ID198" count="120">0.852568 0.459087 -0.249734 0.431127 0.626159 -0.649657 0.863168 0.267169 -0.428442 0.988146 0.109919 0.107169 0.88747 0.330382 0.321319 0.56286 1.57475e-008 0.826553 0.257929 0.363861 0.89503 -0.28143 8.73534e-008 0.959582 -0.509013 0.309822 0.803067 -0.914238 0.0685051 0.399345 -0.879282 0.467132 0.0930066 -0.90479 0.275354 -0.324864 -0.79506 0.45116 -0.405382 -0.576255 0.175579 -0.798187 -0.362338 0.451086 -0.815618 0.282786 0.0706964 -0.956574 0.497378 0.837932 0.22469 -0.369523 0.888785 -0.271135 0.320036 0.916566 -0.239758 -0.259481 0.913633 0.312961 -0.805019 0.439575 -0.398394 -0.350667 0.894937 -0.275901 -0.881354 0.463622 0.0909395 -0.25627 0.915347 0.310589 -0.356035 0.46117 -0.812749 0.444706 0.620152 -0.646257 0.839899 0.475886 -0.260962 0.312586 0.916444 -0.24984 0.498146 0.841913 0.207446 0.873859 0.358415 0.328496 0.260709 0.358743 0.896289 -0.479212 0.298742 0.825294 -0.595786 0.14912 -0.789178 0.284963 0.0508862 -0.957187 -0.918705 0.214432 -0.331662 -0.903144 0.0682064 0.423885 -0.263707 0 0.964603 0.544707 0.0283619 0.838147 0.978343 0.179151 0.10368 0.865097 0.249169 -0.43534</float_array>
                    <technique_common>
                        <accessor count="40" source="#ID198" stride="3">
                            <param name="X" type="float"/>
                            <param name="Y" type="float"/>
                            <param name="Z" type="float"/>
                        </accessor>
                    </technique_common>
                </source>
                <source id="ID199">
                    <float_array id="ID200" count="34">2.8125 0.744141 3.9375 0.757813 2.84766 0.115234 1.01563 0.105469 1.02734 0.859375 0.136719 0.0996094 0.130859 0.734375 3.94531 0.123047 0.515625 0.75 0.884766 0.757813 0.886719 0.123047 0.625 0.744141 0.632813 0.115234 0.212891 0.859375 0.210938 0.105469 0.00585938 0.734375 0.0078125 0.0996094</float_array>
                    <technique_common>
                        <accessor count="17" source="#ID200" stride="2">
                            <param name="S" type="float"/>
                            <param name="T" type="float"/>
                        </accessor>
                    </technique_common>
                </source>
                <vertices id="ID201">
                    <input semantic="POSITION" source="#ID195"/>
                </vertices>
                <polylist count="32" material="Material2">
                    <input offset="0" semantic="VERTEX" source="#ID201"/>
                    <input offset="1" semantic="NORMAL" source="#ID197"/>
                    <input offset="2" semantic="TEXCOORD" source="#ID199" set="0"/>
                    <vcount>3 3 3 3 3 3 3 3 3 3 3 3 3 3 3 3 3 3 3 3 3 3 3 3 3 3 3 3 3 3 3 3</vcount>
                    <p>3 2 2 10 1 1 12 0 0 12 0 0 17 4 4 0 3 3 17 4 4 1 5 5 0 3 3 17 4 4 18 6 6 1 5 5 18 6 6 2 7 5 1 5 5 12 0 0 0 3 3 3 2 2 18 6 6 19 8 6 2 7 5 4 9 3 2 7 5 19 8 6 4 9 3 19 8 6 15 10 4 15 10 4 5 11 2 4 9 3 15 10 4 13 12 0 5 11 2 13 12 0 9 14 1 6 13 7 13 12 0 6 13 7 5 11 2 9 14 1 7 15 7 6 13 7 9 14 1 10 1 1 7 15 7 3 2 2 7 15 7 10 1 1 30 33 10 32 32 10 31 24 9 24 20 11 31 24 9 32 32 10 24 20 11 32 32 10 21 34 12 21 34 12 20 35 14 36 22 13 20 35 14 39 31 15 36 22 13 20 35 14 22 36 16 39 31 15 22 36 16 23 30 15 39 31 15 21 34 12 36 22 13 24 20 11 22 36 16 25 37 16 23 30 15 38 29 13 23 30 15 25 37 16 38 29 13 25 37 16 26 38 14 26 38 14 27 26 11 38 29 13 26 38 14 28 39 12 27 26 11 28 39 12 30 33 10 29 25 9 28 39 12 29 25 9 27 26 11 30 33 10 31 24 9 29 25 9</p>
                </polylist>
                <polylist count="28" material="Material1">
                    <input offset="0" semantic="VERTEX" source="#ID201"/>
                    <input offset="1" semantic="NORMAL" source="#ID197"/>
                    <input offset="2" semantic="TEXCOORD" source="#ID199" set="0"/>
                    <vcount>3 3 3 3 3 3 3 3 3 3 3 3 3 3 3 3 3 3 3 3 3 3 3 3 3 3 3 3</vcount>
                    <p>16 16 8 18 6 8 17 4 8 10 1 8 9 14 8 8 17 8 10 1 8 8 17 8 11 18 8 11 18 8 12 0 8 10 1 8 9 14 8 13 12 8 8 17 8 11 18 8 8 17 8 14 19 8 15 10 8 14 19 8 8 17 8 15 10 8 8 17 8 13 12 8 11 18 8 14 19 8 16 16 8 12 0 8 11 18 8 16 16 8 12 0 8 16 16 8 17 4 8 14 19 8 19 8 8 18 6 8 15 10 8 19 8 8 14 19 8 14 19 8 18 6 8 16 16 8 36 22 8 34 21 8 24 20 8 36 22 8 35 23 8 34 21 8 31 24 8 24 20 8 34 21 8 33 27 8 27 26 8 29 25 8 35 23 8 37 28 8 33 27 8 27 26 8 33 27 8 37 28 8 27 26 8 37 28 8 38 29 8 35 23 8 39 31 8 23 30 8 35 23 8 23 30 8 37 28 8 36 22 8 39 31 8 35 23 8 37 28 8 23 30 8 38 29 8 34 21 8 33 27 8 29 25 8 35 23 8 33 27 8 34 21 8 34 21 8 29 25 8 31 24 8</p>
                </polylist>
            </mesh>
        </geometry>
    </library_geometries>
    <library_controllers>
        <controller id="ID73">
            <skin source="#ID74">
                <bind_shape_matrix>1 0 0 0 0 1 0 0 0 0 1 0 0 0 0 1</bind_shape_matrix>
                <source id="ID82">
                    <Name_array id="ID83" count="20">joint1 joint2 joint3 joint4 joint5 joint6 joint7 joint8 joint9 joint10 joint11 joint12 joint13 joint14 joint15 joint16 joint17 joint18 joint19 joint20</Name_array>
                    <technique_common>
                        <accessor count="20" source="#ID83">
                            <param name="JOINT" type="Name"/>
                        </accessor>
                    </technique_common>
                </source>
                <source id="ID84">
                    <float_array id="ID85" count="2">0 1</float_array>
                    <technique_common>
                        <accessor count="2" source="#ID85">
                            <param name="WEIGHT" type="float"/>
                        </accessor>
                    </technique_common>
                </source>
                <source id="ID86">
                    <float_array id="ID87" count="320">1 0 0 0 0 1 0 0 0 0 1 0 0 0 0 1 -3.94248e-008 -4.21468e-008 -1 -3.25 -1.66163e-015 1 -4.21468e-008 -34 1 -1.97215e-031 -3.94248e-008 -1.2813e-007 0 0 0 1 3.41428e-008 0.5 0.866025 -14.1854 1.97124e-008 -0.866025 0.5 31.0699 1 3.30872e-024 -3.94248e-008 -1.2813e-007 0 0 0 1 3.41428e-008 0.5 0.866025 -14.1854 1.97124e-008 -0.866025 0.5 31.0699 1 3.30872e-024 -3.94248e-008 -1.2813e-007 0 0 0 1 3.41428e-008 0.5 0.866025 -14.1854 1.97124e-008 -0.866025 0.5 31.0699 1 3.30872e-024 -3.94248e-008 -1.2813e-007 0 0 0 1 -3.94248e-008 -4.21468e-008 -1 11.7829 -1.66163e-015 1 -4.21468e-008 -35.4623 1 -3.9443e-031 -3.94248e-008 -18.5 0 0 0 1 1 4.21468e-008 -8.15716e-008 -18.5 4.21468e-008 -1 4.21468e-008 35.4623 -8.15716e-008 -4.21468e-008 -1 11.7829 0 0 0 1 1 4.21468e-008 -8.15716e-008 -32 4.21468e-008 -1 4.21468e-008 35.4623 -8.15716e-008 -4.21468e-008 -1 11.7829 0 0 0 1 -3.94248e-008 -4.21468e-008 -1 11.7829 -1.66163e-015 1 -4.21468e-008 -35.4623 1 -1.97215e-031 -3.94248e-008 18.25 0 0 0 1 -1 4.21468e-008 -1.55431e-015 -18.25 -4.21468e-008 -1 4.21468e-008 35.4623 2.22045e-016 4.21468e-008 1 -11.7829 0 0 0 1 -1 4.21468e-008 -1.55431e-015 -31.75 -4.21468e-008 -1 4.21468e-008 35.4623 2.22045e-016 4.21468e-008 1 -11.7829 0 0 0 1 -3.94248e-008 -4.21468e-008 -1 -4.65368 -1.66163e-015 1 -4.21468e-008 -21.9313 1 0 -3.94248e-008 15 0 0 0 1 1.66163e-015 -1 4.21468e-008 21.9313 -3.94248e-008 -4.21468e-008 -1 -4.65368 1 -9.86076e-031 -3.94248e-008 15 0 0 0 1 1.66163e-015 -1 4.21468e-008 6.93125 -3.94248e-008 -4.21468e-008 -1 -4.65368 1 -1.38051e-030 -3.94248e-008 15 0 0 0 1 1.66163e-015 -1 4.21468e-008 6.93125 -3.94248e-008 -4.21468e-008 -1 13.3463 1 -1.57772e-030 -3.94248e-008 15 0 0 0 1 -3.94248e-008 -4.21468e-008 -1 -4.65368 -1.66163e-015 1 -4.21468e-008 -21.9313 1 -1.97215e-031 -3.94248e-008 -15 0 0 0 1 1.66163e-015 -1 4.21468e-008 21.9313 -3.94248e-008 -4.21468e-008 -1 -4.65368 1 -7.88861e-031 -3.94248e-008 -15 0 0 0 1 1.66163e-015 -1 4.21468e-008 6.93125 -3.94248e-008 -4.21468e-008 -1 -4.65368 1 -3.9443e-031 -3.94248e-008 -15 0 0 0 1 1.66163e-015 -1 4.21468e-008 6.93125 -3.94248e-008 -4.21468e-008 -1 13.3463 1 -5.91646e-031 -3.94248e-008 -15 0 0 0 1 2.26131e-008 0.819152 0.573576 -51.8168 3.22949e-008 -0.573576 0.819152 10.1192 1 -3.30872e-024 -3.94248e-008 -1.2813e-007 0 0 0 1</float_array>
                    <technique_common>
                        <accessor count="20" source="#ID87" stride="16">
                            <param name="TRANSFORM" type="float4x4"/>
                        </accessor>
                    </technique_common>
                </source>
                <joints>
                    <input semantic="JOINT" source="#ID82"/>
                    <input semantic="INV_BIND_MATRIX" source="#ID86"/>
                </joints>
                <vertex_weights count="10">
                    <input offset="0" semantic="JOINT" source="#ID82"/>
                    <input offset="1" semantic="WEIGHT" source="#ID84"/>
                    <vcount>1 1 1 1 1 1 1 1 1 1</vcount>
                    <v>3 1 3 1 3 1 3 1 3 1 3 1 3 1 3 1 3 1 3 1</v>
                </vertex_weights>
            </skin>
        </controller>
        <controller id="ID88">
            <skin source="#ID89">
                <bind_shape_matrix>1 0 0 0 0 1 0 0 0 0 1 0 0 0 0 1</bind_shape_matrix>
                <source id="ID97">
                    <Name_array id="ID98" count="20">joint1 joint2 joint3 joint4 joint5 joint6 joint7 joint8 joint9 joint10 joint11 joint12 joint13 joint14 joint15 joint16 joint17 joint18 joint19 joint20</Name_array>
                    <technique_common>
                        <accessor count="20" source="#ID98">
                            <param name="JOINT" type="Name"/>
                        </accessor>
                    </technique_common>
                </source>
                <source id="ID99">
                    <float_array id="ID100" count="2">0 1</float_array>
                    <technique_common>
                        <accessor count="2" source="#ID100">
                            <param name="WEIGHT" type="float"/>
                        </accessor>
                    </technique_common>
                </source>
                <source id="ID101">
                    <float_array id="ID102" count="320">1 0 0 0 0 1 0 0 0 0 1 0 0 0 0 1 -3.94248e-008 -4.21468e-008 -1 -3.25 -1.66163e-015 1 -4.21468e-008 -34 1 -1.97215e-031 -3.94248e-008 -1.2813e-007 0 0 0 1 3.41428e-008 0.5 0.866025 -14.1854 1.97124e-008 -0.866025 0.5 31.0699 1 3.30872e-024 -3.94248e-008 -1.2813e-007 0 0 0 1 3.41428e-008 0.5 0.866025 -14.1854 1.97124e-008 -0.866025 0.5 31.0699 1 3.30872e-024 -3.94248e-008 -1.2813e-007 0 0 0 1 3.41428e-008 0.5 0.866025 -14.1854 1.97124e-008 -0.866025 0.5 31.0699 1 3.30872e-024 -3.94248e-008 -1.2813e-007 0 0 0 1 -3.94248e-008 -4.21468e-008 -1 11.7829 -1.66163e-015 1 -4.21468e-008 -35.4623 1 -3.9443e-031 -3.94248e-008 -18.5 0 0 0 1 1 4.21468e-008 -8.15716e-008 -18.5 4.21468e-008 -1 4.21468e-008 35.4623 -8.15716e-008 -4.21468e-008 -1 11.7829 0 0 0 1 1 4.21468e-008 -8.15716e-008 -32 4.21468e-008 -1 4.21468e-008 35.4623 -8.15716e-008 -4.21468e-008 -1 11.7829 0 0 0 1 -3.94248e-008 -4.21468e-008 -1 11.7829 -1.66163e-015 1 -4.21468e-008 -35.4623 1 -1.97215e-031 -3.94248e-008 18.25 0 0 0 1 -1 4.21468e-008 -1.55431e-015 -18.25 -4.21468e-008 -1 4.21468e-008 35.4623 2.22045e-016 4.21468e-008 1 -11.7829 0 0 0 1 -1 4.21468e-008 -1.55431e-015 -31.75 -4.21468e-008 -1 4.21468e-008 35.4623 2.22045e-016 4.21468e-008 1 -11.7829 0 0 0 1 -3.94248e-008 -4.21468e-008 -1 -4.65368 -1.66163e-015 1 -4.21468e-008 -21.9313 1 0 -3.94248e-008 15 0 0 0 1 1.66163e-015 -1 4.21468e-008 21.9313 -3.94248e-008 -4.21468e-008 -1 -4.65368 1 -9.86076e-031 -3.94248e-008 15 0 0 0 1 1.66163e-015 -1 4.21468e-008 6.93125 -3.94248e-008 -4.21468e-008 -1 -4.65368 1 -1.38051e-030 -3.94248e-008 15 0 0 0 1 1.66163e-015 -1 4.21468e-008 6.93125 -3.94248e-008 -4.21468e-008 -1 13.3463 1 -1.57772e-030 -3.94248e-008 15 0 0 0 1 -3.94248e-008 -4.21468e-008 -1 -4.65368 -1.66163e-015 1 -4.21468e-008 -21.9313 1 -1.97215e-031 -3.94248e-008 -15 0 0 0 1 1.66163e-015 -1 4.21468e-008 21.9313 -3.94248e-008 -4.21468e-008 -1 -4.65368 1 -7.88861e-031 -3.94248e-008 -15 0 0 0 1 1.66163e-015 -1 4.21468e-008 6.93125 -3.94248e-008 -4.21468e-008 -1 -4.65368 1 -3.9443e-031 -3.94248e-008 -15 0 0 0 1 1.66163e-015 -1 4.21468e-008 6.93125 -3.94248e-008 -4.21468e-008 -1 13.3463 1 -5.91646e-031 -3.94248e-008 -15 0 0 0 1 2.26131e-008 0.819152 0.573576 -51.8168 3.22949e-008 -0.573576 0.819152 10.1192 1 -3.30872e-024 -3.94248e-008 -1.2813e-007 0 0 0 1</float_array>
                    <technique_common>
                        <accessor count="20" source="#ID102" stride="16">
                            <param name="TRANSFORM" type="float4x4"/>
                        </accessor>
                    </technique_common>
                </source>
                <joints>
                    <input semantic="JOINT" source="#ID97"/>
                    <input semantic="INV_BIND_MATRIX" source="#ID101"/>
                </joints>
                <vertex_weights count="44">
                    <input offset="0" semantic="JOINT" source="#ID97"/>
                    <input offset="1" semantic="WEIGHT" source="#ID99"/>
                    <vcount>1 1 1 1 1 1 1 1 1 1 1 1 1 1 1 1 1 1 1 1 1 1 1 1 1 1 1 1 1 1 1 1 1 1 1 1 1 1 1 1 1 1 1 1</vcount>
                    <v>7 1 7 1 7 1 7 1 6 1 7 1 7 1 7 1 7 1 7 1 7 1 7 1 7 1 7 1 7 1 6 1 7 1 7 1 7 1 7 1 7 1 7 1 10 1 10 1 10 1 10 1 10 1 10 1 10 1 10 1 10 1 10 1 10 1 10 1 10 1 10 1 10 1 10 1 10 1 10 1 10 1 10 1 10 1 10 1</v>
                </vertex_weights>
            </skin>
        </controller>
        <controller id="ID103">
            <skin source="#ID104">
                <bind_shape_matrix>1 0 0 0 0 1 0 0 0 0 1 0 0 0 0 1</bind_shape_matrix>
                <source id="ID112">
                    <Name_array id="ID113" count="20">joint1 joint2 joint3 joint4 joint5 joint6 joint7 joint8 joint9 joint10 joint11 joint12 joint13 joint14 joint15 joint16 joint17 joint18 joint19 joint20</Name_array>
                    <technique_common>
                        <accessor count="20" source="#ID113">
                            <param name="JOINT" type="Name"/>
                        </accessor>
                    </technique_common>
                </source>
                <source id="ID114">
                    <float_array id="ID115" count="2">0 1</float_array>
                    <technique_common>
                        <accessor count="2" source="#ID115">
                            <param name="WEIGHT" type="float"/>
                        </accessor>
                    </technique_common>
                </source>
                <source id="ID116">
                    <float_array id="ID117" count="320">1 0 0 0 0 1 0 0 0 0 1 0 0 0 0 1 -3.94248e-008 -4.21468e-008 -1 -3.25 -1.66163e-015 1 -4.21468e-008 -34 1 -1.97215e-031 -3.94248e-008 -1.2813e-007 0 0 0 1 3.41428e-008 0.5 0.866025 -14.1854 1.97124e-008 -0.866025 0.5 31.0699 1 3.30872e-024 -3.94248e-008 -1.2813e-007 0 0 0 1 3.41428e-008 0.5 0.866025 -14.1854 1.97124e-008 -0.866025 0.5 31.0699 1 3.30872e-024 -3.94248e-008 -1.2813e-007 0 0 0 1 3.41428e-008 0.5 0.866025 -14.1854 1.97124e-008 -0.866025 0.5 31.0699 1 3.30872e-024 -3.94248e-008 -1.2813e-007 0 0 0 1 -3.94248e-008 -4.21468e-008 -1 11.7829 -1.66163e-015 1 -4.21468e-008 -35.4623 1 -3.9443e-031 -3.94248e-008 -18.5 0 0 0 1 1 4.21468e-008 -8.15716e-008 -18.5 4.21468e-008 -1 4.21468e-008 35.4623 -8.15716e-008 -4.21468e-008 -1 11.7829 0 0 0 1 1 4.21468e-008 -8.15716e-008 -32 4.21468e-008 -1 4.21468e-008 35.4623 -8.15716e-008 -4.21468e-008 -1 11.7829 0 0 0 1 -3.94248e-008 -4.21468e-008 -1 11.7829 -1.66163e-015 1 -4.21468e-008 -35.4623 1 -1.97215e-031 -3.94248e-008 18.25 0 0 0 1 -1 4.21468e-008 -1.55431e-015 -18.25 -4.21468e-008 -1 4.21468e-008 35.4623 2.22045e-016 4.21468e-008 1 -11.7829 0 0 0 1 -1 4.21468e-008 -1.55431e-015 -31.75 -4.21468e-008 -1 4.21468e-008 35.4623 2.22045e-016 4.21468e-008 1 -11.7829 0 0 0 1 -3.94248e-008 -4.21468e-008 -1 -4.65368 -1.66163e-015 1 -4.21468e-008 -21.9313 1 0 -3.94248e-008 15 0 0 0 1 1.66163e-015 -1 4.21468e-008 21.9313 -3.94248e-008 -4.21468e-008 -1 -4.65368 1 -9.86076e-031 -3.94248e-008 15 0 0 0 1 1.66163e-015 -1 4.21468e-008 6.93125 -3.94248e-008 -4.21468e-008 -1 -4.65368 1 -1.38051e-030 -3.94248e-008 15 0 0 0 1 1.66163e-015 -1 4.21468e-008 6.93125 -3.94248e-008 -4.21468e-008 -1 13.3463 1 -1.57772e-030 -3.94248e-008 15 0 0 0 1 -3.94248e-008 -4.21468e-008 -1 -4.65368 -1.66163e-015 1 -4.21468e-008 -21.9313 1 -1.97215e-031 -3.94248e-008 -15 0 0 0 1 1.66163e-015 -1 4.21468e-008 21.9313 -3.94248e-008 -4.21468e-008 -1 -4.65368 1 -7.88861e-031 -3.94248e-008 -15 0 0 0 1 1.66163e-015 -1 4.21468e-008 6.93125 -3.94248e-008 -4.21468e-008 -1 -4.65368 1 -3.9443e-031 -3.94248e-008 -15 0 0 0 1 1.66163e-015 -1 4.21468e-008 6.93125 -3.94248e-008 -4.21468e-008 -1 13.3463 1 -5.91646e-031 -3.94248e-008 -15 0 0 0 1 2.26131e-008 0.819152 0.573576 -51.8168 3.22949e-008 -0.573576 0.819152 10.1192 1 -3.30872e-024 -3.94248e-008 -1.2813e-007 0 0 0 1</float_array>
                    <technique_common>
                        <accessor count="20" source="#ID117" stride="16">
                            <param name="TRANSFORM" type="float4x4"/>
                        </accessor>
                    </technique_common>
                </source>
                <joints>
                    <input semantic="JOINT" source="#ID112"/>
                    <input semantic="INV_BIND_MATRIX" source="#ID116"/>
                </joints>
                <vertex_weights count="16">
                    <input offset="0" semantic="JOINT" source="#ID112"/>
                    <input offset="1" semantic="WEIGHT" source="#ID114"/>
                    <vcount>1 1 1 1 1 1 1 1 1 1 1 1 1 1 1 1</vcount>
                    <v>17 1 17 1 17 1 17 1 17 1 17 1 17 1 17 1 13 1 13 1 13 1 13 1 13 1 13 1 13 1 13 1</v>
                </vertex_weights>
            </skin>
        </controller>
        <controller id="ID118">
            <skin source="#ID119">
                <bind_shape_matrix>1 0 0 0 0 1 0 0 0 0 1 0 0 0 0 1</bind_shape_matrix>
                <source id="ID127">
                    <Name_array id="ID128" count="20">joint1 joint2 joint3 joint4 joint5 joint6 joint7 joint8 joint9 joint10 joint11 joint12 joint13 joint14 joint15 joint16 joint17 joint18 joint19 joint20</Name_array>
                    <technique_common>
                        <accessor count="20" source="#ID128">
                            <param name="JOINT" type="Name"/>
                        </accessor>
                    </technique_common>
                </source>
                <source id="ID129">
                    <float_array id="ID130" count="2">0 1</float_array>
                    <technique_common>
                        <accessor count="2" source="#ID130">
                            <param name="WEIGHT" type="float"/>
                        </accessor>
                    </technique_common>
                </source>
                <source id="ID131">
                    <float_array id="ID132" count="320">1 0 0 0 0 1 0 0 0 0 1 0 0 0 0 1 -3.94248e-008 -4.21468e-008 -1 -3.25 -1.66163e-015 1 -4.21468e-008 -34 1 -1.97215e-031 -3.94248e-008 -1.2813e-007 0 0 0 1 3.41428e-008 0.5 0.866025 -14.1854 1.97124e-008 -0.866025 0.5 31.0699 1 3.30872e-024 -3.94248e-008 -1.2813e-007 0 0 0 1 3.41428e-008 0.5 0.866025 -14.1854 1.97124e-008 -0.866025 0.5 31.0699 1 3.30872e-024 -3.94248e-008 -1.2813e-007 0 0 0 1 3.41428e-008 0.5 0.866025 -14.1854 1.97124e-008 -0.866025 0.5 31.0699 1 3.30872e-024 -3.94248e-008 -1.2813e-007 0 0 0 1 -3.94248e-008 -4.21468e-008 -1 11.7829 -1.66163e-015 1 -4.21468e-008 -35.4623 1 -3.9443e-031 -3.94248e-008 -18.5 0 0 0 1 1 4.21468e-008 -8.15716e-008 -18.5 4.21468e-008 -1 4.21468e-008 35.4623 -8.15716e-008 -4.21468e-008 -1 11.7829 0 0 0 1 1 4.21468e-008 -8.15716e-008 -32 4.21468e-008 -1 4.21468e-008 35.4623 -8.15716e-008 -4.21468e-008 -1 11.7829 0 0 0 1 -3.94248e-008 -4.21468e-008 -1 11.7829 -1.66163e-015 1 -4.21468e-008 -35.4623 1 -1.97215e-031 -3.94248e-008 18.25 0 0 0 1 -1 4.21468e-008 -1.55431e-015 -18.25 -4.21468e-008 -1 4.21468e-008 35.4623 2.22045e-016 4.21468e-008 1 -11.7829 0 0 0 1 -1 4.21468e-008 -1.55431e-015 -31.75 -4.21468e-008 -1 4.21468e-008 35.4623 2.22045e-016 4.21468e-008 1 -11.7829 0 0 0 1 -3.94248e-008 -4.21468e-008 -1 -4.65368 -1.66163e-015 1 -4.21468e-008 -21.9313 1 0 -3.94248e-008 15 0 0 0 1 1.66163e-015 -1 4.21468e-008 21.9313 -3.94248e-008 -4.21468e-008 -1 -4.65368 1 -9.86076e-031 -3.94248e-008 15 0 0 0 1 1.66163e-015 -1 4.21468e-008 6.93125 -3.94248e-008 -4.21468e-008 -1 -4.65368 1 -1.38051e-030 -3.94248e-008 15 0 0 0 1 1.66163e-015 -1 4.21468e-008 6.93125 -3.94248e-008 -4.21468e-008 -1 13.3463 1 -1.57772e-030 -3.94248e-008 15 0 0 0 1 -3.94248e-008 -4.21468e-008 -1 -4.65368 -1.66163e-015 1 -4.21468e-008 -21.9313 1 -1.97215e-031 -3.94248e-008 -15 0 0 0 1 1.66163e-015 -1 4.21468e-008 21.9313 -3.94248e-008 -4.21468e-008 -1 -4.65368 1 -7.88861e-031 -3.94248e-008 -15 0 0 0 1 1.66163e-015 -1 4.21468e-008 6.93125 -3.94248e-008 -4.21468e-008 -1 -4.65368 1 -3.9443e-031 -3.94248e-008 -15 0 0 0 1 1.66163e-015 -1 4.21468e-008 6.93125 -3.94248e-008 -4.21468e-008 -1 13.3463 1 -5.91646e-031 -3.94248e-008 -15 0 0 0 1 2.26131e-008 0.819152 0.573576 -51.8168 3.22949e-008 -0.573576 0.819152 10.1192 1 -3.30872e-024 -3.94248e-008 -1.2813e-007 0 0 0 1</float_array>
                    <technique_common>
                        <accessor count="20" source="#ID132" stride="16">
                            <param name="TRANSFORM" type="float4x4"/>
                        </accessor>
                    </technique_common>
                </source>
                <joints>
                    <input semantic="JOINT" source="#ID127"/>
                    <input semantic="INV_BIND_MATRIX" source="#ID131"/>
                </joints>
                <vertex_weights count="37">
                    <input offset="0" semantic="JOINT" source="#ID127"/>
                    <input offset="1" semantic="WEIGHT" source="#ID129"/>
                    <vcount>1 1 1 1 1 1 1 1 1 1 1 1 1 1 1 1 1 1 1 1 1 1 1 1 1 1 1 1 1 1 1 1 1 1 1 1 1</vcount>
                    <v>4 1 4 1 4 1 4 1 4 1 4 1 4 1 4 1 4 1 4 1 4 1 4 1 4 1 4 1 4 1 4 1 4 1 4 1 4 1 4 1 4 1 4 1 4 1 4 1 4 1 4 1 4 1 4 1 4 1 4 1 4 1 4 1 4 1 4 1 4 1 4 1 4 1</v>
                </vertex_weights>
            </skin>
        </controller>
        <controller id="ID133">
            <skin source="#ID134">
                <bind_shape_matrix>1 0 0 0 0 1 0 0 0 0 1 0 0 0 0 1</bind_shape_matrix>
                <source id="ID142">
                    <Name_array id="ID143" count="20">joint1 joint2 joint3 joint4 joint5 joint6 joint7 joint8 joint9 joint10 joint11 joint12 joint13 joint14 joint15 joint16 joint17 joint18 joint19 joint20</Name_array>
                    <technique_common>
                        <accessor count="20" source="#ID143">
                            <param name="JOINT" type="Name"/>
                        </accessor>
                    </technique_common>
                </source>
                <source id="ID144">
                    <float_array id="ID145" count="2">0 1</float_array>
                    <technique_common>
                        <accessor count="2" source="#ID145">
                            <param name="WEIGHT" type="float"/>
                        </accessor>
                    </technique_common>
                </source>
                <source id="ID146">
                    <float_array id="ID147" count="320">1 0 0 0 0 1 0 0 0 0 1 0 0 0 0 1 -3.94248e-008 -4.21468e-008 -1 -3.25 -1.66163e-015 1 -4.21468e-008 -34 1 -1.97215e-031 -3.94248e-008 -1.2813e-007 0 0 0 1 3.41428e-008 0.5 0.866025 -14.1854 1.97124e-008 -0.866025 0.5 31.0699 1 3.30872e-024 -3.94248e-008 -1.2813e-007 0 0 0 1 3.41428e-008 0.5 0.866025 -14.1854 1.97124e-008 -0.866025 0.5 31.0699 1 3.30872e-024 -3.94248e-008 -1.2813e-007 0 0 0 1 3.41428e-008 0.5 0.866025 -14.1854 1.97124e-008 -0.866025 0.5 31.0699 1 3.30872e-024 -3.94248e-008 -1.2813e-007 0 0 0 1 -3.94248e-008 -4.21468e-008 -1 11.7829 -1.66163e-015 1 -4.21468e-008 -35.4623 1 -3.9443e-031 -3.94248e-008 -18.5 0 0 0 1 1 4.21468e-008 -8.15716e-008 -18.5 4.21468e-008 -1 4.21468e-008 35.4623 -8.15716e-008 -4.21468e-008 -1 11.7829 0 0 0 1 1 4.21468e-008 -8.15716e-008 -32 4.21468e-008 -1 4.21468e-008 35.4623 -8.15716e-008 -4.21468e-008 -1 11.7829 0 0 0 1 -3.94248e-008 -4.21468e-008 -1 11.7829 -1.66163e-015 1 -4.21468e-008 -35.4623 1 -1.97215e-031 -3.94248e-008 18.25 0 0 0 1 -1 4.21468e-008 -1.55431e-015 -18.25 -4.21468e-008 -1 4.21468e-008 35.4623 2.22045e-016 4.21468e-008 1 -11.7829 0 0 0 1 -1 4.21468e-008 -1.55431e-015 -31.75 -4.21468e-008 -1 4.21468e-008 35.4623 2.22045e-016 4.21468e-008 1 -11.7829 0 0 0 1 -3.94248e-008 -4.21468e-008 -1 -4.65368 -1.66163e-015 1 -4.21468e-008 -21.9313 1 0 -3.94248e-008 15 0 0 0 1 1.66163e-015 -1 4.21468e-008 21.9313 -3.94248e-008 -4.21468e-008 -1 -4.65368 1 -9.86076e-031 -3.94248e-008 15 0 0 0 1 1.66163e-015 -1 4.21468e-008 6.93125 -3.94248e-008 -4.21468e-008 -1 -4.65368 1 -1.38051e-030 -3.94248e-008 15 0 0 0 1 1.66163e-015 -1 4.21468e-008 6.93125 -3.94248e-008 -4.21468e-008 -1 13.3463 1 -1.57772e-030 -3.94248e-008 15 0 0 0 1 -3.94248e-008 -4.21468e-008 -1 -4.65368 -1.66163e-015 1 -4.21468e-008 -21.9313 1 -1.97215e-031 -3.94248e-008 -15 0 0 0 1 1.66163e-015 -1 4.21468e-008 21.9313 -3.94248e-008 -4.21468e-008 -1 -4.65368 1 -7.88861e-031 -3.94248e-008 -15 0 0 0 1 1.66163e-015 -1 4.21468e-008 6.93125 -3.94248e-008 -4.21468e-008 -1 -4.65368 1 -3.9443e-031 -3.94248e-008 -15 0 0 0 1 1.66163e-015 -1 4.21468e-008 6.93125 -3.94248e-008 -4.21468e-008 -1 13.3463 1 -5.91646e-031 -3.94248e-008 -15 0 0 0 1 2.26131e-008 0.819152 0.573576 -51.8168 3.22949e-008 -0.573576 0.819152 10.1192 1 -3.30872e-024 -3.94248e-008 -1.2813e-007 0 0 0 1</float_array>
                    <technique_common>
                        <accessor count="20" source="#ID147" stride="16">
                            <param name="TRANSFORM" type="float4x4"/>
                        </accessor>
                    </technique_common>
                </source>
                <joints>
                    <input semantic="JOINT" source="#ID142"/>
                    <input semantic="INV_BIND_MATRIX" source="#ID146"/>
                </joints>
                <vertex_weights count="38">
                    <input offset="0" semantic="JOINT" source="#ID142"/>
                    <input offset="1" semantic="WEIGHT" source="#ID144"/>
                    <vcount>1 1 1 1 1 1 1 1 1 1 1 1 1 1 1 1 1 1 1 1 1 1 1 1 1 1 1 1 1 1 1 1 1 1 1 1 1 1</vcount>
                    <v>9 1 9 1 9 1 9 1 9 1 9 1 9 1 9 1 9 1 9 1 16 1 16 1 16 1 16 1 16 1 16 1 16 1 16 1 16 1 12 1 12 1 12 1 12 1 12 1 12 1 12 1 12 1 12 1 6 1 6 1 6 1 6 1 6 1 6 1 6 1 6 1 6 1 6 1</v>
                </vertex_weights>
            </skin>
        </controller>
        <controller id="ID148">
            <skin source="#ID149">
                <bind_shape_matrix>1 0 0 0 0 1 0 0 0 0 1 0 0 0 0 1</bind_shape_matrix>
                <source id="ID157">
                    <Name_array id="ID158" count="20">joint1 joint2 joint3 joint4 joint5 joint6 joint7 joint8 joint9 joint10 joint11 joint12 joint13 joint14 joint15 joint16 joint17 joint18 joint19 joint20</Name_array>
                    <technique_common>
                        <accessor count="20" source="#ID158">
                            <param name="JOINT" type="Name"/>
                        </accessor>
                    </technique_common>
                </source>
                <source id="ID159">
                    <float_array id="ID160" count="2">0 1</float_array>
                    <technique_common>
                        <accessor count="2" source="#ID160">
                            <param name="WEIGHT" type="float"/>
                        </accessor>
                    </technique_common>
                </source>
                <source id="ID161">
                    <float_array id="ID162" count="320">1 0 0 0 0 1 0 0 0 0 1 0 0 0 0 1 -3.94248e-008 -4.21468e-008 -1 -3.25 -1.66163e-015 1 -4.21468e-008 -34 1 -1.97215e-031 -3.94248e-008 -1.2813e-007 0 0 0 1 3.41428e-008 0.5 0.866025 -14.1854 1.97124e-008 -0.866025 0.5 31.0699 1 3.30872e-024 -3.94248e-008 -1.2813e-007 0 0 0 1 3.41428e-008 0.5 0.866025 -14.1854 1.97124e-008 -0.866025 0.5 31.0699 1 3.30872e-024 -3.94248e-008 -1.2813e-007 0 0 0 1 3.41428e-008 0.5 0.866025 -14.1854 1.97124e-008 -0.866025 0.5 31.0699 1 3.30872e-024 -3.94248e-008 -1.2813e-007 0 0 0 1 -3.94248e-008 -4.21468e-008 -1 11.7829 -1.66163e-015 1 -4.21468e-008 -35.4623 1 -3.9443e-031 -3.94248e-008 -18.5 0 0 0 1 1 4.21468e-008 -8.15716e-008 -18.5 4.21468e-008 -1 4.21468e-008 35.4623 -8.15716e-008 -4.21468e-008 -1 11.7829 0 0 0 1 1 4.21468e-008 -8.15716e-008 -32 4.21468e-008 -1 4.21468e-008 35.4623 -8.15716e-008 -4.21468e-008 -1 11.7829 0 0 0 1 -3.94248e-008 -4.21468e-008 -1 11.7829 -1.66163e-015 1 -4.21468e-008 -35.4623 1 -1.97215e-031 -3.94248e-008 18.25 0 0 0 1 -1 4.21468e-008 -1.55431e-015 -18.25 -4.21468e-008 -1 4.21468e-008 35.4623 2.22045e-016 4.21468e-008 1 -11.7829 0 0 0 1 -1 4.21468e-008 -1.55431e-015 -31.75 -4.21468e-008 -1 4.21468e-008 35.4623 2.22045e-016 4.21468e-008 1 -11.7829 0 0 0 1 -3.94248e-008 -4.21468e-008 -1 -4.65368 -1.66163e-015 1 -4.21468e-008 -21.9313 1 0 -3.94248e-008 15 0 0 0 1 1.66163e-015 -1 4.21468e-008 21.9313 -3.94248e-008 -4.21468e-008 -1 -4.65368 1 -9.86076e-031 -3.94248e-008 15 0 0 0 1 1.66163e-015 -1 4.21468e-008 6.93125 -3.94248e-008 -4.21468e-008 -1 -4.65368 1 -1.38051e-030 -3.94248e-008 15 0 0 0 1 1.66163e-015 -1 4.21468e-008 6.93125 -3.94248e-008 -4.21468e-008 -1 13.3463 1 -1.57772e-030 -3.94248e-008 15 0 0 0 1 -3.94248e-008 -4.21468e-008 -1 -4.65368 -1.66163e-015 1 -4.21468e-008 -21.9313 1 -1.97215e-031 -3.94248e-008 -15 0 0 0 1 1.66163e-015 -1 4.21468e-008 21.9313 -3.94248e-008 -4.21468e-008 -1 -4.65368 1 -7.88861e-031 -3.94248e-008 -15 0 0 0 1 1.66163e-015 -1 4.21468e-008 6.93125 -3.94248e-008 -4.21468e-008 -1 -4.65368 1 -3.9443e-031 -3.94248e-008 -15 0 0 0 1 1.66163e-015 -1 4.21468e-008 6.93125 -3.94248e-008 -4.21468e-008 -1 13.3463 1 -5.91646e-031 -3.94248e-008 -15 0 0 0 1 2.26131e-008 0.819152 0.573576 -51.8168 3.22949e-008 -0.573576 0.819152 10.1192 1 -3.30872e-024 -3.94248e-008 -1.2813e-007 0 0 0 1</float_array>
                    <technique_common>
                        <accessor count="20" source="#ID162" stride="16">
                            <param name="TRANSFORM" type="float4x4"/>
                        </accessor>
                    </technique_common>
                </source>
                <joints>
                    <input semantic="JOINT" source="#ID157"/>
                    <input semantic="INV_BIND_MATRIX" source="#ID161"/>
                </joints>
                <vertex_weights count="53">
                    <input offset="0" semantic="JOINT" source="#ID157"/>
                    <input offset="1" semantic="WEIGHT" source="#ID159"/>
                    <vcount>1 1 1 1 1 1 1 1 1 1 1 1 1 1 1 1 1 1 1 1 1 1 1 1 1 1 1 1 1 1 1 1 1 1 1 1 1 1 1 1 1 1 1 1 1 1 1 1 1 1 1 1 1</vcount>
                    <v>19 1 19 1 19 1 19 1 19 1 19 1 19 1 19 1 19 1 19 1 19 1 19 1 19 1 19 1 19 1 19 1 19 1 19 1 19 1 19 1 19 1 19 1 19 1 19 1 19 1 19 1 19 1 19 1 19 1 19 1 19 1 19 1 19 1 19 1 19 1 19 1 19 1 19 1 19 1 19 1 19 1 19 1 19 1 19 1 19 1 19 1 19 1 19 1 19 1 19 1 19 1 19 1 19 1</v>
                </vertex_weights>
            </skin>
        </controller>
        <controller id="ID163">
            <skin source="#ID164">
                <bind_shape_matrix>1 0 0 0 0 1 0 0 0 0 1 0 0 0 0 1</bind_shape_matrix>
                <source id="ID172">
                    <Name_array id="ID173" count="20">joint1 joint2 joint3 joint4 joint5 joint6 joint7 joint8 joint9 joint10 joint11 joint12 joint13 joint14 joint15 joint16 joint17 joint18 joint19 joint20</Name_array>
                    <technique_common>
                        <accessor count="20" source="#ID173">
                            <param name="JOINT" type="Name"/>
                        </accessor>
                    </technique_common>
                </source>
                <source id="ID174">
                    <float_array id="ID175" count="2">0 1</float_array>
                    <technique_common>
                        <accessor count="2" source="#ID175">
                            <param name="WEIGHT" type="float"/>
                        </accessor>
                    </technique_common>
                </source>
                <source id="ID176">
                    <float_array id="ID177" count="320">1 0 0 0 0 1 0 0 0 0 1 0 0 0 0 1 -3.94248e-008 -4.21468e-008 -1 -3.25 -1.66163e-015 1 -4.21468e-008 -34 1 -1.97215e-031 -3.94248e-008 -1.2813e-007 0 0 0 1 3.41428e-008 0.5 0.866025 -14.1854 1.97124e-008 -0.866025 0.5 31.0699 1 3.30872e-024 -3.94248e-008 -1.2813e-007 0 0 0 1 3.41428e-008 0.5 0.866025 -14.1854 1.97124e-008 -0.866025 0.5 31.0699 1 3.30872e-024 -3.94248e-008 -1.2813e-007 0 0 0 1 3.41428e-008 0.5 0.866025 -14.1854 1.97124e-008 -0.866025 0.5 31.0699 1 3.30872e-024 -3.94248e-008 -1.2813e-007 0 0 0 1 -3.94248e-008 -4.21468e-008 -1 11.7829 -1.66163e-015 1 -4.21468e-008 -35.4623 1 -3.9443e-031 -3.94248e-008 -18.5 0 0 0 1 1 4.21468e-008 -8.15716e-008 -18.5 4.21468e-008 -1 4.21468e-008 35.4623 -8.15716e-008 -4.21468e-008 -1 11.7829 0 0 0 1 1 4.21468e-008 -8.15716e-008 -32 4.21468e-008 -1 4.21468e-008 35.4623 -8.15716e-008 -4.21468e-008 -1 11.7829 0 0 0 1 -3.94248e-008 -4.21468e-008 -1 11.7829 -1.66163e-015 1 -4.21468e-008 -35.4623 1 -1.97215e-031 -3.94248e-008 18.25 0 0 0 1 -1 4.21468e-008 -1.55431e-015 -18.25 -4.21468e-008 -1 4.21468e-008 35.4623 2.22045e-016 4.21468e-008 1 -11.7829 0 0 0 1 -1 4.21468e-008 -1.55431e-015 -31.75 -4.21468e-008 -1 4.21468e-008 35.4623 2.22045e-016 4.21468e-008 1 -11.7829 0 0 0 1 -3.94248e-008 -4.21468e-008 -1 -4.65368 -1.66163e-015 1 -4.21468e-008 -21.9313 1 0 -3.94248e-008 15 0 0 0 1 1.66163e-015 -1 4.21468e-008 21.9313 -3.94248e-008 -4.21468e-008 -1 -4.65368 1 -9.86076e-031 -3.94248e-008 15 0 0 0 1 1.66163e-015 -1 4.21468e-008 6.93125 -3.94248e-008 -4.21468e-008 -1 -4.65368 1 -1.38051e-030 -3.94248e-008 15 0 0 0 1 1.66163e-015 -1 4.21468e-008 6.93125 -3.94248e-008 -4.21468e-008 -1 13.3463 1 -1.57772e-030 -3.94248e-008 15 0 0 0 1 -3.94248e-008 -4.21468e-008 -1 -4.65368 -1.66163e-015 1 -4.21468e-008 -21.9313 1 -1.97215e-031 -3.94248e-008 -15 0 0 0 1 1.66163e-015 -1 4.21468e-008 21.9313 -3.94248e-008 -4.21468e-008 -1 -4.65368 1 -7.88861e-031 -3.94248e-008 -15 0 0 0 1 1.66163e-015 -1 4.21468e-008 6.93125 -3.94248e-008 -4.21468e-008 -1 -4.65368 1 -3.9443e-031 -3.94248e-008 -15 0 0 0 1 1.66163e-015 -1 4.21468e-008 6.93125 -3.94248e-008 -4.21468e-008 -1 13.3463 1 -5.91646e-031 -3.94248e-008 -15 0 0 0 1 2.26131e-008 0.819152 0.573576 -51.8168 3.22949e-008 -0.573576 0.819152 10.1192 1 -3.30872e-024 -3.94248e-008 -1.2813e-007 0 0 0 1</float_array>
                    <technique_common>
                        <accessor count="20" source="#ID177" stride="16">
                            <param name="TRANSFORM" type="float4x4"/>
                        </accessor>
                    </technique_common>
                </source>
                <joints>
                    <input semantic="JOINT" source="#ID172"/>
                    <input semantic="INV_BIND_MATRIX" source="#ID176"/>
                </joints>
                <vertex_weights count="29">
                    <input offset="0" semantic="JOINT" source="#ID172"/>
                    <input offset="1" semantic="WEIGHT" source="#ID174"/>
                    <vcount>1 1 1 1 1 1 1 1 1 1 1 1 1 1 1 1 1 1 1 1 1 1 1 1 1 1 1 1 1</vcount>
                    <v>3 1 3 1 3 1 3 1 3 1 3 1 3 1 3 1 3 1 3 1 3 1 3 1 3 1 3 1 3 1 3 1 3 1 3 1 3 1 3 1 3 1 3 1 3 1 3 1 3 1 3 1 3 1 3 1 3 1</v>
                </vertex_weights>
            </skin>
        </controller>
        <controller id="ID178">
            <skin source="#ID179">
                <bind_shape_matrix>1 0 0 0 0 1 0 0 0 0 1 0 0 0 0 1</bind_shape_matrix>
                <source id="ID187">
                    <Name_array id="ID188" count="20">joint1 joint2 joint3 joint4 joint5 joint6 joint7 joint8 joint9 joint10 joint11 joint12 joint13 joint14 joint15 joint16 joint17 joint18 joint19 joint20</Name_array>
                    <technique_common>
                        <accessor count="20" source="#ID188">
                            <param name="JOINT" type="Name"/>
                        </accessor>
                    </technique_common>
                </source>
                <source id="ID189">
                    <float_array id="ID190" count="2">0 1</float_array>
                    <technique_common>
                        <accessor count="2" source="#ID190">
                            <param name="WEIGHT" type="float"/>
                        </accessor>
                    </technique_common>
                </source>
                <source id="ID191">
                    <float_array id="ID192" count="320">1 0 0 0 0 1 0 0 0 0 1 0 0 0 0 1 -3.94248e-008 -4.21468e-008 -1 -3.25 -1.66163e-015 1 -4.21468e-008 -34 1 -1.97215e-031 -3.94248e-008 -1.2813e-007 0 0 0 1 3.41428e-008 0.5 0.866025 -14.1854 1.97124e-008 -0.866025 0.5 31.0699 1 3.30872e-024 -3.94248e-008 -1.2813e-007 0 0 0 1 3.41428e-008 0.5 0.866025 -14.1854 1.97124e-008 -0.866025 0.5 31.0699 1 3.30872e-024 -3.94248e-008 -1.2813e-007 0 0 0 1 3.41428e-008 0.5 0.866025 -14.1854 1.97124e-008 -0.866025 0.5 31.0699 1 3.30872e-024 -3.94248e-008 -1.2813e-007 0 0 0 1 -3.94248e-008 -4.21468e-008 -1 11.7829 -1.66163e-015 1 -4.21468e-008 -35.4623 1 -3.9443e-031 -3.94248e-008 -18.5 0 0 0 1 1 4.21468e-008 -8.15716e-008 -18.5 4.21468e-008 -1 4.21468e-008 35.4623 -8.15716e-008 -4.21468e-008 -1 11.7829 0 0 0 1 1 4.21468e-008 -8.15716e-008 -32 4.21468e-008 -1 4.21468e-008 35.4623 -8.15716e-008 -4.21468e-008 -1 11.7829 0 0 0 1 -3.94248e-008 -4.21468e-008 -1 11.7829 -1.66163e-015 1 -4.21468e-008 -35.4623 1 -1.97215e-031 -3.94248e-008 18.25 0 0 0 1 -1 4.21468e-008 -1.55431e-015 -18.25 -4.21468e-008 -1 4.21468e-008 35.4623 2.22045e-016 4.21468e-008 1 -11.7829 0 0 0 1 -1 4.21468e-008 -1.55431e-015 -31.75 -4.21468e-008 -1 4.21468e-008 35.4623 2.22045e-016 4.21468e-008 1 -11.7829 0 0 0 1 -3.94248e-008 -4.21468e-008 -1 -4.65368 -1.66163e-015 1 -4.21468e-008 -21.9313 1 0 -3.94248e-008 15 0 0 0 1 1.66163e-015 -1 4.21468e-008 21.9313 -3.94248e-008 -4.21468e-008 -1 -4.65368 1 -9.86076e-031 -3.94248e-008 15 0 0 0 1 1.66163e-015 -1 4.21468e-008 6.93125 -3.94248e-008 -4.21468e-008 -1 -4.65368 1 -1.38051e-030 -3.94248e-008 15 0 0 0 1 1.66163e-015 -1 4.21468e-008 6.93125 -3.94248e-008 -4.21468e-008 -1 13.3463 1 -1.57772e-030 -3.94248e-008 15 0 0 0 1 -3.94248e-008 -4.21468e-008 -1 -4.65368 -1.66163e-015 1 -4.21468e-008 -21.9313 1 -1.97215e-031 -3.94248e-008 -15 0 0 0 1 1.66163e-015 -1 4.21468e-008 21.9313 -3.94248e-008 -4.21468e-008 -1 -4.65368 1 -7.88861e-031 -3.94248e-008 -15 0 0 0 1 1.66163e-015 -1 4.21468e-008 6.93125 -3.94248e-008 -4.21468e-008 -1 -4.65368 1 -3.9443e-031 -3.94248e-008 -15 0 0 0 1 1.66163e-015 -1 4.21468e-008 6.93125 -3.94248e-008 -4.21468e-008 -1 13.3463 1 -5.91646e-031 -3.94248e-008 -15 0 0 0 1 2.26131e-008 0.819152 0.573576 -51.8168 3.22949e-008 -0.573576 0.819152 10.1192 1 -3.30872e-024 -3.94248e-008 -1.2813e-007 0 0 0 1</float_array>
                    <technique_common>
                        <accessor count="20" source="#ID192" stride="16">
                            <param name="TRANSFORM" type="float4x4"/>
                        </accessor>
                    </technique_common>
                </source>
                <joints>
                    <input semantic="JOINT" source="#ID187"/>
                    <input semantic="INV_BIND_MATRIX" source="#ID191"/>
                </joints>
                <vertex_weights count="14">
                    <input offset="0" semantic="JOINT" source="#ID187"/>
                    <input offset="1" semantic="WEIGHT" source="#ID189"/>
                    <vcount>1 1 1 1 1 1 1 1 1 1 1 1 1 1</vcount>
                    <v>3 1 3 1 3 1 3 1 3 1 3 1 3 1 3 1 3 1 3 1 3 1 3 1 3 1 3 1</v>
                </vertex_weights>
            </skin>
        </controller>
        <controller id="ID193">
            <skin source="#ID194">
                <bind_shape_matrix>1 0 0 0 0 1 0 0 0 0 1 0 0 0 0 1</bind_shape_matrix>
                <source id="ID202">
                    <Name_array id="ID203" count="20">joint1 joint2 joint3 joint4 joint5 joint6 joint7 joint8 joint9 joint10 joint11 joint12 joint13 joint14 joint15 joint16 joint17 joint18 joint19 joint20</Name_array>
                    <technique_common>
                        <accessor count="20" source="#ID203">
                            <param name="JOINT" type="Name"/>
                        </accessor>
                    </technique_common>
                </source>
                <source id="ID204">
                    <float_array id="ID205" count="2">0 1</float_array>
                    <technique_common>
                        <accessor count="2" source="#ID205">
                            <param name="WEIGHT" type="float"/>
                        </accessor>
                    </technique_common>
                </source>
                <source id="ID206">
                    <float_array id="ID207" count="320">1 0 0 0 0 1 0 0 0 0 1 0 0 0 0 1 -3.94248e-008 -4.21468e-008 -1 -3.25 -1.66163e-015 1 -4.21468e-008 -34 1 -1.97215e-031 -3.94248e-008 -1.2813e-007 0 0 0 1 3.41428e-008 0.5 0.866025 -14.1854 1.97124e-008 -0.866025 0.5 31.0699 1 3.30872e-024 -3.94248e-008 -1.2813e-007 0 0 0 1 3.41428e-008 0.5 0.866025 -14.1854 1.97124e-008 -0.866025 0.5 31.0699 1 3.30872e-024 -3.94248e-008 -1.2813e-007 0 0 0 1 3.41428e-008 0.5 0.866025 -14.1854 1.97124e-008 -0.866025 0.5 31.0699 1 3.30872e-024 -3.94248e-008 -1.2813e-007 0 0 0 1 -3.94248e-008 -4.21468e-008 -1 11.7829 -1.66163e-015 1 -4.21468e-008 -35.4623 1 -3.9443e-031 -3.94248e-008 -18.5 0 0 0 1 1 4.21468e-008 -8.15716e-008 -18.5 4.21468e-008 -1 4.21468e-008 35.4623 -8.15716e-008 -4.21468e-008 -1 11.7829 0 0 0 1 1 4.21468e-008 -8.15716e-008 -32 4.21468e-008 -1 4.21468e-008 35.4623 -8.15716e-008 -4.21468e-008 -1 11.7829 0 0 0 1 -3.94248e-008 -4.21468e-008 -1 11.7829 -1.66163e-015 1 -4.21468e-008 -35.4623 1 -1.97215e-031 -3.94248e-008 18.25 0 0 0 1 -1 4.21468e-008 -1.55431e-015 -18.25 -4.21468e-008 -1 4.21468e-008 35.4623 2.22045e-016 4.21468e-008 1 -11.7829 0 0 0 1 -1 4.21468e-008 -1.55431e-015 -31.75 -4.21468e-008 -1 4.21468e-008 35.4623 2.22045e-016 4.21468e-008 1 -11.7829 0 0 0 1 -3.94248e-008 -4.21468e-008 -1 -4.65368 -1.66163e-015 1 -4.21468e-008 -21.9313 1 0 -3.94248e-008 15 0 0 0 1 1.66163e-015 -1 4.21468e-008 21.9313 -3.94248e-008 -4.21468e-008 -1 -4.65368 1 -9.86076e-031 -3.94248e-008 15 0 0 0 1 1.66163e-015 -1 4.21468e-008 6.93125 -3.94248e-008 -4.21468e-008 -1 -4.65368 1 -1.38051e-030 -3.94248e-008 15 0 0 0 1 1.66163e-015 -1 4.21468e-008 6.93125 -3.94248e-008 -4.21468e-008 -1 13.3463 1 -1.57772e-030 -3.94248e-008 15 0 0 0 1 -3.94248e-008 -4.21468e-008 -1 -4.65368 -1.66163e-015 1 -4.21468e-008 -21.9313 1 -1.97215e-031 -3.94248e-008 -15 0 0 0 1 1.66163e-015 -1 4.21468e-008 21.9313 -3.94248e-008 -4.21468e-008 -1 -4.65368 1 -7.88861e-031 -3.94248e-008 -15 0 0 0 1 1.66163e-015 -1 4.21468e-008 6.93125 -3.94248e-008 -4.21468e-008 -1 -4.65368 1 -3.9443e-031 -3.94248e-008 -15 0 0 0 1 1.66163e-015 -1 4.21468e-008 6.93125 -3.94248e-008 -4.21468e-008 -1 13.3463 1 -5.91646e-031 -3.94248e-008 -15 0 0 0 1 2.26131e-008 0.819152 0.573576 -51.8168 3.22949e-008 -0.573576 0.819152 10.1192 1 -3.30872e-024 -3.94248e-008 -1.2813e-007 0 0 0 1</float_array>
                    <technique_common>
                        <accessor count="20" source="#ID207" stride="16">
                            <param name="TRANSFORM" type="float4x4"/>
                        </accessor>
                    </technique_common>
                </source>
                <joints>
                    <input semantic="JOINT" source="#ID202"/>
                    <input semantic="INV_BIND_MATRIX" source="#ID206"/>
                </joints>
                <vertex_weights count="40">
                    <input offset="0" semantic="JOINT" source="#ID202"/>
                    <input offset="1" semantic="WEIGHT" source="#ID204"/>
                    <vcount>1 1 1 1 1 1 1 1 1 1 1 1 1 1 1 1 1 1 1 1 1 1 1 1 1 1 1 1 1 1 1 1 1 1 1 1 1 1 1 1</vcount>
                    <v>17 1 17 1 17 1 17 1 17 1 17 1 17 1 17 1 17 1 17 1 17 1 17 1 17 1 17 1 17 1 17 1 17 1 17 1 17 1 17 1 13 1 13 1 13 1 13 1 13 1 13 1 13 1 13 1 13 1 13 1 13 1 13 1 13 1 13 1 13 1 13 1 13 1 13 1 13 1 13 1</v>
                </vertex_weights>
            </skin>
        </controller>
    </library_controllers>
    <library_visual_scenes>
        <visual_scene id="ID43">
            <node id="ID44" name="ShoeSoles">
                <translate sid="translate">0 0 -0</translate>
                <rotate sid="rotateY">0 1 0 -0</rotate>
                <rotate sid="rotateX">1 0 0 0</rotate>
                <rotate sid="rotateZ">0 0 1 -0</rotate>
                <scale sid="scale">1 1 1</scale>
                <instance_controller url="#ID103">
                    <skeleton>#ID43</skeleton>
                    <bind_material>
                        <technique_common>
                            <instance_material symbol="Material1" target="#ID8">
                                <bind_vertex_input semantic="UVSET0" input_semantic="TEXCOORD" input_set="0"/>
                            </instance_material>
                        </technique_common>
                    </bind_material>
                </instance_controller>
            </node>
            <node id="ID45" name="Shoes">
                <translate sid="translate">0 0 -0</translate>
                <rotate sid="rotateY">0 1 0 -0</rotate>
                <rotate sid="rotateX">1 0 0 0</rotate>
                <rotate sid="rotateZ">0 0 1 -0</rotate>
                <scale sid="scale">1 1 1</scale>
                <instance_controller url="#ID193">
                    <skeleton>#ID43</skeleton>
                    <bind_material>
                        <technique_common>
                            <instance_material symbol="Material1" target="#ID3">
                                <bind_vertex_input semantic="UVSET0" input_semantic="TEXCOORD" input_set="0"/>
                            </instance_material>
                            <instance_material symbol="Material2" target="#ID13">
                                <bind_vertex_input semantic="UVSET0" input_semantic="TEXCOORD" input_set="0"/>
                            </instance_material>
                        </technique_common>
                    </bind_material>
                </instance_controller>
            </node>
            <node id="ID46" name="Hands">
                <translate sid="translate">0 0 -0</translate>
                <rotate sid="rotateY">0 1 0 -0</rotate>
                <rotate sid="rotateX">1 0 0 0</rotate>
                <rotate sid="rotateZ">0 0 1 -0</rotate>
                <scale sid="scale">1 1 1</scale>
                <instance_controller url="#ID88">
                    <skeleton>#ID43</skeleton>
                    <bind_material>
                        <technique_common>
                            <instance_material symbol="Material1" target="#ID3">
                                <bind_vertex_input semantic="UVSET0" input_semantic="TEXCOORD" input_set="0"/>
                            </instance_material>
                        </technique_common>
                    </bind_material>
                </instance_controller>
            </node>
            <node id="ID47" name="Limbs">
                <translate sid="translate">0 0 -0</translate>
                <rotate sid="rotateY">0 1 0 -0</rotate>
                <rotate sid="rotateX">1 0 0 0</rotate>
                <rotate sid="rotateZ">0 0 1 -0</rotate>
                <scale sid="scale">1 1 1</scale>
                <instance_controller url="#ID133">
                    <skeleton>#ID43</skeleton>
                    <bind_material>
                        <technique_common>
                            <instance_material symbol="Material1" target="#ID3">
                                <bind_vertex_input semantic="UVSET0" input_semantic="TEXCOORD" input_set="0"/>
                            </instance_material>
                        </technique_common>
                    </bind_material>
                </instance_controller>
            </node>
            <node id="ID48" name="Naked">
                <translate sid="translate">0 0 -0</translate>
                <rotate sid="rotateY">0 1 0 -0</rotate>
                <rotate sid="rotateX">1 0 0 0</rotate>
                <rotate sid="rotateZ">0 0 1 -0</rotate>
                <scale sid="scale">1 1 1</scale>
                <instance_controller url="#ID118">
                    <skeleton>#ID43</skeleton>
                    <bind_material>
                        <technique_common>
                            <instance_material symbol="Material1" target="#ID3">
                                <bind_vertex_input semantic="UVSET0" input_semantic="TEXCOORD" input_set="0"/>
                            </instance_material>
                        </technique_common>
                    </bind_material>
                </instance_controller>
            </node>
            <node id="ID49" name="ShellBack">
                <translate sid="translate">0 0 -0</translate>
                <rotate sid="rotateY">0 1 0 -0</rotate>
                <rotate sid="rotateX">1 0 0 0</rotate>
                <rotate sid="rotateZ">0 0 1 -0</rotate>
                <scale sid="scale">1 1 1</scale>
                <instance_controller url="#ID73">
                    <skeleton>#ID43</skeleton>
                    <bind_material>
                        <technique_common>
                            <instance_material symbol="Material1" target="#ID38">
                                <bind_vertex_input semantic="UVSET0" input_semantic="TEXCOORD" input_set="0"/>
                            </instance_material>
                        </technique_common>
                    </bind_material>
                </instance_controller>
            </node>
            <node id="ID50" name="ShellRim">
                <translate sid="translate">0 0 -0</translate>
                <rotate sid="rotateY">0 1 0 -0</rotate>
                <rotate sid="rotateX">1 0 0 0</rotate>
                <rotate sid="rotateZ">0 0 1 -0</rotate>
                <scale sid="scale">1 1 1</scale>
                <instance_controller url="#ID163">
                    <skeleton>#ID43</skeleton>
                    <bind_material>
                        <technique_common>
                            <instance_material symbol="Material1" target="#ID3">
                                <bind_vertex_input semantic="UVSET0" input_semantic="TEXCOORD" input_set="0"/>
                            </instance_material>
                        </technique_common>
                    </bind_material>
                </instance_controller>
            </node>
            <node id="ID51" name="ShellFront">
                <translate sid="translate">0 0 -0</translate>
                <rotate sid="rotateY">0 1 0 -0</rotate>
                <rotate sid="rotateX">1 0 0 0</rotate>
                <rotate sid="rotateZ">0 0 1 -0</rotate>
                <scale sid="scale">1 1 1</scale>
                <instance_controller url="#ID178">
                    <skeleton>#ID43</skeleton>
                    <bind_material>
                        <technique_common>
                            <instance_material symbol="Material1" target="#ID33">
                                <bind_vertex_input semantic="UVSET0" input_semantic="TEXCOORD" input_set="0"/>
                            </instance_material>
                        </technique_common>
                    </bind_material>
                </instance_controller>
            </node>
            <node id="ID52" name="Head">
                <translate sid="translate">0 0 -0</translate>
                <rotate sid="rotateY">0 1 0 -0</rotate>
                <rotate sid="rotateX">1 0 0 0</rotate>
                <rotate sid="rotateZ">0 0 1 -0</rotate>
                <scale sid="scale">1 1 1</scale>
                <instance_controller url="#ID148">
                    <skeleton>#ID43</skeleton>
                    <bind_material>
                        <technique_common>
                            <instance_material symbol="Material1" target="#ID18">
                                <bind_vertex_input semantic="UVSET0" input_semantic="TEXCOORD" input_set="0"/>
                            </instance_material>
                            <instance_material symbol="Material2" target="#ID23">
                                <bind_vertex_input semantic="UVSET0" input_semantic="TEXCOORD" input_set="0"/>
                            </instance_material>
                            <instance_material symbol="Material3" target="#ID3">
                                <bind_vertex_input semantic="UVSET0" input_semantic="TEXCOORD" input_set="0"/>
                            </instance_material>
                            <instance_material symbol="Material4" target="#ID28">
                                <bind_vertex_input semantic="UVSET0" input_semantic="TEXCOORD" input_set="0"/>
                            </instance_material>
                        </technique_common>
                    </bind_material>
                </instance_controller>
            </node>
            <node id="ID53" name="Root" sid="joint1" type="JOINT">
                <translate sid="translate">0 0 -0</translate>
                <rotate sid="rotateY">0 1 0 -0</rotate>
                <rotate sid="rotateX">1 0 0 0</rotate>
                <rotate sid="rotateZ">0 0 1 -0</rotate>
                <scale sid="scale">1 1 1</scale>
                <node id="ID54" name="HipHeight" sid="joint2" type="JOINT">
                    <translate sid="translate">0 34 -3.25</translate>
                    <rotate sid="rotateY">0 1 0 90</rotate>
                    <rotate sid="rotateX">1 0 0 0</rotate>
                    <rotate sid="rotateZ">0 0 1 -2.41484e-006</rotate>
                    <scale sid="scale">1 1 1</scale>
                    <node id="ID55" name="BodyJ" sid="joint3" type="JOINT">
                        <translate sid="translate">0 1.56669e-014 -0</translate>
                        <rotate sid="rotateY">0 1 0 -0</rotate>
                        <rotate sid="rotateX">1 0 0 1.12996e-029</rotate>
                        <rotate sid="rotateZ">0 0 1 -210</rotate>
                        <scale sid="scale">1 1 1</scale>
                        <node id="ID56" name="ShellM" sid="joint4" type="JOINT">
                            <translate sid="translate">-3.55271e-015 2.22045e-016 7.94093e-023</translate>
                            <rotate sid="rotateY">0 1 0 -0</rotate>
                            <rotate sid="rotateX">1 0 0 0</rotate>
                            <rotate sid="rotateZ">0 0 1 -0</rotate>
                            <scale sid="scale">1 1 1</scale>
                        </node>
                        <node id="ID57" name="NakedM" sid="joint5" type="JOINT">
                            <translate sid="translate">-6.21725e-015 -1.33227e-015 1.58819e-022</translate>
                            <rotate sid="rotateY">0 1 0 -0</rotate>
                            <rotate sid="rotateX">1 0 0 0</rotate>
                            <rotate sid="rotateZ">0 0 1 -0</rotate>
                            <scale sid="scale">1 1 1</scale>
                        </node>
                        <node id="ID58" name="LArmPos" sid="joint6" type="JOINT">
                            <translate sid="translate">13.75 6.25 18.5</translate>
                            <rotate sid="rotateY">0 1 0 -0</rotate>
                            <rotate sid="rotateX">1 0 0 0</rotate>
                            <rotate sid="rotateZ">0 0 1 -150</rotate>
                            <scale sid="scale">1 1 1</scale>
                            <node id="ID59" name="LArmJ" sid="joint7" type="JOINT">
                                <translate sid="translate">0 -2.46335e-016 3.31266e-016</translate>
                                <rotate sid="rotateY">0 1 0 90</rotate>
                                <rotate sid="rotateX">1 0 0 3.24611e-014</rotate>
                                <rotate sid="rotateZ">0 0 1 -180</rotate>
                                <scale sid="scale">1 1 1</scale>
                                <node id="ID60" name="LHandJ" sid="joint8" type="JOINT">
                                    <translate sid="translate">13.5 -2.9659e-015 -0</translate>
                                    <rotate sid="rotateY">0 1 0 7.58303e-022</rotate>
                                    <rotate sid="rotateX">1 0 0 0</rotate>
                                    <rotate sid="rotateZ">0 0 1 -0</rotate>
                                    <scale sid="scale">1 1 1</scale>
                                </node>
                            </node>
                        </node>
                        <node id="ID61" name="RArmPos" sid="joint9" type="JOINT">
                            <translate sid="translate">13.75 6.25 -18.25</translate>
                            <rotate sid="rotateY">0 1 0 -0</rotate>
                            <rotate sid="rotateX">1 0 0 0</rotate>
                            <rotate sid="rotateZ">0 0 1 -150</rotate>
                            <scale sid="scale">1 1 1</scale>
                            <node id="ID62" name="RArmJ" sid="joint10" type="JOINT">
                                <translate sid="translate">1.77636e-015 -1.94094e-015 -3.499e-015</translate>
                                <rotate sid="rotateY">0 1 0 270</rotate>
                                <rotate sid="rotateX">1 0 0 0</rotate>
                                <rotate sid="rotateZ">0 0 1 -180</rotate>
                                <scale sid="scale">1 1 1</scale>
                                <node id="ID63" name="RHandJ" sid="joint11" type="JOINT">
                                    <translate sid="translate">13.5 -1.22699e-014 -3.55271e-015</translate>
                                    <rotate sid="rotateY">0 1 0 3.79152e-022</rotate>
                                    <rotate sid="rotateX">1 0 0 0</rotate>
                                    <rotate sid="rotateZ">0 0 1 -0</rotate>
                                    <scale sid="scale">1 1 1</scale>
                                </node>
                            </node>
                        </node>
                        <node id="ID64" name="RLegPos" sid="joint12" type="JOINT">
                            <translate sid="translate">-7.25 9.75 -15</translate>
                            <rotate sid="rotateY">0 1 0 -0</rotate>
                            <rotate sid="rotateX">1 0 0 0</rotate>
                            <rotate sid="rotateZ">0 0 1 -150</rotate>
                            <scale sid="scale">1 1 1</scale>
                            <node id="ID65" name="RLegJ" sid="joint13" type="JOINT">
                                <translate sid="translate">0 -2.26062e-016 7.27238e-016</translate>
                                <rotate sid="rotateY">0 1 0 3.79152e-022</rotate>
                                <rotate sid="rotateX">1 0 0 2.25992e-029</rotate>
                                <rotate sid="rotateZ">0 0 1 -90</rotate>
                                <scale sid="scale">1 1 1</scale>
                                <node id="ID66" name="RFootJ" sid="joint14" type="JOINT">
                                    <translate sid="translate">15 3.55271e-015 2.44814e-015</translate>
                                    <rotate sid="rotateY">0 1 0 2.25992e-029</rotate>
                                    <rotate sid="rotateX">1 0 0 0</rotate>
                                    <rotate sid="rotateZ">0 0 1 -0</rotate>
                                    <scale sid="scale">1 1 1</scale>
                                    <node id="ID67" name="RFootTip" sid="joint15" type="JOINT">
                                        <translate sid="translate">1.29135e-015 -18 6.71788e-016</translate>
                                        <rotate sid="rotateY">0 1 0 1.12996e-029</rotate>
                                        <rotate sid="rotateX">1 0 0 0</rotate>
                                        <rotate sid="rotateZ">0 0 1 -0</rotate>
                                        <scale sid="scale">1 1 1</scale>
                                    </node>
                                </node>
                            </node>
                        </node>
                        <node id="ID68" name="LLegPos" sid="joint16" type="JOINT">
                            <translate sid="translate">-7.25 9.75 15</translate>
                            <rotate sid="rotateY">0 1 0 -0</rotate>
                            <rotate sid="rotateX">1 0 0 0</rotate>
                            <rotate sid="rotateZ">0 0 1 -150</rotate>
                            <scale sid="scale">1 1 1</scale>
                            <node id="ID69" name="LLegJ" sid="joint17" type="JOINT">
                                <translate sid="translate">-8.88178e-016 -7.22059e-015 -6.0503e-016</translate>
                                <rotate sid="rotateY">0 1 0 -0</rotate>
                                <rotate sid="rotateX">1 0 0 3.38988e-029</rotate>
                                <rotate sid="rotateZ">0 0 1 -90</rotate>
                                <scale sid="scale">1 1 1</scale>
                                <node id="ID70" name="LFootJ" sid="joint18" type="JOINT">
                                    <translate sid="translate">15 2.66454e-015 -2.43684e-015</translate>
                                    <rotate sid="rotateY">0 1 0 -0</rotate>
                                    <rotate sid="rotateX">1 0 0 7.58303e-022</rotate>
                                    <rotate sid="rotateZ">0 0 1 -0</rotate>
                                    <scale sid="scale">1 1 1</scale>
                                    <node id="ID71" name="LFootTip" sid="joint19" type="JOINT">
                                        <translate sid="translate">1.18045e-015 -18 -6.6048e-016</translate>
                                        <rotate sid="rotateY">0 1 0 1.12996e-029</rotate>
                                        <rotate sid="rotateX">1 0 0 0</rotate>
                                        <rotate sid="rotateZ">0 0 1 -0</rotate>
                                        <scale sid="scale">1 1 1</scale>
                                    </node>
                                </node>
                            </node>
                        </node>
                        <node id="ID72" name="HeadJ" sid="joint20" type="JOINT">
                            <translate sid="translate">28.5 0 3.17637e-022</translate>
                            <rotate sid="rotateY">0 1 0 -0</rotate>
                            <rotate sid="rotateX">1 0 0 0</rotate>
                            <rotate sid="rotateZ">0 0 1 -25</rotate>
                            <scale sid="scale">1 1 1</scale>
                        </node>
                    </node>
                </node>
            </node>
        </visual_scene>
    </library_visual_scenes>
    <scene>
        <instance_visual_scene url="#ID43"/>
    </scene>
</COLLADA>
