<?xml version="1.0"?>
<COLLADA xmlns="http://www.collada.org/2005/11/COLLADASchema" version="1.4.1">
    <asset>
        <contributor>
            <authoring_tool>Supear Mardian SixDaeFour</authoring_tool>
        </contributor>
        <created>2026-03-28T21:39:55.557Z</created>
        <modified>2026-03-28T21:39:55.557Z</modified>
		<unit meter="0.01" name="centimeter" />
        <up_axis>Y_UP</up_axis>
    </asset>
    <library_images>
        <image id="tex_0">
            <init_from>tex_6002E48.png</init_from>
        </image>
        <image id="tex_1">
            <init_from>tex_6002648.png</init_from>
        </image>
        <image id="tex_2">
            <init_from>tex_0.png</init_from>
        </image>
        <image id="tex_3">
            <init_from>tex_6004648.png</init_from>
        </image>
        <image id="tex_4">
            <init_from>tex_6005648.png</init_from>
        </image>
        <image id="tex_5">
            <init_from>tex_6005E48.png</init_from>
        </image>
        <image id="tex_6">
            <init_from>tex_6004E48.png</init_from>
        </image>
        <image id="tex_7">
            <init_from>tex_6003648.png</init_from>
        </image>
        <image id="tex_8">
            <init_from>tex_6003E48.png</init_from>
        </image>
    </library_images>
    <library_effects>
        <effect id="effect0">
            <profile_COMMON>
                <newparam sid="surface0">
                    <surface type="2D">
                        <init_from>tex_0</init_from>
                    </surface>
                </newparam>
                <newparam sid="sampler0">
                    <sampler2D>
                        <source>surface0</source>
                    </sampler2D>
                </newparam>
                <technique sid="COMMON">
                    <blinn>
                        <diffuse>
                            <texture texture="sampler0" texcoord="UVSET0"></texture>
                        </diffuse>
                    </blinn>
                </technique>
            </profile_COMMON>
        </effect>
        <effect id="effect1">
            <profile_COMMON>
                <newparam sid="surface1">
                    <surface type="2D">
                        <init_from>tex_1</init_from>
                    </surface>
                </newparam>
                <newparam sid="sampler1">
                    <sampler2D>
                        <source>surface1</source>
                    </sampler2D>
                </newparam>
                <technique sid="COMMON">
                    <blinn>
                        <diffuse>
                            <texture texture="sampler1" texcoord="UVSET0"></texture>
                        </diffuse>
                    </blinn>
                </technique>
            </profile_COMMON>
        </effect>
        <effect id="effect2">
            <profile_COMMON>
                <newparam sid="surface2">
                    <surface type="2D">
                        <init_from>tex_2</init_from>
                    </surface>
                </newparam>
                <newparam sid="sampler2">
                    <sampler2D>
                        <source>surface2</source>
                    </sampler2D>
                </newparam>
                <technique sid="COMMON">
                    <blinn>
                        <diffuse>
                            <texture texture="sampler2" texcoord="UVSET0"></texture>
                        </diffuse>
                    </blinn>
                </technique>
            </profile_COMMON>
        </effect>
        <effect id="effect3">
            <profile_COMMON>
                <newparam sid="surface3">
                    <surface type="2D">
                        <init_from>tex_3</init_from>
                    </surface>
                </newparam>
                <newparam sid="sampler3">
                    <sampler2D>
                        <source>surface3</source>
                    </sampler2D>
                </newparam>
                <technique sid="COMMON">
                    <blinn>
                        <diffuse>
                            <texture texture="sampler3" texcoord="UVSET0"></texture>
                        </diffuse>
                    </blinn>
                </technique>
            </profile_COMMON>
        </effect>
        <effect id="effect4">
            <profile_COMMON>
                <newparam sid="surface4">
                    <surface type="2D">
                        <init_from>tex_4</init_from>
                    </surface>
                </newparam>
                <newparam sid="sampler4">
                    <sampler2D>
                        <source>surface4</source>
                    </sampler2D>
                </newparam>
                <technique sid="COMMON">
                    <blinn>
                        <diffuse>
                            <texture texture="sampler4" texcoord="UVSET0"></texture>
                        </diffuse>
                    </blinn>
                </technique>
            </profile_COMMON>
        </effect>
        <effect id="effect5">
            <profile_COMMON>
                <newparam sid="surface5">
                    <surface type="2D">
                        <init_from>tex_5</init_from>
                    </surface>
                </newparam>
                <newparam sid="sampler5">
                    <sampler2D>
                        <source>surface5</source>
                    </sampler2D>
                </newparam>
                <technique sid="COMMON">
                    <blinn>
                        <diffuse>
                            <texture texture="sampler5" texcoord="UVSET0"></texture>
                        </diffuse>
                    </blinn>
                </technique>
            </profile_COMMON>
        </effect>
        <effect id="effect6">
            <profile_COMMON>
                <newparam sid="surface6">
                    <surface type="2D">
                        <init_from>tex_6</init_from>
                    </surface>
                </newparam>
                <newparam sid="sampler6">
                    <sampler2D>
                        <source>surface6</source>
                    </sampler2D>
                </newparam>
                <technique sid="COMMON">
                    <blinn>
                        <diffuse>
                            <texture texture="sampler6" texcoord="UVSET0"></texture>
                        </diffuse>
                    </blinn>
                </technique>
            </profile_COMMON>
        </effect>
        <effect id="effect7">
            <profile_COMMON>
                <newparam sid="surface7">
                    <surface type="2D">
                        <init_from>tex_7</init_from>
                    </surface>
                </newparam>
                <newparam sid="sampler7">
                    <sampler2D>
                        <source>surface7</source>
                    </sampler2D>
                </newparam>
                <technique sid="COMMON">
                    <blinn>
                        <diffuse>
                            <texture texture="sampler7" texcoord="UVSET0"></texture>
                        </diffuse>
                    </blinn>
                </technique>
            </profile_COMMON>
        </effect>
        <effect id="effect8">
            <profile_COMMON>
                <newparam sid="surface8">
                    <surface type="2D">
                        <init_from>tex_8</init_from>
                    </surface>
                </newparam>
                <newparam sid="sampler8">
                    <sampler2D>
                        <source>surface8</source>
                    </sampler2D>
                </newparam>
                <technique sid="COMMON">
                    <blinn>
                        <diffuse>
                            <texture texture="sampler8" texcoord="UVSET0"></texture>
                        </diffuse>
                    </blinn>
                </technique>
            </profile_COMMON>
        </effect>
    </library_effects>
    <library_materials>
        <material id="mat0" name="Mat0">
            <instance_effect url="#effect0"/>
        </material>
        <material id="mat1" name="Mat1">
            <instance_effect url="#effect1"/>
        </material>
        <material id="mat2" name="Mat2">
            <instance_effect url="#effect2"/>
        </material>
        <material id="mat3" name="Mat3">
            <instance_effect url="#effect3"/>
        </material>
        <material id="mat4" name="Mat4">
            <instance_effect url="#effect4"/>
        </material>
        <material id="mat5" name="Mat5">
            <instance_effect url="#effect5"/>
        </material>
        <material id="mat6" name="Mat6">
            <instance_effect url="#effect6"/>
        </material>
        <material id="mat7" name="Mat7">
            <instance_effect url="#effect7"/>
        </material>
        <material id="mat8" name="Mat8">
            <instance_effect url="#effect8"/>
        </material>
    </library_materials>
    <library_geometries>
        <geometry id="meshMesh0_1">
            <mesh>
                <source id="pointsMesh0_1">
                    <float_array id="pointarrayMesh0_1" count="30">-28 -79 -33 -84 -15 0 -56 0 -71 35 -89 -33 -28 -79 33 35 -89 33 -56 0 73 63 -28 -76 91 -63 0 63 -28 79</float_array>
                    <technique_common>
                        <accessor count="10" source="#pointarrayMesh0_1" stride="3">
                            <param name="X" type="float"/>
                            <param name="Y" type="float"/>
                            <param name="Z" type="float"/>
                        </accessor>
                    </technique_common>
                </source>
                <source id="uvsMesh0_1">
                    <float_array id="uvarrayMesh0_1" count="20">0.755859375 0.205078125 0.45703125 -0.314453125 1.10546875 -0.03515625 0.751953125 0.8515625 0.154296875 0.205078125 0.15234375 0.8515625 -0.19140625 -0.03515625 1.13671875 1.15234375 0.451171875 1.427734375 -0.23046875 1.150390625</float_array>
                    <technique_common>
                        <accessor count="10" source="#uvarrayMesh0_1" stride="2">
                            <param name="S" type="float"/>
                            <param name="T" type="float"/>
                        </accessor>
                    </technique_common>
                </source>
                <vertices id="verticesMesh0_1">
                    <input semantic="POSITION" source="#pointsMesh0_1"/>
                </vertices>
                <polylist count="12" material="Material1">
                    <input offset="0" semantic="VERTEX" source="#verticesMesh0_1"/>
                    <input offset="1" semantic="TEXCOORD" source="#uvsMesh0_1" set="0"/>
                    <vcount>3 3 3 3 3 3 3 3 3 3 3 3</vcount>
                    <p>0 0 1 1 2 2 2 2 3 3 0 0 0 0 4 4 1 1 0 0 5 5 4 4 0 0 3 3 5 5 1 1 4 4 6 6 6 6 4 4 5 5 3 3 2 2 7 7 3 3 8 8 5 5 8 8 3 3 7 7 9 9 5 5 8 8 9 9 6 6 5 5</p>
                </polylist>
            </mesh>
        </geometry>
        <geometry id="meshMesh0_2">
            <mesh>
                <source id="pointsMesh0_2">
                    <float_array id="pointarrayMesh0_2" count="30">-28 -79 -33 -84 -15 0 -56 0 -71 35 -89 -33 -28 -79 33 35 -89 33 -56 0 73 63 -28 -76 91 -63 0 63 -28 79</float_array>
                    <technique_common>
                        <accessor count="10" source="#pointarrayMesh0_2" stride="3">
                            <param name="X" type="float"/>
                            <param name="Y" type="float"/>
                            <param name="Z" type="float"/>
                        </accessor>
                    </technique_common>
                </source>
                <source id="uvsMesh0_2">
                    <float_array id="uvarrayMesh0_2" count="20">0.755859375 0.205078125 0.45703125 -0.314453125 1.10546875 -0.03515625 0.751953125 0.8515625 0.154296875 0.205078125 0.15234375 0.8515625 -0.19140625 -0.03515625 1.13671875 1.15234375 0.451171875 1.427734375 -0.23046875 1.150390625</float_array>
                    <technique_common>
                        <accessor count="10" source="#uvarrayMesh0_2" stride="2">
                            <param name="S" type="float"/>
                            <param name="T" type="float"/>
                        </accessor>
                    </technique_common>
                </source>
                <source id="colorsMesh0_2">
                    <float_array id="colorarrayMesh0_2" count="40">0.4980392156862745 0.4980392156862745 0.4980392156862745 1 0.4980392156862745 0.4980392156862745 0.4980392156862745 1 0.4980392156862745 0.4980392156862745 0.4980392156862745 1 0.4980392156862745 0.4980392156862745 0.4980392156862745 1 0.4980392156862745 0.4980392156862745 0.4980392156862745 1 0.4980392156862745 0.4980392156862745 0.4980392156862745 1 0.4980392156862745 0.4980392156862745 0.4980392156862745 1 0.4980392156862745 0.4980392156862745 0.4980392156862745 1 0.4980392156862745 0.4980392156862745 0.4980392156862745 1 0.4980392156862745 0.4980392156862745 0.4980392156862745 1</float_array>
                    <technique_common>
                        <accessor count="10" source="#colorarrayMesh0_2" stride="4">
                            <param name="R" type="float"/>
                            <param name="G" type="float"/>
                            <param name="B" type="float"/>
                            <param name="A" type="float"/>
                        </accessor>
                    </technique_common>
                </source>
                <vertices id="verticesMesh0_2">
                    <input semantic="POSITION" source="#pointsMesh0_2"/>
                </vertices>
                <polylist count="12" material="Material1">
                    <input offset="0" semantic="VERTEX" source="#verticesMesh0_2"/>
                    <input offset="1" semantic="TEXCOORD" source="#uvsMesh0_2" set="0"/>
                    <input offset="2" semantic="COLOR" source="#colorsMesh0_2" set="0"/>
                    <vcount>3 3 3 3 3 3 3 3 3 3 3 3</vcount>
                    <p>0 0 0 1 1 1 2 2 2 2 2 2 3 3 3 0 0 0 0 0 0 4 4 4 1 1 1 0 0 0 5 5 5 4 4 4 0 0 0 3 3 3 5 5 5 1 1 1 4 4 4 6 6 6 6 6 6 4 4 4 5 5 5 3 3 3 2 2 2 7 7 7 3 3 3 8 8 8 5 5 5 8 8 8 3 3 3 7 7 7 9 9 9 5 5 5 8 8 8 9 9 9 6 6 6 5 5 5</p>
                </polylist>
            </mesh>
        </geometry>
        <geometry id="meshMesh1_1">
            <mesh>
                <source id="pointsMesh1_1">
                    <float_array id="pointarrayMesh1_1" count="42">68 63 40 109 38 0 68 63 -38 -40 71 -38 -40 71 40 91 28 61 51 43 79 51 43 -76 91 28 -58 -68 38 56 -68 38 -56 -25 43 -76 -81 25 0 -25 43 79</float_array>
                    <technique_common>
                        <accessor count="14" source="#pointarrayMesh1_1" stride="3">
                            <param name="X" type="float"/>
                            <param name="Y" type="float"/>
                            <param name="Z" type="float"/>
                        </accessor>
                    </technique_common>
                </source>
                <source id="uvsMesh1_1">
                    <float_array id="uvarrayMesh1_1" count="28">0.806640625 0.904296875 0.51171875 1.119140625 0.20703125 0.90234375 0.19140625 0.3046875 0.791015625 0.306640625 0.966796875 1.0234375 1.09375 0.810546875 -0.0859375 0.814453125 0.05078125 1.025390625 0.91015625 0.15625 0.056640625 0.158203125 -0.095703125 0.38671875 0.48046875 0.08984375 1.078125 0.3828125</float_array>
                    <technique_common>
                        <accessor count="14" source="#uvarrayMesh1_1" stride="2">
                            <param name="S" type="float"/>
                            <param name="T" type="float"/>
                        </accessor>
                    </technique_common>
                </source>
                <vertices id="verticesMesh1_1">
                    <input semantic="POSITION" source="#pointsMesh1_1"/>
                </vertices>
                <polylist count="16" material="Material1">
                    <input offset="0" semantic="VERTEX" source="#verticesMesh1_1"/>
                    <input offset="1" semantic="TEXCOORD" source="#uvsMesh1_1" set="0"/>
                    <vcount>3 3 3 3 3 3 3 3 3 3 3 3 3 3 3 3</vcount>
                    <p>0 0 1 1 2 2 3 3 4 4 0 0 0 0 2 2 3 3 1 1 0 0 5 5 4 4 6 6 0 0 6 6 5 5 0 0 3 3 2 2 7 7 8 8 2 2 1 1 2 2 8 8 7 7 9 9 4 4 3 3 3 3 10 10 9 9 7 7 11 11 3 3 11 11 10 10 3 3 10 10 12 12 9 9 4 4 9 9 13 13 4 4 13 13 6 6</p>
                </polylist>
            </mesh>
        </geometry>
        <geometry id="meshMesh1_2">
            <mesh>
                <source id="pointsMesh1_2">
                    <float_array id="pointarrayMesh1_2" count="42">68 63 40 109 38 0 68 63 -38 -40 71 -38 -40 71 40 91 28 61 51 43 79 51 43 -76 91 28 -58 -68 38 56 -68 38 -56 -25 43 -76 -81 25 0 -25 43 79</float_array>
                    <technique_common>
                        <accessor count="14" source="#pointarrayMesh1_2" stride="3">
                            <param name="X" type="float"/>
                            <param name="Y" type="float"/>
                            <param name="Z" type="float"/>
                        </accessor>
                    </technique_common>
                </source>
                <source id="uvsMesh1_2">
                    <float_array id="uvarrayMesh1_2" count="28">0.806640625 0.904296875 0.51171875 1.119140625 0.20703125 0.90234375 0.19140625 0.3046875 0.791015625 0.306640625 0.966796875 1.0234375 1.09375 0.810546875 -0.0859375 0.814453125 0.05078125 1.025390625 0.91015625 0.15625 0.056640625 0.158203125 -0.095703125 0.38671875 0.48046875 0.08984375 1.078125 0.3828125</float_array>
                    <technique_common>
                        <accessor count="14" source="#uvarrayMesh1_2" stride="2">
                            <param name="S" type="float"/>
                            <param name="T" type="float"/>
                        </accessor>
                    </technique_common>
                </source>
                <source id="colorsMesh1_2">
                    <float_array id="colorarrayMesh1_2" count="56">0.4980392156862745 0.4980392156862745 0.4980392156862745 1 0.4980392156862745 0.4980392156862745 0.4980392156862745 1 0.4980392156862745 0.4980392156862745 0.4980392156862745 1 0.4980392156862745 0.4980392156862745 0.4980392156862745 1 0.4980392156862745 0.4980392156862745 0.4980392156862745 1 0.4980392156862745 0.4980392156862745 0.4980392156862745 1 0.4980392156862745 0.4980392156862745 0.4980392156862745 1 0.4980392156862745 0.4980392156862745 0.4980392156862745 1 0.4980392156862745 0.4980392156862745 0.4980392156862745 1 0.4980392156862745 0.4980392156862745 0.4980392156862745 1 0.4980392156862745 0.4980392156862745 0.4980392156862745 1 0.4980392156862745 0.4980392156862745 0.4980392156862745 1 0.4980392156862745 0.4980392156862745 0.4980392156862745 1 0.4980392156862745 0.4980392156862745 0.4980392156862745 1</float_array>
                    <technique_common>
                        <accessor count="14" source="#colorarrayMesh1_2" stride="4">
                            <param name="R" type="float"/>
                            <param name="G" type="float"/>
                            <param name="B" type="float"/>
                            <param name="A" type="float"/>
                        </accessor>
                    </technique_common>
                </source>
                <vertices id="verticesMesh1_2">
                    <input semantic="POSITION" source="#pointsMesh1_2"/>
                </vertices>
                <polylist count="16" material="Material1">
                    <input offset="0" semantic="VERTEX" source="#verticesMesh1_2"/>
                    <input offset="1" semantic="TEXCOORD" source="#uvsMesh1_2" set="0"/>
                    <input offset="2" semantic="COLOR" source="#colorsMesh1_2" set="0"/>
                    <vcount>3 3 3 3 3 3 3 3 3 3 3 3 3 3 3 3</vcount>
                    <p>0 0 0 1 1 1 2 2 2 3 3 3 4 4 4 0 0 0 0 0 0 2 2 2 3 3 3 1 1 1 0 0 0 5 5 5 4 4 4 6 6 6 0 0 0 6 6 6 5 5 5 0 0 0 3 3 3 2 2 2 7 7 7 8 8 8 2 2 2 1 1 1 2 2 2 8 8 8 7 7 7 9 9 9 4 4 4 3 3 3 3 3 3 10 10 10 9 9 9 7 7 7 11 11 11 3 3 3 11 11 11 10 10 10 3 3 3 10 10 10 12 12 12 9 9 9 4 4 4 9 9 9 13 13 13 4 4 4 13 13 13 6 6 6</p>
                </polylist>
            </mesh>
        </geometry>
        <geometry id="meshMesh2_1">
            <mesh>
                <source id="pointsMesh2_1">
                    <float_array id="pointarrayMesh2_1" count="87">122 -43 -30 91 28 -58 109 38 0 122 -43 30 91 28 61 -56 0 -71 -68 17 -84 0 22 -107 -107 5 0 -81 25 0 -68 38 -56 -68 17 86 -68 38 56 -25 43 -76 63 -28 -76 79 10 -94 122 -43 -30 91 -63 0 122 -43 30 91 28 -58 -84 -15 0 -56 0 73 51 43 -76 63 -28 79 91 28 61 79 10 94 0 22 107 -25 43 79 51 43 79</float_array>
                    <technique_common>
                        <accessor count="29" source="#pointarrayMesh2_1" stride="3">
                            <param name="X" type="float"/>
                            <param name="Y" type="float"/>
                            <param name="Z" type="float"/>
                        </accessor>
                    </technique_common>
                </source>
                <source id="uvsMesh2_1">
                    <float_array id="uvarrayMesh2_1" count="58">0 1 0 1 0 1 0 1 0 1 0 1 0 1 0 1 0 1 0 1 0 1 0 1 0 1 0 1 0 1 0 1 0 1 0 1 0 1 0 1 0 1 0 1 0 1 0 1 0 1 0 1 0 1 0 1 0 1</float_array>
                    <technique_common>
                        <accessor count="29" source="#uvarrayMesh2_1" stride="2">
                            <param name="S" type="float"/>
                            <param name="T" type="float"/>
                        </accessor>
                    </technique_common>
                </source>
                <source id="colorsMesh2_1">
                    <float_array id="colorarrayMesh2_1" count="116">0.8784313725490196 0.6823529411764706 0 1 0.8784313725490196 0.6823529411764706 0 1 0.8784313725490196 0.6823529411764706 0 1 0.8784313725490196 0.6823529411764706 0 1 0.8784313725490196 0.6823529411764706 0 1 1 1 1 1 1 1 1 1 1 1 1 1 1 1 1 1 1 1 1 1 1 1 1 1 1 1 1 1 1 1 1 1 1 1 1 1 1 1 1 1 1 1 1 1 1 1 1 1 1 1 1 1 1 1 1 1 1 1 1 1 1 1 1 1 1 1 1 1 1 1 1 1 1 1 1 1 1 1 1 1 1 1 1 1 1 1 1 1 1 1 1 1 1 1 1 1</float_array>
                    <technique_common>
                        <accessor count="29" source="#colorarrayMesh2_1" stride="4">
                            <param name="R" type="float"/>
                            <param name="G" type="float"/>
                            <param name="B" type="float"/>
                            <param name="A" type="float"/>
                        </accessor>
                    </technique_common>
                </source>
                <vertices id="verticesMesh2_1">
                    <input semantic="POSITION" source="#pointsMesh2_1"/>
                </vertices>
                <polylist count="34" material="Material1">
                    <input offset="0" semantic="VERTEX" source="#verticesMesh2_1"/>
                    <input offset="1" semantic="TEXCOORD" source="#uvsMesh2_1" set="0"/>
                    <input offset="2" semantic="COLOR" source="#colorsMesh2_1" set="0"/>
                    <vcount>3 3 3 3 3 3 3 3 3 3 3 3 3 3 3 3 3 3 3 3 3 3 3 3 3 3 3 3 3 3 3 3 3 3</vcount>
                    <p>0 0 0 1 1 1 2 2 2 3 3 3 0 0 0 2 2 2 2 2 2 4 4 4 3 3 3 5 5 5 6 6 6 7 7 7 8 8 8 6 6 6 5 5 5 9 9 9 6 6 6 8 8 8 7 7 7 6 6 6 10 10 10 6 6 6 9 9 9 10 10 10 9 9 9 8 8 8 11 11 11 12 12 12 9 9 9 11 11 11 7 7 7 10 10 10 13 13 13 14 14 14 15 15 15 16 16 16 16 16 16 17 17 17 14 14 14 17 17 17 16 16 16 18 18 18 16 16 16 15 15 15 19 19 19 14 14 14 7 7 7 15 15 15 7 7 7 14 14 14 5 5 5 8 8 8 20 20 20 21 21 21 22 22 22 19 19 19 15 15 15 15 15 15 7 7 7 22 22 22 7 7 7 13 13 13 22 22 22 8 8 8 5 5 5 20 20 20 23 23 23 17 17 17 18 18 18 21 21 21 11 11 11 8 8 8 24 24 24 25 25 25 18 18 18 18 18 18 25 25 25 23 23 23 12 12 12 11 11 11 26 26 26 27 27 27 12 12 12 26 26 26 26 26 26 11 11 11 21 21 21 21 21 21 23 23 23 26 26 26 28 28 28 26 26 26 25 25 25 28 28 28 27 27 27 26 26 26 25 25 25 26 26 26 23 23 23 28 28 28 25 25 25 24 24 24</p>
                </polylist>
            </mesh>
        </geometry>
        <geometry id="meshMesh2_2">
            <mesh>
                <source id="pointsMesh2_2">
                    <float_array id="pointarrayMesh2_2" count="87">122 -43 -30 91 28 -58 109 38 0 122 -43 30 91 28 61 -56 0 -71 -68 17 -84 0 22 -107 -107 5 0 -81 25 0 -68 38 -56 -68 17 86 -68 38 56 -25 43 -76 63 -28 -76 79 10 -94 122 -43 -30 91 -63 0 122 -43 30 91 28 -58 -84 -15 0 -56 0 73 51 43 -76 63 -28 79 91 28 61 79 10 94 0 22 107 -25 43 79 51 43 79</float_array>
                    <technique_common>
                        <accessor count="29" source="#pointarrayMesh2_2" stride="3">
                            <param name="X" type="float"/>
                            <param name="Y" type="float"/>
                            <param name="Z" type="float"/>
                        </accessor>
                    </technique_common>
                </source>
                <source id="uvsMesh2_2">
                    <float_array id="uvarrayMesh2_2" count="58">0 1 0 1 0 1 0 1 0 1 0 1 0 1 0 1 0 1 0 1 0 1 0 1 0 1 0 1 0 1 0 1 0 1 0 1 0 1 0 1 0 1 0 1 0 1 0 1 0 1 0 1 0 1 0 1 0 1</float_array>
                    <technique_common>
                        <accessor count="29" source="#uvarrayMesh2_2" stride="2">
                            <param name="S" type="float"/>
                            <param name="T" type="float"/>
                        </accessor>
                    </technique_common>
                </source>
                <source id="colorsMesh2_2">
                    <float_array id="colorarrayMesh2_2" count="116">0.4392156862745098 0.3411764705882353 0 1 0.4392156862745098 0.3411764705882353 0 1 0.4392156862745098 0.3411764705882353 0 1 0.4392156862745098 0.3411764705882353 0 1 0.4392156862745098 0.3411764705882353 0 1 0.4980392156862745 0.4980392156862745 0.4980392156862745 1 0.4980392156862745 0.4980392156862745 0.4980392156862745 1 0.4980392156862745 0.4980392156862745 0.4980392156862745 1 0.4980392156862745 0.4980392156862745 0.4980392156862745 1 0.4980392156862745 0.4980392156862745 0.4980392156862745 1 0.4980392156862745 0.4980392156862745 0.4980392156862745 1 0.4980392156862745 0.4980392156862745 0.4980392156862745 1 0.4980392156862745 0.4980392156862745 0.4980392156862745 1 0.4980392156862745 0.4980392156862745 0.4980392156862745 1 0.4980392156862745 0.4980392156862745 0.4980392156862745 1 0.4980392156862745 0.4980392156862745 0.4980392156862745 1 0.4980392156862745 0.4980392156862745 0.4980392156862745 1 0.4980392156862745 0.4980392156862745 0.4980392156862745 1 0.4980392156862745 0.4980392156862745 0.4980392156862745 1 0.4980392156862745 0.4980392156862745 0.4980392156862745 1 0.4980392156862745 0.4980392156862745 0.4980392156862745 1 0.4980392156862745 0.4980392156862745 0.4980392156862745 1 0.4980392156862745 0.4980392156862745 0.4980392156862745 1 0.4980392156862745 0.4980392156862745 0.4980392156862745 1 0.4980392156862745 0.4980392156862745 0.4980392156862745 1 0.4980392156862745 0.4980392156862745 0.4980392156862745 1 0.4980392156862745 0.4980392156862745 0.4980392156862745 1 0.4980392156862745 0.4980392156862745 0.4980392156862745 1 0.4980392156862745 0.4980392156862745 0.4980392156862745 1</float_array>
                    <technique_common>
                        <accessor count="29" source="#colorarrayMesh2_2" stride="4">
                            <param name="R" type="float"/>
                            <param name="G" type="float"/>
                            <param name="B" type="float"/>
                            <param name="A" type="float"/>
                        </accessor>
                    </technique_common>
                </source>
                <vertices id="verticesMesh2_2">
                    <input semantic="POSITION" source="#pointsMesh2_2"/>
                </vertices>
                <polylist count="34" material="Material1">
                    <input offset="0" semantic="VERTEX" source="#verticesMesh2_2"/>
                    <input offset="1" semantic="TEXCOORD" source="#uvsMesh2_2" set="0"/>
                    <input offset="2" semantic="COLOR" source="#colorsMesh2_2" set="0"/>
                    <vcount>3 3 3 3 3 3 3 3 3 3 3 3 3 3 3 3 3 3 3 3 3 3 3 3 3 3 3 3 3 3 3 3 3 3</vcount>
                    <p>0 0 0 1 1 1 2 2 2 3 3 3 0 0 0 2 2 2 2 2 2 4 4 4 3 3 3 5 5 5 6 6 6 7 7 7 8 8 8 6 6 6 5 5 5 9 9 9 6 6 6 8 8 8 7 7 7 6 6 6 10 10 10 6 6 6 9 9 9 10 10 10 9 9 9 8 8 8 11 11 11 12 12 12 9 9 9 11 11 11 7 7 7 10 10 10 13 13 13 14 14 14 15 15 15 16 16 16 16 16 16 17 17 17 14 14 14 17 17 17 16 16 16 18 18 18 16 16 16 15 15 15 19 19 19 14 14 14 7 7 7 15 15 15 7 7 7 14 14 14 5 5 5 8 8 8 20 20 20 21 21 21 22 22 22 19 19 19 15 15 15 15 15 15 7 7 7 22 22 22 7 7 7 13 13 13 22 22 22 8 8 8 5 5 5 20 20 20 23 23 23 17 17 17 18 18 18 21 21 21 11 11 11 8 8 8 24 24 24 25 25 25 18 18 18 18 18 18 25 25 25 23 23 23 12 12 12 11 11 11 26 26 26 27 27 27 12 12 12 26 26 26 26 26 26 11 11 11 21 21 21 21 21 21 23 23 23 26 26 26 28 28 28 26 26 26 25 25 25 28 28 28 27 27 27 26 26 26 25 25 25 26 26 26 23 23 23 28 28 28 25 25 25 24 24 24</p>
                </polylist>
            </mesh>
        </geometry>
        <geometry id="meshMesh3_1">
            <mesh>
                <source id="pointsMesh3_1">
                    <float_array id="pointarrayMesh3_1" count="27">139 -4 0 133 -11 -56 111 2 -51 155 -27 49 184 -56 23 133 -11 56 184 -56 -23 111 2 52 155 -27 -48</float_array>
                    <technique_common>
                        <accessor count="9" source="#pointarrayMesh3_1" stride="3">
                            <param name="X" type="float"/>
                            <param name="Y" type="float"/>
                            <param name="Z" type="float"/>
                        </accessor>
                    </technique_common>
                </source>
                <source id="uvsMesh3_1">
                    <float_array id="uvarrayMesh3_1" count="18">0.474609375 0.33203125 0.0078125 0.322265625 0.0390625 0.046875 0.88671875 0.68359375 0.68359375 1.0625 0.939453125 0.3203125 0.294921875 1.064453125 0.896484375 0.04296875 0.076171875 0.685546875</float_array>
                    <technique_common>
                        <accessor count="9" source="#uvarrayMesh3_1" stride="2">
                            <param name="S" type="float"/>
                            <param name="T" type="float"/>
                        </accessor>
                    </technique_common>
                </source>
                <vertices id="verticesMesh3_1">
                    <input semantic="POSITION" source="#pointsMesh3_1"/>
                </vertices>
                <polylist count="7" material="Material1">
                    <input offset="0" semantic="VERTEX" source="#verticesMesh3_1"/>
                    <input offset="1" semantic="TEXCOORD" source="#uvsMesh3_1" set="0"/>
                    <vcount>3 3 3 3 3 3 3</vcount>
                    <p>0 0 1 1 2 2 3 3 4 4 0 0 0 0 5 5 3 3 4 4 6 6 0 0 7 7 5 5 0 0 8 8 1 1 0 0 0 0 6 6 8 8</p>
                </polylist>
            </mesh>
        </geometry>
        <geometry id="meshMesh3_2">
            <mesh>
                <source id="pointsMesh3_2">
                    <float_array id="pointarrayMesh3_2" count="27">139 -4 0 133 -11 -56 111 2 -51 155 -27 49 184 -56 23 133 -11 56 184 -56 -23 111 2 52 155 -27 -48</float_array>
                    <technique_common>
                        <accessor count="9" source="#pointarrayMesh3_2" stride="3">
                            <param name="X" type="float"/>
                            <param name="Y" type="float"/>
                            <param name="Z" type="float"/>
                        </accessor>
                    </technique_common>
                </source>
                <source id="uvsMesh3_2">
                    <float_array id="uvarrayMesh3_2" count="18">0.474609375 0.33203125 0.0078125 0.322265625 0.0390625 0.046875 0.88671875 0.68359375 0.68359375 1.0625 0.939453125 0.3203125 0.294921875 1.064453125 0.896484375 0.04296875 0.076171875 0.685546875</float_array>
                    <technique_common>
                        <accessor count="9" source="#uvarrayMesh3_2" stride="2">
                            <param name="S" type="float"/>
                            <param name="T" type="float"/>
                        </accessor>
                    </technique_common>
                </source>
                <source id="colorsMesh3_2">
                    <float_array id="colorarrayMesh3_2" count="36">0.4980392156862745 0.4980392156862745 0.4980392156862745 1 0.4980392156862745 0.4980392156862745 0.4980392156862745 1 0.4980392156862745 0.4980392156862745 0.4980392156862745 1 0.4980392156862745 0.4980392156862745 0.4980392156862745 1 0.4980392156862745 0.4980392156862745 0.4980392156862745 1 0.4980392156862745 0.4980392156862745 0.4980392156862745 1 0.4980392156862745 0.4980392156862745 0.4980392156862745 1 0.4980392156862745 0.4980392156862745 0.4980392156862745 1 0.4980392156862745 0.4980392156862745 0.4980392156862745 1</float_array>
                    <technique_common>
                        <accessor count="9" source="#colorarrayMesh3_2" stride="4">
                            <param name="R" type="float"/>
                            <param name="G" type="float"/>
                            <param name="B" type="float"/>
                            <param name="A" type="float"/>
                        </accessor>
                    </technique_common>
                </source>
                <vertices id="verticesMesh3_2">
                    <input semantic="POSITION" source="#pointsMesh3_2"/>
                </vertices>
                <polylist count="7" material="Material1">
                    <input offset="0" semantic="VERTEX" source="#verticesMesh3_2"/>
                    <input offset="1" semantic="TEXCOORD" source="#uvsMesh3_2" set="0"/>
                    <input offset="2" semantic="COLOR" source="#colorsMesh3_2" set="0"/>
                    <vcount>3 3 3 3 3 3 3</vcount>
                    <p>0 0 0 1 1 1 2 2 2 3 3 3 4 4 4 0 0 0 0 0 0 5 5 5 3 3 3 4 4 4 6 6 6 0 0 0 7 7 7 5 5 5 0 0 0 8 8 8 1 1 1 0 0 0 0 0 0 6 6 6 8 8 8</p>
                </polylist>
            </mesh>
        </geometry>
        <geometry id="meshMesh4_1">
            <mesh>
                <source id="pointsMesh4_1">
                    <float_array id="pointarrayMesh4_1" count="90">10 50 -36 15 22 -64 -12 -4 0 16 -63 0 43 -44 -54 69 -65 -18 99 -87 0 102 -44 -54 69 -65 18 102 -44 54 147 -93 0 43 -44 54 23 -24 60 23 -24 -59 0 52 0 45 75 32 36 84 0 10 50 36 15 22 65 54 2 87 64 41 62 45 75 -31 64 41 -62 54 2 -87 77 -16 -82 92 84 -51 92 84 51 87 114 0 84 81 0 77 -16 82</float_array>
                    <technique_common>
                        <accessor count="30" source="#pointarrayMesh4_1" stride="3">
                            <param name="X" type="float"/>
                            <param name="Y" type="float"/>
                            <param name="Z" type="float"/>
                        </accessor>
                    </technique_common>
                </source>
                <source id="uvsMesh4_1">
                    <float_array id="uvarrayMesh4_1" count="60">0.77734375 -2.798828125 1.03515625 -2.51953125 0.447265625 -3.21875 0.447265625 -2.150390625 0.94140625 -1.4765625 0.611328125 -0.701171875 0.447265625 0.205078125 0.9375 0.138671875 0.28125 -0.724609375 -0.041015625 0.06640625 0.447265625 1.556640625 -0.044921875 -1.55078125 -0.08984375 -2.1640625 0.98828125 -2.0859375 0.44921875 -3.11328125 0.16015625 -2.00390625 0.451171875 -2.26953125 0.12109375 -2.845703125 -0.13671875 -2.60546875 -0.3359375 -1.474609375 -0.109375 -1.353515625 0.740234375 -1.9609375 1.009765625 -1.271484375 1.234375 -1.359375 1.19140625 -0.66015625 0.91796875 -0.697265625 -0.015625 -0.765625 0.44921875 -1.01953125 0.451171875 -0.958984375 -0.29296875 -0.76953125</float_array>
                    <technique_common>
                        <accessor count="30" source="#uvarrayMesh4_1" stride="2">
                            <param name="S" type="float"/>
                            <param name="T" type="float"/>
                        </accessor>
                    </technique_common>
                </source>
                <vertices id="verticesMesh4_1">
                    <input semantic="POSITION" source="#pointsMesh4_1"/>
                </vertices>
                <polylist count="44" material="Material1">
                    <input offset="0" semantic="VERTEX" source="#verticesMesh4_1"/>
                    <input offset="1" semantic="TEXCOORD" source="#uvsMesh4_1" set="0"/>
                    <vcount>3 3 3 3 3 3 3 3 3 3 3 3 3 3 3 3 3 3 3 3 3 3 3 3 3 3 3 3 3 3 3 3 3 3 3 3 3 3 3 3 3 3 3 3</vcount>
                    <p>0 0 1 1 2 2 3 3 4 4 5 5 6 6 5 5 7 7 5 5 6 6 8 8 3 3 5 5 8 8 7 7 5 5 4 4 9 9 6 6 10 10 7 7 10 10 6 6 9 9 8 8 6 6 8 8 11 11 3 3 11 11 8 8 9 9 3 3 11 11 12 12 2 2 3 3 12 12 3 3 13 13 4 4 13 13 3 3 2 2 2 2 1 1 13 13 14 14 0 0 2 2 14 14 15 15 16 16 14 14 2 2 17 17 2 2 18 18 17 17 18 18 12 12 19 19 19 19 20 20 18 18 17 17 18 18 20 20 12 12 18 18 2 2 14 14 17 17 15 15 20 20 15 15 17 17 16 16 0 0 14 14 16 16 21 21 0 0 0 0 22 22 1 1 0 0 21 21 22 22 23 23 24 24 4 4 23 23 13 13 1 1 25 25 26 26 27 27 25 25 20 20 26 26 25 25 22 22 20 20 20 20 28 28 15 15 21 21 28 28 22 22 4 4 24 24 7 7 23 23 4 4 13 13 16 16 28 28 21 21 11 11 29 29 19 19 19 19 12 12 11 11 29 29 11 11 9 9 16 16 15 15 28 28</p>
                </polylist>
            </mesh>
        </geometry>
        <geometry id="meshMesh4_2">
            <mesh>
                <source id="pointsMesh4_2">
                    <float_array id="pointarrayMesh4_2" count="90">10 50 -36 15 22 -64 -12 -4 0 16 -63 0 43 -44 -54 69 -65 -18 99 -87 0 102 -44 -54 69 -65 18 102 -44 54 147 -93 0 43 -44 54 23 -24 60 23 -24 -59 0 52 0 45 75 32 36 84 0 10 50 36 15 22 65 54 2 87 64 41 62 45 75 -31 64 41 -62 54 2 -87 77 -16 -82 92 84 -51 92 84 51 87 114 0 84 81 0 77 -16 82</float_array>
                    <technique_common>
                        <accessor count="30" source="#pointarrayMesh4_2" stride="3">
                            <param name="X" type="float"/>
                            <param name="Y" type="float"/>
                            <param name="Z" type="float"/>
                        </accessor>
                    </technique_common>
                </source>
                <source id="uvsMesh4_2">
                    <float_array id="uvarrayMesh4_2" count="60">0.77734375 -2.798828125 1.03515625 -2.51953125 0.447265625 -3.21875 0.447265625 -2.150390625 0.94140625 -1.4765625 0.611328125 -0.701171875 0.447265625 0.205078125 0.9375 0.138671875 0.28125 -0.724609375 -0.041015625 0.06640625 0.447265625 1.556640625 -0.044921875 -1.55078125 -0.08984375 -2.1640625 0.98828125 -2.0859375 0.44921875 -3.11328125 0.16015625 -2.00390625 0.451171875 -2.26953125 0.12109375 -2.845703125 -0.13671875 -2.60546875 -0.3359375 -1.474609375 -0.109375 -1.353515625 0.740234375 -1.9609375 1.009765625 -1.271484375 1.234375 -1.359375 1.19140625 -0.66015625 0.91796875 -0.697265625 -0.015625 -0.765625 0.44921875 -1.01953125 0.451171875 -0.958984375 -0.29296875 -0.76953125</float_array>
                    <technique_common>
                        <accessor count="30" source="#uvarrayMesh4_2" stride="2">
                            <param name="S" type="float"/>
                            <param name="T" type="float"/>
                        </accessor>
                    </technique_common>
                </source>
                <source id="colorsMesh4_2">
                    <float_array id="colorarrayMesh4_2" count="120">0.4980392156862745 0.4980392156862745 0.4980392156862745 1 0.4980392156862745 0.4980392156862745 0.4980392156862745 1 0.4980392156862745 0.4980392156862745 0.4980392156862745 1 0.4980392156862745 0.4980392156862745 0.4980392156862745 1 0.4980392156862745 0.4980392156862745 0.4980392156862745 1 0.4980392156862745 0.4980392156862745 0.4980392156862745 1 0.4980392156862745 0.4980392156862745 0.4980392156862745 1 0.4980392156862745 0.4980392156862745 0.4980392156862745 1 0.4980392156862745 0.4980392156862745 0.4980392156862745 1 0.4980392156862745 0.4980392156862745 0.4980392156862745 1 0.4980392156862745 0.4980392156862745 0.4980392156862745 1 0.4980392156862745 0.4980392156862745 0.4980392156862745 1 0.4980392156862745 0.4980392156862745 0.4980392156862745 1 0.4980392156862745 0.4980392156862745 0.4980392156862745 1 0.4980392156862745 0.4980392156862745 0.4980392156862745 1 0.4980392156862745 0.4980392156862745 0.4980392156862745 1 0.4980392156862745 0.4980392156862745 0.4980392156862745 1 0.4980392156862745 0.4980392156862745 0.4980392156862745 1 0.4980392156862745 0.4980392156862745 0.4980392156862745 1 0.4980392156862745 0.4980392156862745 0.4980392156862745 1 0.4980392156862745 0.4980392156862745 0.4980392156862745 1 0.4980392156862745 0.4980392156862745 0.4980392156862745 1 0.4980392156862745 0.4980392156862745 0.4980392156862745 1 0.4980392156862745 0.4980392156862745 0.4980392156862745 1 0.4980392156862745 0.4980392156862745 0.4980392156862745 1 0.4980392156862745 0.4980392156862745 0.4980392156862745 1 0.4980392156862745 0.4980392156862745 0.4980392156862745 1 0.4980392156862745 0.4980392156862745 0.4980392156862745 1 0.4980392156862745 0.4980392156862745 0.4980392156862745 1 0.4980392156862745 0.4980392156862745 0.4980392156862745 1</float_array>
                    <technique_common>
                        <accessor count="30" source="#colorarrayMesh4_2" stride="4">
                            <param name="R" type="float"/>
                            <param name="G" type="float"/>
                            <param name="B" type="float"/>
                            <param name="A" type="float"/>
                        </accessor>
                    </technique_common>
                </source>
                <vertices id="verticesMesh4_2">
                    <input semantic="POSITION" source="#pointsMesh4_2"/>
                </vertices>
                <polylist count="44" material="Material1">
                    <input offset="0" semantic="VERTEX" source="#verticesMesh4_2"/>
                    <input offset="1" semantic="TEXCOORD" source="#uvsMesh4_2" set="0"/>
                    <input offset="2" semantic="COLOR" source="#colorsMesh4_2" set="0"/>
                    <vcount>3 3 3 3 3 3 3 3 3 3 3 3 3 3 3 3 3 3 3 3 3 3 3 3 3 3 3 3 3 3 3 3 3 3 3 3 3 3 3 3 3 3 3 3</vcount>
                    <p>0 0 0 1 1 1 2 2 2 3 3 3 4 4 4 5 5 5 6 6 6 5 5 5 7 7 7 5 5 5 6 6 6 8 8 8 3 3 3 5 5 5 8 8 8 7 7 7 5 5 5 4 4 4 9 9 9 6 6 6 10 10 10 7 7 7 10 10 10 6 6 6 9 9 9 8 8 8 6 6 6 8 8 8 11 11 11 3 3 3 11 11 11 8 8 8 9 9 9 3 3 3 11 11 11 12 12 12 2 2 2 3 3 3 12 12 12 3 3 3 13 13 13 4 4 4 13 13 13 3 3 3 2 2 2 2 2 2 1 1 1 13 13 13 14 14 14 0 0 0 2 2 2 14 14 14 15 15 15 16 16 16 14 14 14 2 2 2 17 17 17 2 2 2 18 18 18 17 17 17 18 18 18 12 12 12 19 19 19 19 19 19 20 20 20 18 18 18 17 17 17 18 18 18 20 20 20 12 12 12 18 18 18 2 2 2 14 14 14 17 17 17 15 15 15 20 20 20 15 15 15 17 17 17 16 16 16 0 0 0 14 14 14 16 16 16 21 21 21 0 0 0 0 0 0 22 22 22 1 1 1 0 0 0 21 21 21 22 22 22 23 23 23 24 24 24 4 4 4 23 23 23 13 13 13 1 1 1 25 25 25 26 26 26 27 27 27 25 25 25 20 20 20 26 26 26 25 25 25 22 22 22 20 20 20 20 20 20 28 28 28 15 15 15 21 21 21 28 28 28 22 22 22 4 4 4 24 24 24 7 7 7 23 23 23 4 4 4 13 13 13 16 16 16 28 28 28 21 21 21 11 11 11 29 29 29 19 19 19 19 19 19 12 12 12 11 11 11 29 29 29 11 11 11 9 9 9 16 16 16 15 15 15 28 28 28</p>
                </polylist>
            </mesh>
        </geometry>
        <geometry id="meshMesh5_1">
            <mesh>
                <source id="pointsMesh5_1">
                    <float_array id="pointarrayMesh5_1" count="69">92 84 -51 140 72 -49 99 22 -60 153 27 -31 149 99 0 170 42 0 87 114 0 140 72 49 153 27 31 139 -4 0 92 84 51 99 22 60 111 2 52 77 -16 -82 111 2 -51 77 -16 82 102 -44 54 64 41 62 54 2 87 102 -44 -54 54 2 -87 64 41 -62 15 22 -64</float_array>
                    <technique_common>
                        <accessor count="23" source="#pointarrayMesh5_1" stride="3">
                            <param name="X" type="float"/>
                            <param name="Y" type="float"/>
                            <param name="Z" type="float"/>
                        </accessor>
                    </technique_common>
                </source>
                <source id="uvsMesh5_1">
                    <float_array id="uvarrayMesh5_1" count="46">0.0234375 -0.017578125 0.0390625 0.41796875 -0.0625 0.892578125 0.189453125 1.142578125 0.482421875 0.09765625 0.47265625 1.029296875 0.48828125 -0.46875 0.919921875 0.439453125 0.75390625 1.158203125 0.46875 1.53125 0.943359375 0.005859375 1.013671875 0.919921875 0.931640625 1.271484375 -0.26171875 1.32421875 0.009765625 1.248046875 1.203125 1.361328125 0.94921875 1.90234375 1.033203125 0.45703125 1.25 0.9609375 -0.017578125 1.87890625 -0.30078125 0.921875 -0.072265625 0.427734375 -0.09765625 0.423828125</float_array>
                    <technique_common>
                        <accessor count="23" source="#uvarrayMesh5_1" stride="2">
                            <param name="S" type="float"/>
                            <param name="T" type="float"/>
                        </accessor>
                    </technique_common>
                </source>
                <vertices id="verticesMesh5_1">
                    <input semantic="POSITION" source="#pointsMesh5_1"/>
                </vertices>
                <polylist count="29" material="Material1">
                    <input offset="0" semantic="VERTEX" source="#verticesMesh5_1"/>
                    <input offset="1" semantic="TEXCOORD" source="#uvsMesh5_1" set="0"/>
                    <vcount>3 3 3 3 3 3 3 3 3 3 3 3 3 3 3 3 3 3 3 3 3 3 3 3 3 3 3 3 3</vcount>
                    <p>0 0 1 1 2 2 3 3 2 2 1 1 1 1 4 4 5 5 1 1 0 0 6 6 6 6 4 4 1 1 5 5 3 3 1 1 7 7 4 4 6 6 7 7 5 5 4 4 7 7 8 8 5 5 3 3 5 5 9 9 9 9 5 5 8 8 7 7 6 6 10 10 11 11 7 7 10 10 8 8 7 7 11 11 12 12 9 9 8 8 8 8 11 11 12 12 13 13 2 2 14 14 12 12 15 15 16 16 12 12 11 11 15 15 14 14 3 3 9 9 10 10 17 17 11 11 18 18 15 15 11 11 18 18 11 11 17 17 14 14 19 19 13 13 14 14 2 2 3 3 20 20 21 21 2 2 21 21 0 0 2 2 2 2 13 13 20 20 22 22 21 21 20 20</p>
                </polylist>
            </mesh>
        </geometry>
        <geometry id="meshMesh5_2">
            <mesh>
                <source id="pointsMesh5_2">
                    <float_array id="pointarrayMesh5_2" count="69">92 84 -51 140 72 -49 99 22 -60 153 27 -31 149 99 0 170 42 0 87 114 0 140 72 49 153 27 31 139 -4 0 92 84 51 99 22 60 111 2 52 77 -16 -82 111 2 -51 77 -16 82 102 -44 54 64 41 62 54 2 87 102 -44 -54 54 2 -87 64 41 -62 15 22 -64</float_array>
                    <technique_common>
                        <accessor count="23" source="#pointarrayMesh5_2" stride="3">
                            <param name="X" type="float"/>
                            <param name="Y" type="float"/>
                            <param name="Z" type="float"/>
                        </accessor>
                    </technique_common>
                </source>
                <source id="uvsMesh5_2">
                    <float_array id="uvarrayMesh5_2" count="46">0.0234375 -0.017578125 0.0390625 0.41796875 -0.0625 0.892578125 0.189453125 1.142578125 0.482421875 0.09765625 0.47265625 1.029296875 0.48828125 -0.46875 0.919921875 0.439453125 0.75390625 1.158203125 0.46875 1.53125 0.943359375 0.005859375 1.013671875 0.919921875 0.931640625 1.271484375 -0.26171875 1.32421875 0.009765625 1.248046875 1.203125 1.361328125 0.94921875 1.90234375 1.033203125 0.45703125 1.25 0.9609375 -0.017578125 1.87890625 -0.30078125 0.921875 -0.072265625 0.427734375 -0.09765625 0.423828125</float_array>
                    <technique_common>
                        <accessor count="23" source="#uvarrayMesh5_2" stride="2">
                            <param name="S" type="float"/>
                            <param name="T" type="float"/>
                        </accessor>
                    </technique_common>
                </source>
                <source id="colorsMesh5_2">
                    <float_array id="colorarrayMesh5_2" count="92">0.4980392156862745 0.4980392156862745 0.4980392156862745 1 0.4980392156862745 0.4980392156862745 0.4980392156862745 1 0.4980392156862745 0.4980392156862745 0.4980392156862745 1 0.4980392156862745 0.4980392156862745 0.4980392156862745 1 0.4980392156862745 0.4980392156862745 0.4980392156862745 1 0.4980392156862745 0.4980392156862745 0.4980392156862745 1 0.4980392156862745 0.4980392156862745 0.4980392156862745 1 0.4980392156862745 0.4980392156862745 0.4980392156862745 1 0.4980392156862745 0.4980392156862745 0.4980392156862745 1 0.4980392156862745 0.4980392156862745 0.4980392156862745 1 0.4980392156862745 0.4980392156862745 0.4980392156862745 1 0.4980392156862745 0.4980392156862745 0.4980392156862745 1 0.4980392156862745 0.4980392156862745 0.4980392156862745 1 0.4980392156862745 0.4980392156862745 0.4980392156862745 1 0.4980392156862745 0.4980392156862745 0.4980392156862745 1 0.4980392156862745 0.4980392156862745 0.4980392156862745 1 0.4980392156862745 0.4980392156862745 0.4980392156862745 1 0.4980392156862745 0.4980392156862745 0.4980392156862745 1 0.4980392156862745 0.4980392156862745 0.4980392156862745 1 0.4980392156862745 0.4980392156862745 0.4980392156862745 1 0.4980392156862745 0.4980392156862745 0.4980392156862745 1 0.4980392156862745 0.4980392156862745 0.4980392156862745 1 0.4980392156862745 0.4980392156862745 0.4980392156862745 1</float_array>
                    <technique_common>
                        <accessor count="23" source="#colorarrayMesh5_2" stride="4">
                            <param name="R" type="float"/>
                            <param name="G" type="float"/>
                            <param name="B" type="float"/>
                            <param name="A" type="float"/>
                        </accessor>
                    </technique_common>
                </source>
                <vertices id="verticesMesh5_2">
                    <input semantic="POSITION" source="#pointsMesh5_2"/>
                </vertices>
                <polylist count="29" material="Material1">
                    <input offset="0" semantic="VERTEX" source="#verticesMesh5_2"/>
                    <input offset="1" semantic="TEXCOORD" source="#uvsMesh5_2" set="0"/>
                    <input offset="2" semantic="COLOR" source="#colorsMesh5_2" set="0"/>
                    <vcount>3 3 3 3 3 3 3 3 3 3 3 3 3 3 3 3 3 3 3 3 3 3 3 3 3 3 3 3 3</vcount>
                    <p>0 0 0 1 1 1 2 2 2 3 3 3 2 2 2 1 1 1 1 1 1 4 4 4 5 5 5 1 1 1 0 0 0 6 6 6 6 6 6 4 4 4 1 1 1 5 5 5 3 3 3 1 1 1 7 7 7 4 4 4 6 6 6 7 7 7 5 5 5 4 4 4 7 7 7 8 8 8 5 5 5 3 3 3 5 5 5 9 9 9 9 9 9 5 5 5 8 8 8 7 7 7 6 6 6 10 10 10 11 11 11 7 7 7 10 10 10 8 8 8 7 7 7 11 11 11 12 12 12 9 9 9 8 8 8 8 8 8 11 11 11 12 12 12 13 13 13 2 2 2 14 14 14 12 12 12 15 15 15 16 16 16 12 12 12 11 11 11 15 15 15 14 14 14 3 3 3 9 9 9 10 10 10 17 17 17 11 11 11 18 18 18 15 15 15 11 11 11 18 18 18 11 11 11 17 17 17 14 14 14 19 19 19 13 13 13 14 14 14 2 2 2 3 3 3 20 20 20 21 21 21 2 2 2 21 21 21 0 0 0 2 2 2 2 2 2 13 13 13 20 20 20 22 22 22 21 21 21 20 20 20</p>
                </polylist>
            </mesh>
        </geometry>
        <geometry id="meshMesh6_1">
            <mesh>
                <source id="pointsMesh6_1">
                    <float_array id="pointarrayMesh6_1" count="60">64 41 -62 84 81 0 64 41 62 111 2 52 102 -44 54 120 -30 64 184 -56 -23 180 -81 -29 139 -51 -58 102 -44 -54 147 -93 0 120 -30 -63 111 2 -51 155 -27 -48 180 -81 29 139 -51 58 184 -56 23 155 -27 49 133 -11 56 133 -11 -56</float_array>
                    <technique_common>
                        <accessor count="20" source="#pointarrayMesh6_1" stride="3">
                            <param name="X" type="float"/>
                            <param name="Y" type="float"/>
                            <param name="Z" type="float"/>
                        </accessor>
                    </technique_common>
                </source>
                <source id="uvsMesh6_1">
                    <float_array id="uvarrayMesh6_1" count="40">0 1 0 1 0 1 0 1 0 1 0 1 0 1 0 1 0 1 0 1 0 1 0 1 0 1 0 1 0 1 0 1 0 1 0 1 0 1 0 1</float_array>
                    <technique_common>
                        <accessor count="20" source="#uvarrayMesh6_1" stride="2">
                            <param name="S" type="float"/>
                            <param name="T" type="float"/>
                        </accessor>
                    </technique_common>
                </source>
                <source id="colorsMesh6_1">
                    <float_array id="colorarrayMesh6_1" count="80">0.807843137254902 0.08627450980392157 0.20784313725490197 1 0.807843137254902 0.08627450980392157 0.20784313725490197 1 0.807843137254902 0.08627450980392157 0.20784313725490197 1 1 1 1 1 1 1 1 1 1 1 1 1 1 1 1 1 1 1 1 1 1 1 1 1 1 1 1 1 1 1 1 1 1 1 1 1 1 1 1 1 1 1 1 1 1 1 1 1 1 1 1 1 1 1 1 1 1 1 1 1 1 1 1 1 1 1 1 1</float_array>
                    <technique_common>
                        <accessor count="20" source="#colorarrayMesh6_1" stride="4">
                            <param name="R" type="float"/>
                            <param name="G" type="float"/>
                            <param name="B" type="float"/>
                            <param name="A" type="float"/>
                        </accessor>
                    </technique_common>
                </source>
                <vertices id="verticesMesh6_1">
                    <input semantic="POSITION" source="#pointsMesh6_1"/>
                </vertices>
                <polylist count="22" material="Material1">
                    <input offset="0" semantic="VERTEX" source="#verticesMesh6_1"/>
                    <input offset="1" semantic="TEXCOORD" source="#uvsMesh6_1" set="0"/>
                    <input offset="2" semantic="COLOR" source="#colorsMesh6_1" set="0"/>
                    <vcount>3 3 3 3 3 3 3 3 3 3 3 3 3 3 3 3 3 3 3 3 3 3</vcount>
                    <p>0 0 0 1 1 1 2 2 2 3 3 3 4 4 4 5 5 5 6 6 6 7 7 7 8 8 8 9 9 9 7 7 7 10 10 10 7 7 7 9 9 9 8 8 8 9 9 9 11 11 11 8 8 8 11 11 11 9 9 9 12 12 12 8 8 8 13 13 13 6 6 6 11 11 11 13 13 13 8 8 8 14 14 14 15 15 15 4 4 4 15 15 15 5 5 5 4 4 4 4 4 4 10 10 10 14 14 14 16 16 16 17 17 17 15 15 15 15 15 15 18 18 18 5 5 5 15 15 15 17 17 17 18 18 18 3 3 3 5 5 5 18 18 18 12 12 12 19 19 19 11 11 11 11 11 11 19 19 19 13 13 13 16 16 16 14 14 14 7 7 7 15 15 15 14 14 14 16 16 16 7 7 7 6 6 6 16 16 16 10 10 10 7 7 7 14 14 14</p>
                </polylist>
            </mesh>
        </geometry>
        <geometry id="meshMesh6_2">
            <mesh>
                <source id="pointsMesh6_2">
                    <float_array id="pointarrayMesh6_2" count="60">64 41 -62 84 81 0 64 41 62 111 2 52 102 -44 54 120 -30 64 184 -56 -23 180 -81 -29 139 -51 -58 102 -44 -54 147 -93 0 120 -30 -63 111 2 -51 155 -27 -48 180 -81 29 139 -51 58 184 -56 23 155 -27 49 133 -11 56 133 -11 -56</float_array>
                    <technique_common>
                        <accessor count="20" source="#pointarrayMesh6_2" stride="3">
                            <param name="X" type="float"/>
                            <param name="Y" type="float"/>
                            <param name="Z" type="float"/>
                        </accessor>
                    </technique_common>
                </source>
                <source id="uvsMesh6_2">
                    <float_array id="uvarrayMesh6_2" count="40">0 1 0 1 0 1 0 1 0 1 0 1 0 1 0 1 0 1 0 1 0 1 0 1 0 1 0 1 0 1 0 1 0 1 0 1 0 1 0 1</float_array>
                    <technique_common>
                        <accessor count="20" source="#uvarrayMesh6_2" stride="2">
                            <param name="S" type="float"/>
                            <param name="T" type="float"/>
                        </accessor>
                    </technique_common>
                </source>
                <source id="colorsMesh6_2">
                    <float_array id="colorarrayMesh6_2" count="80">0.403921568627451 0.043137254901960784 0.10196078431372549 1 0.403921568627451 0.043137254901960784 0.10196078431372549 1 0.403921568627451 0.043137254901960784 0.10196078431372549 1 0.4980392156862745 0.4980392156862745 0.4980392156862745 1 0.4980392156862745 0.4980392156862745 0.4980392156862745 1 0.4980392156862745 0.4980392156862745 0.4980392156862745 1 0.4980392156862745 0.4980392156862745 0.4980392156862745 1 0.4980392156862745 0.4980392156862745 0.4980392156862745 1 0.4980392156862745 0.4980392156862745 0.4980392156862745 1 0.4980392156862745 0.4980392156862745 0.4980392156862745 1 0.4980392156862745 0.4980392156862745 0.4980392156862745 1 0.4980392156862745 0.4980392156862745 0.4980392156862745 1 0.4980392156862745 0.4980392156862745 0.4980392156862745 1 0.4980392156862745 0.4980392156862745 0.4980392156862745 1 0.4980392156862745 0.4980392156862745 0.4980392156862745 1 0.4980392156862745 0.4980392156862745 0.4980392156862745 1 0.4980392156862745 0.4980392156862745 0.4980392156862745 1 0.4980392156862745 0.4980392156862745 0.4980392156862745 1 0.4980392156862745 0.4980392156862745 0.4980392156862745 1 0.4980392156862745 0.4980392156862745 0.4980392156862745 1</float_array>
                    <technique_common>
                        <accessor count="20" source="#colorarrayMesh6_2" stride="4">
                            <param name="R" type="float"/>
                            <param name="G" type="float"/>
                            <param name="B" type="float"/>
                            <param name="A" type="float"/>
                        </accessor>
                    </technique_common>
                </source>
                <vertices id="verticesMesh6_2">
                    <input semantic="POSITION" source="#pointsMesh6_2"/>
                </vertices>
                <polylist count="22" material="Material1">
                    <input offset="0" semantic="VERTEX" source="#verticesMesh6_2"/>
                    <input offset="1" semantic="TEXCOORD" source="#uvsMesh6_2" set="0"/>
                    <input offset="2" semantic="COLOR" source="#colorsMesh6_2" set="0"/>
                    <vcount>3 3 3 3 3 3 3 3 3 3 3 3 3 3 3 3 3 3 3 3 3 3</vcount>
                    <p>0 0 0 1 1 1 2 2 2 3 3 3 4 4 4 5 5 5 6 6 6 7 7 7 8 8 8 9 9 9 7 7 7 10 10 10 7 7 7 9 9 9 8 8 8 9 9 9 11 11 11 8 8 8 11 11 11 9 9 9 12 12 12 8 8 8 13 13 13 6 6 6 11 11 11 13 13 13 8 8 8 14 14 14 15 15 15 4 4 4 15 15 15 5 5 5 4 4 4 4 4 4 10 10 10 14 14 14 16 16 16 17 17 17 15 15 15 15 15 15 18 18 18 5 5 5 15 15 15 17 17 17 18 18 18 3 3 3 5 5 5 18 18 18 12 12 12 19 19 19 11 11 11 11 11 11 19 19 19 13 13 13 16 16 16 14 14 14 7 7 7 15 15 15 14 14 14 16 16 16 7 7 7 6 6 6 16 16 16 10 10 10 7 7 7 14 14 14</p>
                </polylist>
            </mesh>
        </geometry>
        <geometry id="meshMesh7_1">
            <mesh>
                <source id="pointsMesh7_1">
                    <float_array id="pointarrayMesh7_1" count="27">139 -4 0 133 -11 -56 111 2 -51 155 -27 49 184 -56 23 133 -11 56 184 -56 -23 111 2 52 155 -27 -48</float_array>
                    <technique_common>
                        <accessor count="9" source="#pointarrayMesh7_1" stride="3">
                            <param name="X" type="float"/>
                            <param name="Y" type="float"/>
                            <param name="Z" type="float"/>
                        </accessor>
                    </technique_common>
                </source>
                <source id="uvsMesh7_1">
                    <float_array id="uvarrayMesh7_1" count="18">0.474609375 0.33203125 0.0078125 0.322265625 0.0390625 0.046875 0.88671875 0.68359375 0.68359375 1.0625 0.939453125 0.3203125 0.294921875 1.064453125 0.896484375 0.04296875 0.076171875 0.685546875</float_array>
                    <technique_common>
                        <accessor count="9" source="#uvarrayMesh7_1" stride="2">
                            <param name="S" type="float"/>
                            <param name="T" type="float"/>
                        </accessor>
                    </technique_common>
                </source>
                <vertices id="verticesMesh7_1">
                    <input semantic="POSITION" source="#pointsMesh7_1"/>
                </vertices>
                <polylist count="7" material="Material1">
                    <input offset="0" semantic="VERTEX" source="#verticesMesh7_1"/>
                    <input offset="1" semantic="TEXCOORD" source="#uvsMesh7_1" set="0"/>
                    <vcount>3 3 3 3 3 3 3</vcount>
                    <p>0 0 1 1 2 2 3 3 4 4 0 0 0 0 5 5 3 3 4 4 6 6 0 0 7 7 5 5 0 0 8 8 1 1 0 0 0 0 6 6 8 8</p>
                </polylist>
            </mesh>
        </geometry>
        <geometry id="meshMesh7_2">
            <mesh>
                <source id="pointsMesh7_2">
                    <float_array id="pointarrayMesh7_2" count="27">139 -4 0 133 -11 -56 111 2 -51 155 -27 49 184 -56 23 133 -11 56 184 -56 -23 111 2 52 155 -27 -48</float_array>
                    <technique_common>
                        <accessor count="9" source="#pointarrayMesh7_2" stride="3">
                            <param name="X" type="float"/>
                            <param name="Y" type="float"/>
                            <param name="Z" type="float"/>
                        </accessor>
                    </technique_common>
                </source>
                <source id="uvsMesh7_2">
                    <float_array id="uvarrayMesh7_2" count="18">0.474609375 0.33203125 0.0078125 0.322265625 0.0390625 0.046875 0.88671875 0.68359375 0.68359375 1.0625 0.939453125 0.3203125 0.294921875 1.064453125 0.896484375 0.04296875 0.076171875 0.685546875</float_array>
                    <technique_common>
                        <accessor count="9" source="#uvarrayMesh7_2" stride="2">
                            <param name="S" type="float"/>
                            <param name="T" type="float"/>
                        </accessor>
                    </technique_common>
                </source>
                <source id="colorsMesh7_2">
                    <float_array id="colorarrayMesh7_2" count="36">0.4980392156862745 0.4980392156862745 0.4980392156862745 1 0.4980392156862745 0.4980392156862745 0.4980392156862745 1 0.4980392156862745 0.4980392156862745 0.4980392156862745 1 0.4980392156862745 0.4980392156862745 0.4980392156862745 1 0.4980392156862745 0.4980392156862745 0.4980392156862745 1 0.4980392156862745 0.4980392156862745 0.4980392156862745 1 0.4980392156862745 0.4980392156862745 0.4980392156862745 1 0.4980392156862745 0.4980392156862745 0.4980392156862745 1 0.4980392156862745 0.4980392156862745 0.4980392156862745 1</float_array>
                    <technique_common>
                        <accessor count="9" source="#colorarrayMesh7_2" stride="4">
                            <param name="R" type="float"/>
                            <param name="G" type="float"/>
                            <param name="B" type="float"/>
                            <param name="A" type="float"/>
                        </accessor>
                    </technique_common>
                </source>
                <vertices id="verticesMesh7_2">
                    <input semantic="POSITION" source="#pointsMesh7_2"/>
                </vertices>
                <polylist count="7" material="Material1">
                    <input offset="0" semantic="VERTEX" source="#verticesMesh7_2"/>
                    <input offset="1" semantic="TEXCOORD" source="#uvsMesh7_2" set="0"/>
                    <input offset="2" semantic="COLOR" source="#colorsMesh7_2" set="0"/>
                    <vcount>3 3 3 3 3 3 3</vcount>
                    <p>0 0 0 1 1 1 2 2 2 3 3 3 4 4 4 0 0 0 0 0 0 5 5 5 3 3 3 4 4 4 6 6 6 0 0 0 7 7 7 5 5 5 0 0 0 8 8 8 1 1 1 0 0 0 0 0 0 6 6 6 8 8 8</p>
                </polylist>
            </mesh>
        </geometry>
        <geometry id="meshMesh8_1">
            <mesh>
                <source id="pointsMesh8_1">
                    <float_array id="pointarrayMesh8_1" count="90">10 50 -36 15 22 -64 -12 -4 0 16 -63 0 43 -44 -54 69 -65 -18 99 -87 0 102 -44 -54 69 -65 18 102 -44 54 147 -93 0 43 -44 54 23 -24 60 23 -24 -59 0 52 0 45 75 32 36 84 0 10 50 36 15 22 65 54 2 87 64 41 62 45 75 -31 64 41 -62 54 2 -87 77 -16 -82 92 84 -51 92 84 51 87 114 0 84 81 0 77 -16 82</float_array>
                    <technique_common>
                        <accessor count="30" source="#pointarrayMesh8_1" stride="3">
                            <param name="X" type="float"/>
                            <param name="Y" type="float"/>
                            <param name="Z" type="float"/>
                        </accessor>
                    </technique_common>
                </source>
                <source id="uvsMesh8_1">
                    <float_array id="uvarrayMesh8_1" count="60">0.77734375 -2.798828125 1.03515625 -2.51953125 0.447265625 -3.21875 0.447265625 -2.150390625 0.94140625 -1.4765625 0.611328125 -0.701171875 0.447265625 0.205078125 0.9375 0.138671875 0.28125 -0.724609375 -0.041015625 0.06640625 0.447265625 1.556640625 -0.044921875 -1.55078125 -0.08984375 -2.1640625 0.98828125 -2.0859375 0.44921875 -3.11328125 0.16015625 -2.00390625 0.451171875 -2.26953125 0.12109375 -2.845703125 -0.13671875 -2.60546875 -0.3359375 -1.474609375 -0.109375 -1.353515625 0.740234375 -1.9609375 1.009765625 -1.271484375 1.234375 -1.359375 1.19140625 -0.66015625 0.91796875 -0.697265625 -0.015625 -0.765625 0.44921875 -1.01953125 0.451171875 -0.958984375 -0.29296875 -0.76953125</float_array>
                    <technique_common>
                        <accessor count="30" source="#uvarrayMesh8_1" stride="2">
                            <param name="S" type="float"/>
                            <param name="T" type="float"/>
                        </accessor>
                    </technique_common>
                </source>
                <vertices id="verticesMesh8_1">
                    <input semantic="POSITION" source="#pointsMesh8_1"/>
                </vertices>
                <polylist count="44" material="Material1">
                    <input offset="0" semantic="VERTEX" source="#verticesMesh8_1"/>
                    <input offset="1" semantic="TEXCOORD" source="#uvsMesh8_1" set="0"/>
                    <vcount>3 3 3 3 3 3 3 3 3 3 3 3 3 3 3 3 3 3 3 3 3 3 3 3 3 3 3 3 3 3 3 3 3 3 3 3 3 3 3 3 3 3 3 3</vcount>
                    <p>0 0 1 1 2 2 3 3 4 4 5 5 6 6 5 5 7 7 5 5 6 6 8 8 3 3 5 5 8 8 7 7 5 5 4 4 9 9 6 6 10 10 7 7 10 10 6 6 9 9 8 8 6 6 8 8 11 11 3 3 11 11 8 8 9 9 3 3 11 11 12 12 2 2 3 3 12 12 3 3 13 13 4 4 13 13 3 3 2 2 2 2 1 1 13 13 14 14 0 0 2 2 14 14 15 15 16 16 14 14 2 2 17 17 2 2 18 18 17 17 18 18 12 12 19 19 19 19 20 20 18 18 17 17 18 18 20 20 12 12 18 18 2 2 14 14 17 17 15 15 20 20 15 15 17 17 16 16 0 0 14 14 16 16 21 21 0 0 0 0 22 22 1 1 0 0 21 21 22 22 23 23 24 24 4 4 23 23 13 13 1 1 25 25 26 26 27 27 25 25 20 20 26 26 25 25 22 22 20 20 20 20 28 28 15 15 21 21 28 28 22 22 4 4 24 24 7 7 23 23 4 4 13 13 16 16 28 28 21 21 11 11 29 29 19 19 19 19 12 12 11 11 29 29 11 11 9 9 16 16 15 15 28 28</p>
                </polylist>
            </mesh>
        </geometry>
        <geometry id="meshMesh8_2">
            <mesh>
                <source id="pointsMesh8_2">
                    <float_array id="pointarrayMesh8_2" count="90">10 50 -36 15 22 -64 -12 -4 0 16 -63 0 43 -44 -54 69 -65 -18 99 -87 0 102 -44 -54 69 -65 18 102 -44 54 147 -93 0 43 -44 54 23 -24 60 23 -24 -59 0 52 0 45 75 32 36 84 0 10 50 36 15 22 65 54 2 87 64 41 62 45 75 -31 64 41 -62 54 2 -87 77 -16 -82 92 84 -51 92 84 51 87 114 0 84 81 0 77 -16 82</float_array>
                    <technique_common>
                        <accessor count="30" source="#pointarrayMesh8_2" stride="3">
                            <param name="X" type="float"/>
                            <param name="Y" type="float"/>
                            <param name="Z" type="float"/>
                        </accessor>
                    </technique_common>
                </source>
                <source id="uvsMesh8_2">
                    <float_array id="uvarrayMesh8_2" count="60">0.77734375 -2.798828125 1.03515625 -2.51953125 0.447265625 -3.21875 0.447265625 -2.150390625 0.94140625 -1.4765625 0.611328125 -0.701171875 0.447265625 0.205078125 0.9375 0.138671875 0.28125 -0.724609375 -0.041015625 0.06640625 0.447265625 1.556640625 -0.044921875 -1.55078125 -0.08984375 -2.1640625 0.98828125 -2.0859375 0.44921875 -3.11328125 0.16015625 -2.00390625 0.451171875 -2.26953125 0.12109375 -2.845703125 -0.13671875 -2.60546875 -0.3359375 -1.474609375 -0.109375 -1.353515625 0.740234375 -1.9609375 1.009765625 -1.271484375 1.234375 -1.359375 1.19140625 -0.66015625 0.91796875 -0.697265625 -0.015625 -0.765625 0.44921875 -1.01953125 0.451171875 -0.958984375 -0.29296875 -0.76953125</float_array>
                    <technique_common>
                        <accessor count="30" source="#uvarrayMesh8_2" stride="2">
                            <param name="S" type="float"/>
                            <param name="T" type="float"/>
                        </accessor>
                    </technique_common>
                </source>
                <source id="colorsMesh8_2">
                    <float_array id="colorarrayMesh8_2" count="120">0.4980392156862745 0.4980392156862745 0.4980392156862745 1 0.4980392156862745 0.4980392156862745 0.4980392156862745 1 0.4980392156862745 0.4980392156862745 0.4980392156862745 1 0.4980392156862745 0.4980392156862745 0.4980392156862745 1 0.4980392156862745 0.4980392156862745 0.4980392156862745 1 0.4980392156862745 0.4980392156862745 0.4980392156862745 1 0.4980392156862745 0.4980392156862745 0.4980392156862745 1 0.4980392156862745 0.4980392156862745 0.4980392156862745 1 0.4980392156862745 0.4980392156862745 0.4980392156862745 1 0.4980392156862745 0.4980392156862745 0.4980392156862745 1 0.4980392156862745 0.4980392156862745 0.4980392156862745 1 0.4980392156862745 0.4980392156862745 0.4980392156862745 1 0.4980392156862745 0.4980392156862745 0.4980392156862745 1 0.4980392156862745 0.4980392156862745 0.4980392156862745 1 0.4980392156862745 0.4980392156862745 0.4980392156862745 1 0.4980392156862745 0.4980392156862745 0.4980392156862745 1 0.4980392156862745 0.4980392156862745 0.4980392156862745 1 0.4980392156862745 0.4980392156862745 0.4980392156862745 1 0.4980392156862745 0.4980392156862745 0.4980392156862745 1 0.4980392156862745 0.4980392156862745 0.4980392156862745 1 0.4980392156862745 0.4980392156862745 0.4980392156862745 1 0.4980392156862745 0.4980392156862745 0.4980392156862745 1 0.4980392156862745 0.4980392156862745 0.4980392156862745 1 0.4980392156862745 0.4980392156862745 0.4980392156862745 1 0.4980392156862745 0.4980392156862745 0.4980392156862745 1 0.4980392156862745 0.4980392156862745 0.4980392156862745 1 0.4980392156862745 0.4980392156862745 0.4980392156862745 1 0.4980392156862745 0.4980392156862745 0.4980392156862745 1 0.4980392156862745 0.4980392156862745 0.4980392156862745 1 0.4980392156862745 0.4980392156862745 0.4980392156862745 1</float_array>
                    <technique_common>
                        <accessor count="30" source="#colorarrayMesh8_2" stride="4">
                            <param name="R" type="float"/>
                            <param name="G" type="float"/>
                            <param name="B" type="float"/>
                            <param name="A" type="float"/>
                        </accessor>
                    </technique_common>
                </source>
                <vertices id="verticesMesh8_2">
                    <input semantic="POSITION" source="#pointsMesh8_2"/>
                </vertices>
                <polylist count="44" material="Material1">
                    <input offset="0" semantic="VERTEX" source="#verticesMesh8_2"/>
                    <input offset="1" semantic="TEXCOORD" source="#uvsMesh8_2" set="0"/>
                    <input offset="2" semantic="COLOR" source="#colorsMesh8_2" set="0"/>
                    <vcount>3 3 3 3 3 3 3 3 3 3 3 3 3 3 3 3 3 3 3 3 3 3 3 3 3 3 3 3 3 3 3 3 3 3 3 3 3 3 3 3 3 3 3 3</vcount>
                    <p>0 0 0 1 1 1 2 2 2 3 3 3 4 4 4 5 5 5 6 6 6 5 5 5 7 7 7 5 5 5 6 6 6 8 8 8 3 3 3 5 5 5 8 8 8 7 7 7 5 5 5 4 4 4 9 9 9 6 6 6 10 10 10 7 7 7 10 10 10 6 6 6 9 9 9 8 8 8 6 6 6 8 8 8 11 11 11 3 3 3 11 11 11 8 8 8 9 9 9 3 3 3 11 11 11 12 12 12 2 2 2 3 3 3 12 12 12 3 3 3 13 13 13 4 4 4 13 13 13 3 3 3 2 2 2 2 2 2 1 1 1 13 13 13 14 14 14 0 0 0 2 2 2 14 14 14 15 15 15 16 16 16 14 14 14 2 2 2 17 17 17 2 2 2 18 18 18 17 17 17 18 18 18 12 12 12 19 19 19 19 19 19 20 20 20 18 18 18 17 17 17 18 18 18 20 20 20 12 12 12 18 18 18 2 2 2 14 14 14 17 17 17 15 15 15 20 20 20 15 15 15 17 17 17 16 16 16 0 0 0 14 14 14 16 16 16 21 21 21 0 0 0 0 0 0 22 22 22 1 1 1 0 0 0 21 21 21 22 22 22 23 23 23 24 24 24 4 4 4 23 23 23 13 13 13 1 1 1 25 25 25 26 26 26 27 27 27 25 25 25 20 20 20 26 26 26 25 25 25 22 22 22 20 20 20 20 20 20 28 28 28 15 15 15 21 21 21 28 28 28 22 22 22 4 4 4 24 24 24 7 7 7 23 23 23 4 4 4 13 13 13 16 16 16 28 28 28 21 21 21 11 11 11 29 29 29 19 19 19 19 19 19 12 12 12 11 11 11 29 29 29 11 11 11 9 9 9 16 16 16 15 15 15 28 28 28</p>
                </polylist>
            </mesh>
        </geometry>
        <geometry id="meshMesh9_1">
            <mesh>
                <source id="pointsMesh9_1">
                    <float_array id="pointarrayMesh9_1" count="69">92 84 -51 140 72 -49 99 22 -60 153 27 -31 149 99 0 170 42 0 87 114 0 140 72 49 153 27 31 139 -4 0 92 84 51 99 22 60 111 2 52 77 -16 -82 111 2 -51 77 -16 82 102 -44 54 64 41 62 54 2 87 102 -44 -54 54 2 -87 64 41 -62 15 22 -64</float_array>
                    <technique_common>
                        <accessor count="23" source="#pointarrayMesh9_1" stride="3">
                            <param name="X" type="float"/>
                            <param name="Y" type="float"/>
                            <param name="Z" type="float"/>
                        </accessor>
                    </technique_common>
                </source>
                <source id="uvsMesh9_1">
                    <float_array id="uvarrayMesh9_1" count="46">0.0234375 -0.017578125 0.0390625 0.41796875 -0.0625 0.892578125 0.189453125 1.142578125 0.482421875 0.09765625 0.47265625 1.029296875 0.48828125 -0.46875 0.919921875 0.439453125 0.75390625 1.158203125 0.46875 1.53125 0.943359375 0.005859375 1.013671875 0.919921875 0.931640625 1.271484375 -0.26171875 1.32421875 0.009765625 1.248046875 1.203125 1.361328125 0.94921875 1.90234375 1.033203125 0.45703125 1.25 0.9609375 -0.017578125 1.87890625 -0.30078125 0.921875 -0.072265625 0.427734375 -0.09765625 0.423828125</float_array>
                    <technique_common>
                        <accessor count="23" source="#uvarrayMesh9_1" stride="2">
                            <param name="S" type="float"/>
                            <param name="T" type="float"/>
                        </accessor>
                    </technique_common>
                </source>
                <vertices id="verticesMesh9_1">
                    <input semantic="POSITION" source="#pointsMesh9_1"/>
                </vertices>
                <polylist count="29" material="Material1">
                    <input offset="0" semantic="VERTEX" source="#verticesMesh9_1"/>
                    <input offset="1" semantic="TEXCOORD" source="#uvsMesh9_1" set="0"/>
                    <vcount>3 3 3 3 3 3 3 3 3 3 3 3 3 3 3 3 3 3 3 3 3 3 3 3 3 3 3 3 3</vcount>
                    <p>0 0 1 1 2 2 3 3 2 2 1 1 1 1 4 4 5 5 1 1 0 0 6 6 6 6 4 4 1 1 5 5 3 3 1 1 7 7 4 4 6 6 7 7 5 5 4 4 7 7 8 8 5 5 3 3 5 5 9 9 9 9 5 5 8 8 7 7 6 6 10 10 11 11 7 7 10 10 8 8 7 7 11 11 12 12 9 9 8 8 8 8 11 11 12 12 13 13 2 2 14 14 12 12 15 15 16 16 12 12 11 11 15 15 14 14 3 3 9 9 10 10 17 17 11 11 18 18 15 15 11 11 18 18 11 11 17 17 14 14 19 19 13 13 14 14 2 2 3 3 20 20 21 21 2 2 21 21 0 0 2 2 2 2 13 13 20 20 22 22 21 21 20 20</p>
                </polylist>
            </mesh>
        </geometry>
        <geometry id="meshMesh9_2">
            <mesh>
                <source id="pointsMesh9_2">
                    <float_array id="pointarrayMesh9_2" count="69">92 84 -51 140 72 -49 99 22 -60 153 27 -31 149 99 0 170 42 0 87 114 0 140 72 49 153 27 31 139 -4 0 92 84 51 99 22 60 111 2 52 77 -16 -82 111 2 -51 77 -16 82 102 -44 54 64 41 62 54 2 87 102 -44 -54 54 2 -87 64 41 -62 15 22 -64</float_array>
                    <technique_common>
                        <accessor count="23" source="#pointarrayMesh9_2" stride="3">
                            <param name="X" type="float"/>
                            <param name="Y" type="float"/>
                            <param name="Z" type="float"/>
                        </accessor>
                    </technique_common>
                </source>
                <source id="uvsMesh9_2">
                    <float_array id="uvarrayMesh9_2" count="46">0.0234375 -0.017578125 0.0390625 0.41796875 -0.0625 0.892578125 0.189453125 1.142578125 0.482421875 0.09765625 0.47265625 1.029296875 0.48828125 -0.46875 0.919921875 0.439453125 0.75390625 1.158203125 0.46875 1.53125 0.943359375 0.005859375 1.013671875 0.919921875 0.931640625 1.271484375 -0.26171875 1.32421875 0.009765625 1.248046875 1.203125 1.361328125 0.94921875 1.90234375 1.033203125 0.45703125 1.25 0.9609375 -0.017578125 1.87890625 -0.30078125 0.921875 -0.072265625 0.427734375 -0.09765625 0.423828125</float_array>
                    <technique_common>
                        <accessor count="23" source="#uvarrayMesh9_2" stride="2">
                            <param name="S" type="float"/>
                            <param name="T" type="float"/>
                        </accessor>
                    </technique_common>
                </source>
                <source id="colorsMesh9_2">
                    <float_array id="colorarrayMesh9_2" count="92">0.4980392156862745 0.4980392156862745 0.4980392156862745 1 0.4980392156862745 0.4980392156862745 0.4980392156862745 1 0.4980392156862745 0.4980392156862745 0.4980392156862745 1 0.4980392156862745 0.4980392156862745 0.4980392156862745 1 0.4980392156862745 0.4980392156862745 0.4980392156862745 1 0.4980392156862745 0.4980392156862745 0.4980392156862745 1 0.4980392156862745 0.4980392156862745 0.4980392156862745 1 0.4980392156862745 0.4980392156862745 0.4980392156862745 1 0.4980392156862745 0.4980392156862745 0.4980392156862745 1 0.4980392156862745 0.4980392156862745 0.4980392156862745 1 0.4980392156862745 0.4980392156862745 0.4980392156862745 1 0.4980392156862745 0.4980392156862745 0.4980392156862745 1 0.4980392156862745 0.4980392156862745 0.4980392156862745 1 0.4980392156862745 0.4980392156862745 0.4980392156862745 1 0.4980392156862745 0.4980392156862745 0.4980392156862745 1 0.4980392156862745 0.4980392156862745 0.4980392156862745 1 0.4980392156862745 0.4980392156862745 0.4980392156862745 1 0.4980392156862745 0.4980392156862745 0.4980392156862745 1 0.4980392156862745 0.4980392156862745 0.4980392156862745 1 0.4980392156862745 0.4980392156862745 0.4980392156862745 1 0.4980392156862745 0.4980392156862745 0.4980392156862745 1 0.4980392156862745 0.4980392156862745 0.4980392156862745 1 0.4980392156862745 0.4980392156862745 0.4980392156862745 1</float_array>
                    <technique_common>
                        <accessor count="23" source="#colorarrayMesh9_2" stride="4">
                            <param name="R" type="float"/>
                            <param name="G" type="float"/>
                            <param name="B" type="float"/>
                            <param name="A" type="float"/>
                        </accessor>
                    </technique_common>
                </source>
                <vertices id="verticesMesh9_2">
                    <input semantic="POSITION" source="#pointsMesh9_2"/>
                </vertices>
                <polylist count="29" material="Material1">
                    <input offset="0" semantic="VERTEX" source="#verticesMesh9_2"/>
                    <input offset="1" semantic="TEXCOORD" source="#uvsMesh9_2" set="0"/>
                    <input offset="2" semantic="COLOR" source="#colorsMesh9_2" set="0"/>
                    <vcount>3 3 3 3 3 3 3 3 3 3 3 3 3 3 3 3 3 3 3 3 3 3 3 3 3 3 3 3 3</vcount>
                    <p>0 0 0 1 1 1 2 2 2 3 3 3 2 2 2 1 1 1 1 1 1 4 4 4 5 5 5 1 1 1 0 0 0 6 6 6 6 6 6 4 4 4 1 1 1 5 5 5 3 3 3 1 1 1 7 7 7 4 4 4 6 6 6 7 7 7 5 5 5 4 4 4 7 7 7 8 8 8 5 5 5 3 3 3 5 5 5 9 9 9 9 9 9 5 5 5 8 8 8 7 7 7 6 6 6 10 10 10 11 11 11 7 7 7 10 10 10 8 8 8 7 7 7 11 11 11 12 12 12 9 9 9 8 8 8 8 8 8 11 11 11 12 12 12 13 13 13 2 2 2 14 14 14 12 12 12 15 15 15 16 16 16 12 12 12 11 11 11 15 15 15 14 14 14 3 3 3 9 9 9 10 10 10 17 17 17 11 11 11 18 18 18 15 15 15 11 11 11 18 18 18 11 11 11 17 17 17 14 14 14 19 19 19 13 13 13 14 14 14 2 2 2 3 3 3 20 20 20 21 21 21 2 2 2 21 21 21 0 0 0 2 2 2 2 2 2 13 13 13 20 20 20 22 22 22 21 21 21 20 20 20</p>
                </polylist>
            </mesh>
        </geometry>
        <geometry id="meshMesh10_1">
            <mesh>
                <source id="pointsMesh10_1">
                    <float_array id="pointarrayMesh10_1" count="60">64 41 -62 84 81 0 64 41 62 111 2 52 102 -44 54 120 -30 64 184 -56 -23 180 -81 -29 139 -51 -58 102 -44 -54 147 -93 0 120 -30 -63 111 2 -51 155 -27 -48 180 -81 29 139 -51 58 184 -56 23 155 -27 49 133 -11 56 133 -11 -56</float_array>
                    <technique_common>
                        <accessor count="20" source="#pointarrayMesh10_1" stride="3">
                            <param name="X" type="float"/>
                            <param name="Y" type="float"/>
                            <param name="Z" type="float"/>
                        </accessor>
                    </technique_common>
                </source>
                <source id="uvsMesh10_1">
                    <float_array id="uvarrayMesh10_1" count="40">0 1 0 1 0 1 0 1 0 1 0 1 0 1 0 1 0 1 0 1 0 1 0 1 0 1 0 1 0 1 0 1 0 1 0 1 0 1 0 1</float_array>
                    <technique_common>
                        <accessor count="20" source="#uvarrayMesh10_1" stride="2">
                            <param name="S" type="float"/>
                            <param name="T" type="float"/>
                        </accessor>
                    </technique_common>
                </source>
                <source id="colorsMesh10_1">
                    <float_array id="colorarrayMesh10_1" count="80">0.807843137254902 0.08627450980392157 0.20784313725490197 1 0.807843137254902 0.08627450980392157 0.20784313725490197 1 0.807843137254902 0.08627450980392157 0.20784313725490197 1 1 1 1 1 1 1 1 1 1 1 1 1 1 1 1 1 1 1 1 1 1 1 1 1 1 1 1 1 1 1 1 1 1 1 1 1 1 1 1 1 1 1 1 1 1 1 1 1 1 1 1 1 1 1 1 1 1 1 1 1 1 1 1 1 1 1 1 1</float_array>
                    <technique_common>
                        <accessor count="20" source="#colorarrayMesh10_1" stride="4">
                            <param name="R" type="float"/>
                            <param name="G" type="float"/>
                            <param name="B" type="float"/>
                            <param name="A" type="float"/>
                        </accessor>
                    </technique_common>
                </source>
                <vertices id="verticesMesh10_1">
                    <input semantic="POSITION" source="#pointsMesh10_1"/>
                </vertices>
                <polylist count="22" material="Material1">
                    <input offset="0" semantic="VERTEX" source="#verticesMesh10_1"/>
                    <input offset="1" semantic="TEXCOORD" source="#uvsMesh10_1" set="0"/>
                    <input offset="2" semantic="COLOR" source="#colorsMesh10_1" set="0"/>
                    <vcount>3 3 3 3 3 3 3 3 3 3 3 3 3 3 3 3 3 3 3 3 3 3</vcount>
                    <p>0 0 0 1 1 1 2 2 2 3 3 3 4 4 4 5 5 5 6 6 6 7 7 7 8 8 8 9 9 9 7 7 7 10 10 10 7 7 7 9 9 9 8 8 8 9 9 9 11 11 11 8 8 8 11 11 11 9 9 9 12 12 12 8 8 8 13 13 13 6 6 6 11 11 11 13 13 13 8 8 8 14 14 14 15 15 15 4 4 4 15 15 15 5 5 5 4 4 4 4 4 4 10 10 10 14 14 14 16 16 16 17 17 17 15 15 15 15 15 15 18 18 18 5 5 5 15 15 15 17 17 17 18 18 18 3 3 3 5 5 5 18 18 18 12 12 12 19 19 19 11 11 11 11 11 11 19 19 19 13 13 13 16 16 16 14 14 14 7 7 7 15 15 15 14 14 14 16 16 16 7 7 7 6 6 6 16 16 16 10 10 10 7 7 7 14 14 14</p>
                </polylist>
            </mesh>
        </geometry>
        <geometry id="meshMesh10_2">
            <mesh>
                <source id="pointsMesh10_2">
                    <float_array id="pointarrayMesh10_2" count="60">64 41 -62 84 81 0 64 41 62 111 2 52 102 -44 54 120 -30 64 184 -56 -23 180 -81 -29 139 -51 -58 102 -44 -54 147 -93 0 120 -30 -63 111 2 -51 155 -27 -48 180 -81 29 139 -51 58 184 -56 23 155 -27 49 133 -11 56 133 -11 -56</float_array>
                    <technique_common>
                        <accessor count="20" source="#pointarrayMesh10_2" stride="3">
                            <param name="X" type="float"/>
                            <param name="Y" type="float"/>
                            <param name="Z" type="float"/>
                        </accessor>
                    </technique_common>
                </source>
                <source id="uvsMesh10_2">
                    <float_array id="uvarrayMesh10_2" count="40">0 1 0 1 0 1 0 1 0 1 0 1 0 1 0 1 0 1 0 1 0 1 0 1 0 1 0 1 0 1 0 1 0 1 0 1 0 1 0 1</float_array>
                    <technique_common>
                        <accessor count="20" source="#uvarrayMesh10_2" stride="2">
                            <param name="S" type="float"/>
                            <param name="T" type="float"/>
                        </accessor>
                    </technique_common>
                </source>
                <source id="colorsMesh10_2">
                    <float_array id="colorarrayMesh10_2" count="80">0.403921568627451 0.043137254901960784 0.10196078431372549 1 0.403921568627451 0.043137254901960784 0.10196078431372549 1 0.403921568627451 0.043137254901960784 0.10196078431372549 1 0.4980392156862745 0.4980392156862745 0.4980392156862745 1 0.4980392156862745 0.4980392156862745 0.4980392156862745 1 0.4980392156862745 0.4980392156862745 0.4980392156862745 1 0.4980392156862745 0.4980392156862745 0.4980392156862745 1 0.4980392156862745 0.4980392156862745 0.4980392156862745 1 0.4980392156862745 0.4980392156862745 0.4980392156862745 1 0.4980392156862745 0.4980392156862745 0.4980392156862745 1 0.4980392156862745 0.4980392156862745 0.4980392156862745 1 0.4980392156862745 0.4980392156862745 0.4980392156862745 1 0.4980392156862745 0.4980392156862745 0.4980392156862745 1 0.4980392156862745 0.4980392156862745 0.4980392156862745 1 0.4980392156862745 0.4980392156862745 0.4980392156862745 1 0.4980392156862745 0.4980392156862745 0.4980392156862745 1 0.4980392156862745 0.4980392156862745 0.4980392156862745 1 0.4980392156862745 0.4980392156862745 0.4980392156862745 1 0.4980392156862745 0.4980392156862745 0.4980392156862745 1 0.4980392156862745 0.4980392156862745 0.4980392156862745 1</float_array>
                    <technique_common>
                        <accessor count="20" source="#colorarrayMesh10_2" stride="4">
                            <param name="R" type="float"/>
                            <param name="G" type="float"/>
                            <param name="B" type="float"/>
                            <param name="A" type="float"/>
                        </accessor>
                    </technique_common>
                </source>
                <vertices id="verticesMesh10_2">
                    <input semantic="POSITION" source="#pointsMesh10_2"/>
                </vertices>
                <polylist count="22" material="Material1">
                    <input offset="0" semantic="VERTEX" source="#verticesMesh10_2"/>
                    <input offset="1" semantic="TEXCOORD" source="#uvsMesh10_2" set="0"/>
                    <input offset="2" semantic="COLOR" source="#colorsMesh10_2" set="0"/>
                    <vcount>3 3 3 3 3 3 3 3 3 3 3 3 3 3 3 3 3 3 3 3 3 3</vcount>
                    <p>0 0 0 1 1 1 2 2 2 3 3 3 4 4 4 5 5 5 6 6 6 7 7 7 8 8 8 9 9 9 7 7 7 10 10 10 7 7 7 9 9 9 8 8 8 9 9 9 11 11 11 8 8 8 11 11 11 9 9 9 12 12 12 8 8 8 13 13 13 6 6 6 11 11 11 13 13 13 8 8 8 14 14 14 15 15 15 4 4 4 15 15 15 5 5 5 4 4 4 4 4 4 10 10 10 14 14 14 16 16 16 17 17 17 15 15 15 15 15 15 18 18 18 5 5 5 15 15 15 17 17 17 18 18 18 3 3 3 5 5 5 18 18 18 12 12 12 19 19 19 11 11 11 11 11 11 19 19 19 13 13 13 16 16 16 14 14 14 7 7 7 15 15 15 14 14 14 16 16 16 7 7 7 6 6 6 16 16 16 10 10 10 7 7 7 14 14 14</p>
                </polylist>
            </mesh>
        </geometry>
        <geometry id="meshMesh11_1">
            <mesh>
                <source id="pointsMesh11_1">
                    <float_array id="pointarrayMesh11_1" count="27">61 -6 -30 61 -25 0 -1 -17 0 -1 -6 -16 60 34 11 60 34 -11 -1 16 0 61 -6 29 -1 -6 16</float_array>
                    <technique_common>
                        <accessor count="9" source="#pointarrayMesh11_1" stride="3">
                            <param name="X" type="float"/>
                            <param name="Y" type="float"/>
                            <param name="Z" type="float"/>
                        </accessor>
                    </technique_common>
                </source>
                <source id="uvsMesh11_1">
                    <float_array id="uvarrayMesh11_1" count="18">0 1 0 1 0 1 0 1 0 1 0 1 0 1 0 1 0 1</float_array>
                    <technique_common>
                        <accessor count="9" source="#uvarrayMesh11_1" stride="2">
                            <param name="S" type="float"/>
                            <param name="T" type="float"/>
                        </accessor>
                    </technique_common>
                </source>
                <source id="colorsMesh11_1">
                    <float_array id="colorarrayMesh11_1" count="36">0.8784313725490196 0.6823529411764706 0 1 0.8784313725490196 0.6823529411764706 0 1 0.8784313725490196 0.6823529411764706 0 1 0.8784313725490196 0.6823529411764706 0 1 0.8784313725490196 0.6823529411764706 0 1 0.8784313725490196 0.6823529411764706 0 1 0.8784313725490196 0.6823529411764706 0 1 0.8784313725490196 0.6823529411764706 0 1 0.8784313725490196 0.6823529411764706 0 1</float_array>
                    <technique_common>
                        <accessor count="9" source="#colorarrayMesh11_1" stride="4">
                            <param name="R" type="float"/>
                            <param name="G" type="float"/>
                            <param name="B" type="float"/>
                            <param name="A" type="float"/>
                        </accessor>
                    </technique_common>
                </source>
                <vertices id="verticesMesh11_1">
                    <input semantic="POSITION" source="#pointsMesh11_1"/>
                </vertices>
                <polylist count="12" material="Material1">
                    <input offset="0" semantic="VERTEX" source="#verticesMesh11_1"/>
                    <input offset="1" semantic="TEXCOORD" source="#uvsMesh11_1" set="0"/>
                    <input offset="2" semantic="COLOR" source="#colorsMesh11_1" set="0"/>
                    <vcount>3 3 3 3 3 3 3 3 3 3 3 3</vcount>
                    <p>0 0 0 1 1 1 2 2 2 0 0 0 2 2 2 3 3 3 4 4 4 5 5 5 6 6 6 0 0 0 5 5 5 4 4 4 0 0 0 4 4 4 7 7 7 0 0 0 7 7 7 1 1 1 7 7 7 4 4 4 6 6 6 7 7 7 6 6 6 8 8 8 5 5 5 0 0 0 3 3 3 5 5 5 3 3 3 6 6 6 1 1 1 7 7 7 8 8 8 1 1 1 8 8 8 2 2 2</p>
                </polylist>
            </mesh>
        </geometry>
        <geometry id="meshMesh11_2">
            <mesh>
                <source id="pointsMesh11_2">
                    <float_array id="pointarrayMesh11_2" count="27">61 -6 -30 61 -25 0 -1 -17 0 -1 -6 -16 60 34 11 60 34 -11 -1 16 0 61 -6 29 -1 -6 16</float_array>
                    <technique_common>
                        <accessor count="9" source="#pointarrayMesh11_2" stride="3">
                            <param name="X" type="float"/>
                            <param name="Y" type="float"/>
                            <param name="Z" type="float"/>
                        </accessor>
                    </technique_common>
                </source>
                <source id="uvsMesh11_2">
                    <float_array id="uvarrayMesh11_2" count="18">0 1 0 1 0 1 0 1 0 1 0 1 0 1 0 1 0 1</float_array>
                    <technique_common>
                        <accessor count="9" source="#uvarrayMesh11_2" stride="2">
                            <param name="S" type="float"/>
                            <param name="T" type="float"/>
                        </accessor>
                    </technique_common>
                </source>
                <source id="colorsMesh11_2">
                    <float_array id="colorarrayMesh11_2" count="36">0.4392156862745098 0.3411764705882353 0 1 0.4392156862745098 0.3411764705882353 0 1 0.4392156862745098 0.3411764705882353 0 1 0.4392156862745098 0.3411764705882353 0 1 0.4392156862745098 0.3411764705882353 0 1 0.4392156862745098 0.3411764705882353 0 1 0.4392156862745098 0.3411764705882353 0 1 0.4392156862745098 0.3411764705882353 0 1 0.4392156862745098 0.3411764705882353 0 1</float_array>
                    <technique_common>
                        <accessor count="9" source="#colorarrayMesh11_2" stride="4">
                            <param name="R" type="float"/>
                            <param name="G" type="float"/>
                            <param name="B" type="float"/>
                            <param name="A" type="float"/>
                        </accessor>
                    </technique_common>
                </source>
                <vertices id="verticesMesh11_2">
                    <input semantic="POSITION" source="#pointsMesh11_2"/>
                </vertices>
                <polylist count="12" material="Material1">
                    <input offset="0" semantic="VERTEX" source="#verticesMesh11_2"/>
                    <input offset="1" semantic="TEXCOORD" source="#uvsMesh11_2" set="0"/>
                    <input offset="2" semantic="COLOR" source="#colorsMesh11_2" set="0"/>
                    <vcount>3 3 3 3 3 3 3 3 3 3 3 3</vcount>
                    <p>0 0 0 1 1 1 2 2 2 0 0 0 2 2 2 3 3 3 4 4 4 5 5 5 6 6 6 0 0 0 5 5 5 4 4 4 0 0 0 4 4 4 7 7 7 0 0 0 7 7 7 1 1 1 7 7 7 4 4 4 6 6 6 7 7 7 6 6 6 8 8 8 5 5 5 0 0 0 3 3 3 5 5 5 3 3 3 6 6 6 1 1 1 7 7 7 8 8 8 1 1 1 8 8 8 2 2 2</p>
                </polylist>
            </mesh>
        </geometry>
        <geometry id="meshMesh12_1">
            <mesh>
                <source id="pointsMesh12_1">
                    <float_array id="pointarrayMesh12_1" count="48">2 5 30 0 -45 43 28 -45 43 28 -73 20 2 -73 20 28 -73 -25 28 7 38 2 -73 -25 28 -45 -48 0 -45 -45 28 7 -43 2 5 -33 0 40 -10 28 40 -15 28 40 12 0 40 5</float_array>
                    <technique_common>
                        <accessor count="16" source="#pointarrayMesh12_1" stride="3">
                            <param name="X" type="float"/>
                            <param name="Y" type="float"/>
                            <param name="Z" type="float"/>
                        </accessor>
                    </technique_common>
                </source>
                <source id="uvsMesh12_1">
                    <float_array id="uvarrayMesh12_1" count="32">2.8125 0.744140625 1.02734375 0.859375 1.015625 0.10546875 0.13671875 0.099609375 0.130859375 0.734375 0.13671875 0.099609375 2.84765625 0.115234375 0.130859375 0.734375 1.015625 0.10546875 1.02734375 0.859375 2.84765625 0.115234375 2.8125 0.744140625 3.9375 0.7578125 3.9453125 0.123046875 3.9453125 0.123046875 3.9375 0.7578125</float_array>
                    <technique_common>
                        <accessor count="16" source="#uvarrayMesh12_1" stride="2">
                            <param name="S" type="float"/>
                            <param name="T" type="float"/>
                        </accessor>
                    </technique_common>
                </source>
                <vertices id="verticesMesh12_1">
                    <input semantic="POSITION" source="#pointsMesh12_1"/>
                </vertices>
                <polylist count="16" material="Material1">
                    <input offset="0" semantic="VERTEX" source="#verticesMesh12_1"/>
                    <input offset="1" semantic="TEXCOORD" source="#uvsMesh12_1" set="0"/>
                    <vcount>3 3 3 3 3 3 3 3 3 3 3 3 3 3 3 3</vcount>
                    <p>0 0 1 1 2 2 1 1 3 3 2 2 1 1 4 4 3 3 4 4 5 5 3 3 0 0 2 2 6 6 4 4 7 7 5 5 8 8 5 5 7 7 8 8 7 7 9 9 9 9 10 10 8 8 9 9 11 11 10 10 11 11 12 12 13 13 11 11 13 13 10 10 12 12 14 14 13 13 12 12 15 15 14 14 6 6 14 14 15 15 6 6 15 15 0 0</p>
                </polylist>
            </mesh>
        </geometry>
        <geometry id="meshMesh12_2">
            <mesh>
                <source id="pointsMesh12_2">
                    <float_array id="pointarrayMesh12_2" count="48">2 5 30 0 -45 43 28 -45 43 28 -73 20 2 -73 20 28 -73 -25 28 7 38 2 -73 -25 28 -45 -48 0 -45 -45 28 7 -43 2 5 -33 0 40 -10 28 40 -15 28 40 12 0 40 5</float_array>
                    <technique_common>
                        <accessor count="16" source="#pointarrayMesh12_2" stride="3">
                            <param name="X" type="float"/>
                            <param name="Y" type="float"/>
                            <param name="Z" type="float"/>
                        </accessor>
                    </technique_common>
                </source>
                <source id="uvsMesh12_2">
                    <float_array id="uvarrayMesh12_2" count="32">2.8125 0.744140625 1.02734375 0.859375 1.015625 0.10546875 0.13671875 0.099609375 0.130859375 0.734375 0.13671875 0.099609375 2.84765625 0.115234375 0.130859375 0.734375 1.015625 0.10546875 1.02734375 0.859375 2.84765625 0.115234375 2.8125 0.744140625 3.9375 0.7578125 3.9453125 0.123046875 3.9453125 0.123046875 3.9375 0.7578125</float_array>
                    <technique_common>
                        <accessor count="16" source="#uvarrayMesh12_2" stride="2">
                            <param name="S" type="float"/>
                            <param name="T" type="float"/>
                        </accessor>
                    </technique_common>
                </source>
                <source id="colorsMesh12_2">
                    <float_array id="colorarrayMesh12_2" count="64">0.4980392156862745 0.4980392156862745 0.4980392156862745 1 0.4980392156862745 0.4980392156862745 0.4980392156862745 1 0.4980392156862745 0.4980392156862745 0.4980392156862745 1 0.4980392156862745 0.4980392156862745 0.4980392156862745 1 0.4980392156862745 0.4980392156862745 0.4980392156862745 1 0.4980392156862745 0.4980392156862745 0.4980392156862745 1 0.4980392156862745 0.4980392156862745 0.4980392156862745 1 0.4980392156862745 0.4980392156862745 0.4980392156862745 1 0.4980392156862745 0.4980392156862745 0.4980392156862745 1 0.4980392156862745 0.4980392156862745 0.4980392156862745 1 0.4980392156862745 0.4980392156862745 0.4980392156862745 1 0.4980392156862745 0.4980392156862745 0.4980392156862745 1 0.4980392156862745 0.4980392156862745 0.4980392156862745 1 0.4980392156862745 0.4980392156862745 0.4980392156862745 1 0.4980392156862745 0.4980392156862745 0.4980392156862745 1 0.4980392156862745 0.4980392156862745 0.4980392156862745 1</float_array>
                    <technique_common>
                        <accessor count="16" source="#colorarrayMesh12_2" stride="4">
                            <param name="R" type="float"/>
                            <param name="G" type="float"/>
                            <param name="B" type="float"/>
                            <param name="A" type="float"/>
                        </accessor>
                    </technique_common>
                </source>
                <vertices id="verticesMesh12_2">
                    <input semantic="POSITION" source="#pointsMesh12_2"/>
                </vertices>
                <polylist count="16" material="Material1">
                    <input offset="0" semantic="VERTEX" source="#verticesMesh12_2"/>
                    <input offset="1" semantic="TEXCOORD" source="#uvsMesh12_2" set="0"/>
                    <input offset="2" semantic="COLOR" source="#colorsMesh12_2" set="0"/>
                    <vcount>3 3 3 3 3 3 3 3 3 3 3 3 3 3 3 3</vcount>
                    <p>0 0 0 1 1 1 2 2 2 1 1 1 3 3 3 2 2 2 1 1 1 4 4 4 3 3 3 4 4 4 5 5 5 3 3 3 0 0 0 2 2 2 6 6 6 4 4 4 7 7 7 5 5 5 8 8 8 5 5 5 7 7 7 8 8 8 7 7 7 9 9 9 9 9 9 10 10 10 8 8 8 9 9 9 11 11 11 10 10 10 11 11 11 12 12 12 13 13 13 11 11 11 13 13 13 10 10 10 12 12 12 14 14 14 13 13 13 12 12 12 15 15 15 14 14 14 6 6 6 14 14 14 15 15 15 6 6 6 15 15 15 0 0 0</p>
                </polylist>
            </mesh>
        </geometry>
        <geometry id="meshMesh13_1">
            <mesh>
                <source id="pointsMesh13_1">
                    <float_array id="pointarrayMesh13_1" count="24">28 7 38 28 -45 -48 28 7 -43 28 40 -15 28 40 12 28 -45 43 28 -73 -25 28 -73 20</float_array>
                    <technique_common>
                        <accessor count="8" source="#pointarrayMesh13_1" stride="3">
                            <param name="X" type="float"/>
                            <param name="Y" type="float"/>
                            <param name="Z" type="float"/>
                        </accessor>
                    </technique_common>
                </source>
                <source id="uvsMesh13_1">
                    <float_array id="uvarrayMesh13_1" count="16">0.916015625 0.306640625 -0.05078125 0.765625 0.013671875 0.306640625 0.296875 0.033203125 0.634765625 0.033203125 0.984375 0.765625 0.20703125 0.984375 0.724609375 0.984375</float_array>
                    <technique_common>
                        <accessor count="8" source="#uvarrayMesh13_1" stride="2">
                            <param name="S" type="float"/>
                            <param name="T" type="float"/>
                        </accessor>
                    </technique_common>
                </source>
                <vertices id="verticesMesh13_1">
                    <input semantic="POSITION" source="#pointsMesh13_1"/>
                </vertices>
                <polylist count="6" material="Material1">
                    <input offset="0" semantic="VERTEX" source="#verticesMesh13_1"/>
                    <input offset="1" semantic="TEXCOORD" source="#uvsMesh13_1" set="0"/>
                    <vcount>3 3 3 3 3 3</vcount>
                    <p>0 0 1 1 2 2 2 2 3 3 4 4 2 2 4 4 0 0 0 0 5 5 1 1 5 5 6 6 1 1 5 5 7 7 6 6</p>
                </polylist>
            </mesh>
        </geometry>
        <geometry id="meshMesh13_2">
            <mesh>
                <source id="pointsMesh13_2">
                    <float_array id="pointarrayMesh13_2" count="24">28 7 38 28 -45 -48 28 7 -43 28 40 -15 28 40 12 28 -45 43 28 -73 -25 28 -73 20</float_array>
                    <technique_common>
                        <accessor count="8" source="#pointarrayMesh13_2" stride="3">
                            <param name="X" type="float"/>
                            <param name="Y" type="float"/>
                            <param name="Z" type="float"/>
                        </accessor>
                    </technique_common>
                </source>
                <source id="uvsMesh13_2">
                    <float_array id="uvarrayMesh13_2" count="16">0.916015625 0.306640625 -0.05078125 0.765625 0.013671875 0.306640625 0.296875 0.033203125 0.634765625 0.033203125 0.984375 0.765625 0.20703125 0.984375 0.724609375 0.984375</float_array>
                    <technique_common>
                        <accessor count="8" source="#uvarrayMesh13_2" stride="2">
                            <param name="S" type="float"/>
                            <param name="T" type="float"/>
                        </accessor>
                    </technique_common>
                </source>
                <source id="colorsMesh13_2">
                    <float_array id="colorarrayMesh13_2" count="32">0.4980392156862745 0.4980392156862745 0.4980392156862745 1 0.4980392156862745 0.4980392156862745 0.4980392156862745 1 0.4980392156862745 0.4980392156862745 0.4980392156862745 1 0.4980392156862745 0.4980392156862745 0.4980392156862745 1 0.4980392156862745 0.4980392156862745 0.4980392156862745 1 0.4980392156862745 0.4980392156862745 0.4980392156862745 1 0.4980392156862745 0.4980392156862745 0.4980392156862745 1 0.4980392156862745 0.4980392156862745 0.4980392156862745 1</float_array>
                    <technique_common>
                        <accessor count="8" source="#colorarrayMesh13_2" stride="4">
                            <param name="R" type="float"/>
                            <param name="G" type="float"/>
                            <param name="B" type="float"/>
                            <param name="A" type="float"/>
                        </accessor>
                    </technique_common>
                </source>
                <vertices id="verticesMesh13_2">
                    <input semantic="POSITION" source="#pointsMesh13_2"/>
                </vertices>
                <polylist count="6" material="Material1">
                    <input offset="0" semantic="VERTEX" source="#verticesMesh13_2"/>
                    <input offset="1" semantic="TEXCOORD" source="#uvsMesh13_2" set="0"/>
                    <input offset="2" semantic="COLOR" source="#colorsMesh13_2" set="0"/>
                    <vcount>3 3 3 3 3 3</vcount>
                    <p>0 0 0 1 1 1 2 2 2 2 2 2 3 3 3 4 4 4 2 2 2 4 4 4 0 0 0 0 0 0 5 5 5 1 1 1 5 5 5 6 6 6 1 1 1 5 5 5 7 7 7 6 6 6</p>
                </polylist>
            </mesh>
        </geometry>
        <geometry id="meshMesh14_1">
            <mesh>
                <source id="pointsMesh14_1">
                    <float_array id="pointarrayMesh14_1" count="36">0 40 5 0 40 -10 -22 -20 -20 -22 -20 15 2 5 30 2 5 -33 -28 -48 -15 0 -45 -45 -28 -48 10 0 -45 43 2 -73 -25 2 -73 20</float_array>
                    <technique_common>
                        <accessor count="12" source="#pointarrayMesh14_1" stride="3">
                            <param name="X" type="float"/>
                            <param name="Y" type="float"/>
                            <param name="Z" type="float"/>
                        </accessor>
                    </technique_common>
                </source>
                <source id="uvsMesh14_1">
                    <float_array id="uvarrayMesh14_1" count="24">0 1 0 1 0 1 0 1 0 1 0 1 0 1 0 1 0 1 0 1 0 1 0 1</float_array>
                    <technique_common>
                        <accessor count="12" source="#uvarrayMesh14_1" stride="2">
                            <param name="S" type="float"/>
                            <param name="T" type="float"/>
                        </accessor>
                    </technique_common>
                </source>
                <source id="colorsMesh14_1">
                    <float_array id="colorarrayMesh14_1" count="48">0 0.7843137254901961 0 1 0 0.7843137254901961 0 1 0 0.7843137254901961 0 1 0 0.7843137254901961 0 1 0 0.7843137254901961 0 1 0 0.7843137254901961 0 1 0 0.7843137254901961 0 1 0 0.7843137254901961 0 1 0 0.7843137254901961 0 1 0 0.7843137254901961 0 1 0 0.7843137254901961 0 1 0 0.7843137254901961 0 1</float_array>
                    <technique_common>
                        <accessor count="12" source="#colorarrayMesh14_1" stride="4">
                            <param name="R" type="float"/>
                            <param name="G" type="float"/>
                            <param name="B" type="float"/>
                            <param name="A" type="float"/>
                        </accessor>
                    </technique_common>
                </source>
                <vertices id="verticesMesh14_1">
                    <input semantic="POSITION" source="#pointsMesh14_1"/>
                </vertices>
                <polylist count="14" material="Material1">
                    <input offset="0" semantic="VERTEX" source="#verticesMesh14_1"/>
                    <input offset="1" semantic="TEXCOORD" source="#uvsMesh14_1" set="0"/>
                    <input offset="2" semantic="COLOR" source="#colorsMesh14_1" set="0"/>
                    <vcount>3 3 3 3 3 3 3 3 3 3 3 3 3 3</vcount>
                    <p>0 0 0 1 1 1 2 2 2 0 0 0 2 2 2 3 3 3 3 3 3 4 4 4 0 0 0 1 1 1 5 5 5 2 2 2 3 3 3 2 2 2 6 6 6 7 7 7 6 6 6 2 2 2 7 7 7 2 2 2 5 5 5 3 3 3 6 6 6 8 8 8 4 4 4 3 3 3 8 8 8 4 4 4 8 8 8 9 9 9 6 6 6 10 10 10 11 11 11 7 7 7 10 10 10 6 6 6 6 6 6 11 11 11 8 8 8 8 8 8 11 11 11 9 9 9</p>
                </polylist>
            </mesh>
        </geometry>
        <geometry id="meshMesh14_2">
            <mesh>
                <source id="pointsMesh14_2">
                    <float_array id="pointarrayMesh14_2" count="36">0 40 5 0 40 -10 -22 -20 -20 -22 -20 15 2 5 30 2 5 -33 -28 -48 -15 0 -45 -45 -28 -48 10 0 -45 43 2 -73 -25 2 -73 20</float_array>
                    <technique_common>
                        <accessor count="12" source="#pointarrayMesh14_2" stride="3">
                            <param name="X" type="float"/>
                            <param name="Y" type="float"/>
                            <param name="Z" type="float"/>
                        </accessor>
                    </technique_common>
                </source>
                <source id="uvsMesh14_2">
                    <float_array id="uvarrayMesh14_2" count="24">0 1 0 1 0 1 0 1 0 1 0 1 0 1 0 1 0 1 0 1 0 1 0 1</float_array>
                    <technique_common>
                        <accessor count="12" source="#uvarrayMesh14_2" stride="2">
                            <param name="S" type="float"/>
                            <param name="T" type="float"/>
                        </accessor>
                    </technique_common>
                </source>
                <source id="colorsMesh14_2">
                    <float_array id="colorarrayMesh14_2" count="48">0 0.39215686274509803 0 1 0 0.39215686274509803 0 1 0 0.39215686274509803 0 1 0 0.39215686274509803 0 1 0 0.39215686274509803 0 1 0 0.39215686274509803 0 1 0 0.39215686274509803 0 1 0 0.39215686274509803 0 1 0 0.39215686274509803 0 1 0 0.39215686274509803 0 1 0 0.39215686274509803 0 1 0 0.39215686274509803 0 1</float_array>
                    <technique_common>
                        <accessor count="12" source="#colorarrayMesh14_2" stride="4">
                            <param name="R" type="float"/>
                            <param name="G" type="float"/>
                            <param name="B" type="float"/>
                            <param name="A" type="float"/>
                        </accessor>
                    </technique_common>
                </source>
                <vertices id="verticesMesh14_2">
                    <input semantic="POSITION" source="#pointsMesh14_2"/>
                </vertices>
                <polylist count="14" material="Material1">
                    <input offset="0" semantic="VERTEX" source="#verticesMesh14_2"/>
                    <input offset="1" semantic="TEXCOORD" source="#uvsMesh14_2" set="0"/>
                    <input offset="2" semantic="COLOR" source="#colorsMesh14_2" set="0"/>
                    <vcount>3 3 3 3 3 3 3 3 3 3 3 3 3 3</vcount>
                    <p>0 0 0 1 1 1 2 2 2 0 0 0 2 2 2 3 3 3 3 3 3 4 4 4 0 0 0 1 1 1 5 5 5 2 2 2 3 3 3 2 2 2 6 6 6 7 7 7 6 6 6 2 2 2 7 7 7 2 2 2 5 5 5 3 3 3 6 6 6 8 8 8 4 4 4 3 3 3 8 8 8 4 4 4 8 8 8 9 9 9 6 6 6 10 10 10 11 11 11 7 7 7 10 10 10 6 6 6 6 6 6 11 11 11 8 8 8 8 8 8 11 11 11 9 9 9</p>
                </polylist>
            </mesh>
        </geometry>
        <geometry id="meshMesh15_1">
            <mesh>
                <source id="pointsMesh15_1">
                    <float_array id="pointarrayMesh15_1" count="27">-1 -6 16 -1 -17 0 61 -25 0 61 -6 29 -1 16 0 60 34 10 60 34 -11 61 -6 -30 -1 -6 -17</float_array>
                    <technique_common>
                        <accessor count="9" source="#pointarrayMesh15_1" stride="3">
                            <param name="X" type="float"/>
                            <param name="Y" type="float"/>
                            <param name="Z" type="float"/>
                        </accessor>
                    </technique_common>
                </source>
                <source id="uvsMesh15_1">
                    <float_array id="uvarrayMesh15_1" count="18">0 1 0 1 0 1 0 1 0 1 0 1 0 1 0 1 0 1</float_array>
                    <technique_common>
                        <accessor count="9" source="#uvarrayMesh15_1" stride="2">
                            <param name="S" type="float"/>
                            <param name="T" type="float"/>
                        </accessor>
                    </technique_common>
                </source>
                <source id="colorsMesh15_1">
                    <float_array id="colorarrayMesh15_1" count="36">0.8784313725490196 0.6823529411764706 0 1 0.8784313725490196 0.6823529411764706 0 1 0.8784313725490196 0.6823529411764706 0 1 0.8784313725490196 0.6823529411764706 0 1 0.8784313725490196 0.6823529411764706 0 1 0.8784313725490196 0.6823529411764706 0 1 0.8784313725490196 0.6823529411764706 0 1 0.8784313725490196 0.6823529411764706 0 1 0.8784313725490196 0.6823529411764706 0 1</float_array>
                    <technique_common>
                        <accessor count="9" source="#colorarrayMesh15_1" stride="4">
                            <param name="R" type="float"/>
                            <param name="G" type="float"/>
                            <param name="B" type="float"/>
                            <param name="A" type="float"/>
                        </accessor>
                    </technique_common>
                </source>
                <vertices id="verticesMesh15_1">
                    <input semantic="POSITION" source="#pointsMesh15_1"/>
                </vertices>
                <polylist count="12" material="Material1">
                    <input offset="0" semantic="VERTEX" source="#verticesMesh15_1"/>
                    <input offset="1" semantic="TEXCOORD" source="#uvsMesh15_1" set="0"/>
                    <input offset="2" semantic="COLOR" source="#colorsMesh15_1" set="0"/>
                    <vcount>3 3 3 3 3 3 3 3 3 3 3 3</vcount>
                    <p>0 0 0 1 1 1 2 2 2 0 0 0 2 2 2 3 3 3 4 4 4 5 5 5 6 6 6 2 2 2 7 7 7 6 6 6 2 2 2 6 6 6 5 5 5 2 2 2 5 5 5 3 3 3 8 8 8 4 4 4 6 6 6 8 8 8 6 6 6 7 7 7 4 4 4 0 0 0 3 3 3 4 4 4 3 3 3 5 5 5 1 1 1 8 8 8 7 7 7 1 1 1 7 7 7 2 2 2</p>
                </polylist>
            </mesh>
        </geometry>
        <geometry id="meshMesh15_2">
            <mesh>
                <source id="pointsMesh15_2">
                    <float_array id="pointarrayMesh15_2" count="27">-1 -6 16 -1 -17 0 61 -25 0 61 -6 29 -1 16 0 60 34 10 60 34 -11 61 -6 -30 -1 -6 -17</float_array>
                    <technique_common>
                        <accessor count="9" source="#pointarrayMesh15_2" stride="3">
                            <param name="X" type="float"/>
                            <param name="Y" type="float"/>
                            <param name="Z" type="float"/>
                        </accessor>
                    </technique_common>
                </source>
                <source id="uvsMesh15_2">
                    <float_array id="uvarrayMesh15_2" count="18">0 1 0 1 0 1 0 1 0 1 0 1 0 1 0 1 0 1</float_array>
                    <technique_common>
                        <accessor count="9" source="#uvarrayMesh15_2" stride="2">
                            <param name="S" type="float"/>
                            <param name="T" type="float"/>
                        </accessor>
                    </technique_common>
                </source>
                <source id="colorsMesh15_2">
                    <float_array id="colorarrayMesh15_2" count="36">0.4392156862745098 0.3411764705882353 0 1 0.4392156862745098 0.3411764705882353 0 1 0.4392156862745098 0.3411764705882353 0 1 0.4392156862745098 0.3411764705882353 0 1 0.4392156862745098 0.3411764705882353 0 1 0.4392156862745098 0.3411764705882353 0 1 0.4392156862745098 0.3411764705882353 0 1 0.4392156862745098 0.3411764705882353 0 1 0.4392156862745098 0.3411764705882353 0 1</float_array>
                    <technique_common>
                        <accessor count="9" source="#colorarrayMesh15_2" stride="4">
                            <param name="R" type="float"/>
                            <param name="G" type="float"/>
                            <param name="B" type="float"/>
                            <param name="A" type="float"/>
                        </accessor>
                    </technique_common>
                </source>
                <vertices id="verticesMesh15_2">
                    <input semantic="POSITION" source="#pointsMesh15_2"/>
                </vertices>
                <polylist count="12" material="Material1">
                    <input offset="0" semantic="VERTEX" source="#verticesMesh15_2"/>
                    <input offset="1" semantic="TEXCOORD" source="#uvsMesh15_2" set="0"/>
                    <input offset="2" semantic="COLOR" source="#colorsMesh15_2" set="0"/>
                    <vcount>3 3 3 3 3 3 3 3 3 3 3 3</vcount>
                    <p>0 0 0 1 1 1 2 2 2 0 0 0 2 2 2 3 3 3 4 4 4 5 5 5 6 6 6 2 2 2 7 7 7 6 6 6 2 2 2 6 6 6 5 5 5 2 2 2 5 5 5 3 3 3 8 8 8 4 4 4 6 6 6 8 8 8 6 6 6 7 7 7 4 4 4 0 0 0 3 3 3 4 4 4 3 3 3 5 5 5 1 1 1 8 8 8 7 7 7 1 1 1 7 7 7 2 2 2</p>
                </polylist>
            </mesh>
        </geometry>
        <geometry id="meshMesh16_1">
            <mesh>
                <source id="pointsMesh16_1">
                    <float_array id="pointarrayMesh16_1" count="48">28 7 -35 28 -45 -43 0 -45 -40 2 -73 -17 28 -73 -17 2 -73 25 2 5 -28 28 -73 25 0 -45 48 28 -45 51 2 5 35 28 7 43 28 40 17 0 40 12 0 40 -5 28 40 -10</float_array>
                    <technique_common>
                        <accessor count="16" source="#pointarrayMesh16_1" stride="3">
                            <param name="X" type="float"/>
                            <param name="Y" type="float"/>
                            <param name="Z" type="float"/>
                        </accessor>
                    </technique_common>
                </source>
                <source id="uvsMesh16_1">
                    <float_array id="uvarrayMesh16_1" count="32">0.6328125 0.115234375 0.2109375 0.10546875 0.212890625 0.859375 0.005859375 0.734375 0.0078125 0.099609375 0.005859375 0.734375 0.625 0.744140625 0.0078125 0.099609375 0.212890625 0.859375 0.2109375 0.10546875 0.625 0.744140625 0.6328125 0.115234375 0.88671875 0.123046875 0.884765625 0.7578125 0.884765625 0.7578125 0.88671875 0.123046875</float_array>
                    <technique_common>
                        <accessor count="16" source="#uvarrayMesh16_1" stride="2">
                            <param name="S" type="float"/>
                            <param name="T" type="float"/>
                        </accessor>
                    </technique_common>
                </source>
                <vertices id="verticesMesh16_1">
                    <input semantic="POSITION" source="#pointsMesh16_1"/>
                </vertices>
                <polylist count="16" material="Material1">
                    <input offset="0" semantic="VERTEX" source="#verticesMesh16_1"/>
                    <input offset="1" semantic="TEXCOORD" source="#uvsMesh16_1" set="0"/>
                    <vcount>3 3 3 3 3 3 3 3 3 3 3 3 3 3 3 3</vcount>
                    <p>0 0 1 1 2 2 1 1 3 3 2 2 1 1 4 4 3 3 4 4 5 5 3 3 0 0 2 2 6 6 4 4 7 7 5 5 8 8 5 5 7 7 8 8 7 7 9 9 9 9 10 10 8 8 9 9 11 11 10 10 11 11 12 12 13 13 11 11 13 13 10 10 12 12 14 14 13 13 12 12 15 15 14 14 6 6 14 14 15 15 6 6 15 15 0 0</p>
                </polylist>
            </mesh>
        </geometry>
        <geometry id="meshMesh16_2">
            <mesh>
                <source id="pointsMesh16_2">
                    <float_array id="pointarrayMesh16_2" count="48">28 7 -35 28 -45 -43 0 -45 -40 2 -73 -17 28 -73 -17 2 -73 25 2 5 -28 28 -73 25 0 -45 48 28 -45 51 2 5 35 28 7 43 28 40 17 0 40 12 0 40 -5 28 40 -10</float_array>
                    <technique_common>
                        <accessor count="16" source="#pointarrayMesh16_2" stride="3">
                            <param name="X" type="float"/>
                            <param name="Y" type="float"/>
                            <param name="Z" type="float"/>
                        </accessor>
                    </technique_common>
                </source>
                <source id="uvsMesh16_2">
                    <float_array id="uvarrayMesh16_2" count="32">0.6328125 0.115234375 0.2109375 0.10546875 0.212890625 0.859375 0.005859375 0.734375 0.0078125 0.099609375 0.005859375 0.734375 0.625 0.744140625 0.0078125 0.099609375 0.212890625 0.859375 0.2109375 0.10546875 0.625 0.744140625 0.6328125 0.115234375 0.88671875 0.123046875 0.884765625 0.7578125 0.884765625 0.7578125 0.88671875 0.123046875</float_array>
                    <technique_common>
                        <accessor count="16" source="#uvarrayMesh16_2" stride="2">
                            <param name="S" type="float"/>
                            <param name="T" type="float"/>
                        </accessor>
                    </technique_common>
                </source>
                <source id="colorsMesh16_2">
                    <float_array id="colorarrayMesh16_2" count="64">0.4980392156862745 0.4980392156862745 0.4980392156862745 1 0.4980392156862745 0.4980392156862745 0.4980392156862745 1 0.4980392156862745 0.4980392156862745 0.4980392156862745 1 0.4980392156862745 0.4980392156862745 0.4980392156862745 1 0.4980392156862745 0.4980392156862745 0.4980392156862745 1 0.4980392156862745 0.4980392156862745 0.4980392156862745 1 0.4980392156862745 0.4980392156862745 0.4980392156862745 1 0.4980392156862745 0.4980392156862745 0.4980392156862745 1 0.4980392156862745 0.4980392156862745 0.4980392156862745 1 0.4980392156862745 0.4980392156862745 0.4980392156862745 1 0.4980392156862745 0.4980392156862745 0.4980392156862745 1 0.4980392156862745 0.4980392156862745 0.4980392156862745 1 0.4980392156862745 0.4980392156862745 0.4980392156862745 1 0.4980392156862745 0.4980392156862745 0.4980392156862745 1 0.4980392156862745 0.4980392156862745 0.4980392156862745 1 0.4980392156862745 0.4980392156862745 0.4980392156862745 1</float_array>
                    <technique_common>
                        <accessor count="16" source="#colorarrayMesh16_2" stride="4">
                            <param name="R" type="float"/>
                            <param name="G" type="float"/>
                            <param name="B" type="float"/>
                            <param name="A" type="float"/>
                        </accessor>
                    </technique_common>
                </source>
                <vertices id="verticesMesh16_2">
                    <input semantic="POSITION" source="#pointsMesh16_2"/>
                </vertices>
                <polylist count="16" material="Material1">
                    <input offset="0" semantic="VERTEX" source="#verticesMesh16_2"/>
                    <input offset="1" semantic="TEXCOORD" source="#uvsMesh16_2" set="0"/>
                    <input offset="2" semantic="COLOR" source="#colorsMesh16_2" set="0"/>
                    <vcount>3 3 3 3 3 3 3 3 3 3 3 3 3 3 3 3</vcount>
                    <p>0 0 0 1 1 1 2 2 2 1 1 1 3 3 3 2 2 2 1 1 1 4 4 4 3 3 3 4 4 4 5 5 5 3 3 3 0 0 0 2 2 2 6 6 6 4 4 4 7 7 7 5 5 5 8 8 8 5 5 5 7 7 7 8 8 8 7 7 7 9 9 9 9 9 9 10 10 10 8 8 8 9 9 9 11 11 11 10 10 10 11 11 11 12 12 12 13 13 13 11 11 11 13 13 13 10 10 10 12 12 12 14 14 14 13 13 13 12 12 12 15 15 15 14 14 14 6 6 6 14 14 14 15 15 15 6 6 6 15 15 15 0 0 0</p>
                </polylist>
            </mesh>
        </geometry>
        <geometry id="meshMesh17_1">
            <mesh>
                <source id="pointsMesh17_1">
                    <float_array id="pointarrayMesh17_1" count="24">28 7 43 28 -45 -43 28 7 -35 28 40 -10 28 40 17 28 -45 51 28 -73 -17 28 -73 25</float_array>
                    <technique_common>
                        <accessor count="8" source="#pointarrayMesh17_1" stride="3">
                            <param name="X" type="float"/>
                            <param name="Y" type="float"/>
                            <param name="Z" type="float"/>
                        </accessor>
                    </technique_common>
                </source>
                <source id="uvsMesh17_1">
                    <float_array id="uvarrayMesh17_1" count="16">0.826171875 0.306640625 -0.044921875 0.765625 0.013671875 0.306640625 0.267578125 0.033203125 0.572265625 0.033203125 0.88671875 0.765625 0.1875 0.984375 0.654296875 0.984375</float_array>
                    <technique_common>
                        <accessor count="8" source="#uvarrayMesh17_1" stride="2">
                            <param name="S" type="float"/>
                            <param name="T" type="float"/>
                        </accessor>
                    </technique_common>
                </source>
                <vertices id="verticesMesh17_1">
                    <input semantic="POSITION" source="#pointsMesh17_1"/>
                </vertices>
                <polylist count="6" material="Material1">
                    <input offset="0" semantic="VERTEX" source="#verticesMesh17_1"/>
                    <input offset="1" semantic="TEXCOORD" source="#uvsMesh17_1" set="0"/>
                    <vcount>3 3 3 3 3 3</vcount>
                    <p>0 0 1 1 2 2 2 2 3 3 4 4 2 2 4 4 0 0 0 0 5 5 1 1 5 5 6 6 1 1 5 5 7 7 6 6</p>
                </polylist>
            </mesh>
        </geometry>
        <geometry id="meshMesh17_2">
            <mesh>
                <source id="pointsMesh17_2">
                    <float_array id="pointarrayMesh17_2" count="24">28 7 43 28 -45 -43 28 7 -35 28 40 -10 28 40 17 28 -45 51 28 -73 -17 28 -73 25</float_array>
                    <technique_common>
                        <accessor count="8" source="#pointarrayMesh17_2" stride="3">
                            <param name="X" type="float"/>
                            <param name="Y" type="float"/>
                            <param name="Z" type="float"/>
                        </accessor>
                    </technique_common>
                </source>
                <source id="uvsMesh17_2">
                    <float_array id="uvarrayMesh17_2" count="16">0.826171875 0.306640625 -0.044921875 0.765625 0.013671875 0.306640625 0.267578125 0.033203125 0.572265625 0.033203125 0.88671875 0.765625 0.1875 0.984375 0.654296875 0.984375</float_array>
                    <technique_common>
                        <accessor count="8" source="#uvarrayMesh17_2" stride="2">
                            <param name="S" type="float"/>
                            <param name="T" type="float"/>
                        </accessor>
                    </technique_common>
                </source>
                <source id="colorsMesh17_2">
                    <float_array id="colorarrayMesh17_2" count="32">0.4980392156862745 0.4980392156862745 0.4980392156862745 1 0.4980392156862745 0.4980392156862745 0.4980392156862745 1 0.4980392156862745 0.4980392156862745 0.4980392156862745 1 0.4980392156862745 0.4980392156862745 0.4980392156862745 1 0.4980392156862745 0.4980392156862745 0.4980392156862745 1 0.4980392156862745 0.4980392156862745 0.4980392156862745 1 0.4980392156862745 0.4980392156862745 0.4980392156862745 1 0.4980392156862745 0.4980392156862745 0.4980392156862745 1</float_array>
                    <technique_common>
                        <accessor count="8" source="#colorarrayMesh17_2" stride="4">
                            <param name="R" type="float"/>
                            <param name="G" type="float"/>
                            <param name="B" type="float"/>
                            <param name="A" type="float"/>
                        </accessor>
                    </technique_common>
                </source>
                <vertices id="verticesMesh17_2">
                    <input semantic="POSITION" source="#pointsMesh17_2"/>
                </vertices>
                <polylist count="6" material="Material1">
                    <input offset="0" semantic="VERTEX" source="#verticesMesh17_2"/>
                    <input offset="1" semantic="TEXCOORD" source="#uvsMesh17_2" set="0"/>
                    <input offset="2" semantic="COLOR" source="#colorsMesh17_2" set="0"/>
                    <vcount>3 3 3 3 3 3</vcount>
                    <p>0 0 0 1 1 1 2 2 2 2 2 2 3 3 3 4 4 4 2 2 2 4 4 4 0 0 0 0 0 0 5 5 5 1 1 1 5 5 5 6 6 6 1 1 1 5 5 5 7 7 7 6 6 6</p>
                </polylist>
            </mesh>
        </geometry>
        <geometry id="meshMesh18_1">
            <mesh>
                <source id="pointsMesh18_1">
                    <float_array id="pointarrayMesh18_1" count="36">-22 -20 -12 -22 -20 20 0 40 12 -28 -48 -10 0 40 -5 0 -45 -40 2 5 -28 2 5 35 -28 -48 17 0 -45 48 2 -73 -17 2 -73 25</float_array>
                    <technique_common>
                        <accessor count="12" source="#pointarrayMesh18_1" stride="3">
                            <param name="X" type="float"/>
                            <param name="Y" type="float"/>
                            <param name="Z" type="float"/>
                        </accessor>
                    </technique_common>
                </source>
                <source id="uvsMesh18_1">
                    <float_array id="uvarrayMesh18_1" count="24">0 1 0 1 0 1 0 1 0 1 0 1 0 1 0 1 0 1 0 1 0 1 0 1</float_array>
                    <technique_common>
                        <accessor count="12" source="#uvarrayMesh18_1" stride="2">
                            <param name="S" type="float"/>
                            <param name="T" type="float"/>
                        </accessor>
                    </technique_common>
                </source>
                <source id="colorsMesh18_1">
                    <float_array id="colorarrayMesh18_1" count="48">0 0.7843137254901961 0 1 0 0.7843137254901961 0 1 0 0.7843137254901961 0 1 0 0.7843137254901961 0 1 0 0.7843137254901961 0 1 0 0.7843137254901961 0 1 0 0.7843137254901961 0 1 0 0.7843137254901961 0 1 0 0.7843137254901961 0 1 0 0.7843137254901961 0 1 0 0.7843137254901961 0 1 0 0.7843137254901961 0 1</float_array>
                    <technique_common>
                        <accessor count="12" source="#colorarrayMesh18_1" stride="4">
                            <param name="R" type="float"/>
                            <param name="G" type="float"/>
                            <param name="B" type="float"/>
                            <param name="A" type="float"/>
                        </accessor>
                    </technique_common>
                </source>
                <vertices id="verticesMesh18_1">
                    <input semantic="POSITION" source="#pointsMesh18_1"/>
                </vertices>
                <polylist count="14" material="Material1">
                    <input offset="0" semantic="VERTEX" source="#verticesMesh18_1"/>
                    <input offset="1" semantic="TEXCOORD" source="#uvsMesh18_1" set="0"/>
                    <input offset="2" semantic="COLOR" source="#colorsMesh18_1" set="0"/>
                    <vcount>3 3 3 3 3 3 3 3 3 3 3 3 3 3</vcount>
                    <p>0 0 0 1 1 1 2 2 2 3 3 3 1 1 1 0 0 0 0 0 0 2 2 2 4 4 4 5 5 5 0 0 0 6 6 6 5 5 5 3 3 3 0 0 0 4 4 4 6 6 6 0 0 0 1 1 1 7 7 7 2 2 2 3 3 3 8 8 8 1 1 1 7 7 7 1 1 1 8 8 8 7 7 7 8 8 8 9 9 9 3 3 3 10 10 10 11 11 11 3 3 3 11 11 11 8 8 8 5 5 5 10 10 10 3 3 3 8 8 8 11 11 11 9 9 9</p>
                </polylist>
            </mesh>
        </geometry>
        <geometry id="meshMesh18_2">
            <mesh>
                <source id="pointsMesh18_2">
                    <float_array id="pointarrayMesh18_2" count="36">-22 -20 -12 -22 -20 20 0 40 12 -28 -48 -10 0 40 -5 0 -45 -40 2 5 -28 2 5 35 -28 -48 17 0 -45 48 2 -73 -17 2 -73 25</float_array>
                    <technique_common>
                        <accessor count="12" source="#pointarrayMesh18_2" stride="3">
                            <param name="X" type="float"/>
                            <param name="Y" type="float"/>
                            <param name="Z" type="float"/>
                        </accessor>
                    </technique_common>
                </source>
                <source id="uvsMesh18_2">
                    <float_array id="uvarrayMesh18_2" count="24">0 1 0 1 0 1 0 1 0 1 0 1 0 1 0 1 0 1 0 1 0 1 0 1</float_array>
                    <technique_common>
                        <accessor count="12" source="#uvarrayMesh18_2" stride="2">
                            <param name="S" type="float"/>
                            <param name="T" type="float"/>
                        </accessor>
                    </technique_common>
                </source>
                <source id="colorsMesh18_2">
                    <float_array id="colorarrayMesh18_2" count="48">0 0.39215686274509803 0 1 0 0.39215686274509803 0 1 0 0.39215686274509803 0 1 0 0.39215686274509803 0 1 0 0.39215686274509803 0 1 0 0.39215686274509803 0 1 0 0.39215686274509803 0 1 0 0.39215686274509803 0 1 0 0.39215686274509803 0 1 0 0.39215686274509803 0 1 0 0.39215686274509803 0 1 0 0.39215686274509803 0 1</float_array>
                    <technique_common>
                        <accessor count="12" source="#colorarrayMesh18_2" stride="4">
                            <param name="R" type="float"/>
                            <param name="G" type="float"/>
                            <param name="B" type="float"/>
                            <param name="A" type="float"/>
                        </accessor>
                    </technique_common>
                </source>
                <vertices id="verticesMesh18_2">
                    <input semantic="POSITION" source="#pointsMesh18_2"/>
                </vertices>
                <polylist count="14" material="Material1">
                    <input offset="0" semantic="VERTEX" source="#verticesMesh18_2"/>
                    <input offset="1" semantic="TEXCOORD" source="#uvsMesh18_2" set="0"/>
                    <input offset="2" semantic="COLOR" source="#colorsMesh18_2" set="0"/>
                    <vcount>3 3 3 3 3 3 3 3 3 3 3 3 3 3</vcount>
                    <p>0 0 0 1 1 1 2 2 2 3 3 3 1 1 1 0 0 0 0 0 0 2 2 2 4 4 4 5 5 5 0 0 0 6 6 6 5 5 5 3 3 3 0 0 0 4 4 4 6 6 6 0 0 0 1 1 1 7 7 7 2 2 2 3 3 3 8 8 8 1 1 1 7 7 7 1 1 1 8 8 8 7 7 7 8 8 8 9 9 9 3 3 3 10 10 10 11 11 11 3 3 3 11 11 11 8 8 8 5 5 5 10 10 10 3 3 3 8 8 8 11 11 11 9 9 9</p>
                </polylist>
            </mesh>
        </geometry>
        <geometry id="meshMesh19_1">
            <mesh>
                <source id="pointsMesh19_1">
                    <float_array id="pointarrayMesh19_1" count="30">0 -2 -10 -1 8 -2 52 17 -4 53 0 -17 -1 4 10 52 10 16 0 -8 10 53 -11 16 0 -13 -2 53 -18 -4</float_array>
                    <technique_common>
                        <accessor count="10" source="#pointarrayMesh19_1" stride="3">
                            <param name="X" type="float"/>
                            <param name="Y" type="float"/>
                            <param name="Z" type="float"/>
                        </accessor>
                    </technique_common>
                </source>
                <source id="uvsMesh19_1">
                    <float_array id="uvarrayMesh19_1" count="20">0 1 0 1 0 1 0 1 0 1 0 1 0 1 0 1 0 1 0 1</float_array>
                    <technique_common>
                        <accessor count="10" source="#uvarrayMesh19_1" stride="2">
                            <param name="S" type="float"/>
                            <param name="T" type="float"/>
                        </accessor>
                    </technique_common>
                </source>
                <source id="colorsMesh19_1">
                    <float_array id="colorarrayMesh19_1" count="40">0.8784313725490196 0.6823529411764706 0 1 0.8784313725490196 0.6823529411764706 0 1 0.8784313725490196 0.6823529411764706 0 1 0.8784313725490196 0.6823529411764706 0 1 0.8784313725490196 0.6823529411764706 0 1 0.8784313725490196 0.6823529411764706 0 1 0.8784313725490196 0.6823529411764706 0 1 0.8784313725490196 0.6823529411764706 0 1 0.8784313725490196 0.6823529411764706 0 1 0.8784313725490196 0.6823529411764706 0 1</float_array>
                    <technique_common>
                        <accessor count="10" source="#colorarrayMesh19_1" stride="4">
                            <param name="R" type="float"/>
                            <param name="G" type="float"/>
                            <param name="B" type="float"/>
                            <param name="A" type="float"/>
                        </accessor>
                    </technique_common>
                </source>
                <vertices id="verticesMesh19_1">
                    <input semantic="POSITION" source="#pointsMesh19_1"/>
                </vertices>
                <polylist count="10" material="Material1">
                    <input offset="0" semantic="VERTEX" source="#verticesMesh19_1"/>
                    <input offset="1" semantic="TEXCOORD" source="#uvsMesh19_1" set="0"/>
                    <input offset="2" semantic="COLOR" source="#colorsMesh19_1" set="0"/>
                    <vcount>3 3 3 3 3 3 3 3 3 3</vcount>
                    <p>0 0 0 1 1 1 2 2 2 0 0 0 2 2 2 3 3 3 1 1 1 4 4 4 5 5 5 1 1 1 5 5 5 2 2 2 4 4 4 6 6 6 7 7 7 4 4 4 7 7 7 5 5 5 6 6 6 8 8 8 9 9 9 6 6 6 9 9 9 7 7 7 8 8 8 0 0 0 3 3 3 8 8 8 3 3 3 9 9 9</p>
                </polylist>
            </mesh>
        </geometry>
        <geometry id="meshMesh19_2">
            <mesh>
                <source id="pointsMesh19_2">
                    <float_array id="pointarrayMesh19_2" count="30">0 -2 -10 -1 8 -2 52 17 -4 53 0 -17 -1 4 10 52 10 16 0 -8 10 53 -11 16 0 -13 -2 53 -18 -4</float_array>
                    <technique_common>
                        <accessor count="10" source="#pointarrayMesh19_2" stride="3">
                            <param name="X" type="float"/>
                            <param name="Y" type="float"/>
                            <param name="Z" type="float"/>
                        </accessor>
                    </technique_common>
                </source>
                <source id="uvsMesh19_2">
                    <float_array id="uvarrayMesh19_2" count="20">0 1 0 1 0 1 0 1 0 1 0 1 0 1 0 1 0 1 0 1</float_array>
                    <technique_common>
                        <accessor count="10" source="#uvarrayMesh19_2" stride="2">
                            <param name="S" type="float"/>
                            <param name="T" type="float"/>
                        </accessor>
                    </technique_common>
                </source>
                <source id="colorsMesh19_2">
                    <float_array id="colorarrayMesh19_2" count="40">0.4392156862745098 0.3411764705882353 0 1 0.4392156862745098 0.3411764705882353 0 1 0.4392156862745098 0.3411764705882353 0 1 0.4392156862745098 0.3411764705882353 0 1 0.4392156862745098 0.3411764705882353 0 1 0.4392156862745098 0.3411764705882353 0 1 0.4392156862745098 0.3411764705882353 0 1 0.4392156862745098 0.3411764705882353 0 1 0.4392156862745098 0.3411764705882353 0 1 0.4392156862745098 0.3411764705882353 0 1</float_array>
                    <technique_common>
                        <accessor count="10" source="#colorarrayMesh19_2" stride="4">
                            <param name="R" type="float"/>
                            <param name="G" type="float"/>
                            <param name="B" type="float"/>
                            <param name="A" type="float"/>
                        </accessor>
                    </technique_common>
                </source>
                <vertices id="verticesMesh19_2">
                    <input semantic="POSITION" source="#pointsMesh19_2"/>
                </vertices>
                <polylist count="10" material="Material1">
                    <input offset="0" semantic="VERTEX" source="#verticesMesh19_2"/>
                    <input offset="1" semantic="TEXCOORD" source="#uvsMesh19_2" set="0"/>
                    <input offset="2" semantic="COLOR" source="#colorsMesh19_2" set="0"/>
                    <vcount>3 3 3 3 3 3 3 3 3 3</vcount>
                    <p>0 0 0 1 1 1 2 2 2 0 0 0 2 2 2 3 3 3 1 1 1 4 4 4 5 5 5 1 1 1 5 5 5 2 2 2 4 4 4 6 6 6 7 7 7 4 4 4 7 7 7 5 5 5 6 6 6 8 8 8 9 9 9 6 6 6 9 9 9 7 7 7 8 8 8 0 0 0 3 3 3 8 8 8 3 3 3 9 9 9</p>
                </polylist>
            </mesh>
        </geometry>
        <geometry id="meshMesh20_1">
            <mesh>
                <source id="pointsMesh20_1">
                    <float_array id="pointarrayMesh20_1" count="66">14 -41 15 14 -41 -19 48 -41 -22 48 -41 18 44 5 -22 20 35 -2 44 5 18 -6 24 -2 -6 -18 -23 -6 -18 19 67 -22 20 67 -22 -24 67 15 -11 67 15 6 14 15 -37 44 -8 -42 30 -22 -37 14 15 33 14 -22 33 30 -22 33 44 -8 38 14 -22 -37</float_array>
                    <technique_common>
                        <accessor count="22" source="#pointarrayMesh20_1" stride="3">
                            <param name="X" type="float"/>
                            <param name="Y" type="float"/>
                            <param name="Z" type="float"/>
                        </accessor>
                    </technique_common>
                </source>
                <source id="uvsMesh20_1">
                    <float_array id="uvarrayMesh20_1" count="44">0 1 0 1 0 1 0 1 0 1 0 1 0 1 0 1 0 1 0 1 0 1 0 1 0 1 0 1 0 1 0 1 0 1 0 1 0 1 0 1 0 1 0 1</float_array>
                    <technique_common>
                        <accessor count="22" source="#uvarrayMesh20_1" stride="2">
                            <param name="S" type="float"/>
                            <param name="T" type="float"/>
                        </accessor>
                    </technique_common>
                </source>
                <source id="colorsMesh20_1">
                    <float_array id="colorarrayMesh20_1" count="88">0.8784313725490196 0.6823529411764706 0 1 0.8784313725490196 0.6823529411764706 0 1 0.8784313725490196 0.6823529411764706 0 1 0.8784313725490196 0.6823529411764706 0 1 0.8784313725490196 0.6823529411764706 0 1 0.8784313725490196 0.6823529411764706 0 1 0.8784313725490196 0.6823529411764706 0 1 0.8784313725490196 0.6823529411764706 0 1 0.8784313725490196 0.6823529411764706 0 1 0.8784313725490196 0.6823529411764706 0 1 0.8784313725490196 0.6823529411764706 0 1 0.8784313725490196 0.6823529411764706 0 1 0.8784313725490196 0.6823529411764706 0 1 0.8784313725490196 0.6823529411764706 0 1 0.8784313725490196 0.6823529411764706 0 1 0.8784313725490196 0.6823529411764706 0 1 0.8784313725490196 0.6823529411764706 0 1 0.8784313725490196 0.6823529411764706 0 1 0.8784313725490196 0.6823529411764706 0 1 0.8784313725490196 0.6823529411764706 0 1 0.8784313725490196 0.6823529411764706 0 1 0.8784313725490196 0.6823529411764706 0 1</float_array>
                    <technique_common>
                        <accessor count="22" source="#colorarrayMesh20_1" stride="4">
                            <param name="R" type="float"/>
                            <param name="G" type="float"/>
                            <param name="B" type="float"/>
                            <param name="A" type="float"/>
                        </accessor>
                    </technique_common>
                </source>
                <vertices id="verticesMesh20_1">
                    <input semantic="POSITION" source="#pointsMesh20_1"/>
                </vertices>
                <polylist count="40" material="Material1">
                    <input offset="0" semantic="VERTEX" source="#verticesMesh20_1"/>
                    <input offset="1" semantic="TEXCOORD" source="#uvsMesh20_1" set="0"/>
                    <input offset="2" semantic="COLOR" source="#colorsMesh20_1" set="0"/>
                    <vcount>3 3 3 3 3 3 3 3 3 3 3 3 3 3 3 3 3 3 3 3 3 3 3 3 3 3 3 3 3 3 3 3 3 3 3 3 3 3 3 3</vcount>
                    <p>0 0 0 1 1 1 2 2 2 0 0 0 2 2 2 3 3 3 4 4 4 5 5 5 6 6 6 7 7 7 8 8 8 9 9 9 10 10 10 11 11 11 12 12 12 10 10 10 12 12 12 13 13 13 14 14 14 15 15 15 16 16 16 17 17 17 18 18 18 19 19 19 13 13 13 6 6 6 20 20 20 17 17 17 5 5 5 7 7 7 7 7 7 5 5 5 14 14 14 12 12 12 15 15 15 4 4 4 15 15 15 11 11 11 2 2 2 21 21 21 1 1 1 8 8 8 9 9 9 0 0 0 18 18 18 3 3 3 10 10 10 20 20 20 10 10 10 13 13 13 20 20 20 8 8 8 7 7 7 14 14 14 17 17 17 9 9 9 18 18 18 17 17 17 20 20 20 6 6 6 16 16 16 21 21 21 14 14 14 14 14 14 5 5 5 4 4 4 10 10 10 3 3 3 2 2 2 10 10 10 2 2 2 11 11 11 16 16 16 2 2 2 1 1 1 8 8 8 1 1 1 0 0 0 8 8 8 0 0 0 9 9 9 0 0 0 3 3 3 19 19 19 19 19 19 18 18 18 0 0 0 1 1 1 21 21 21 16 16 16 17 17 17 7 7 7 9 9 9 14 14 14 21 21 21 8 8 8 15 15 15 12 12 12 11 11 11 19 19 19 20 20 20 17 17 17 6 6 6 13 13 13 12 12 12 6 6 6 12 12 12 4 4 4 2 2 2 16 16 16 15 15 15 20 20 20 19 19 19 3 3 3 6 6 6 5 5 5 17 17 17 4 4 4 15 15 15 14 14 14</p>
                </polylist>
            </mesh>
        </geometry>
        <geometry id="meshMesh20_2">
            <mesh>
                <source id="pointsMesh20_2">
                    <float_array id="pointarrayMesh20_2" count="66">14 -41 15 14 -41 -19 48 -41 -22 48 -41 18 44 5 -22 20 35 -2 44 5 18 -6 24 -2 -6 -18 -23 -6 -18 19 67 -22 20 67 -22 -24 67 15 -11 67 15 6 14 15 -37 44 -8 -42 30 -22 -37 14 15 33 14 -22 33 30 -22 33 44 -8 38 14 -22 -37</float_array>
                    <technique_common>
                        <accessor count="22" source="#pointarrayMesh20_2" stride="3">
                            <param name="X" type="float"/>
                            <param name="Y" type="float"/>
                            <param name="Z" type="float"/>
                        </accessor>
                    </technique_common>
                </source>
                <source id="uvsMesh20_2">
                    <float_array id="uvarrayMesh20_2" count="44">0 1 0 1 0 1 0 1 0 1 0 1 0 1 0 1 0 1 0 1 0 1 0 1 0 1 0 1 0 1 0 1 0 1 0 1 0 1 0 1 0 1 0 1</float_array>
                    <technique_common>
                        <accessor count="22" source="#uvarrayMesh20_2" stride="2">
                            <param name="S" type="float"/>
                            <param name="T" type="float"/>
                        </accessor>
                    </technique_common>
                </source>
                <source id="colorsMesh20_2">
                    <float_array id="colorarrayMesh20_2" count="88">0.4392156862745098 0.3411764705882353 0 1 0.4392156862745098 0.3411764705882353 0 1 0.4392156862745098 0.3411764705882353 0 1 0.4392156862745098 0.3411764705882353 0 1 0.4392156862745098 0.3411764705882353 0 1 0.4392156862745098 0.3411764705882353 0 1 0.4392156862745098 0.3411764705882353 0 1 0.4392156862745098 0.3411764705882353 0 1 0.4392156862745098 0.3411764705882353 0 1 0.4392156862745098 0.3411764705882353 0 1 0.4392156862745098 0.3411764705882353 0 1 0.4392156862745098 0.3411764705882353 0 1 0.4392156862745098 0.3411764705882353 0 1 0.4392156862745098 0.3411764705882353 0 1 0.4392156862745098 0.3411764705882353 0 1 0.4392156862745098 0.3411764705882353 0 1 0.4392156862745098 0.3411764705882353 0 1 0.4392156862745098 0.3411764705882353 0 1 0.4392156862745098 0.3411764705882353 0 1 0.4392156862745098 0.3411764705882353 0 1 0.4392156862745098 0.3411764705882353 0 1 0.4392156862745098 0.3411764705882353 0 1</float_array>
                    <technique_common>
                        <accessor count="22" source="#colorarrayMesh20_2" stride="4">
                            <param name="R" type="float"/>
                            <param name="G" type="float"/>
                            <param name="B" type="float"/>
                            <param name="A" type="float"/>
                        </accessor>
                    </technique_common>
                </source>
                <vertices id="verticesMesh20_2">
                    <input semantic="POSITION" source="#pointsMesh20_2"/>
                </vertices>
                <polylist count="40" material="Material1">
                    <input offset="0" semantic="VERTEX" source="#verticesMesh20_2"/>
                    <input offset="1" semantic="TEXCOORD" source="#uvsMesh20_2" set="0"/>
                    <input offset="2" semantic="COLOR" source="#colorsMesh20_2" set="0"/>
                    <vcount>3 3 3 3 3 3 3 3 3 3 3 3 3 3 3 3 3 3 3 3 3 3 3 3 3 3 3 3 3 3 3 3 3 3 3 3 3 3 3 3</vcount>
                    <p>0 0 0 1 1 1 2 2 2 0 0 0 2 2 2 3 3 3 4 4 4 5 5 5 6 6 6 7 7 7 8 8 8 9 9 9 10 10 10 11 11 11 12 12 12 10 10 10 12 12 12 13 13 13 14 14 14 15 15 15 16 16 16 17 17 17 18 18 18 19 19 19 13 13 13 6 6 6 20 20 20 17 17 17 5 5 5 7 7 7 7 7 7 5 5 5 14 14 14 12 12 12 15 15 15 4 4 4 15 15 15 11 11 11 2 2 2 21 21 21 1 1 1 8 8 8 9 9 9 0 0 0 18 18 18 3 3 3 10 10 10 20 20 20 10 10 10 13 13 13 20 20 20 8 8 8 7 7 7 14 14 14 17 17 17 9 9 9 18 18 18 17 17 17 20 20 20 6 6 6 16 16 16 21 21 21 14 14 14 14 14 14 5 5 5 4 4 4 10 10 10 3 3 3 2 2 2 10 10 10 2 2 2 11 11 11 16 16 16 2 2 2 1 1 1 8 8 8 1 1 1 0 0 0 8 8 8 0 0 0 9 9 9 0 0 0 3 3 3 19 19 19 19 19 19 18 18 18 0 0 0 1 1 1 21 21 21 16 16 16 17 17 17 7 7 7 9 9 9 14 14 14 21 21 21 8 8 8 15 15 15 12 12 12 11 11 11 19 19 19 20 20 20 17 17 17 6 6 6 13 13 13 12 12 12 6 6 6 12 12 12 4 4 4 2 2 2 16 16 16 15 15 15 20 20 20 19 19 19 3 3 3 6 6 6 5 5 5 17 17 17 4 4 4 15 15 15 14 14 14</p>
                </polylist>
            </mesh>
        </geometry>
        <geometry id="meshMesh21_1">
            <mesh>
                <source id="pointsMesh21_1">
                    <float_array id="pointarrayMesh21_1" count="30">53 0 17 52 17 3 -1 8 1 0 -2 9 52 10 -17 -1 4 -11 53 -11 -17 0 -8 -11 53 -18 3 0 -13 1</float_array>
                    <technique_common>
                        <accessor count="10" source="#pointarrayMesh21_1" stride="3">
                            <param name="X" type="float"/>
                            <param name="Y" type="float"/>
                            <param name="Z" type="float"/>
                        </accessor>
                    </technique_common>
                </source>
                <source id="uvsMesh21_1">
                    <float_array id="uvarrayMesh21_1" count="20">0 1 0 1 0 1 0 1 0 1 0 1 0 1 0 1 0 1 0 1</float_array>
                    <technique_common>
                        <accessor count="10" source="#uvarrayMesh21_1" stride="2">
                            <param name="S" type="float"/>
                            <param name="T" type="float"/>
                        </accessor>
                    </technique_common>
                </source>
                <source id="colorsMesh21_1">
                    <float_array id="colorarrayMesh21_1" count="40">0.8784313725490196 0.6823529411764706 0 1 0.8784313725490196 0.6823529411764706 0 1 0.8784313725490196 0.6823529411764706 0 1 0.8784313725490196 0.6823529411764706 0 1 0.8784313725490196 0.6823529411764706 0 1 0.8784313725490196 0.6823529411764706 0 1 0.8784313725490196 0.6823529411764706 0 1 0.8784313725490196 0.6823529411764706 0 1 0.8784313725490196 0.6823529411764706 0 1 0.8784313725490196 0.6823529411764706 0 1</float_array>
                    <technique_common>
                        <accessor count="10" source="#colorarrayMesh21_1" stride="4">
                            <param name="R" type="float"/>
                            <param name="G" type="float"/>
                            <param name="B" type="float"/>
                            <param name="A" type="float"/>
                        </accessor>
                    </technique_common>
                </source>
                <vertices id="verticesMesh21_1">
                    <input semantic="POSITION" source="#pointsMesh21_1"/>
                </vertices>
                <polylist count="10" material="Material1">
                    <input offset="0" semantic="VERTEX" source="#verticesMesh21_1"/>
                    <input offset="1" semantic="TEXCOORD" source="#uvsMesh21_1" set="0"/>
                    <input offset="2" semantic="COLOR" source="#colorsMesh21_1" set="0"/>
                    <vcount>3 3 3 3 3 3 3 3 3 3</vcount>
                    <p>0 0 0 1 1 1 2 2 2 0 0 0 2 2 2 3 3 3 1 1 1 4 4 4 5 5 5 1 1 1 5 5 5 2 2 2 4 4 4 6 6 6 7 7 7 4 4 4 7 7 7 5 5 5 6 6 6 8 8 8 9 9 9 6 6 6 9 9 9 7 7 7 8 8 8 0 0 0 3 3 3 8 8 8 3 3 3 9 9 9</p>
                </polylist>
            </mesh>
        </geometry>
        <geometry id="meshMesh21_2">
            <mesh>
                <source id="pointsMesh21_2">
                    <float_array id="pointarrayMesh21_2" count="30">53 0 17 52 17 3 -1 8 1 0 -2 9 52 10 -17 -1 4 -11 53 -11 -17 0 -8 -11 53 -18 3 0 -13 1</float_array>
                    <technique_common>
                        <accessor count="10" source="#pointarrayMesh21_2" stride="3">
                            <param name="X" type="float"/>
                            <param name="Y" type="float"/>
                            <param name="Z" type="float"/>
                        </accessor>
                    </technique_common>
                </source>
                <source id="uvsMesh21_2">
                    <float_array id="uvarrayMesh21_2" count="20">0 1 0 1 0 1 0 1 0 1 0 1 0 1 0 1 0 1 0 1</float_array>
                    <technique_common>
                        <accessor count="10" source="#uvarrayMesh21_2" stride="2">
                            <param name="S" type="float"/>
                            <param name="T" type="float"/>
                        </accessor>
                    </technique_common>
                </source>
                <source id="colorsMesh21_2">
                    <float_array id="colorarrayMesh21_2" count="40">0.4392156862745098 0.3411764705882353 0 1 0.4392156862745098 0.3411764705882353 0 1 0.4392156862745098 0.3411764705882353 0 1 0.4392156862745098 0.3411764705882353 0 1 0.4392156862745098 0.3411764705882353 0 1 0.4392156862745098 0.3411764705882353 0 1 0.4392156862745098 0.3411764705882353 0 1 0.4392156862745098 0.3411764705882353 0 1 0.4392156862745098 0.3411764705882353 0 1 0.4392156862745098 0.3411764705882353 0 1</float_array>
                    <technique_common>
                        <accessor count="10" source="#colorarrayMesh21_2" stride="4">
                            <param name="R" type="float"/>
                            <param name="G" type="float"/>
                            <param name="B" type="float"/>
                            <param name="A" type="float"/>
                        </accessor>
                    </technique_common>
                </source>
                <vertices id="verticesMesh21_2">
                    <input semantic="POSITION" source="#pointsMesh21_2"/>
                </vertices>
                <polylist count="10" material="Material1">
                    <input offset="0" semantic="VERTEX" source="#verticesMesh21_2"/>
                    <input offset="1" semantic="TEXCOORD" source="#uvsMesh21_2" set="0"/>
                    <input offset="2" semantic="COLOR" source="#colorsMesh21_2" set="0"/>
                    <vcount>3 3 3 3 3 3 3 3 3 3</vcount>
                    <p>0 0 0 1 1 1 2 2 2 0 0 0 2 2 2 3 3 3 1 1 1 4 4 4 5 5 5 1 1 1 5 5 5 2 2 2 4 4 4 6 6 6 7 7 7 4 4 4 7 7 7 5 5 5 6 6 6 8 8 8 9 9 9 6 6 6 9 9 9 7 7 7 8 8 8 0 0 0 3 3 3 8 8 8 3 3 3 9 9 9</p>
                </polylist>
            </mesh>
        </geometry>
        <geometry id="meshMesh22_1">
            <mesh>
                <source id="pointsMesh22_1">
                    <float_array id="pointarrayMesh22_1" count="66">48 -41 -18 48 -41 22 14 -41 19 14 -41 -15 44 5 -18 20 35 2 44 5 22 -6 -18 -19 -6 -18 23 -6 24 2 67 15 -6 67 15 11 67 -22 24 67 -22 -20 30 -22 37 44 -8 42 14 15 37 30 -22 -33 14 -22 -33 14 15 -33 44 -8 -38 14 -22 37</float_array>
                    <technique_common>
                        <accessor count="22" source="#pointarrayMesh22_1" stride="3">
                            <param name="X" type="float"/>
                            <param name="Y" type="float"/>
                            <param name="Z" type="float"/>
                        </accessor>
                    </technique_common>
                </source>
                <source id="uvsMesh22_1">
                    <float_array id="uvarrayMesh22_1" count="44">0 1 0 1 0 1 0 1 0 1 0 1 0 1 0 1 0 1 0 1 0 1 0 1 0 1 0 1 0 1 0 1 0 1 0 1 0 1 0 1 0 1 0 1</float_array>
                    <technique_common>
                        <accessor count="22" source="#uvarrayMesh22_1" stride="2">
                            <param name="S" type="float"/>
                            <param name="T" type="float"/>
                        </accessor>
                    </technique_common>
                </source>
                <source id="colorsMesh22_1">
                    <float_array id="colorarrayMesh22_1" count="88">0.8784313725490196 0.6823529411764706 0 1 0.8784313725490196 0.6823529411764706 0 1 0.8784313725490196 0.6823529411764706 0 1 0.8784313725490196 0.6823529411764706 0 1 0.8784313725490196 0.6823529411764706 0 1 0.8784313725490196 0.6823529411764706 0 1 0.8784313725490196 0.6823529411764706 0 1 0.8784313725490196 0.6823529411764706 0 1 0.8784313725490196 0.6823529411764706 0 1 0.8784313725490196 0.6823529411764706 0 1 0.8784313725490196 0.6823529411764706 0 1 0.8784313725490196 0.6823529411764706 0 1 0.8784313725490196 0.6823529411764706 0 1 0.8784313725490196 0.6823529411764706 0 1 0.8784313725490196 0.6823529411764706 0 1 0.8784313725490196 0.6823529411764706 0 1 0.8784313725490196 0.6823529411764706 0 1 0.8784313725490196 0.6823529411764706 0 1 0.8784313725490196 0.6823529411764706 0 1 0.8784313725490196 0.6823529411764706 0 1 0.8784313725490196 0.6823529411764706 0 1 0.8784313725490196 0.6823529411764706 0 1</float_array>
                    <technique_common>
                        <accessor count="22" source="#colorarrayMesh22_1" stride="4">
                            <param name="R" type="float"/>
                            <param name="G" type="float"/>
                            <param name="B" type="float"/>
                            <param name="A" type="float"/>
                        </accessor>
                    </technique_common>
                </source>
                <vertices id="verticesMesh22_1">
                    <input semantic="POSITION" source="#pointsMesh22_1"/>
                </vertices>
                <polylist count="40" material="Material1">
                    <input offset="0" semantic="VERTEX" source="#verticesMesh22_1"/>
                    <input offset="1" semantic="TEXCOORD" source="#uvsMesh22_1" set="0"/>
                    <input offset="2" semantic="COLOR" source="#colorsMesh22_1" set="0"/>
                    <vcount>3 3 3 3 3 3 3 3 3 3 3 3 3 3 3 3 3 3 3 3 3 3 3 3 3 3 3 3 3 3 3 3 3 3 3 3 3 3 3 3</vcount>
                    <p>0 0 0 1 1 1 2 2 2 0 0 0 2 2 2 3 3 3 4 4 4 5 5 5 6 6 6 7 7 7 8 8 8 9 9 9 10 10 10 11 11 11 12 12 12 10 10 10 12 12 12 13 13 13 14 14 14 15 15 15 16 16 16 17 17 17 18 18 18 19 19 19 20 20 20 4 4 4 10 10 10 9 9 9 5 5 5 19 19 19 16 16 16 5 5 5 9 9 9 6 6 6 15 15 15 11 11 11 1 1 1 12 12 12 15 15 15 8 8 8 2 2 2 21 21 21 18 18 18 3 3 3 7 7 7 20 20 20 13 13 13 0 0 0 20 20 20 10 10 10 13 13 13 16 16 16 9 9 9 8 8 8 18 18 18 7 7 7 19 19 19 4 4 4 20 20 20 19 19 19 16 16 16 21 21 21 14 14 14 6 6 6 5 5 5 16 16 16 12 12 12 1 1 1 0 0 0 12 12 12 0 0 0 13 13 13 2 2 2 1 1 1 14 14 14 7 7 7 3 3 3 2 2 2 7 7 7 2 2 2 8 8 8 17 17 17 0 0 0 3 3 3 3 3 3 18 18 18 17 17 17 14 14 14 21 21 21 2 2 2 7 7 7 9 9 9 19 19 19 8 8 8 21 21 21 16 16 16 12 12 12 11 11 11 15 15 15 19 19 19 20 20 20 17 17 17 6 6 6 11 11 11 10 10 10 6 6 6 10 10 10 4 4 4 15 15 15 14 14 14 1 1 1 0 0 0 17 17 17 20 20 20 19 19 19 5 5 5 4 4 4 16 16 16 15 15 15 6 6 6</p>
                </polylist>
            </mesh>
        </geometry>
        <geometry id="meshMesh22_2">
            <mesh>
                <source id="pointsMesh22_2">
                    <float_array id="pointarrayMesh22_2" count="66">48 -41 -18 48 -41 22 14 -41 19 14 -41 -15 44 5 -18 20 35 2 44 5 22 -6 -18 -19 -6 -18 23 -6 24 2 67 15 -6 67 15 11 67 -22 24 67 -22 -20 30 -22 37 44 -8 42 14 15 37 30 -22 -33 14 -22 -33 14 15 -33 44 -8 -38 14 -22 37</float_array>
                    <technique_common>
                        <accessor count="22" source="#pointarrayMesh22_2" stride="3">
                            <param name="X" type="float"/>
                            <param name="Y" type="float"/>
                            <param name="Z" type="float"/>
                        </accessor>
                    </technique_common>
                </source>
                <source id="uvsMesh22_2">
                    <float_array id="uvarrayMesh22_2" count="44">0 1 0 1 0 1 0 1 0 1 0 1 0 1 0 1 0 1 0 1 0 1 0 1 0 1 0 1 0 1 0 1 0 1 0 1 0 1 0 1 0 1 0 1</float_array>
                    <technique_common>
                        <accessor count="22" source="#uvarrayMesh22_2" stride="2">
                            <param name="S" type="float"/>
                            <param name="T" type="float"/>
                        </accessor>
                    </technique_common>
                </source>
                <source id="colorsMesh22_2">
                    <float_array id="colorarrayMesh22_2" count="88">0.4392156862745098 0.3411764705882353 0 1 0.4392156862745098 0.3411764705882353 0 1 0.4392156862745098 0.3411764705882353 0 1 0.4392156862745098 0.3411764705882353 0 1 0.4392156862745098 0.3411764705882353 0 1 0.4392156862745098 0.3411764705882353 0 1 0.4392156862745098 0.3411764705882353 0 1 0.4392156862745098 0.3411764705882353 0 1 0.4392156862745098 0.3411764705882353 0 1 0.4392156862745098 0.3411764705882353 0 1 0.4392156862745098 0.3411764705882353 0 1 0.4392156862745098 0.3411764705882353 0 1 0.4392156862745098 0.3411764705882353 0 1 0.4392156862745098 0.3411764705882353 0 1 0.4392156862745098 0.3411764705882353 0 1 0.4392156862745098 0.3411764705882353 0 1 0.4392156862745098 0.3411764705882353 0 1 0.4392156862745098 0.3411764705882353 0 1 0.4392156862745098 0.3411764705882353 0 1 0.4392156862745098 0.3411764705882353 0 1 0.4392156862745098 0.3411764705882353 0 1 0.4392156862745098 0.3411764705882353 0 1</float_array>
                    <technique_common>
                        <accessor count="22" source="#colorarrayMesh22_2" stride="4">
                            <param name="R" type="float"/>
                            <param name="G" type="float"/>
                            <param name="B" type="float"/>
                            <param name="A" type="float"/>
                        </accessor>
                    </technique_common>
                </source>
                <vertices id="verticesMesh22_2">
                    <input semantic="POSITION" source="#pointsMesh22_2"/>
                </vertices>
                <polylist count="40" material="Material1">
                    <input offset="0" semantic="VERTEX" source="#verticesMesh22_2"/>
                    <input offset="1" semantic="TEXCOORD" source="#uvsMesh22_2" set="0"/>
                    <input offset="2" semantic="COLOR" source="#colorsMesh22_2" set="0"/>
                    <vcount>3 3 3 3 3 3 3 3 3 3 3 3 3 3 3 3 3 3 3 3 3 3 3 3 3 3 3 3 3 3 3 3 3 3 3 3 3 3 3 3</vcount>
                    <p>0 0 0 1 1 1 2 2 2 0 0 0 2 2 2 3 3 3 4 4 4 5 5 5 6 6 6 7 7 7 8 8 8 9 9 9 10 10 10 11 11 11 12 12 12 10 10 10 12 12 12 13 13 13 14 14 14 15 15 15 16 16 16 17 17 17 18 18 18 19 19 19 20 20 20 4 4 4 10 10 10 9 9 9 5 5 5 19 19 19 16 16 16 5 5 5 9 9 9 6 6 6 15 15 15 11 11 11 1 1 1 12 12 12 15 15 15 8 8 8 2 2 2 21 21 21 18 18 18 3 3 3 7 7 7 20 20 20 13 13 13 0 0 0 20 20 20 10 10 10 13 13 13 16 16 16 9 9 9 8 8 8 18 18 18 7 7 7 19 19 19 4 4 4 20 20 20 19 19 19 16 16 16 21 21 21 14 14 14 6 6 6 5 5 5 16 16 16 12 12 12 1 1 1 0 0 0 12 12 12 0 0 0 13 13 13 2 2 2 1 1 1 14 14 14 7 7 7 3 3 3 2 2 2 7 7 7 2 2 2 8 8 8 17 17 17 0 0 0 3 3 3 3 3 3 18 18 18 17 17 17 14 14 14 21 21 21 2 2 2 7 7 7 9 9 9 19 19 19 8 8 8 21 21 21 16 16 16 12 12 12 11 11 11 15 15 15 19 19 19 20 20 20 17 17 17 6 6 6 11 11 11 10 10 10 6 6 6 10 10 10 4 4 4 15 15 15 14 14 14 1 1 1 0 0 0 17 17 17 20 20 20 19 19 19 5 5 5 4 4 4 16 16 16 15 15 15 6 6 6</p>
                </polylist>
            </mesh>
        </geometry>
    </library_geometries>
    <library_visual_scenes>
        <visual_scene id="VisualSceneNode">
            <node id="node_Node0" name="Node0_shadow">
                <node id="node_Node1" name="Node1_scale">
                    <scale sid="scale">0.25 0.25 0.25</scale>
                    <node id="node_Node2" name="Node2_part">
                        <translate sid="translate">0 136 -13</translate>
                        <rotate sid="rotateY">0 1 0 90</rotate>
                        <node id="node_Node3" name="Node3_part">
                            <rotate sid="rotateZ">0 0 1 150</rotate>
                            <node id="node_Mesh0_1" name="Mesh0_light">
                                <instance_geometry url="#meshMesh0_1">
                                    <bind_material>
                                        <technique_common>
                                            <instance_material symbol="Material1" target="#mat0">
                                                <bind_vertex_input semantic="UVSET0" input_semantic="TEXCOORD" input_set="0"/>
                                            </instance_material>
                                        </technique_common>
                                    </bind_material>
                                </instance_geometry>
                            </node>
                            <node id="node_Mesh0_2" name="Mesh0_dark">
                                <instance_geometry url="#meshMesh0_2">
                                    <bind_material>
                                        <technique_common>
                                            <instance_material symbol="Material1" target="#mat0">
                                                <bind_vertex_input semantic="UVSET0" input_semantic="TEXCOORD" input_set="0"/>
                                            </instance_material>
                                        </technique_common>
                                    </bind_material>
                                </instance_geometry>
                            </node>
                            <node id="node_Mesh1_1" name="Mesh1_light">
                                <instance_geometry url="#meshMesh1_1">
                                    <bind_material>
                                        <technique_common>
                                            <instance_material symbol="Material1" target="#mat1">
                                                <bind_vertex_input semantic="UVSET0" input_semantic="TEXCOORD" input_set="0"/>
                                            </instance_material>
                                        </technique_common>
                                    </bind_material>
                                </instance_geometry>
                            </node>
                            <node id="node_Mesh1_2" name="Mesh1_dark">
                                <instance_geometry url="#meshMesh1_2">
                                    <bind_material>
                                        <technique_common>
                                            <instance_material symbol="Material1" target="#mat1">
                                                <bind_vertex_input semantic="UVSET0" input_semantic="TEXCOORD" input_set="0"/>
                                            </instance_material>
                                        </technique_common>
                                    </bind_material>
                                </instance_geometry>
                            </node>
                            <node id="node_Mesh2_1" name="Mesh2_light">
                                <instance_geometry url="#meshMesh2_1">
                                    <bind_material>
                                        <technique_common>
                                            <instance_material symbol="Material1" target="#mat2">
                                                <bind_vertex_input semantic="UVSET0" input_semantic="TEXCOORD" input_set="0"/>
                                            </instance_material>
                                        </technique_common>
                                    </bind_material>
                                </instance_geometry>
                            </node>
                            <node id="node_Mesh2_2" name="Mesh2_dark">
                                <instance_geometry url="#meshMesh2_2">
                                    <bind_material>
                                        <technique_common>
                                            <instance_material symbol="Material1" target="#mat2">
                                                <bind_vertex_input semantic="UVSET0" input_semantic="TEXCOORD" input_set="0"/>
                                            </instance_material>
                                        </technique_common>
                                    </bind_material>
                                </instance_geometry>
                            </node>
                            <node id="node_Node4" name="Node4_switch">
                                <node id="node_Node5" name="Node5_part">
                                    <translate sid="translate">114 0 0</translate>
                                    <rotate sid="rotateZ">0 0 1 -25</rotate>
                                    <node id="node_Mesh3_1" name="Mesh3_light">
                                        <instance_geometry url="#meshMesh3_1">
                                            <bind_material>
                                                <technique_common>
                                                    <instance_material symbol="Material1" target="#mat3">
                                                        <bind_vertex_input semantic="UVSET0" input_semantic="TEXCOORD" input_set="0"/>
                                                    </instance_material>
                                                </technique_common>
                                            </bind_material>
                                        </instance_geometry>
                                    </node>
                                    <node id="node_Mesh3_2" name="Mesh3_dark">
                                        <instance_geometry url="#meshMesh3_2">
                                            <bind_material>
                                                <technique_common>
                                                    <instance_material symbol="Material1" target="#mat3">
                                                        <bind_vertex_input semantic="UVSET0" input_semantic="TEXCOORD" input_set="0"/>
                                                    </instance_material>
                                                </technique_common>
                                            </bind_material>
                                        </instance_geometry>
                                    </node>
                                    <node id="node_Mesh4_1" name="Mesh4_light">
                                        <instance_geometry url="#meshMesh4_1">
                                            <bind_material>
                                                <technique_common>
                                                    <instance_material symbol="Material1" target="#mat4">
                                                        <bind_vertex_input semantic="UVSET0" input_semantic="TEXCOORD" input_set="0"/>
                                                    </instance_material>
                                                </technique_common>
                                            </bind_material>
                                        </instance_geometry>
                                    </node>
                                    <node id="node_Mesh4_2" name="Mesh4_dark">
                                        <instance_geometry url="#meshMesh4_2">
                                            <bind_material>
                                                <technique_common>
                                                    <instance_material symbol="Material1" target="#mat4">
                                                        <bind_vertex_input semantic="UVSET0" input_semantic="TEXCOORD" input_set="0"/>
                                                    </instance_material>
                                                </technique_common>
                                            </bind_material>
                                        </instance_geometry>
                                    </node>
                                    <node id="node_Mesh5_1" name="Mesh5_light">
                                        <instance_geometry url="#meshMesh5_1">
                                            <bind_material>
                                                <technique_common>
                                                    <instance_material symbol="Material1" target="#mat5">
                                                        <bind_vertex_input semantic="UVSET0" input_semantic="TEXCOORD" input_set="0"/>
                                                    </instance_material>
                                                </technique_common>
                                            </bind_material>
                                        </instance_geometry>
                                    </node>
                                    <node id="node_Mesh5_2" name="Mesh5_dark">
                                        <instance_geometry url="#meshMesh5_2">
                                            <bind_material>
                                                <technique_common>
                                                    <instance_material symbol="Material1" target="#mat5">
                                                        <bind_vertex_input semantic="UVSET0" input_semantic="TEXCOORD" input_set="0"/>
                                                    </instance_material>
                                                </technique_common>
                                            </bind_material>
                                        </instance_geometry>
                                    </node>
                                    <node id="node_Mesh6_1" name="Mesh6_light">
                                        <instance_geometry url="#meshMesh6_1">
                                            <bind_material>
                                                <technique_common>
                                                    <instance_material symbol="Material1" target="#mat2">
                                                        <bind_vertex_input semantic="UVSET0" input_semantic="TEXCOORD" input_set="0"/>
                                                    </instance_material>
                                                </technique_common>
                                            </bind_material>
                                        </instance_geometry>
                                    </node>
                                    <node id="node_Mesh6_2" name="Mesh6_dark">
                                        <instance_geometry url="#meshMesh6_2">
                                            <bind_material>
                                                <technique_common>
                                                    <instance_material symbol="Material1" target="#mat2">
                                                        <bind_vertex_input semantic="UVSET0" input_semantic="TEXCOORD" input_set="0"/>
                                                    </instance_material>
                                                </technique_common>
                                            </bind_material>
                                        </instance_geometry>
                                    </node>
                                </node>
                                <node id="node_Node6" name="Node6_part">
                                    <translate sid="translate">114 0 0</translate>
                                    <rotate sid="rotateZ">0 0 1 -25</rotate>
                                    <node id="node_Mesh7_1" name="Mesh7_light">
                                        <instance_geometry url="#meshMesh7_1">
                                            <bind_material>
                                                <technique_common>
                                                    <instance_material symbol="Material1" target="#mat6">
                                                        <bind_vertex_input semantic="UVSET0" input_semantic="TEXCOORD" input_set="0"/>
                                                    </instance_material>
                                                </technique_common>
                                            </bind_material>
                                        </instance_geometry>
                                    </node>
                                    <node id="node_Mesh7_2" name="Mesh7_dark">
                                        <instance_geometry url="#meshMesh7_2">
                                            <bind_material>
                                                <technique_common>
                                                    <instance_material symbol="Material1" target="#mat6">
                                                        <bind_vertex_input semantic="UVSET0" input_semantic="TEXCOORD" input_set="0"/>
                                                    </instance_material>
                                                </technique_common>
                                            </bind_material>
                                        </instance_geometry>
                                    </node>
                                    <node id="node_Mesh8_1" name="Mesh8_light">
                                        <instance_geometry url="#meshMesh8_1">
                                            <bind_material>
                                                <technique_common>
                                                    <instance_material symbol="Material1" target="#mat4">
                                                        <bind_vertex_input semantic="UVSET0" input_semantic="TEXCOORD" input_set="0"/>
                                                    </instance_material>
                                                </technique_common>
                                            </bind_material>
                                        </instance_geometry>
                                    </node>
                                    <node id="node_Mesh8_2" name="Mesh8_dark">
                                        <instance_geometry url="#meshMesh8_2">
                                            <bind_material>
                                                <technique_common>
                                                    <instance_material symbol="Material1" target="#mat4">
                                                        <bind_vertex_input semantic="UVSET0" input_semantic="TEXCOORD" input_set="0"/>
                                                    </instance_material>
                                                </technique_common>
                                            </bind_material>
                                        </instance_geometry>
                                    </node>
                                    <node id="node_Mesh9_1" name="Mesh9_light">
                                        <instance_geometry url="#meshMesh9_1">
                                            <bind_material>
                                                <technique_common>
                                                    <instance_material symbol="Material1" target="#mat5">
                                                        <bind_vertex_input semantic="UVSET0" input_semantic="TEXCOORD" input_set="0"/>
                                                    </instance_material>
                                                </technique_common>
                                            </bind_material>
                                        </instance_geometry>
                                    </node>
                                    <node id="node_Mesh9_2" name="Mesh9_dark">
                                        <instance_geometry url="#meshMesh9_2">
                                            <bind_material>
                                                <technique_common>
                                                    <instance_material symbol="Material1" target="#mat5">
                                                        <bind_vertex_input semantic="UVSET0" input_semantic="TEXCOORD" input_set="0"/>
                                                    </instance_material>
                                                </technique_common>
                                            </bind_material>
                                        </instance_geometry>
                                    </node>
                                    <node id="node_Mesh10_1" name="Mesh10_light">
                                        <instance_geometry url="#meshMesh10_1">
                                            <bind_material>
                                                <technique_common>
                                                    <instance_material symbol="Material1" target="#mat2">
                                                        <bind_vertex_input semantic="UVSET0" input_semantic="TEXCOORD" input_set="0"/>
                                                    </instance_material>
                                                </technique_common>
                                            </bind_material>
                                        </instance_geometry>
                                    </node>
                                    <node id="node_Mesh10_2" name="Mesh10_dark">
                                        <instance_geometry url="#meshMesh10_2">
                                            <bind_material>
                                                <technique_common>
                                                    <instance_material symbol="Material1" target="#mat2">
                                                        <bind_vertex_input semantic="UVSET0" input_semantic="TEXCOORD" input_set="0"/>
                                                    </instance_material>
                                                </technique_common>
                                            </bind_material>
                                        </instance_geometry>
                                    </node>
                                </node>
                            </node>
                            <node id="node_Node7" name="Node7_part">
                                <translate sid="translate">-29 39 60</translate>
                                <rotate sid="rotateZ">0 0 1 -150</rotate>
                                <node id="node_Node8" name="Node8_part">
                                    <rotate sid="rotateZ">0 0 1 -90</rotate>
                                    <node id="node_Mesh11_1" name="Mesh11_light">
                                        <instance_geometry url="#meshMesh11_1">
                                            <bind_material>
                                                <technique_common>
                                                    <instance_material symbol="Material1" target="#mat2">
                                                        <bind_vertex_input semantic="UVSET0" input_semantic="TEXCOORD" input_set="0"/>
                                                    </instance_material>
                                                </technique_common>
                                            </bind_material>
                                        </instance_geometry>
                                    </node>
                                    <node id="node_Mesh11_2" name="Mesh11_dark">
                                        <instance_geometry url="#meshMesh11_2">
                                            <bind_material>
                                                <technique_common>
                                                    <instance_material symbol="Material1" target="#mat2">
                                                        <bind_vertex_input semantic="UVSET0" input_semantic="TEXCOORD" input_set="0"/>
                                                    </instance_material>
                                                </technique_common>
                                            </bind_material>
                                        </instance_geometry>
                                    </node>
                                    <node id="node_Node9" name="Node9_part">
                                        <translate sid="translate">60 0 0</translate>
                                        <node id="node_Mesh12_1" name="Mesh12_light">
                                            <instance_geometry url="#meshMesh12_1">
                                                <bind_material>
                                                    <technique_common>
                                                        <instance_material symbol="Material1" target="#mat7">
                                                            <bind_vertex_input semantic="UVSET0" input_semantic="TEXCOORD" input_set="0"/>
                                                        </instance_material>
                                                    </technique_common>
                                                </bind_material>
                                            </instance_geometry>
                                        </node>
                                        <node id="node_Mesh12_2" name="Mesh12_dark">
                                            <instance_geometry url="#meshMesh12_2">
                                                <bind_material>
                                                    <technique_common>
                                                        <instance_material symbol="Material1" target="#mat7">
                                                            <bind_vertex_input semantic="UVSET0" input_semantic="TEXCOORD" input_set="0"/>
                                                        </instance_material>
                                                    </technique_common>
                                                </bind_material>
                                            </instance_geometry>
                                        </node>
                                        <node id="node_Mesh13_1" name="Mesh13_light">
                                            <instance_geometry url="#meshMesh13_1">
                                                <bind_material>
                                                    <technique_common>
                                                        <instance_material symbol="Material1" target="#mat8">
                                                            <bind_vertex_input semantic="UVSET0" input_semantic="TEXCOORD" input_set="0"/>
                                                        </instance_material>
                                                    </technique_common>
                                                </bind_material>
                                            </instance_geometry>
                                        </node>
                                        <node id="node_Mesh13_2" name="Mesh13_dark">
                                            <instance_geometry url="#meshMesh13_2">
                                                <bind_material>
                                                    <technique_common>
                                                        <instance_material symbol="Material1" target="#mat8">
                                                            <bind_vertex_input semantic="UVSET0" input_semantic="TEXCOORD" input_set="0"/>
                                                        </instance_material>
                                                    </technique_common>
                                                </bind_material>
                                            </instance_geometry>
                                        </node>
                                        <node id="node_Mesh14_1" name="Mesh14_light">
                                            <instance_geometry url="#meshMesh14_1">
                                                <bind_material>
                                                    <technique_common>
                                                        <instance_material symbol="Material1" target="#mat2">
                                                            <bind_vertex_input semantic="UVSET0" input_semantic="TEXCOORD" input_set="0"/>
                                                        </instance_material>
                                                    </technique_common>
                                                </bind_material>
                                            </instance_geometry>
                                        </node>
                                        <node id="node_Mesh14_2" name="Mesh14_dark">
                                            <instance_geometry url="#meshMesh14_2">
                                                <bind_material>
                                                    <technique_common>
                                                        <instance_material symbol="Material1" target="#mat2">
                                                            <bind_vertex_input semantic="UVSET0" input_semantic="TEXCOORD" input_set="0"/>
                                                        </instance_material>
                                                    </technique_common>
                                                </bind_material>
                                            </instance_geometry>
                                        </node>
                                    </node>
                                </node>
                            </node>
                            <node id="node_Node10" name="Node10_part">
                                <translate sid="translate">-29 39 -60</translate>
                                <rotate sid="rotateZ">0 0 1 -150</rotate>
                                <node id="node_Node11" name="Node11_part">
                                    <rotate sid="rotateZ">0 0 1 -90</rotate>
                                    <node id="node_Mesh15_1" name="Mesh15_light">
                                        <instance_geometry url="#meshMesh15_1">
                                            <bind_material>
                                                <technique_common>
                                                    <instance_material symbol="Material1" target="#mat2">
                                                        <bind_vertex_input semantic="UVSET0" input_semantic="TEXCOORD" input_set="0"/>
                                                    </instance_material>
                                                </technique_common>
                                            </bind_material>
                                        </instance_geometry>
                                    </node>
                                    <node id="node_Mesh15_2" name="Mesh15_dark">
                                        <instance_geometry url="#meshMesh15_2">
                                            <bind_material>
                                                <technique_common>
                                                    <instance_material symbol="Material1" target="#mat2">
                                                        <bind_vertex_input semantic="UVSET0" input_semantic="TEXCOORD" input_set="0"/>
                                                    </instance_material>
                                                </technique_common>
                                            </bind_material>
                                        </instance_geometry>
                                    </node>
                                    <node id="node_Node12" name="Node12_part">
                                        <translate sid="translate">60 0 0</translate>
                                        <node id="node_Mesh16_1" name="Mesh16_light">
                                            <instance_geometry url="#meshMesh16_1">
                                                <bind_material>
                                                    <technique_common>
                                                        <instance_material symbol="Material1" target="#mat7">
                                                            <bind_vertex_input semantic="UVSET0" input_semantic="TEXCOORD" input_set="0"/>
                                                        </instance_material>
                                                    </technique_common>
                                                </bind_material>
                                            </instance_geometry>
                                        </node>
                                        <node id="node_Mesh16_2" name="Mesh16_dark">
                                            <instance_geometry url="#meshMesh16_2">
                                                <bind_material>
                                                    <technique_common>
                                                        <instance_material symbol="Material1" target="#mat7">
                                                            <bind_vertex_input semantic="UVSET0" input_semantic="TEXCOORD" input_set="0"/>
                                                        </instance_material>
                                                    </technique_common>
                                                </bind_material>
                                            </instance_geometry>
                                        </node>
                                        <node id="node_Mesh17_1" name="Mesh17_light">
                                            <instance_geometry url="#meshMesh17_1">
                                                <bind_material>
                                                    <technique_common>
                                                        <instance_material symbol="Material1" target="#mat8">
                                                            <bind_vertex_input semantic="UVSET0" input_semantic="TEXCOORD" input_set="0"/>
                                                        </instance_material>
                                                    </technique_common>
                                                </bind_material>
                                            </instance_geometry>
                                        </node>
                                        <node id="node_Mesh17_2" name="Mesh17_dark">
                                            <instance_geometry url="#meshMesh17_2">
                                                <bind_material>
                                                    <technique_common>
                                                        <instance_material symbol="Material1" target="#mat8">
                                                            <bind_vertex_input semantic="UVSET0" input_semantic="TEXCOORD" input_set="0"/>
                                                        </instance_material>
                                                    </technique_common>
                                                </bind_material>
                                            </instance_geometry>
                                        </node>
                                        <node id="node_Mesh18_1" name="Mesh18_light">
                                            <instance_geometry url="#meshMesh18_1">
                                                <bind_material>
                                                    <technique_common>
                                                        <instance_material symbol="Material1" target="#mat2">
                                                            <bind_vertex_input semantic="UVSET0" input_semantic="TEXCOORD" input_set="0"/>
                                                        </instance_material>
                                                    </technique_common>
                                                </bind_material>
                                            </instance_geometry>
                                        </node>
                                        <node id="node_Mesh18_2" name="Mesh18_dark">
                                            <instance_geometry url="#meshMesh18_2">
                                                <bind_material>
                                                    <technique_common>
                                                        <instance_material symbol="Material1" target="#mat2">
                                                            <bind_vertex_input semantic="UVSET0" input_semantic="TEXCOORD" input_set="0"/>
                                                        </instance_material>
                                                    </technique_common>
                                                </bind_material>
                                            </instance_geometry>
                                        </node>
                                    </node>
                                </node>
                            </node>
                            <node id="node_Node13" name="Node13_part">
                                <translate sid="translate">55 25 -73</translate>
                                <rotate sid="rotateZ">0 0 1 -150</rotate>
                                <node id="node_Node14" name="Node14_part">
                                    <rotate sid="rotateZ">0 0 1 180</rotate>
                                    <rotate sid="rotateY">0 1 0 90</rotate>
                                    <node id="node_Mesh19_1" name="Mesh19_light">
                                        <instance_geometry url="#meshMesh19_1">
                                            <bind_material>
                                                <technique_common>
                                                    <instance_material symbol="Material1" target="#mat2">
                                                        <bind_vertex_input semantic="UVSET0" input_semantic="TEXCOORD" input_set="0"/>
                                                    </instance_material>
                                                </technique_common>
                                            </bind_material>
                                        </instance_geometry>
                                    </node>
                                    <node id="node_Mesh19_2" name="Mesh19_dark">
                                        <instance_geometry url="#meshMesh19_2">
                                            <bind_material>
                                                <technique_common>
                                                    <instance_material symbol="Material1" target="#mat2">
                                                        <bind_vertex_input semantic="UVSET0" input_semantic="TEXCOORD" input_set="0"/>
                                                    </instance_material>
                                                </technique_common>
                                            </bind_material>
                                        </instance_geometry>
                                    </node>
                                    <node id="node_Node15" name="Node15_part">
                                        <translate sid="translate">54 0 0</translate>
                                        <node id="node_Mesh20_1" name="Mesh20_light">
                                            <instance_geometry url="#meshMesh20_1">
                                                <bind_material>
                                                    <technique_common>
                                                        <instance_material symbol="Material1" target="#mat2">
                                                            <bind_vertex_input semantic="UVSET0" input_semantic="TEXCOORD" input_set="0"/>
                                                        </instance_material>
                                                    </technique_common>
                                                </bind_material>
                                            </instance_geometry>
                                        </node>
                                        <node id="node_Mesh20_2" name="Mesh20_dark">
                                            <instance_geometry url="#meshMesh20_2">
                                                <bind_material>
                                                    <technique_common>
                                                        <instance_material symbol="Material1" target="#mat2">
                                                            <bind_vertex_input semantic="UVSET0" input_semantic="TEXCOORD" input_set="0"/>
                                                        </instance_material>
                                                    </technique_common>
                                                </bind_material>
                                            </instance_geometry>
                                        </node>
                                    </node>
                                </node>
                            </node>
                            <node id="node_Node16" name="Node16_part">
                                <translate sid="translate">55 25 74</translate>
                                <rotate sid="rotateZ">0 0 1 -150</rotate>
                                <node id="node_Node17" name="Node17_part">
                                    <rotate sid="rotateZ">0 0 1 180</rotate>
                                    <rotate sid="rotateY">0 1 0 -90</rotate>
                                    <node id="node_Mesh21_1" name="Mesh21_light">
                                        <instance_geometry url="#meshMesh21_1">
                                            <bind_material>
                                                <technique_common>
                                                    <instance_material symbol="Material1" target="#mat2">
                                                        <bind_vertex_input semantic="UVSET0" input_semantic="TEXCOORD" input_set="0"/>
                                                    </instance_material>
                                                </technique_common>
                                            </bind_material>
                                        </instance_geometry>
                                    </node>
                                    <node id="node_Mesh21_2" name="Mesh21_dark">
                                        <instance_geometry url="#meshMesh21_2">
                                            <bind_material>
                                                <technique_common>
                                                    <instance_material symbol="Material1" target="#mat2">
                                                        <bind_vertex_input semantic="UVSET0" input_semantic="TEXCOORD" input_set="0"/>
                                                    </instance_material>
                                                </technique_common>
                                            </bind_material>
                                        </instance_geometry>
                                    </node>
                                    <node id="node_Node18" name="Node18_part">
                                        <translate sid="translate">54 0 0</translate>
                                        <node id="node_Mesh22_1" name="Mesh22_light">
                                            <instance_geometry url="#meshMesh22_1">
                                                <bind_material>
                                                    <technique_common>
                                                        <instance_material symbol="Material1" target="#mat2">
                                                            <bind_vertex_input semantic="UVSET0" input_semantic="TEXCOORD" input_set="0"/>
                                                        </instance_material>
                                                    </technique_common>
                                                </bind_material>
                                            </instance_geometry>
                                        </node>
                                        <node id="node_Mesh22_2" name="Mesh22_dark">
                                            <instance_geometry url="#meshMesh22_2">
                                                <bind_material>
                                                    <technique_common>
                                                        <instance_material symbol="Material1" target="#mat2">
                                                            <bind_vertex_input semantic="UVSET0" input_semantic="TEXCOORD" input_set="0"/>
                                                        </instance_material>
                                                    </technique_common>
                                                </bind_material>
                                            </instance_geometry>
                                        </node>
                                    </node>
                                </node>
                            </node>
                        </node>
                    </node>
                </node>
            </node>
        </visual_scene>
    </library_visual_scenes>
    <scene>
        <instance_visual_scene url="#VisualSceneNode"/>
    </scene>
</COLLADA>
