<?xml version="1.0"?>
<COLLADA xmlns="http://www.collada.org/2005/11/COLLADASchema" version="1.4.1">
    <asset>
        <contributor>
            <authoring_tool>Supear Mardian SixDaeFour</authoring_tool>
        </contributor>
        <created>2026-03-28T21:39:55.561Z</created>
        <modified>2026-03-28T21:39:55.561Z</modified>
		<unit meter="0.01" name="centimeter" />
        <up_axis>Y_UP</up_axis>
    </asset>
    <library_images>
        <image id="tex_0">
            <init_from>tex_6002E48.png</init_from>
        </image>
        <image id="tex_1">
            <init_from>tex_6002648.png</init_from>
        </image>
        <image id="tex_2">
            <init_from>tex_0.png</init_from>
        </image>
        <image id="tex_3">
            <init_from>tex_6004648.png</init_from>
        </image>
        <image id="tex_4">
            <init_from>tex_6005648.png</init_from>
        </image>
        <image id="tex_5">
            <init_from>tex_6005E48.png</init_from>
        </image>
        <image id="tex_6">
            <init_from>tex_6004E48.png</init_from>
        </image>
        <image id="tex_7">
            <init_from>tex_6003648.png</init_from>
        </image>
        <image id="tex_8">
            <init_from>tex_6003E48.png</init_from>
        </image>
        <image id="tex_vertexColors">
            <init_from>vertexColors_koopa.png</init_from>
        </image>
    </library_images>
    <library_effects>
        <effect id="effect0">
            <profile_COMMON>
                <newparam sid="surface0">
                    <surface type="2D">
                        <init_from>tex_0</init_from>
                    </surface>
                </newparam>
                <newparam sid="sampler0">
                    <sampler2D>
                        <source>surface0</source>
                    </sampler2D>
                </newparam>
                <technique sid="COMMON">
                    <blinn>
                        <diffuse>
                            <texture texture="sampler0" texcoord="UVSET0"></texture>
                        </diffuse>
                    </blinn>
                </technique>
            </profile_COMMON>
        </effect>
        <effect id="effect1">
            <profile_COMMON>
                <newparam sid="surface1">
                    <surface type="2D">
                        <init_from>tex_1</init_from>
                    </surface>
                </newparam>
                <newparam sid="sampler1">
                    <sampler2D>
                        <source>surface1</source>
                    </sampler2D>
                </newparam>
                <technique sid="COMMON">
                    <blinn>
                        <diffuse>
                            <texture texture="sampler1" texcoord="UVSET0"></texture>
                        </diffuse>
                    </blinn>
                </technique>
            </profile_COMMON>
        </effect>
        <effect id="effect2">
            <profile_COMMON>
                <newparam sid="surface2">
                    <surface type="2D">
                        <init_from>tex_2</init_from>
                    </surface>
                </newparam>
                <newparam sid="sampler2">
                    <sampler2D>
                        <source>surface2</source>
                    </sampler2D>
                </newparam>
                <technique sid="COMMON">
                    <blinn>
                        <diffuse>
                            <texture texture="sampler2" texcoord="UVSET0"></texture>
                        </diffuse>
                    </blinn>
                </technique>
            </profile_COMMON>
        </effect>
        <effect id="effect3">
            <profile_COMMON>
                <newparam sid="surface3">
                    <surface type="2D">
                        <init_from>tex_3</init_from>
                    </surface>
                </newparam>
                <newparam sid="sampler3">
                    <sampler2D>
                        <source>surface3</source>
                    </sampler2D>
                </newparam>
                <technique sid="COMMON">
                    <blinn>
                        <diffuse>
                            <texture texture="sampler3" texcoord="UVSET0"></texture>
                        </diffuse>
                    </blinn>
                </technique>
            </profile_COMMON>
        </effect>
        <effect id="effect4">
            <profile_COMMON>
                <newparam sid="surface4">
                    <surface type="2D">
                        <init_from>tex_4</init_from>
                    </surface>
                </newparam>
                <newparam sid="sampler4">
                    <sampler2D>
                        <source>surface4</source>
                    </sampler2D>
                </newparam>
                <technique sid="COMMON">
                    <blinn>
                        <diffuse>
                            <texture texture="sampler4" texcoord="UVSET0"></texture>
                        </diffuse>
                    </blinn>
                </technique>
            </profile_COMMON>
        </effect>
        <effect id="effect5">
            <profile_COMMON>
                <newparam sid="surface5">
                    <surface type="2D">
                        <init_from>tex_5</init_from>
                    </surface>
                </newparam>
                <newparam sid="sampler5">
                    <sampler2D>
                        <source>surface5</source>
                    </sampler2D>
                </newparam>
                <technique sid="COMMON">
                    <blinn>
                        <diffuse>
                            <texture texture="sampler5" texcoord="UVSET0"></texture>
                        </diffuse>
                    </blinn>
                </technique>
            </profile_COMMON>
        </effect>
        <effect id="effect6">
            <profile_COMMON>
                <newparam sid="surface6">
                    <surface type="2D">
                        <init_from>tex_6</init_from>
                    </surface>
                </newparam>
                <newparam sid="sampler6">
                    <sampler2D>
                        <source>surface6</source>
                    </sampler2D>
                </newparam>
                <technique sid="COMMON">
                    <blinn>
                        <diffuse>
                            <texture texture="sampler6" texcoord="UVSET0"></texture>
                        </diffuse>
                    </blinn>
                </technique>
            </profile_COMMON>
        </effect>
        <effect id="effect7">
            <profile_COMMON>
                <newparam sid="surface7">
                    <surface type="2D">
                        <init_from>tex_7</init_from>
                    </surface>
                </newparam>
                <newparam sid="sampler7">
                    <sampler2D>
                        <source>surface7</source>
                    </sampler2D>
                </newparam>
                <technique sid="COMMON">
                    <blinn>
                        <diffuse>
                            <texture texture="sampler7" texcoord="UVSET0"></texture>
                        </diffuse>
                    </blinn>
                </technique>
            </profile_COMMON>
        </effect>
        <effect id="effect8">
            <profile_COMMON>
                <newparam sid="surface8">
                    <surface type="2D">
                        <init_from>tex_8</init_from>
                    </surface>
                </newparam>
                <newparam sid="sampler8">
                    <sampler2D>
                        <source>surface8</source>
                    </sampler2D>
                </newparam>
                <technique sid="COMMON">
                    <blinn>
                        <diffuse>
                            <texture texture="sampler8" texcoord="UVSET0"></texture>
                        </diffuse>
                    </blinn>
                </technique>
            </profile_COMMON>
        </effect>
        <effect id="effect9">
            <profile_COMMON>
                <newparam sid="surface9">
                    <surface type="2D">
                        <init_from>tex_vertexColors</init_from>
                    </surface>
                </newparam>
                <newparam sid="sampler9">
                    <sampler2D>
                        <source>surface9</source>
                    </sampler2D>
                </newparam>
                <technique sid="COMMON">
                    <blinn>
                        <diffuse>
                            <texture texture="sampler9" texcoord="UVSET0"></texture>
                        </diffuse>
                    </blinn>
                </technique>
            </profile_COMMON>
        </effect>
    </library_effects>
    <library_materials>
        <material id="mat0" name="Mat0">
            <instance_effect url="#effect0"/>
        </material>
        <material id="mat1" name="Mat1">
            <instance_effect url="#effect1"/>
        </material>
        <material id="mat2" name="Mat2">
            <instance_effect url="#effect2"/>
        </material>
        <material id="mat3" name="Mat3">
            <instance_effect url="#effect3"/>
        </material>
        <material id="mat4" name="Mat4">
            <instance_effect url="#effect4"/>
        </material>
        <material id="mat5" name="Mat5">
            <instance_effect url="#effect5"/>
        </material>
        <material id="mat6" name="Mat6">
            <instance_effect url="#effect6"/>
        </material>
        <material id="mat7" name="Mat7">
            <instance_effect url="#effect7"/>
        </material>
        <material id="mat8" name="Mat8">
            <instance_effect url="#effect8"/>
        </material>
        <material id="mat9" name="vertexColors">
            <instance_effect url="#effect9"/>
        </material>
    </library_materials>
    <library_geometries>
        <geometry id="meshMesh0_1">
            <mesh>
                <source id="pointsMesh0_1">
                    <float_array id="pointarrayMesh0_1" count="30">-28 -79 -33 -84 -15 0 -56 0 -71 35 -89 -33 -28 -79 33 35 -89 33 -56 0 73 63 -28 -76 91 -63 0 63 -28 79</float_array>
                    <technique_common>
                        <accessor count="10" source="#pointarrayMesh0_1" stride="3">
                            <param name="X" type="float"/>
                            <param name="Y" type="float"/>
                            <param name="Z" type="float"/>
                        </accessor>
                    </technique_common>
                </source>
                <source id="uvsMesh0_1">
                    <float_array id="uvarrayMesh0_1" count="20">0.755859375 0.205078125 0.45703125 -0.314453125 1.10546875 -0.03515625 0.751953125 0.8515625 0.154296875 0.205078125 0.15234375 0.8515625 -0.19140625 -0.03515625 1.13671875 1.15234375 0.451171875 1.427734375 -0.23046875 1.150390625</float_array>
                    <technique_common>
                        <accessor count="10" source="#uvarrayMesh0_1" stride="2">
                            <param name="S" type="float"/>
                            <param name="T" type="float"/>
                        </accessor>
                    </technique_common>
                </source>
                <vertices id="verticesMesh0_1">
                    <input semantic="POSITION" source="#pointsMesh0_1"/>
                </vertices>
                <polylist count="12" material="Material1">
                    <input offset="0" semantic="VERTEX" source="#verticesMesh0_1"/>
                    <input offset="1" semantic="TEXCOORD" source="#uvsMesh0_1" set="0"/>
                    <vcount>3 3 3 3 3 3 3 3 3 3 3 3</vcount>
                    <p>0 0 1 1 2 2 2 2 3 3 0 0 0 0 4 4 1 1 0 0 5 5 4 4 0 0 3 3 5 5 1 1 4 4 6 6 6 6 4 4 5 5 3 3 2 2 7 7 3 3 8 8 5 5 8 8 3 3 7 7 9 9 5 5 8 8 9 9 6 6 5 5</p>
                </polylist>
            </mesh>
        </geometry>
        <geometry id="meshMesh0_2">
            <mesh>
                <source id="pointsMesh0_2">
                    <float_array id="pointarrayMesh0_2" count="30">-28 -79 -33 -84 -15 0 -56 0 -71 35 -89 -33 -28 -79 33 35 -89 33 -56 0 73 63 -28 -76 91 -63 0 63 -28 79</float_array>
                    <technique_common>
                        <accessor count="10" source="#pointarrayMesh0_2" stride="3">
                            <param name="X" type="float"/>
                            <param name="Y" type="float"/>
                            <param name="Z" type="float"/>
                        </accessor>
                    </technique_common>
                </source>
                <source id="uvsMesh0_2">
                    <float_array id="uvarrayMesh0_2" count="20">0.755859375 0.205078125 0.45703125 -0.314453125 1.10546875 -0.03515625 0.751953125 0.8515625 0.154296875 0.205078125 0.15234375 0.8515625 -0.19140625 -0.03515625 1.13671875 1.15234375 0.451171875 1.427734375 -0.23046875 1.150390625</float_array>
                    <technique_common>
                        <accessor count="10" source="#uvarrayMesh0_2" stride="2">
                            <param name="S" type="float"/>
                            <param name="T" type="float"/>
                        </accessor>
                    </technique_common>
                </source>
                <vertices id="verticesMesh0_2">
                    <input semantic="POSITION" source="#pointsMesh0_2"/>
                </vertices>
                <polylist count="12" material="Material1">
                    <input offset="0" semantic="VERTEX" source="#verticesMesh0_2"/>
                    <input offset="1" semantic="TEXCOORD" source="#uvsMesh0_2" set="0"/>
                    <vcount>3 3 3 3 3 3 3 3 3 3 3 3</vcount>
                    <p>0 0 1 1 2 2 2 2 3 3 0 0 0 0 4 4 1 1 0 0 5 5 4 4 0 0 3 3 5 5 1 1 4 4 6 6 6 6 4 4 5 5 3 3 2 2 7 7 3 3 8 8 5 5 8 8 3 3 7 7 9 9 5 5 8 8 9 9 6 6 5 5</p>
                </polylist>
            </mesh>
        </geometry>
        <geometry id="meshMesh0_VC2">
            <mesh>
                <source id="pointsMesh0_VC2">
                    <float_array id="pointarrayMesh0_VC2" count="30">-28 -79 -33 -84 -15 0 -56 0 -71 35 -89 -33 -28 -79 33 35 -89 33 -56 0 73 63 -28 -76 91 -63 0 63 -28 79</float_array>
                    <technique_common>
                        <accessor count="10" source="#pointarrayMesh0_VC2" stride="3">
                            <param name="X" type="float"/>
                            <param name="Y" type="float"/>
                            <param name="Z" type="float"/>
                        </accessor>
                    </technique_common>
                </source>
                <source id="uvsMesh0_VC2">
                    <float_array id="uvarrayMesh0_VC2" count="72">0.03125 0.75 0.03125 0.75 0.03125 0.75 0.03125 0.75 0.03125 0.75 0.03125 0.75 0.03125 0.75 0.03125 0.75 0.03125 0.75 0.03125 0.75 0.03125 0.75 0.03125 0.75 0.03125 0.75 0.03125 0.75 0.03125 0.75 0.03125 0.75 0.03125 0.75 0.03125 0.75 0.03125 0.75 0.03125 0.75 0.03125 0.75 0.03125 0.75 0.03125 0.75 0.03125 0.75 0.03125 0.75 0.03125 0.75 0.03125 0.75 0.03125 0.75 0.03125 0.75 0.03125 0.75 0.03125 0.75 0.03125 0.75 0.03125 0.75 0.03125 0.75 0.03125 0.75 0.03125 0.75</float_array>
                    <technique_common>
                        <accessor count="36" source="#uvarrayMesh0_VC2" stride="2">
                            <param name="S" type="float"/>
                            <param name="T" type="float"/>
                        </accessor>
                    </technique_common>
                </source>
                <vertices id="verticesMesh0_VC2">
                    <input semantic="POSITION" source="#pointsMesh0_VC2"/>
                </vertices>
                <polylist count="12" material="Material1">
                    <input offset="0" semantic="VERTEX" source="#verticesMesh0_VC2"/>
                    <input offset="1" semantic="TEXCOORD" source="#uvsMesh0_VC2" set="0"/>
                    <vcount>3 3 3 3 3 3 3 3 3 3 3 3</vcount>
                    <p>0 0 1 1 2 2 2 3 3 4 0 5 0 6 4 7 1 8 0 9 5 10 4 11 0 12 3 13 5 14 1 15 4 16 6 17 6 18 4 19 5 20 3 21 2 22 7 23 3 24 8 25 5 26 8 27 3 28 7 29 9 30 5 31 8 32 9 33 6 34 5 35</p>
                </polylist>
            </mesh>
        </geometry>
        <geometry id="meshMesh1_1">
            <mesh>
                <source id="pointsMesh1_1">
                    <float_array id="pointarrayMesh1_1" count="42">68 63 40 109 38 0 68 63 -38 -40 71 -38 -40 71 40 91 28 61 51 43 79 51 43 -76 91 28 -58 -68 38 56 -68 38 -56 -25 43 -76 -81 25 0 -25 43 79</float_array>
                    <technique_common>
                        <accessor count="14" source="#pointarrayMesh1_1" stride="3">
                            <param name="X" type="float"/>
                            <param name="Y" type="float"/>
                            <param name="Z" type="float"/>
                        </accessor>
                    </technique_common>
                </source>
                <source id="uvsMesh1_1">
                    <float_array id="uvarrayMesh1_1" count="28">0.806640625 0.904296875 0.51171875 1.119140625 0.20703125 0.90234375 0.19140625 0.3046875 0.791015625 0.306640625 0.966796875 1.0234375 1.09375 0.810546875 -0.0859375 0.814453125 0.05078125 1.025390625 0.91015625 0.15625 0.056640625 0.158203125 -0.095703125 0.38671875 0.48046875 0.08984375 1.078125 0.3828125</float_array>
                    <technique_common>
                        <accessor count="14" source="#uvarrayMesh1_1" stride="2">
                            <param name="S" type="float"/>
                            <param name="T" type="float"/>
                        </accessor>
                    </technique_common>
                </source>
                <vertices id="verticesMesh1_1">
                    <input semantic="POSITION" source="#pointsMesh1_1"/>
                </vertices>
                <polylist count="16" material="Material1">
                    <input offset="0" semantic="VERTEX" source="#verticesMesh1_1"/>
                    <input offset="1" semantic="TEXCOORD" source="#uvsMesh1_1" set="0"/>
                    <vcount>3 3 3 3 3 3 3 3 3 3 3 3 3 3 3 3</vcount>
                    <p>0 0 1 1 2 2 3 3 4 4 0 0 0 0 2 2 3 3 1 1 0 0 5 5 4 4 6 6 0 0 6 6 5 5 0 0 3 3 2 2 7 7 8 8 2 2 1 1 2 2 8 8 7 7 9 9 4 4 3 3 3 3 10 10 9 9 7 7 11 11 3 3 11 11 10 10 3 3 10 10 12 12 9 9 4 4 9 9 13 13 4 4 13 13 6 6</p>
                </polylist>
            </mesh>
        </geometry>
        <geometry id="meshMesh1_2">
            <mesh>
                <source id="pointsMesh1_2">
                    <float_array id="pointarrayMesh1_2" count="42">68 63 40 109 38 0 68 63 -38 -40 71 -38 -40 71 40 91 28 61 51 43 79 51 43 -76 91 28 -58 -68 38 56 -68 38 -56 -25 43 -76 -81 25 0 -25 43 79</float_array>
                    <technique_common>
                        <accessor count="14" source="#pointarrayMesh1_2" stride="3">
                            <param name="X" type="float"/>
                            <param name="Y" type="float"/>
                            <param name="Z" type="float"/>
                        </accessor>
                    </technique_common>
                </source>
                <source id="uvsMesh1_2">
                    <float_array id="uvarrayMesh1_2" count="28">0.806640625 0.904296875 0.51171875 1.119140625 0.20703125 0.90234375 0.19140625 0.3046875 0.791015625 0.306640625 0.966796875 1.0234375 1.09375 0.810546875 -0.0859375 0.814453125 0.05078125 1.025390625 0.91015625 0.15625 0.056640625 0.158203125 -0.095703125 0.38671875 0.48046875 0.08984375 1.078125 0.3828125</float_array>
                    <technique_common>
                        <accessor count="14" source="#uvarrayMesh1_2" stride="2">
                            <param name="S" type="float"/>
                            <param name="T" type="float"/>
                        </accessor>
                    </technique_common>
                </source>
                <vertices id="verticesMesh1_2">
                    <input semantic="POSITION" source="#pointsMesh1_2"/>
                </vertices>
                <polylist count="16" material="Material1">
                    <input offset="0" semantic="VERTEX" source="#verticesMesh1_2"/>
                    <input offset="1" semantic="TEXCOORD" source="#uvsMesh1_2" set="0"/>
                    <vcount>3 3 3 3 3 3 3 3 3 3 3 3 3 3 3 3</vcount>
                    <p>0 0 1 1 2 2 3 3 4 4 0 0 0 0 2 2 3 3 1 1 0 0 5 5 4 4 6 6 0 0 6 6 5 5 0 0 3 3 2 2 7 7 8 8 2 2 1 1 2 2 8 8 7 7 9 9 4 4 3 3 3 3 10 10 9 9 7 7 11 11 3 3 11 11 10 10 3 3 10 10 12 12 9 9 4 4 9 9 13 13 4 4 13 13 6 6</p>
                </polylist>
            </mesh>
        </geometry>
        <geometry id="meshMesh1_VC2">
            <mesh>
                <source id="pointsMesh1_VC2">
                    <float_array id="pointarrayMesh1_VC2" count="42">68 63 40 109 38 0 68 63 -38 -40 71 -38 -40 71 40 91 28 61 51 43 79 51 43 -76 91 28 -58 -68 38 56 -68 38 -56 -25 43 -76 -81 25 0 -25 43 79</float_array>
                    <technique_common>
                        <accessor count="14" source="#pointarrayMesh1_VC2" stride="3">
                            <param name="X" type="float"/>
                            <param name="Y" type="float"/>
                            <param name="Z" type="float"/>
                        </accessor>
                    </technique_common>
                </source>
                <source id="uvsMesh1_VC2">
                    <float_array id="uvarrayMesh1_VC2" count="96">0.03125 0.75 0.03125 0.75 0.03125 0.75 0.03125 0.75 0.03125 0.75 0.03125 0.75 0.03125 0.75 0.03125 0.75 0.03125 0.75 0.03125 0.75 0.03125 0.75 0.03125 0.75 0.03125 0.75 0.03125 0.75 0.03125 0.75 0.03125 0.75 0.03125 0.75 0.03125 0.75 0.03125 0.75 0.03125 0.75 0.03125 0.75 0.03125 0.75 0.03125 0.75 0.03125 0.75 0.03125 0.75 0.03125 0.75 0.03125 0.75 0.03125 0.75 0.03125 0.75 0.03125 0.75 0.03125 0.75 0.03125 0.75 0.03125 0.75 0.03125 0.75 0.03125 0.75 0.03125 0.75 0.03125 0.75 0.03125 0.75 0.03125 0.75 0.03125 0.75 0.03125 0.75 0.03125 0.75 0.03125 0.75 0.03125 0.75 0.03125 0.75 0.03125 0.75 0.03125 0.75 0.03125 0.75</float_array>
                    <technique_common>
                        <accessor count="48" source="#uvarrayMesh1_VC2" stride="2">
                            <param name="S" type="float"/>
                            <param name="T" type="float"/>
                        </accessor>
                    </technique_common>
                </source>
                <vertices id="verticesMesh1_VC2">
                    <input semantic="POSITION" source="#pointsMesh1_VC2"/>
                </vertices>
                <polylist count="16" material="Material1">
                    <input offset="0" semantic="VERTEX" source="#verticesMesh1_VC2"/>
                    <input offset="1" semantic="TEXCOORD" source="#uvsMesh1_VC2" set="0"/>
                    <vcount>3 3 3 3 3 3 3 3 3 3 3 3 3 3 3 3</vcount>
                    <p>0 0 1 1 2 2 3 3 4 4 0 5 0 6 2 7 3 8 1 9 0 10 5 11 4 12 6 13 0 14 6 15 5 16 0 17 3 18 2 19 7 20 8 21 2 22 1 23 2 24 8 25 7 26 9 27 4 28 3 29 3 30 10 31 9 32 7 33 11 34 3 35 11 36 10 37 3 38 10 39 12 40 9 41 4 42 9 43 13 44 4 45 13 46 6 47</p>
                </polylist>
            </mesh>
        </geometry>
        <geometry id="meshMesh2_2">
            <mesh>
                <source id="pointsMesh2_2">
                    <float_array id="pointarrayMesh2_2" count="87">122 -43 -30 91 28 -58 109 38 0 122 -43 30 91 28 61 -56 0 -71 -68 17 -84 0 22 -107 -107 5 0 -81 25 0 -68 38 -56 -68 17 86 -68 38 56 -25 43 -76 63 -28 -76 79 10 -94 122 -43 -30 91 -63 0 122 -43 30 91 28 -58 -84 -15 0 -56 0 73 51 43 -76 63 -28 79 91 28 61 79 10 94 0 22 107 -25 43 79 51 43 79</float_array>
                    <technique_common>
                        <accessor count="29" source="#pointarrayMesh2_2" stride="3">
                            <param name="X" type="float"/>
                            <param name="Y" type="float"/>
                            <param name="Z" type="float"/>
                        </accessor>
                    </technique_common>
                </source>
                <source id="uvsMesh2_2">
                    <float_array id="uvarrayMesh2_2" count="58">0 1 0 1 0 1 0 1 0 1 0 1 0 1 0 1 0 1 0 1 0 1 0 1 0 1 0 1 0 1 0 1 0 1 0 1 0 1 0 1 0 1 0 1 0 1 0 1 0 1 0 1 0 1 0 1 0 1</float_array>
                    <technique_common>
                        <accessor count="29" source="#uvarrayMesh2_2" stride="2">
                            <param name="S" type="float"/>
                            <param name="T" type="float"/>
                        </accessor>
                    </technique_common>
                </source>
                <vertices id="verticesMesh2_2">
                    <input semantic="POSITION" source="#pointsMesh2_2"/>
                </vertices>
                <polylist count="34" material="Material1">
                    <input offset="0" semantic="VERTEX" source="#verticesMesh2_2"/>
                    <input offset="1" semantic="TEXCOORD" source="#uvsMesh2_2" set="0"/>
                    <vcount>3 3 3 3 3 3 3 3 3 3 3 3 3 3 3 3 3 3 3 3 3 3 3 3 3 3 3 3 3 3 3 3 3 3</vcount>
                    <p>0 0 1 1 2 2 3 3 0 0 2 2 2 2 4 4 3 3 5 5 6 6 7 7 8 8 6 6 5 5 9 9 6 6 8 8 7 7 6 6 10 10 6 6 9 9 10 10 9 9 8 8 11 11 12 12 9 9 11 11 7 7 10 10 13 13 14 14 15 15 16 16 16 16 17 17 14 14 17 17 16 16 18 18 16 16 15 15 19 19 14 14 7 7 15 15 7 7 14 14 5 5 8 8 20 20 21 21 22 22 19 19 15 15 15 15 7 7 22 22 7 7 13 13 22 22 8 8 5 5 20 20 23 23 17 17 18 18 21 21 11 11 8 8 24 24 25 25 18 18 18 18 25 25 23 23 12 12 11 11 26 26 27 27 12 12 26 26 26 26 11 11 21 21 21 21 23 23 26 26 28 28 26 26 25 25 28 28 27 27 26 26 25 25 26 26 23 23 28 28 25 25 24 24</p>
                </polylist>
            </mesh>
        </geometry>
        <geometry id="meshMesh2_VC1">
            <mesh>
                <source id="pointsMesh2_VC1">
                    <float_array id="pointarrayMesh2_VC1" count="87">122 -43 -30 91 28 -58 109 38 0 122 -43 30 91 28 61 -56 0 -71 -68 17 -84 0 22 -107 -107 5 0 -81 25 0 -68 38 -56 -68 17 86 -68 38 56 -25 43 -76 63 -28 -76 79 10 -94 122 -43 -30 91 -63 0 122 -43 30 91 28 -58 -84 -15 0 -56 0 73 51 43 -76 63 -28 79 91 28 61 79 10 94 0 22 107 -25 43 79 51 43 79</float_array>
                    <technique_common>
                        <accessor count="29" source="#pointarrayMesh2_VC1" stride="3">
                            <param name="X" type="float"/>
                            <param name="Y" type="float"/>
                            <param name="Z" type="float"/>
                        </accessor>
                    </technique_common>
                </source>
                <source id="uvsMesh2_VC1">
                    <float_array id="uvarrayMesh2_VC1" count="204">0.15625 0.75 0.15625 0.75 0.15625 0.75 0.15625 0.75 0.15625 0.75 0.15625 0.75 0.15625 0.75 0.15625 0.75 0.15625 0.75 0.28125 0.75 0.28125 0.75 0.28125 0.75 0.28125 0.75 0.28125 0.75 0.28125 0.75 0.28125 0.75 0.28125 0.75 0.28125 0.75 0.28125 0.75 0.28125 0.75 0.28125 0.75 0.28125 0.75 0.28125 0.75 0.28125 0.75 0.28125 0.75 0.28125 0.75 0.28125 0.75 0.28125 0.75 0.28125 0.75 0.28125 0.75 0.28125 0.75 0.28125 0.75 0.28125 0.75 0.28125 0.75 0.28125 0.75 0.28125 0.75 0.28125 0.75 0.28125 0.75 0.28125 0.75 0.28125 0.75 0.28125 0.75 0.28125 0.75 0.28125 0.75 0.28125 0.75 0.28125 0.75 0.28125 0.75 0.28125 0.75 0.28125 0.75 0.28125 0.75 0.28125 0.75 0.28125 0.75 0.28125 0.75 0.28125 0.75 0.28125 0.75 0.28125 0.75 0.28125 0.75 0.28125 0.75 0.28125 0.75 0.28125 0.75 0.28125 0.75 0.28125 0.75 0.28125 0.75 0.28125 0.75 0.28125 0.75 0.28125 0.75 0.28125 0.75 0.28125 0.75 0.28125 0.75 0.28125 0.75 0.28125 0.75 0.28125 0.75 0.28125 0.75 0.28125 0.75 0.28125 0.75 0.28125 0.75 0.28125 0.75 0.28125 0.75 0.28125 0.75 0.28125 0.75 0.28125 0.75 0.28125 0.75 0.28125 0.75 0.28125 0.75 0.28125 0.75 0.28125 0.75 0.28125 0.75 0.28125 0.75 0.28125 0.75 0.28125 0.75 0.28125 0.75 0.28125 0.75 0.28125 0.75 0.28125 0.75 0.28125 0.75 0.28125 0.75 0.28125 0.75 0.28125 0.75 0.28125 0.75 0.28125 0.75 0.28125 0.75 0.28125 0.75 0.28125 0.75</float_array>
                    <technique_common>
                        <accessor count="102" source="#uvarrayMesh2_VC1" stride="2">
                            <param name="S" type="float"/>
                            <param name="T" type="float"/>
                        </accessor>
                    </technique_common>
                </source>
                <vertices id="verticesMesh2_VC1">
                    <input semantic="POSITION" source="#pointsMesh2_VC1"/>
                </vertices>
                <polylist count="34" material="Material1">
                    <input offset="0" semantic="VERTEX" source="#verticesMesh2_VC1"/>
                    <input offset="1" semantic="TEXCOORD" source="#uvsMesh2_VC1" set="0"/>
                    <vcount>3 3 3 3 3 3 3 3 3 3 3 3 3 3 3 3 3 3 3 3 3 3 3 3 3 3 3 3 3 3 3 3 3 3</vcount>
                    <p>0 0 1 1 2 2 3 3 0 4 2 5 2 6 4 7 3 8 5 9 6 10 7 11 8 12 6 13 5 14 9 15 6 16 8 17 7 18 6 19 10 20 6 21 9 22 10 23 9 24 8 25 11 26 12 27 9 28 11 29 7 30 10 31 13 32 14 33 15 34 16 35 16 36 17 37 14 38 17 39 16 40 18 41 16 42 15 43 19 44 14 45 7 46 15 47 7 48 14 49 5 50 8 51 20 52 21 53 22 54 19 55 15 56 15 57 7 58 22 59 7 60 13 61 22 62 8 63 5 64 20 65 23 66 17 67 18 68 21 69 11 70 8 71 24 72 25 73 18 74 18 75 25 76 23 77 12 78 11 79 26 80 27 81 12 82 26 83 26 84 11 85 21 86 21 87 23 88 26 89 28 90 26 91 25 92 28 93 27 94 26 95 25 96 26 97 23 98 28 99 25 100 24 101</p>
                </polylist>
            </mesh>
        </geometry>
        <geometry id="meshMesh2_VC2">
            <mesh>
                <source id="pointsMesh2_VC2">
                    <float_array id="pointarrayMesh2_VC2" count="87">122 -43 -30 91 28 -58 109 38 0 122 -43 30 91 28 61 -56 0 -71 -68 17 -84 0 22 -107 -107 5 0 -81 25 0 -68 38 -56 -68 17 86 -68 38 56 -25 43 -76 63 -28 -76 79 10 -94 122 -43 -30 91 -63 0 122 -43 30 91 28 -58 -84 -15 0 -56 0 73 51 43 -76 63 -28 79 91 28 61 79 10 94 0 22 107 -25 43 79 51 43 79</float_array>
                    <technique_common>
                        <accessor count="29" source="#pointarrayMesh2_VC2" stride="3">
                            <param name="X" type="float"/>
                            <param name="Y" type="float"/>
                            <param name="Z" type="float"/>
                        </accessor>
                    </technique_common>
                </source>
                <source id="uvsMesh2_VC2">
                    <float_array id="uvarrayMesh2_VC2" count="204">0.40625 0.75 0.40625 0.75 0.40625 0.75 0.40625 0.75 0.40625 0.75 0.40625 0.75 0.40625 0.75 0.40625 0.75 0.40625 0.75 0.03125 0.75 0.03125 0.75 0.03125 0.75 0.03125 0.75 0.03125 0.75 0.03125 0.75 0.03125 0.75 0.03125 0.75 0.03125 0.75 0.03125 0.75 0.03125 0.75 0.03125 0.75 0.03125 0.75 0.03125 0.75 0.03125 0.75 0.03125 0.75 0.03125 0.75 0.03125 0.75 0.03125 0.75 0.03125 0.75 0.03125 0.75 0.03125 0.75 0.03125 0.75 0.03125 0.75 0.03125 0.75 0.03125 0.75 0.03125 0.75 0.03125 0.75 0.03125 0.75 0.03125 0.75 0.03125 0.75 0.03125 0.75 0.03125 0.75 0.03125 0.75 0.03125 0.75 0.03125 0.75 0.03125 0.75 0.03125 0.75 0.03125 0.75 0.03125 0.75 0.03125 0.75 0.03125 0.75 0.03125 0.75 0.03125 0.75 0.03125 0.75 0.03125 0.75 0.03125 0.75 0.03125 0.75 0.03125 0.75 0.03125 0.75 0.03125 0.75 0.03125 0.75 0.03125 0.75 0.03125 0.75 0.03125 0.75 0.03125 0.75 0.03125 0.75 0.03125 0.75 0.03125 0.75 0.03125 0.75 0.03125 0.75 0.03125 0.75 0.03125 0.75 0.03125 0.75 0.03125 0.75 0.03125 0.75 0.03125 0.75 0.03125 0.75 0.03125 0.75 0.03125 0.75 0.03125 0.75 0.03125 0.75 0.03125 0.75 0.03125 0.75 0.03125 0.75 0.03125 0.75 0.03125 0.75 0.03125 0.75 0.03125 0.75 0.03125 0.75 0.03125 0.75 0.03125 0.75 0.03125 0.75 0.03125 0.75 0.03125 0.75 0.03125 0.75 0.03125 0.75 0.03125 0.75 0.03125 0.75 0.03125 0.75 0.03125 0.75 0.03125 0.75 0.03125 0.75</float_array>
                    <technique_common>
                        <accessor count="102" source="#uvarrayMesh2_VC2" stride="2">
                            <param name="S" type="float"/>
                            <param name="T" type="float"/>
                        </accessor>
                    </technique_common>
                </source>
                <vertices id="verticesMesh2_VC2">
                    <input semantic="POSITION" source="#pointsMesh2_VC2"/>
                </vertices>
                <polylist count="34" material="Material1">
                    <input offset="0" semantic="VERTEX" source="#verticesMesh2_VC2"/>
                    <input offset="1" semantic="TEXCOORD" source="#uvsMesh2_VC2" set="0"/>
                    <vcount>3 3 3 3 3 3 3 3 3 3 3 3 3 3 3 3 3 3 3 3 3 3 3 3 3 3 3 3 3 3 3 3 3 3</vcount>
                    <p>0 0 1 1 2 2 3 3 0 4 2 5 2 6 4 7 3 8 5 9 6 10 7 11 8 12 6 13 5 14 9 15 6 16 8 17 7 18 6 19 10 20 6 21 9 22 10 23 9 24 8 25 11 26 12 27 9 28 11 29 7 30 10 31 13 32 14 33 15 34 16 35 16 36 17 37 14 38 17 39 16 40 18 41 16 42 15 43 19 44 14 45 7 46 15 47 7 48 14 49 5 50 8 51 20 52 21 53 22 54 19 55 15 56 15 57 7 58 22 59 7 60 13 61 22 62 8 63 5 64 20 65 23 66 17 67 18 68 21 69 11 70 8 71 24 72 25 73 18 74 18 75 25 76 23 77 12 78 11 79 26 80 27 81 12 82 26 83 26 84 11 85 21 86 21 87 23 88 26 89 28 90 26 91 25 92 28 93 27 94 26 95 25 96 26 97 23 98 28 99 25 100 24 101</p>
                </polylist>
            </mesh>
        </geometry>
        <geometry id="meshMesh3_1">
            <mesh>
                <source id="pointsMesh3_1">
                    <float_array id="pointarrayMesh3_1" count="27">139 -4 0 133 -11 -56 111 2 -51 155 -27 49 184 -56 23 133 -11 56 184 -56 -23 111 2 52 155 -27 -48</float_array>
                    <technique_common>
                        <accessor count="9" source="#pointarrayMesh3_1" stride="3">
                            <param name="X" type="float"/>
                            <param name="Y" type="float"/>
                            <param name="Z" type="float"/>
                        </accessor>
                    </technique_common>
                </source>
                <source id="uvsMesh3_1">
                    <float_array id="uvarrayMesh3_1" count="18">0.474609375 0.33203125 0.0078125 0.322265625 0.0390625 0.046875 0.88671875 0.68359375 0.68359375 1.0625 0.939453125 0.3203125 0.294921875 1.064453125 0.896484375 0.04296875 0.076171875 0.685546875</float_array>
                    <technique_common>
                        <accessor count="9" source="#uvarrayMesh3_1" stride="2">
                            <param name="S" type="float"/>
                            <param name="T" type="float"/>
                        </accessor>
                    </technique_common>
                </source>
                <vertices id="verticesMesh3_1">
                    <input semantic="POSITION" source="#pointsMesh3_1"/>
                </vertices>
                <polylist count="7" material="Material1">
                    <input offset="0" semantic="VERTEX" source="#verticesMesh3_1"/>
                    <input offset="1" semantic="TEXCOORD" source="#uvsMesh3_1" set="0"/>
                    <vcount>3 3 3 3 3 3 3</vcount>
                    <p>0 0 1 1 2 2 3 3 4 4 0 0 0 0 5 5 3 3 4 4 6 6 0 0 7 7 5 5 0 0 8 8 1 1 0 0 0 0 6 6 8 8</p>
                </polylist>
            </mesh>
        </geometry>
        <geometry id="meshMesh3_2">
            <mesh>
                <source id="pointsMesh3_2">
                    <float_array id="pointarrayMesh3_2" count="27">139 -4 0 133 -11 -56 111 2 -51 155 -27 49 184 -56 23 133 -11 56 184 -56 -23 111 2 52 155 -27 -48</float_array>
                    <technique_common>
                        <accessor count="9" source="#pointarrayMesh3_2" stride="3">
                            <param name="X" type="float"/>
                            <param name="Y" type="float"/>
                            <param name="Z" type="float"/>
                        </accessor>
                    </technique_common>
                </source>
                <source id="uvsMesh3_2">
                    <float_array id="uvarrayMesh3_2" count="18">0.474609375 0.33203125 0.0078125 0.322265625 0.0390625 0.046875 0.88671875 0.68359375 0.68359375 1.0625 0.939453125 0.3203125 0.294921875 1.064453125 0.896484375 0.04296875 0.076171875 0.685546875</float_array>
                    <technique_common>
                        <accessor count="9" source="#uvarrayMesh3_2" stride="2">
                            <param name="S" type="float"/>
                            <param name="T" type="float"/>
                        </accessor>
                    </technique_common>
                </source>
                <vertices id="verticesMesh3_2">
                    <input semantic="POSITION" source="#pointsMesh3_2"/>
                </vertices>
                <polylist count="7" material="Material1">
                    <input offset="0" semantic="VERTEX" source="#verticesMesh3_2"/>
                    <input offset="1" semantic="TEXCOORD" source="#uvsMesh3_2" set="0"/>
                    <vcount>3 3 3 3 3 3 3</vcount>
                    <p>0 0 1 1 2 2 3 3 4 4 0 0 0 0 5 5 3 3 4 4 6 6 0 0 7 7 5 5 0 0 8 8 1 1 0 0 0 0 6 6 8 8</p>
                </polylist>
            </mesh>
        </geometry>
        <geometry id="meshMesh3_VC2">
            <mesh>
                <source id="pointsMesh3_VC2">
                    <float_array id="pointarrayMesh3_VC2" count="27">139 -4 0 133 -11 -56 111 2 -51 155 -27 49 184 -56 23 133 -11 56 184 -56 -23 111 2 52 155 -27 -48</float_array>
                    <technique_common>
                        <accessor count="9" source="#pointarrayMesh3_VC2" stride="3">
                            <param name="X" type="float"/>
                            <param name="Y" type="float"/>
                            <param name="Z" type="float"/>
                        </accessor>
                    </technique_common>
                </source>
                <source id="uvsMesh3_VC2">
                    <float_array id="uvarrayMesh3_VC2" count="42">0.03125 0.75 0.03125 0.75 0.03125 0.75 0.03125 0.75 0.03125 0.75 0.03125 0.75 0.03125 0.75 0.03125 0.75 0.03125 0.75 0.03125 0.75 0.03125 0.75 0.03125 0.75 0.03125 0.75 0.03125 0.75 0.03125 0.75 0.03125 0.75 0.03125 0.75 0.03125 0.75 0.03125 0.75 0.03125 0.75 0.03125 0.75</float_array>
                    <technique_common>
                        <accessor count="21" source="#uvarrayMesh3_VC2" stride="2">
                            <param name="S" type="float"/>
                            <param name="T" type="float"/>
                        </accessor>
                    </technique_common>
                </source>
                <vertices id="verticesMesh3_VC2">
                    <input semantic="POSITION" source="#pointsMesh3_VC2"/>
                </vertices>
                <polylist count="7" material="Material1">
                    <input offset="0" semantic="VERTEX" source="#verticesMesh3_VC2"/>
                    <input offset="1" semantic="TEXCOORD" source="#uvsMesh3_VC2" set="0"/>
                    <vcount>3 3 3 3 3 3 3</vcount>
                    <p>0 0 1 1 2 2 3 3 4 4 0 5 0 6 5 7 3 8 4 9 6 10 0 11 7 12 5 13 0 14 8 15 1 16 0 17 0 18 6 19 8 20</p>
                </polylist>
            </mesh>
        </geometry>
        <geometry id="meshMesh4_1">
            <mesh>
                <source id="pointsMesh4_1">
                    <float_array id="pointarrayMesh4_1" count="90">10 50 -36 15 22 -64 -12 -4 0 16 -63 0 43 -44 -54 69 -65 -18 99 -87 0 102 -44 -54 69 -65 18 102 -44 54 147 -93 0 43 -44 54 23 -24 60 23 -24 -59 0 52 0 45 75 32 36 84 0 10 50 36 15 22 65 54 2 87 64 41 62 45 75 -31 64 41 -62 54 2 -87 77 -16 -82 92 84 -51 92 84 51 87 114 0 84 81 0 77 -16 82</float_array>
                    <technique_common>
                        <accessor count="30" source="#pointarrayMesh4_1" stride="3">
                            <param name="X" type="float"/>
                            <param name="Y" type="float"/>
                            <param name="Z" type="float"/>
                        </accessor>
                    </technique_common>
                </source>
                <source id="uvsMesh4_1">
                    <float_array id="uvarrayMesh4_1" count="60">0.77734375 -2.798828125 1.03515625 -2.51953125 0.447265625 -3.21875 0.447265625 -2.150390625 0.94140625 -1.4765625 0.611328125 -0.701171875 0.447265625 0.205078125 0.9375 0.138671875 0.28125 -0.724609375 -0.041015625 0.06640625 0.447265625 1.556640625 -0.044921875 -1.55078125 -0.08984375 -2.1640625 0.98828125 -2.0859375 0.44921875 -3.11328125 0.16015625 -2.00390625 0.451171875 -2.26953125 0.12109375 -2.845703125 -0.13671875 -2.60546875 -0.3359375 -1.474609375 -0.109375 -1.353515625 0.740234375 -1.9609375 1.009765625 -1.271484375 1.234375 -1.359375 1.19140625 -0.66015625 0.91796875 -0.697265625 -0.015625 -0.765625 0.44921875 -1.01953125 0.451171875 -0.958984375 -0.29296875 -0.76953125</float_array>
                    <technique_common>
                        <accessor count="30" source="#uvarrayMesh4_1" stride="2">
                            <param name="S" type="float"/>
                            <param name="T" type="float"/>
                        </accessor>
                    </technique_common>
                </source>
                <vertices id="verticesMesh4_1">
                    <input semantic="POSITION" source="#pointsMesh4_1"/>
                </vertices>
                <polylist count="44" material="Material1">
                    <input offset="0" semantic="VERTEX" source="#verticesMesh4_1"/>
                    <input offset="1" semantic="TEXCOORD" source="#uvsMesh4_1" set="0"/>
                    <vcount>3 3 3 3 3 3 3 3 3 3 3 3 3 3 3 3 3 3 3 3 3 3 3 3 3 3 3 3 3 3 3 3 3 3 3 3 3 3 3 3 3 3 3 3</vcount>
                    <p>0 0 1 1 2 2 3 3 4 4 5 5 6 6 5 5 7 7 5 5 6 6 8 8 3 3 5 5 8 8 7 7 5 5 4 4 9 9 6 6 10 10 7 7 10 10 6 6 9 9 8 8 6 6 8 8 11 11 3 3 11 11 8 8 9 9 3 3 11 11 12 12 2 2 3 3 12 12 3 3 13 13 4 4 13 13 3 3 2 2 2 2 1 1 13 13 14 14 0 0 2 2 14 14 15 15 16 16 14 14 2 2 17 17 2 2 18 18 17 17 18 18 12 12 19 19 19 19 20 20 18 18 17 17 18 18 20 20 12 12 18 18 2 2 14 14 17 17 15 15 20 20 15 15 17 17 16 16 0 0 14 14 16 16 21 21 0 0 0 0 22 22 1 1 0 0 21 21 22 22 23 23 24 24 4 4 23 23 13 13 1 1 25 25 26 26 27 27 25 25 20 20 26 26 25 25 22 22 20 20 20 20 28 28 15 15 21 21 28 28 22 22 4 4 24 24 7 7 23 23 4 4 13 13 16 16 28 28 21 21 11 11 29 29 19 19 19 19 12 12 11 11 29 29 11 11 9 9 16 16 15 15 28 28</p>
                </polylist>
            </mesh>
        </geometry>
        <geometry id="meshMesh4_2">
            <mesh>
                <source id="pointsMesh4_2">
                    <float_array id="pointarrayMesh4_2" count="90">10 50 -36 15 22 -64 -12 -4 0 16 -63 0 43 -44 -54 69 -65 -18 99 -87 0 102 -44 -54 69 -65 18 102 -44 54 147 -93 0 43 -44 54 23 -24 60 23 -24 -59 0 52 0 45 75 32 36 84 0 10 50 36 15 22 65 54 2 87 64 41 62 45 75 -31 64 41 -62 54 2 -87 77 -16 -82 92 84 -51 92 84 51 87 114 0 84 81 0 77 -16 82</float_array>
                    <technique_common>
                        <accessor count="30" source="#pointarrayMesh4_2" stride="3">
                            <param name="X" type="float"/>
                            <param name="Y" type="float"/>
                            <param name="Z" type="float"/>
                        </accessor>
                    </technique_common>
                </source>
                <source id="uvsMesh4_2">
                    <float_array id="uvarrayMesh4_2" count="60">0.77734375 -2.798828125 1.03515625 -2.51953125 0.447265625 -3.21875 0.447265625 -2.150390625 0.94140625 -1.4765625 0.611328125 -0.701171875 0.447265625 0.205078125 0.9375 0.138671875 0.28125 -0.724609375 -0.041015625 0.06640625 0.447265625 1.556640625 -0.044921875 -1.55078125 -0.08984375 -2.1640625 0.98828125 -2.0859375 0.44921875 -3.11328125 0.16015625 -2.00390625 0.451171875 -2.26953125 0.12109375 -2.845703125 -0.13671875 -2.60546875 -0.3359375 -1.474609375 -0.109375 -1.353515625 0.740234375 -1.9609375 1.009765625 -1.271484375 1.234375 -1.359375 1.19140625 -0.66015625 0.91796875 -0.697265625 -0.015625 -0.765625 0.44921875 -1.01953125 0.451171875 -0.958984375 -0.29296875 -0.76953125</float_array>
                    <technique_common>
                        <accessor count="30" source="#uvarrayMesh4_2" stride="2">
                            <param name="S" type="float"/>
                            <param name="T" type="float"/>
                        </accessor>
                    </technique_common>
                </source>
                <vertices id="verticesMesh4_2">
                    <input semantic="POSITION" source="#pointsMesh4_2"/>
                </vertices>
                <polylist count="44" material="Material1">
                    <input offset="0" semantic="VERTEX" source="#verticesMesh4_2"/>
                    <input offset="1" semantic="TEXCOORD" source="#uvsMesh4_2" set="0"/>
                    <vcount>3 3 3 3 3 3 3 3 3 3 3 3 3 3 3 3 3 3 3 3 3 3 3 3 3 3 3 3 3 3 3 3 3 3 3 3 3 3 3 3 3 3 3 3</vcount>
                    <p>0 0 1 1 2 2 3 3 4 4 5 5 6 6 5 5 7 7 5 5 6 6 8 8 3 3 5 5 8 8 7 7 5 5 4 4 9 9 6 6 10 10 7 7 10 10 6 6 9 9 8 8 6 6 8 8 11 11 3 3 11 11 8 8 9 9 3 3 11 11 12 12 2 2 3 3 12 12 3 3 13 13 4 4 13 13 3 3 2 2 2 2 1 1 13 13 14 14 0 0 2 2 14 14 15 15 16 16 14 14 2 2 17 17 2 2 18 18 17 17 18 18 12 12 19 19 19 19 20 20 18 18 17 17 18 18 20 20 12 12 18 18 2 2 14 14 17 17 15 15 20 20 15 15 17 17 16 16 0 0 14 14 16 16 21 21 0 0 0 0 22 22 1 1 0 0 21 21 22 22 23 23 24 24 4 4 23 23 13 13 1 1 25 25 26 26 27 27 25 25 20 20 26 26 25 25 22 22 20 20 20 20 28 28 15 15 21 21 28 28 22 22 4 4 24 24 7 7 23 23 4 4 13 13 16 16 28 28 21 21 11 11 29 29 19 19 19 19 12 12 11 11 29 29 11 11 9 9 16 16 15 15 28 28</p>
                </polylist>
            </mesh>
        </geometry>
        <geometry id="meshMesh4_VC2">
            <mesh>
                <source id="pointsMesh4_VC2">
                    <float_array id="pointarrayMesh4_VC2" count="90">10 50 -36 15 22 -64 -12 -4 0 16 -63 0 43 -44 -54 69 -65 -18 99 -87 0 102 -44 -54 69 -65 18 102 -44 54 147 -93 0 43 -44 54 23 -24 60 23 -24 -59 0 52 0 45 75 32 36 84 0 10 50 36 15 22 65 54 2 87 64 41 62 45 75 -31 64 41 -62 54 2 -87 77 -16 -82 92 84 -51 92 84 51 87 114 0 84 81 0 77 -16 82</float_array>
                    <technique_common>
                        <accessor count="30" source="#pointarrayMesh4_VC2" stride="3">
                            <param name="X" type="float"/>
                            <param name="Y" type="float"/>
                            <param name="Z" type="float"/>
                        </accessor>
                    </technique_common>
                </source>
                <source id="uvsMesh4_VC2">
                    <float_array id="uvarrayMesh4_VC2" count="264">0.03125 0.75 0.03125 0.75 0.03125 0.75 0.03125 0.75 0.03125 0.75 0.03125 0.75 0.03125 0.75 0.03125 0.75 0.03125 0.75 0.03125 0.75 0.03125 0.75 0.03125 0.75 0.03125 0.75 0.03125 0.75 0.03125 0.75 0.03125 0.75 0.03125 0.75 0.03125 0.75 0.03125 0.75 0.03125 0.75 0.03125 0.75 0.03125 0.75 0.03125 0.75 0.03125 0.75 0.03125 0.75 0.03125 0.75 0.03125 0.75 0.03125 0.75 0.03125 0.75 0.03125 0.75 0.03125 0.75 0.03125 0.75 0.03125 0.75 0.03125 0.75 0.03125 0.75 0.03125 0.75 0.03125 0.75 0.03125 0.75 0.03125 0.75 0.03125 0.75 0.03125 0.75 0.03125 0.75 0.03125 0.75 0.03125 0.75 0.03125 0.75 0.03125 0.75 0.03125 0.75 0.03125 0.75 0.03125 0.75 0.03125 0.75 0.03125 0.75 0.03125 0.75 0.03125 0.75 0.03125 0.75 0.03125 0.75 0.03125 0.75 0.03125 0.75 0.03125 0.75 0.03125 0.75 0.03125 0.75 0.03125 0.75 0.03125 0.75 0.03125 0.75 0.03125 0.75 0.03125 0.75 0.03125 0.75 0.03125 0.75 0.03125 0.75 0.03125 0.75 0.03125 0.75 0.03125 0.75 0.03125 0.75 0.03125 0.75 0.03125 0.75 0.03125 0.75 0.03125 0.75 0.03125 0.75 0.03125 0.75 0.03125 0.75 0.03125 0.75 0.03125 0.75 0.03125 0.75 0.03125 0.75 0.03125 0.75 0.03125 0.75 0.03125 0.75 0.03125 0.75 0.03125 0.75 0.03125 0.75 0.03125 0.75 0.03125 0.75 0.03125 0.75 0.03125 0.75 0.03125 0.75 0.03125 0.75 0.03125 0.75 0.03125 0.75 0.03125 0.75 0.03125 0.75 0.03125 0.75 0.03125 0.75 0.03125 0.75 0.03125 0.75 0.03125 0.75 0.03125 0.75 0.03125 0.75 0.03125 0.75 0.03125 0.75 0.03125 0.75 0.03125 0.75 0.03125 0.75 0.03125 0.75 0.03125 0.75 0.03125 0.75 0.03125 0.75 0.03125 0.75 0.03125 0.75 0.03125 0.75 0.03125 0.75 0.03125 0.75 0.03125 0.75 0.03125 0.75 0.03125 0.75 0.03125 0.75 0.03125 0.75 0.03125 0.75 0.03125 0.75 0.03125 0.75 0.03125 0.75 0.03125 0.75 0.03125 0.75 0.03125 0.75</float_array>
                    <technique_common>
                        <accessor count="132" source="#uvarrayMesh4_VC2" stride="2">
                            <param name="S" type="float"/>
                            <param name="T" type="float"/>
                        </accessor>
                    </technique_common>
                </source>
                <vertices id="verticesMesh4_VC2">
                    <input semantic="POSITION" source="#pointsMesh4_VC2"/>
                </vertices>
                <polylist count="44" material="Material1">
                    <input offset="0" semantic="VERTEX" source="#verticesMesh4_VC2"/>
                    <input offset="1" semantic="TEXCOORD" source="#uvsMesh4_VC2" set="0"/>
                    <vcount>3 3 3 3 3 3 3 3 3 3 3 3 3 3 3 3 3 3 3 3 3 3 3 3 3 3 3 3 3 3 3 3 3 3 3 3 3 3 3 3 3 3 3 3</vcount>
                    <p>0 0 1 1 2 2 3 3 4 4 5 5 6 6 5 7 7 8 5 9 6 10 8 11 3 12 5 13 8 14 7 15 5 16 4 17 9 18 6 19 10 20 7 21 10 22 6 23 9 24 8 25 6 26 8 27 11 28 3 29 11 30 8 31 9 32 3 33 11 34 12 35 2 36 3 37 12 38 3 39 13 40 4 41 13 42 3 43 2 44 2 45 1 46 13 47 14 48 0 49 2 50 14 51 15 52 16 53 14 54 2 55 17 56 2 57 18 58 17 59 18 60 12 61 19 62 19 63 20 64 18 65 17 66 18 67 20 68 12 69 18 70 2 71 14 72 17 73 15 74 20 75 15 76 17 77 16 78 0 79 14 80 16 81 21 82 0 83 0 84 22 85 1 86 0 87 21 88 22 89 23 90 24 91 4 92 23 93 13 94 1 95 25 96 26 97 27 98 25 99 20 100 26 101 25 102 22 103 20 104 20 105 28 106 15 107 21 108 28 109 22 110 4 111 24 112 7 113 23 114 4 115 13 116 16 117 28 118 21 119 11 120 29 121 19 122 19 123 12 124 11 125 29 126 11 127 9 128 16 129 15 130 28 131</p>
                </polylist>
            </mesh>
        </geometry>
        <geometry id="meshMesh5_1">
            <mesh>
                <source id="pointsMesh5_1">
                    <float_array id="pointarrayMesh5_1" count="69">92 84 -51 140 72 -49 99 22 -60 153 27 -31 149 99 0 170 42 0 87 114 0 140 72 49 153 27 31 139 -4 0 92 84 51 99 22 60 111 2 52 77 -16 -82 111 2 -51 77 -16 82 102 -44 54 64 41 62 54 2 87 102 -44 -54 54 2 -87 64 41 -62 15 22 -64</float_array>
                    <technique_common>
                        <accessor count="23" source="#pointarrayMesh5_1" stride="3">
                            <param name="X" type="float"/>
                            <param name="Y" type="float"/>
                            <param name="Z" type="float"/>
                        </accessor>
                    </technique_common>
                </source>
                <source id="uvsMesh5_1">
                    <float_array id="uvarrayMesh5_1" count="46">0.0234375 -0.017578125 0.0390625 0.41796875 -0.0625 0.892578125 0.189453125 1.142578125 0.482421875 0.09765625 0.47265625 1.029296875 0.48828125 -0.46875 0.919921875 0.439453125 0.75390625 1.158203125 0.46875 1.53125 0.943359375 0.005859375 1.013671875 0.919921875 0.931640625 1.271484375 -0.26171875 1.32421875 0.009765625 1.248046875 1.203125 1.361328125 0.94921875 1.90234375 1.033203125 0.45703125 1.25 0.9609375 -0.017578125 1.87890625 -0.30078125 0.921875 -0.072265625 0.427734375 -0.09765625 0.423828125</float_array>
                    <technique_common>
                        <accessor count="23" source="#uvarrayMesh5_1" stride="2">
                            <param name="S" type="float"/>
                            <param name="T" type="float"/>
                        </accessor>
                    </technique_common>
                </source>
                <vertices id="verticesMesh5_1">
                    <input semantic="POSITION" source="#pointsMesh5_1"/>
                </vertices>
                <polylist count="29" material="Material1">
                    <input offset="0" semantic="VERTEX" source="#verticesMesh5_1"/>
                    <input offset="1" semantic="TEXCOORD" source="#uvsMesh5_1" set="0"/>
                    <vcount>3 3 3 3 3 3 3 3 3 3 3 3 3 3 3 3 3 3 3 3 3 3 3 3 3 3 3 3 3</vcount>
                    <p>0 0 1 1 2 2 3 3 2 2 1 1 1 1 4 4 5 5 1 1 0 0 6 6 6 6 4 4 1 1 5 5 3 3 1 1 7 7 4 4 6 6 7 7 5 5 4 4 7 7 8 8 5 5 3 3 5 5 9 9 9 9 5 5 8 8 7 7 6 6 10 10 11 11 7 7 10 10 8 8 7 7 11 11 12 12 9 9 8 8 8 8 11 11 12 12 13 13 2 2 14 14 12 12 15 15 16 16 12 12 11 11 15 15 14 14 3 3 9 9 10 10 17 17 11 11 18 18 15 15 11 11 18 18 11 11 17 17 14 14 19 19 13 13 14 14 2 2 3 3 20 20 21 21 2 2 21 21 0 0 2 2 2 2 13 13 20 20 22 22 21 21 20 20</p>
                </polylist>
            </mesh>
        </geometry>
        <geometry id="meshMesh5_2">
            <mesh>
                <source id="pointsMesh5_2">
                    <float_array id="pointarrayMesh5_2" count="69">92 84 -51 140 72 -49 99 22 -60 153 27 -31 149 99 0 170 42 0 87 114 0 140 72 49 153 27 31 139 -4 0 92 84 51 99 22 60 111 2 52 77 -16 -82 111 2 -51 77 -16 82 102 -44 54 64 41 62 54 2 87 102 -44 -54 54 2 -87 64 41 -62 15 22 -64</float_array>
                    <technique_common>
                        <accessor count="23" source="#pointarrayMesh5_2" stride="3">
                            <param name="X" type="float"/>
                            <param name="Y" type="float"/>
                            <param name="Z" type="float"/>
                        </accessor>
                    </technique_common>
                </source>
                <source id="uvsMesh5_2">
                    <float_array id="uvarrayMesh5_2" count="46">0.0234375 -0.017578125 0.0390625 0.41796875 -0.0625 0.892578125 0.189453125 1.142578125 0.482421875 0.09765625 0.47265625 1.029296875 0.48828125 -0.46875 0.919921875 0.439453125 0.75390625 1.158203125 0.46875 1.53125 0.943359375 0.005859375 1.013671875 0.919921875 0.931640625 1.271484375 -0.26171875 1.32421875 0.009765625 1.248046875 1.203125 1.361328125 0.94921875 1.90234375 1.033203125 0.45703125 1.25 0.9609375 -0.017578125 1.87890625 -0.30078125 0.921875 -0.072265625 0.427734375 -0.09765625 0.423828125</float_array>
                    <technique_common>
                        <accessor count="23" source="#uvarrayMesh5_2" stride="2">
                            <param name="S" type="float"/>
                            <param name="T" type="float"/>
                        </accessor>
                    </technique_common>
                </source>
                <vertices id="verticesMesh5_2">
                    <input semantic="POSITION" source="#pointsMesh5_2"/>
                </vertices>
                <polylist count="29" material="Material1">
                    <input offset="0" semantic="VERTEX" source="#verticesMesh5_2"/>
                    <input offset="1" semantic="TEXCOORD" source="#uvsMesh5_2" set="0"/>
                    <vcount>3 3 3 3 3 3 3 3 3 3 3 3 3 3 3 3 3 3 3 3 3 3 3 3 3 3 3 3 3</vcount>
                    <p>0 0 1 1 2 2 3 3 2 2 1 1 1 1 4 4 5 5 1 1 0 0 6 6 6 6 4 4 1 1 5 5 3 3 1 1 7 7 4 4 6 6 7 7 5 5 4 4 7 7 8 8 5 5 3 3 5 5 9 9 9 9 5 5 8 8 7 7 6 6 10 10 11 11 7 7 10 10 8 8 7 7 11 11 12 12 9 9 8 8 8 8 11 11 12 12 13 13 2 2 14 14 12 12 15 15 16 16 12 12 11 11 15 15 14 14 3 3 9 9 10 10 17 17 11 11 18 18 15 15 11 11 18 18 11 11 17 17 14 14 19 19 13 13 14 14 2 2 3 3 20 20 21 21 2 2 21 21 0 0 2 2 2 2 13 13 20 20 22 22 21 21 20 20</p>
                </polylist>
            </mesh>
        </geometry>
        <geometry id="meshMesh5_VC2">
            <mesh>
                <source id="pointsMesh5_VC2">
                    <float_array id="pointarrayMesh5_VC2" count="69">92 84 -51 140 72 -49 99 22 -60 153 27 -31 149 99 0 170 42 0 87 114 0 140 72 49 153 27 31 139 -4 0 92 84 51 99 22 60 111 2 52 77 -16 -82 111 2 -51 77 -16 82 102 -44 54 64 41 62 54 2 87 102 -44 -54 54 2 -87 64 41 -62 15 22 -64</float_array>
                    <technique_common>
                        <accessor count="23" source="#pointarrayMesh5_VC2" stride="3">
                            <param name="X" type="float"/>
                            <param name="Y" type="float"/>
                            <param name="Z" type="float"/>
                        </accessor>
                    </technique_common>
                </source>
                <source id="uvsMesh5_VC2">
                    <float_array id="uvarrayMesh5_VC2" count="174">0.03125 0.75 0.03125 0.75 0.03125 0.75 0.03125 0.75 0.03125 0.75 0.03125 0.75 0.03125 0.75 0.03125 0.75 0.03125 0.75 0.03125 0.75 0.03125 0.75 0.03125 0.75 0.03125 0.75 0.03125 0.75 0.03125 0.75 0.03125 0.75 0.03125 0.75 0.03125 0.75 0.03125 0.75 0.03125 0.75 0.03125 0.75 0.03125 0.75 0.03125 0.75 0.03125 0.75 0.03125 0.75 0.03125 0.75 0.03125 0.75 0.03125 0.75 0.03125 0.75 0.03125 0.75 0.03125 0.75 0.03125 0.75 0.03125 0.75 0.03125 0.75 0.03125 0.75 0.03125 0.75 0.03125 0.75 0.03125 0.75 0.03125 0.75 0.03125 0.75 0.03125 0.75 0.03125 0.75 0.03125 0.75 0.03125 0.75 0.03125 0.75 0.03125 0.75 0.03125 0.75 0.03125 0.75 0.03125 0.75 0.03125 0.75 0.03125 0.75 0.03125 0.75 0.03125 0.75 0.03125 0.75 0.03125 0.75 0.03125 0.75 0.03125 0.75 0.03125 0.75 0.03125 0.75 0.03125 0.75 0.03125 0.75 0.03125 0.75 0.03125 0.75 0.03125 0.75 0.03125 0.75 0.03125 0.75 0.03125 0.75 0.03125 0.75 0.03125 0.75 0.03125 0.75 0.03125 0.75 0.03125 0.75 0.03125 0.75 0.03125 0.75 0.03125 0.75 0.03125 0.75 0.03125 0.75 0.03125 0.75 0.03125 0.75 0.03125 0.75 0.03125 0.75 0.03125 0.75 0.03125 0.75 0.03125 0.75 0.03125 0.75 0.03125 0.75 0.03125 0.75</float_array>
                    <technique_common>
                        <accessor count="87" source="#uvarrayMesh5_VC2" stride="2">
                            <param name="S" type="float"/>
                            <param name="T" type="float"/>
                        </accessor>
                    </technique_common>
                </source>
                <vertices id="verticesMesh5_VC2">
                    <input semantic="POSITION" source="#pointsMesh5_VC2"/>
                </vertices>
                <polylist count="29" material="Material1">
                    <input offset="0" semantic="VERTEX" source="#verticesMesh5_VC2"/>
                    <input offset="1" semantic="TEXCOORD" source="#uvsMesh5_VC2" set="0"/>
                    <vcount>3 3 3 3 3 3 3 3 3 3 3 3 3 3 3 3 3 3 3 3 3 3 3 3 3 3 3 3 3</vcount>
                    <p>0 0 1 1 2 2 3 3 2 4 1 5 1 6 4 7 5 8 1 9 0 10 6 11 6 12 4 13 1 14 5 15 3 16 1 17 7 18 4 19 6 20 7 21 5 22 4 23 7 24 8 25 5 26 3 27 5 28 9 29 9 30 5 31 8 32 7 33 6 34 10 35 11 36 7 37 10 38 8 39 7 40 11 41 12 42 9 43 8 44 8 45 11 46 12 47 13 48 2 49 14 50 12 51 15 52 16 53 12 54 11 55 15 56 14 57 3 58 9 59 10 60 17 61 11 62 18 63 15 64 11 65 18 66 11 67 17 68 14 69 19 70 13 71 14 72 2 73 3 74 20 75 21 76 2 77 21 78 0 79 2 80 2 81 13 82 20 83 22 84 21 85 20 86</p>
                </polylist>
            </mesh>
        </geometry>
        <geometry id="meshMesh6_2">
            <mesh>
                <source id="pointsMesh6_2">
                    <float_array id="pointarrayMesh6_2" count="60">64 41 -62 84 81 0 64 41 62 111 2 52 102 -44 54 120 -30 64 184 -56 -23 180 -81 -29 139 -51 -58 102 -44 -54 147 -93 0 120 -30 -63 111 2 -51 155 -27 -48 180 -81 29 139 -51 58 184 -56 23 155 -27 49 133 -11 56 133 -11 -56</float_array>
                    <technique_common>
                        <accessor count="20" source="#pointarrayMesh6_2" stride="3">
                            <param name="X" type="float"/>
                            <param name="Y" type="float"/>
                            <param name="Z" type="float"/>
                        </accessor>
                    </technique_common>
                </source>
                <source id="uvsMesh6_2">
                    <float_array id="uvarrayMesh6_2" count="40">0 1 0 1 0 1 0 1 0 1 0 1 0 1 0 1 0 1 0 1 0 1 0 1 0 1 0 1 0 1 0 1 0 1 0 1 0 1 0 1</float_array>
                    <technique_common>
                        <accessor count="20" source="#uvarrayMesh6_2" stride="2">
                            <param name="S" type="float"/>
                            <param name="T" type="float"/>
                        </accessor>
                    </technique_common>
                </source>
                <vertices id="verticesMesh6_2">
                    <input semantic="POSITION" source="#pointsMesh6_2"/>
                </vertices>
                <polylist count="22" material="Material1">
                    <input offset="0" semantic="VERTEX" source="#verticesMesh6_2"/>
                    <input offset="1" semantic="TEXCOORD" source="#uvsMesh6_2" set="0"/>
                    <vcount>3 3 3 3 3 3 3 3 3 3 3 3 3 3 3 3 3 3 3 3 3 3</vcount>
                    <p>0 0 1 1 2 2 3 3 4 4 5 5 6 6 7 7 8 8 9 9 7 7 10 10 7 7 9 9 8 8 9 9 11 11 8 8 11 11 9 9 12 12 8 8 13 13 6 6 11 11 13 13 8 8 14 14 15 15 4 4 15 15 5 5 4 4 4 4 10 10 14 14 16 16 17 17 15 15 15 15 18 18 5 5 15 15 17 17 18 18 3 3 5 5 18 18 12 12 19 19 11 11 11 11 19 19 13 13 16 16 14 14 7 7 15 15 14 14 16 16 7 7 6 6 16 16 10 10 7 7 14 14</p>
                </polylist>
            </mesh>
        </geometry>
        <geometry id="meshMesh6_VC1">
            <mesh>
                <source id="pointsMesh6_VC1">
                    <float_array id="pointarrayMesh6_VC1" count="60">64 41 -62 84 81 0 64 41 62 111 2 52 102 -44 54 120 -30 64 184 -56 -23 180 -81 -29 139 -51 -58 102 -44 -54 147 -93 0 120 -30 -63 111 2 -51 155 -27 -48 180 -81 29 139 -51 58 184 -56 23 155 -27 49 133 -11 56 133 -11 -56</float_array>
                    <technique_common>
                        <accessor count="20" source="#pointarrayMesh6_VC1" stride="3">
                            <param name="X" type="float"/>
                            <param name="Y" type="float"/>
                            <param name="Z" type="float"/>
                        </accessor>
                    </technique_common>
                </source>
                <source id="uvsMesh6_VC1">
                    <float_array id="uvarrayMesh6_VC1" count="132">0.53125 0.75 0.53125 0.75 0.53125 0.75 0.28125 0.75 0.28125 0.75 0.28125 0.75 0.28125 0.75 0.28125 0.75 0.28125 0.75 0.28125 0.75 0.28125 0.75 0.28125 0.75 0.28125 0.75 0.28125 0.75 0.28125 0.75 0.28125 0.75 0.28125 0.75 0.28125 0.75 0.28125 0.75 0.28125 0.75 0.28125 0.75 0.28125 0.75 0.28125 0.75 0.28125 0.75 0.28125 0.75 0.28125 0.75 0.28125 0.75 0.28125 0.75 0.28125 0.75 0.28125 0.75 0.28125 0.75 0.28125 0.75 0.28125 0.75 0.28125 0.75 0.28125 0.75 0.28125 0.75 0.28125 0.75 0.28125 0.75 0.28125 0.75 0.28125 0.75 0.28125 0.75 0.28125 0.75 0.28125 0.75 0.28125 0.75 0.28125 0.75 0.28125 0.75 0.28125 0.75 0.28125 0.75 0.28125 0.75 0.28125 0.75 0.28125 0.75 0.28125 0.75 0.28125 0.75 0.28125 0.75 0.28125 0.75 0.28125 0.75 0.28125 0.75 0.28125 0.75 0.28125 0.75 0.28125 0.75 0.28125 0.75 0.28125 0.75 0.28125 0.75 0.28125 0.75 0.28125 0.75 0.28125 0.75</float_array>
                    <technique_common>
                        <accessor count="66" source="#uvarrayMesh6_VC1" stride="2">
                            <param name="S" type="float"/>
                            <param name="T" type="float"/>
                        </accessor>
                    </technique_common>
                </source>
                <vertices id="verticesMesh6_VC1">
                    <input semantic="POSITION" source="#pointsMesh6_VC1"/>
                </vertices>
                <polylist count="22" material="Material1">
                    <input offset="0" semantic="VERTEX" source="#verticesMesh6_VC1"/>
                    <input offset="1" semantic="TEXCOORD" source="#uvsMesh6_VC1" set="0"/>
                    <vcount>3 3 3 3 3 3 3 3 3 3 3 3 3 3 3 3 3 3 3 3 3 3</vcount>
                    <p>0 0 1 1 2 2 3 3 4 4 5 5 6 6 7 7 8 8 9 9 7 10 10 11 7 12 9 13 8 14 9 15 11 16 8 17 11 18 9 19 12 20 8 21 13 22 6 23 11 24 13 25 8 26 14 27 15 28 4 29 15 30 5 31 4 32 4 33 10 34 14 35 16 36 17 37 15 38 15 39 18 40 5 41 15 42 17 43 18 44 3 45 5 46 18 47 12 48 19 49 11 50 11 51 19 52 13 53 16 54 14 55 7 56 15 57 14 58 16 59 7 60 6 61 16 62 10 63 7 64 14 65</p>
                </polylist>
            </mesh>
        </geometry>
        <geometry id="meshMesh6_VC2">
            <mesh>
                <source id="pointsMesh6_VC2">
                    <float_array id="pointarrayMesh6_VC2" count="60">64 41 -62 84 81 0 64 41 62 111 2 52 102 -44 54 120 -30 64 184 -56 -23 180 -81 -29 139 -51 -58 102 -44 -54 147 -93 0 120 -30 -63 111 2 -51 155 -27 -48 180 -81 29 139 -51 58 184 -56 23 155 -27 49 133 -11 56 133 -11 -56</float_array>
                    <technique_common>
                        <accessor count="20" source="#pointarrayMesh6_VC2" stride="3">
                            <param name="X" type="float"/>
                            <param name="Y" type="float"/>
                            <param name="Z" type="float"/>
                        </accessor>
                    </technique_common>
                </source>
                <source id="uvsMesh6_VC2">
                    <float_array id="uvarrayMesh6_VC2" count="132">0.65625 0.75 0.65625 0.75 0.65625 0.75 0.03125 0.75 0.03125 0.75 0.03125 0.75 0.03125 0.75 0.03125 0.75 0.03125 0.75 0.03125 0.75 0.03125 0.75 0.03125 0.75 0.03125 0.75 0.03125 0.75 0.03125 0.75 0.03125 0.75 0.03125 0.75 0.03125 0.75 0.03125 0.75 0.03125 0.75 0.03125 0.75 0.03125 0.75 0.03125 0.75 0.03125 0.75 0.03125 0.75 0.03125 0.75 0.03125 0.75 0.03125 0.75 0.03125 0.75 0.03125 0.75 0.03125 0.75 0.03125 0.75 0.03125 0.75 0.03125 0.75 0.03125 0.75 0.03125 0.75 0.03125 0.75 0.03125 0.75 0.03125 0.75 0.03125 0.75 0.03125 0.75 0.03125 0.75 0.03125 0.75 0.03125 0.75 0.03125 0.75 0.03125 0.75 0.03125 0.75 0.03125 0.75 0.03125 0.75 0.03125 0.75 0.03125 0.75 0.03125 0.75 0.03125 0.75 0.03125 0.75 0.03125 0.75 0.03125 0.75 0.03125 0.75 0.03125 0.75 0.03125 0.75 0.03125 0.75 0.03125 0.75 0.03125 0.75 0.03125 0.75 0.03125 0.75 0.03125 0.75 0.03125 0.75</float_array>
                    <technique_common>
                        <accessor count="66" source="#uvarrayMesh6_VC2" stride="2">
                            <param name="S" type="float"/>
                            <param name="T" type="float"/>
                        </accessor>
                    </technique_common>
                </source>
                <vertices id="verticesMesh6_VC2">
                    <input semantic="POSITION" source="#pointsMesh6_VC2"/>
                </vertices>
                <polylist count="22" material="Material1">
                    <input offset="0" semantic="VERTEX" source="#verticesMesh6_VC2"/>
                    <input offset="1" semantic="TEXCOORD" source="#uvsMesh6_VC2" set="0"/>
                    <vcount>3 3 3 3 3 3 3 3 3 3 3 3 3 3 3 3 3 3 3 3 3 3</vcount>
                    <p>0 0 1 1 2 2 3 3 4 4 5 5 6 6 7 7 8 8 9 9 7 10 10 11 7 12 9 13 8 14 9 15 11 16 8 17 11 18 9 19 12 20 8 21 13 22 6 23 11 24 13 25 8 26 14 27 15 28 4 29 15 30 5 31 4 32 4 33 10 34 14 35 16 36 17 37 15 38 15 39 18 40 5 41 15 42 17 43 18 44 3 45 5 46 18 47 12 48 19 49 11 50 11 51 19 52 13 53 16 54 14 55 7 56 15 57 14 58 16 59 7 60 6 61 16 62 10 63 7 64 14 65</p>
                </polylist>
            </mesh>
        </geometry>
        <geometry id="meshMesh7_1">
            <mesh>
                <source id="pointsMesh7_1">
                    <float_array id="pointarrayMesh7_1" count="27">139 -4 0 133 -11 -56 111 2 -51 155 -27 49 184 -56 23 133 -11 56 184 -56 -23 111 2 52 155 -27 -48</float_array>
                    <technique_common>
                        <accessor count="9" source="#pointarrayMesh7_1" stride="3">
                            <param name="X" type="float"/>
                            <param name="Y" type="float"/>
                            <param name="Z" type="float"/>
                        </accessor>
                    </technique_common>
                </source>
                <source id="uvsMesh7_1">
                    <float_array id="uvarrayMesh7_1" count="18">0.474609375 0.33203125 0.0078125 0.322265625 0.0390625 0.046875 0.88671875 0.68359375 0.68359375 1.0625 0.939453125 0.3203125 0.294921875 1.064453125 0.896484375 0.04296875 0.076171875 0.685546875</float_array>
                    <technique_common>
                        <accessor count="9" source="#uvarrayMesh7_1" stride="2">
                            <param name="S" type="float"/>
                            <param name="T" type="float"/>
                        </accessor>
                    </technique_common>
                </source>
                <vertices id="verticesMesh7_1">
                    <input semantic="POSITION" source="#pointsMesh7_1"/>
                </vertices>
                <polylist count="7" material="Material1">
                    <input offset="0" semantic="VERTEX" source="#verticesMesh7_1"/>
                    <input offset="1" semantic="TEXCOORD" source="#uvsMesh7_1" set="0"/>
                    <vcount>3 3 3 3 3 3 3</vcount>
                    <p>0 0 1 1 2 2 3 3 4 4 0 0 0 0 5 5 3 3 4 4 6 6 0 0 7 7 5 5 0 0 8 8 1 1 0 0 0 0 6 6 8 8</p>
                </polylist>
            </mesh>
        </geometry>
        <geometry id="meshMesh7_2">
            <mesh>
                <source id="pointsMesh7_2">
                    <float_array id="pointarrayMesh7_2" count="27">139 -4 0 133 -11 -56 111 2 -51 155 -27 49 184 -56 23 133 -11 56 184 -56 -23 111 2 52 155 -27 -48</float_array>
                    <technique_common>
                        <accessor count="9" source="#pointarrayMesh7_2" stride="3">
                            <param name="X" type="float"/>
                            <param name="Y" type="float"/>
                            <param name="Z" type="float"/>
                        </accessor>
                    </technique_common>
                </source>
                <source id="uvsMesh7_2">
                    <float_array id="uvarrayMesh7_2" count="18">0.474609375 0.33203125 0.0078125 0.322265625 0.0390625 0.046875 0.88671875 0.68359375 0.68359375 1.0625 0.939453125 0.3203125 0.294921875 1.064453125 0.896484375 0.04296875 0.076171875 0.685546875</float_array>
                    <technique_common>
                        <accessor count="9" source="#uvarrayMesh7_2" stride="2">
                            <param name="S" type="float"/>
                            <param name="T" type="float"/>
                        </accessor>
                    </technique_common>
                </source>
                <vertices id="verticesMesh7_2">
                    <input semantic="POSITION" source="#pointsMesh7_2"/>
                </vertices>
                <polylist count="7" material="Material1">
                    <input offset="0" semantic="VERTEX" source="#verticesMesh7_2"/>
                    <input offset="1" semantic="TEXCOORD" source="#uvsMesh7_2" set="0"/>
                    <vcount>3 3 3 3 3 3 3</vcount>
                    <p>0 0 1 1 2 2 3 3 4 4 0 0 0 0 5 5 3 3 4 4 6 6 0 0 7 7 5 5 0 0 8 8 1 1 0 0 0 0 6 6 8 8</p>
                </polylist>
            </mesh>
        </geometry>
        <geometry id="meshMesh7_VC2">
            <mesh>
                <source id="pointsMesh7_VC2">
                    <float_array id="pointarrayMesh7_VC2" count="27">139 -4 0 133 -11 -56 111 2 -51 155 -27 49 184 -56 23 133 -11 56 184 -56 -23 111 2 52 155 -27 -48</float_array>
                    <technique_common>
                        <accessor count="9" source="#pointarrayMesh7_VC2" stride="3">
                            <param name="X" type="float"/>
                            <param name="Y" type="float"/>
                            <param name="Z" type="float"/>
                        </accessor>
                    </technique_common>
                </source>
                <source id="uvsMesh7_VC2">
                    <float_array id="uvarrayMesh7_VC2" count="42">0.03125 0.75 0.03125 0.75 0.03125 0.75 0.03125 0.75 0.03125 0.75 0.03125 0.75 0.03125 0.75 0.03125 0.75 0.03125 0.75 0.03125 0.75 0.03125 0.75 0.03125 0.75 0.03125 0.75 0.03125 0.75 0.03125 0.75 0.03125 0.75 0.03125 0.75 0.03125 0.75 0.03125 0.75 0.03125 0.75 0.03125 0.75</float_array>
                    <technique_common>
                        <accessor count="21" source="#uvarrayMesh7_VC2" stride="2">
                            <param name="S" type="float"/>
                            <param name="T" type="float"/>
                        </accessor>
                    </technique_common>
                </source>
                <vertices id="verticesMesh7_VC2">
                    <input semantic="POSITION" source="#pointsMesh7_VC2"/>
                </vertices>
                <polylist count="7" material="Material1">
                    <input offset="0" semantic="VERTEX" source="#verticesMesh7_VC2"/>
                    <input offset="1" semantic="TEXCOORD" source="#uvsMesh7_VC2" set="0"/>
                    <vcount>3 3 3 3 3 3 3</vcount>
                    <p>0 0 1 1 2 2 3 3 4 4 0 5 0 6 5 7 3 8 4 9 6 10 0 11 7 12 5 13 0 14 8 15 1 16 0 17 0 18 6 19 8 20</p>
                </polylist>
            </mesh>
        </geometry>
        <geometry id="meshMesh8_1">
            <mesh>
                <source id="pointsMesh8_1">
                    <float_array id="pointarrayMesh8_1" count="90">10 50 -36 15 22 -64 -12 -4 0 16 -63 0 43 -44 -54 69 -65 -18 99 -87 0 102 -44 -54 69 -65 18 102 -44 54 147 -93 0 43 -44 54 23 -24 60 23 -24 -59 0 52 0 45 75 32 36 84 0 10 50 36 15 22 65 54 2 87 64 41 62 45 75 -31 64 41 -62 54 2 -87 77 -16 -82 92 84 -51 92 84 51 87 114 0 84 81 0 77 -16 82</float_array>
                    <technique_common>
                        <accessor count="30" source="#pointarrayMesh8_1" stride="3">
                            <param name="X" type="float"/>
                            <param name="Y" type="float"/>
                            <param name="Z" type="float"/>
                        </accessor>
                    </technique_common>
                </source>
                <source id="uvsMesh8_1">
                    <float_array id="uvarrayMesh8_1" count="60">0.77734375 -2.798828125 1.03515625 -2.51953125 0.447265625 -3.21875 0.447265625 -2.150390625 0.94140625 -1.4765625 0.611328125 -0.701171875 0.447265625 0.205078125 0.9375 0.138671875 0.28125 -0.724609375 -0.041015625 0.06640625 0.447265625 1.556640625 -0.044921875 -1.55078125 -0.08984375 -2.1640625 0.98828125 -2.0859375 0.44921875 -3.11328125 0.16015625 -2.00390625 0.451171875 -2.26953125 0.12109375 -2.845703125 -0.13671875 -2.60546875 -0.3359375 -1.474609375 -0.109375 -1.353515625 0.740234375 -1.9609375 1.009765625 -1.271484375 1.234375 -1.359375 1.19140625 -0.66015625 0.91796875 -0.697265625 -0.015625 -0.765625 0.44921875 -1.01953125 0.451171875 -0.958984375 -0.29296875 -0.76953125</float_array>
                    <technique_common>
                        <accessor count="30" source="#uvarrayMesh8_1" stride="2">
                            <param name="S" type="float"/>
                            <param name="T" type="float"/>
                        </accessor>
                    </technique_common>
                </source>
                <vertices id="verticesMesh8_1">
                    <input semantic="POSITION" source="#pointsMesh8_1"/>
                </vertices>
                <polylist count="44" material="Material1">
                    <input offset="0" semantic="VERTEX" source="#verticesMesh8_1"/>
                    <input offset="1" semantic="TEXCOORD" source="#uvsMesh8_1" set="0"/>
                    <vcount>3 3 3 3 3 3 3 3 3 3 3 3 3 3 3 3 3 3 3 3 3 3 3 3 3 3 3 3 3 3 3 3 3 3 3 3 3 3 3 3 3 3 3 3</vcount>
                    <p>0 0 1 1 2 2 3 3 4 4 5 5 6 6 5 5 7 7 5 5 6 6 8 8 3 3 5 5 8 8 7 7 5 5 4 4 9 9 6 6 10 10 7 7 10 10 6 6 9 9 8 8 6 6 8 8 11 11 3 3 11 11 8 8 9 9 3 3 11 11 12 12 2 2 3 3 12 12 3 3 13 13 4 4 13 13 3 3 2 2 2 2 1 1 13 13 14 14 0 0 2 2 14 14 15 15 16 16 14 14 2 2 17 17 2 2 18 18 17 17 18 18 12 12 19 19 19 19 20 20 18 18 17 17 18 18 20 20 12 12 18 18 2 2 14 14 17 17 15 15 20 20 15 15 17 17 16 16 0 0 14 14 16 16 21 21 0 0 0 0 22 22 1 1 0 0 21 21 22 22 23 23 24 24 4 4 23 23 13 13 1 1 25 25 26 26 27 27 25 25 20 20 26 26 25 25 22 22 20 20 20 20 28 28 15 15 21 21 28 28 22 22 4 4 24 24 7 7 23 23 4 4 13 13 16 16 28 28 21 21 11 11 29 29 19 19 19 19 12 12 11 11 29 29 11 11 9 9 16 16 15 15 28 28</p>
                </polylist>
            </mesh>
        </geometry>
        <geometry id="meshMesh8_2">
            <mesh>
                <source id="pointsMesh8_2">
                    <float_array id="pointarrayMesh8_2" count="90">10 50 -36 15 22 -64 -12 -4 0 16 -63 0 43 -44 -54 69 -65 -18 99 -87 0 102 -44 -54 69 -65 18 102 -44 54 147 -93 0 43 -44 54 23 -24 60 23 -24 -59 0 52 0 45 75 32 36 84 0 10 50 36 15 22 65 54 2 87 64 41 62 45 75 -31 64 41 -62 54 2 -87 77 -16 -82 92 84 -51 92 84 51 87 114 0 84 81 0 77 -16 82</float_array>
                    <technique_common>
                        <accessor count="30" source="#pointarrayMesh8_2" stride="3">
                            <param name="X" type="float"/>
                            <param name="Y" type="float"/>
                            <param name="Z" type="float"/>
                        </accessor>
                    </technique_common>
                </source>
                <source id="uvsMesh8_2">
                    <float_array id="uvarrayMesh8_2" count="60">0.77734375 -2.798828125 1.03515625 -2.51953125 0.447265625 -3.21875 0.447265625 -2.150390625 0.94140625 -1.4765625 0.611328125 -0.701171875 0.447265625 0.205078125 0.9375 0.138671875 0.28125 -0.724609375 -0.041015625 0.06640625 0.447265625 1.556640625 -0.044921875 -1.55078125 -0.08984375 -2.1640625 0.98828125 -2.0859375 0.44921875 -3.11328125 0.16015625 -2.00390625 0.451171875 -2.26953125 0.12109375 -2.845703125 -0.13671875 -2.60546875 -0.3359375 -1.474609375 -0.109375 -1.353515625 0.740234375 -1.9609375 1.009765625 -1.271484375 1.234375 -1.359375 1.19140625 -0.66015625 0.91796875 -0.697265625 -0.015625 -0.765625 0.44921875 -1.01953125 0.451171875 -0.958984375 -0.29296875 -0.76953125</float_array>
                    <technique_common>
                        <accessor count="30" source="#uvarrayMesh8_2" stride="2">
                            <param name="S" type="float"/>
                            <param name="T" type="float"/>
                        </accessor>
                    </technique_common>
                </source>
                <vertices id="verticesMesh8_2">
                    <input semantic="POSITION" source="#pointsMesh8_2"/>
                </vertices>
                <polylist count="44" material="Material1">
                    <input offset="0" semantic="VERTEX" source="#verticesMesh8_2"/>
                    <input offset="1" semantic="TEXCOORD" source="#uvsMesh8_2" set="0"/>
                    <vcount>3 3 3 3 3 3 3 3 3 3 3 3 3 3 3 3 3 3 3 3 3 3 3 3 3 3 3 3 3 3 3 3 3 3 3 3 3 3 3 3 3 3 3 3</vcount>
                    <p>0 0 1 1 2 2 3 3 4 4 5 5 6 6 5 5 7 7 5 5 6 6 8 8 3 3 5 5 8 8 7 7 5 5 4 4 9 9 6 6 10 10 7 7 10 10 6 6 9 9 8 8 6 6 8 8 11 11 3 3 11 11 8 8 9 9 3 3 11 11 12 12 2 2 3 3 12 12 3 3 13 13 4 4 13 13 3 3 2 2 2 2 1 1 13 13 14 14 0 0 2 2 14 14 15 15 16 16 14 14 2 2 17 17 2 2 18 18 17 17 18 18 12 12 19 19 19 19 20 20 18 18 17 17 18 18 20 20 12 12 18 18 2 2 14 14 17 17 15 15 20 20 15 15 17 17 16 16 0 0 14 14 16 16 21 21 0 0 0 0 22 22 1 1 0 0 21 21 22 22 23 23 24 24 4 4 23 23 13 13 1 1 25 25 26 26 27 27 25 25 20 20 26 26 25 25 22 22 20 20 20 20 28 28 15 15 21 21 28 28 22 22 4 4 24 24 7 7 23 23 4 4 13 13 16 16 28 28 21 21 11 11 29 29 19 19 19 19 12 12 11 11 29 29 11 11 9 9 16 16 15 15 28 28</p>
                </polylist>
            </mesh>
        </geometry>
        <geometry id="meshMesh8_VC2">
            <mesh>
                <source id="pointsMesh8_VC2">
                    <float_array id="pointarrayMesh8_VC2" count="90">10 50 -36 15 22 -64 -12 -4 0 16 -63 0 43 -44 -54 69 -65 -18 99 -87 0 102 -44 -54 69 -65 18 102 -44 54 147 -93 0 43 -44 54 23 -24 60 23 -24 -59 0 52 0 45 75 32 36 84 0 10 50 36 15 22 65 54 2 87 64 41 62 45 75 -31 64 41 -62 54 2 -87 77 -16 -82 92 84 -51 92 84 51 87 114 0 84 81 0 77 -16 82</float_array>
                    <technique_common>
                        <accessor count="30" source="#pointarrayMesh8_VC2" stride="3">
                            <param name="X" type="float"/>
                            <param name="Y" type="float"/>
                            <param name="Z" type="float"/>
                        </accessor>
                    </technique_common>
                </source>
                <source id="uvsMesh8_VC2">
                    <float_array id="uvarrayMesh8_VC2" count="264">0.03125 0.75 0.03125 0.75 0.03125 0.75 0.03125 0.75 0.03125 0.75 0.03125 0.75 0.03125 0.75 0.03125 0.75 0.03125 0.75 0.03125 0.75 0.03125 0.75 0.03125 0.75 0.03125 0.75 0.03125 0.75 0.03125 0.75 0.03125 0.75 0.03125 0.75 0.03125 0.75 0.03125 0.75 0.03125 0.75 0.03125 0.75 0.03125 0.75 0.03125 0.75 0.03125 0.75 0.03125 0.75 0.03125 0.75 0.03125 0.75 0.03125 0.75 0.03125 0.75 0.03125 0.75 0.03125 0.75 0.03125 0.75 0.03125 0.75 0.03125 0.75 0.03125 0.75 0.03125 0.75 0.03125 0.75 0.03125 0.75 0.03125 0.75 0.03125 0.75 0.03125 0.75 0.03125 0.75 0.03125 0.75 0.03125 0.75 0.03125 0.75 0.03125 0.75 0.03125 0.75 0.03125 0.75 0.03125 0.75 0.03125 0.75 0.03125 0.75 0.03125 0.75 0.03125 0.75 0.03125 0.75 0.03125 0.75 0.03125 0.75 0.03125 0.75 0.03125 0.75 0.03125 0.75 0.03125 0.75 0.03125 0.75 0.03125 0.75 0.03125 0.75 0.03125 0.75 0.03125 0.75 0.03125 0.75 0.03125 0.75 0.03125 0.75 0.03125 0.75 0.03125 0.75 0.03125 0.75 0.03125 0.75 0.03125 0.75 0.03125 0.75 0.03125 0.75 0.03125 0.75 0.03125 0.75 0.03125 0.75 0.03125 0.75 0.03125 0.75 0.03125 0.75 0.03125 0.75 0.03125 0.75 0.03125 0.75 0.03125 0.75 0.03125 0.75 0.03125 0.75 0.03125 0.75 0.03125 0.75 0.03125 0.75 0.03125 0.75 0.03125 0.75 0.03125 0.75 0.03125 0.75 0.03125 0.75 0.03125 0.75 0.03125 0.75 0.03125 0.75 0.03125 0.75 0.03125 0.75 0.03125 0.75 0.03125 0.75 0.03125 0.75 0.03125 0.75 0.03125 0.75 0.03125 0.75 0.03125 0.75 0.03125 0.75 0.03125 0.75 0.03125 0.75 0.03125 0.75 0.03125 0.75 0.03125 0.75 0.03125 0.75 0.03125 0.75 0.03125 0.75 0.03125 0.75 0.03125 0.75 0.03125 0.75 0.03125 0.75 0.03125 0.75 0.03125 0.75 0.03125 0.75 0.03125 0.75 0.03125 0.75 0.03125 0.75 0.03125 0.75 0.03125 0.75 0.03125 0.75 0.03125 0.75 0.03125 0.75 0.03125 0.75</float_array>
                    <technique_common>
                        <accessor count="132" source="#uvarrayMesh8_VC2" stride="2">
                            <param name="S" type="float"/>
                            <param name="T" type="float"/>
                        </accessor>
                    </technique_common>
                </source>
                <vertices id="verticesMesh8_VC2">
                    <input semantic="POSITION" source="#pointsMesh8_VC2"/>
                </vertices>
                <polylist count="44" material="Material1">
                    <input offset="0" semantic="VERTEX" source="#verticesMesh8_VC2"/>
                    <input offset="1" semantic="TEXCOORD" source="#uvsMesh8_VC2" set="0"/>
                    <vcount>3 3 3 3 3 3 3 3 3 3 3 3 3 3 3 3 3 3 3 3 3 3 3 3 3 3 3 3 3 3 3 3 3 3 3 3 3 3 3 3 3 3 3 3</vcount>
                    <p>0 0 1 1 2 2 3 3 4 4 5 5 6 6 5 7 7 8 5 9 6 10 8 11 3 12 5 13 8 14 7 15 5 16 4 17 9 18 6 19 10 20 7 21 10 22 6 23 9 24 8 25 6 26 8 27 11 28 3 29 11 30 8 31 9 32 3 33 11 34 12 35 2 36 3 37 12 38 3 39 13 40 4 41 13 42 3 43 2 44 2 45 1 46 13 47 14 48 0 49 2 50 14 51 15 52 16 53 14 54 2 55 17 56 2 57 18 58 17 59 18 60 12 61 19 62 19 63 20 64 18 65 17 66 18 67 20 68 12 69 18 70 2 71 14 72 17 73 15 74 20 75 15 76 17 77 16 78 0 79 14 80 16 81 21 82 0 83 0 84 22 85 1 86 0 87 21 88 22 89 23 90 24 91 4 92 23 93 13 94 1 95 25 96 26 97 27 98 25 99 20 100 26 101 25 102 22 103 20 104 20 105 28 106 15 107 21 108 28 109 22 110 4 111 24 112 7 113 23 114 4 115 13 116 16 117 28 118 21 119 11 120 29 121 19 122 19 123 12 124 11 125 29 126 11 127 9 128 16 129 15 130 28 131</p>
                </polylist>
            </mesh>
        </geometry>
        <geometry id="meshMesh9_1">
            <mesh>
                <source id="pointsMesh9_1">
                    <float_array id="pointarrayMesh9_1" count="69">92 84 -51 140 72 -49 99 22 -60 153 27 -31 149 99 0 170 42 0 87 114 0 140 72 49 153 27 31 139 -4 0 92 84 51 99 22 60 111 2 52 77 -16 -82 111 2 -51 77 -16 82 102 -44 54 64 41 62 54 2 87 102 -44 -54 54 2 -87 64 41 -62 15 22 -64</float_array>
                    <technique_common>
                        <accessor count="23" source="#pointarrayMesh9_1" stride="3">
                            <param name="X" type="float"/>
                            <param name="Y" type="float"/>
                            <param name="Z" type="float"/>
                        </accessor>
                    </technique_common>
                </source>
                <source id="uvsMesh9_1">
                    <float_array id="uvarrayMesh9_1" count="46">0.0234375 -0.017578125 0.0390625 0.41796875 -0.0625 0.892578125 0.189453125 1.142578125 0.482421875 0.09765625 0.47265625 1.029296875 0.48828125 -0.46875 0.919921875 0.439453125 0.75390625 1.158203125 0.46875 1.53125 0.943359375 0.005859375 1.013671875 0.919921875 0.931640625 1.271484375 -0.26171875 1.32421875 0.009765625 1.248046875 1.203125 1.361328125 0.94921875 1.90234375 1.033203125 0.45703125 1.25 0.9609375 -0.017578125 1.87890625 -0.30078125 0.921875 -0.072265625 0.427734375 -0.09765625 0.423828125</float_array>
                    <technique_common>
                        <accessor count="23" source="#uvarrayMesh9_1" stride="2">
                            <param name="S" type="float"/>
                            <param name="T" type="float"/>
                        </accessor>
                    </technique_common>
                </source>
                <vertices id="verticesMesh9_1">
                    <input semantic="POSITION" source="#pointsMesh9_1"/>
                </vertices>
                <polylist count="29" material="Material1">
                    <input offset="0" semantic="VERTEX" source="#verticesMesh9_1"/>
                    <input offset="1" semantic="TEXCOORD" source="#uvsMesh9_1" set="0"/>
                    <vcount>3 3 3 3 3 3 3 3 3 3 3 3 3 3 3 3 3 3 3 3 3 3 3 3 3 3 3 3 3</vcount>
                    <p>0 0 1 1 2 2 3 3 2 2 1 1 1 1 4 4 5 5 1 1 0 0 6 6 6 6 4 4 1 1 5 5 3 3 1 1 7 7 4 4 6 6 7 7 5 5 4 4 7 7 8 8 5 5 3 3 5 5 9 9 9 9 5 5 8 8 7 7 6 6 10 10 11 11 7 7 10 10 8 8 7 7 11 11 12 12 9 9 8 8 8 8 11 11 12 12 13 13 2 2 14 14 12 12 15 15 16 16 12 12 11 11 15 15 14 14 3 3 9 9 10 10 17 17 11 11 18 18 15 15 11 11 18 18 11 11 17 17 14 14 19 19 13 13 14 14 2 2 3 3 20 20 21 21 2 2 21 21 0 0 2 2 2 2 13 13 20 20 22 22 21 21 20 20</p>
                </polylist>
            </mesh>
        </geometry>
        <geometry id="meshMesh9_2">
            <mesh>
                <source id="pointsMesh9_2">
                    <float_array id="pointarrayMesh9_2" count="69">92 84 -51 140 72 -49 99 22 -60 153 27 -31 149 99 0 170 42 0 87 114 0 140 72 49 153 27 31 139 -4 0 92 84 51 99 22 60 111 2 52 77 -16 -82 111 2 -51 77 -16 82 102 -44 54 64 41 62 54 2 87 102 -44 -54 54 2 -87 64 41 -62 15 22 -64</float_array>
                    <technique_common>
                        <accessor count="23" source="#pointarrayMesh9_2" stride="3">
                            <param name="X" type="float"/>
                            <param name="Y" type="float"/>
                            <param name="Z" type="float"/>
                        </accessor>
                    </technique_common>
                </source>
                <source id="uvsMesh9_2">
                    <float_array id="uvarrayMesh9_2" count="46">0.0234375 -0.017578125 0.0390625 0.41796875 -0.0625 0.892578125 0.189453125 1.142578125 0.482421875 0.09765625 0.47265625 1.029296875 0.48828125 -0.46875 0.919921875 0.439453125 0.75390625 1.158203125 0.46875 1.53125 0.943359375 0.005859375 1.013671875 0.919921875 0.931640625 1.271484375 -0.26171875 1.32421875 0.009765625 1.248046875 1.203125 1.361328125 0.94921875 1.90234375 1.033203125 0.45703125 1.25 0.9609375 -0.017578125 1.87890625 -0.30078125 0.921875 -0.072265625 0.427734375 -0.09765625 0.423828125</float_array>
                    <technique_common>
                        <accessor count="23" source="#uvarrayMesh9_2" stride="2">
                            <param name="S" type="float"/>
                            <param name="T" type="float"/>
                        </accessor>
                    </technique_common>
                </source>
                <vertices id="verticesMesh9_2">
                    <input semantic="POSITION" source="#pointsMesh9_2"/>
                </vertices>
                <polylist count="29" material="Material1">
                    <input offset="0" semantic="VERTEX" source="#verticesMesh9_2"/>
                    <input offset="1" semantic="TEXCOORD" source="#uvsMesh9_2" set="0"/>
                    <vcount>3 3 3 3 3 3 3 3 3 3 3 3 3 3 3 3 3 3 3 3 3 3 3 3 3 3 3 3 3</vcount>
                    <p>0 0 1 1 2 2 3 3 2 2 1 1 1 1 4 4 5 5 1 1 0 0 6 6 6 6 4 4 1 1 5 5 3 3 1 1 7 7 4 4 6 6 7 7 5 5 4 4 7 7 8 8 5 5 3 3 5 5 9 9 9 9 5 5 8 8 7 7 6 6 10 10 11 11 7 7 10 10 8 8 7 7 11 11 12 12 9 9 8 8 8 8 11 11 12 12 13 13 2 2 14 14 12 12 15 15 16 16 12 12 11 11 15 15 14 14 3 3 9 9 10 10 17 17 11 11 18 18 15 15 11 11 18 18 11 11 17 17 14 14 19 19 13 13 14 14 2 2 3 3 20 20 21 21 2 2 21 21 0 0 2 2 2 2 13 13 20 20 22 22 21 21 20 20</p>
                </polylist>
            </mesh>
        </geometry>
        <geometry id="meshMesh9_VC2">
            <mesh>
                <source id="pointsMesh9_VC2">
                    <float_array id="pointarrayMesh9_VC2" count="69">92 84 -51 140 72 -49 99 22 -60 153 27 -31 149 99 0 170 42 0 87 114 0 140 72 49 153 27 31 139 -4 0 92 84 51 99 22 60 111 2 52 77 -16 -82 111 2 -51 77 -16 82 102 -44 54 64 41 62 54 2 87 102 -44 -54 54 2 -87 64 41 -62 15 22 -64</float_array>
                    <technique_common>
                        <accessor count="23" source="#pointarrayMesh9_VC2" stride="3">
                            <param name="X" type="float"/>
                            <param name="Y" type="float"/>
                            <param name="Z" type="float"/>
                        </accessor>
                    </technique_common>
                </source>
                <source id="uvsMesh9_VC2">
                    <float_array id="uvarrayMesh9_VC2" count="174">0.03125 0.75 0.03125 0.75 0.03125 0.75 0.03125 0.75 0.03125 0.75 0.03125 0.75 0.03125 0.75 0.03125 0.75 0.03125 0.75 0.03125 0.75 0.03125 0.75 0.03125 0.75 0.03125 0.75 0.03125 0.75 0.03125 0.75 0.03125 0.75 0.03125 0.75 0.03125 0.75 0.03125 0.75 0.03125 0.75 0.03125 0.75 0.03125 0.75 0.03125 0.75 0.03125 0.75 0.03125 0.75 0.03125 0.75 0.03125 0.75 0.03125 0.75 0.03125 0.75 0.03125 0.75 0.03125 0.75 0.03125 0.75 0.03125 0.75 0.03125 0.75 0.03125 0.75 0.03125 0.75 0.03125 0.75 0.03125 0.75 0.03125 0.75 0.03125 0.75 0.03125 0.75 0.03125 0.75 0.03125 0.75 0.03125 0.75 0.03125 0.75 0.03125 0.75 0.03125 0.75 0.03125 0.75 0.03125 0.75 0.03125 0.75 0.03125 0.75 0.03125 0.75 0.03125 0.75 0.03125 0.75 0.03125 0.75 0.03125 0.75 0.03125 0.75 0.03125 0.75 0.03125 0.75 0.03125 0.75 0.03125 0.75 0.03125 0.75 0.03125 0.75 0.03125 0.75 0.03125 0.75 0.03125 0.75 0.03125 0.75 0.03125 0.75 0.03125 0.75 0.03125 0.75 0.03125 0.75 0.03125 0.75 0.03125 0.75 0.03125 0.75 0.03125 0.75 0.03125 0.75 0.03125 0.75 0.03125 0.75 0.03125 0.75 0.03125 0.75 0.03125 0.75 0.03125 0.75 0.03125 0.75 0.03125 0.75 0.03125 0.75 0.03125 0.75 0.03125 0.75</float_array>
                    <technique_common>
                        <accessor count="87" source="#uvarrayMesh9_VC2" stride="2">
                            <param name="S" type="float"/>
                            <param name="T" type="float"/>
                        </accessor>
                    </technique_common>
                </source>
                <vertices id="verticesMesh9_VC2">
                    <input semantic="POSITION" source="#pointsMesh9_VC2"/>
                </vertices>
                <polylist count="29" material="Material1">
                    <input offset="0" semantic="VERTEX" source="#verticesMesh9_VC2"/>
                    <input offset="1" semantic="TEXCOORD" source="#uvsMesh9_VC2" set="0"/>
                    <vcount>3 3 3 3 3 3 3 3 3 3 3 3 3 3 3 3 3 3 3 3 3 3 3 3 3 3 3 3 3</vcount>
                    <p>0 0 1 1 2 2 3 3 2 4 1 5 1 6 4 7 5 8 1 9 0 10 6 11 6 12 4 13 1 14 5 15 3 16 1 17 7 18 4 19 6 20 7 21 5 22 4 23 7 24 8 25 5 26 3 27 5 28 9 29 9 30 5 31 8 32 7 33 6 34 10 35 11 36 7 37 10 38 8 39 7 40 11 41 12 42 9 43 8 44 8 45 11 46 12 47 13 48 2 49 14 50 12 51 15 52 16 53 12 54 11 55 15 56 14 57 3 58 9 59 10 60 17 61 11 62 18 63 15 64 11 65 18 66 11 67 17 68 14 69 19 70 13 71 14 72 2 73 3 74 20 75 21 76 2 77 21 78 0 79 2 80 2 81 13 82 20 83 22 84 21 85 20 86</p>
                </polylist>
            </mesh>
        </geometry>
        <geometry id="meshMesh10_2">
            <mesh>
                <source id="pointsMesh10_2">
                    <float_array id="pointarrayMesh10_2" count="60">64 41 -62 84 81 0 64 41 62 111 2 52 102 -44 54 120 -30 64 184 -56 -23 180 -81 -29 139 -51 -58 102 -44 -54 147 -93 0 120 -30 -63 111 2 -51 155 -27 -48 180 -81 29 139 -51 58 184 -56 23 155 -27 49 133 -11 56 133 -11 -56</float_array>
                    <technique_common>
                        <accessor count="20" source="#pointarrayMesh10_2" stride="3">
                            <param name="X" type="float"/>
                            <param name="Y" type="float"/>
                            <param name="Z" type="float"/>
                        </accessor>
                    </technique_common>
                </source>
                <source id="uvsMesh10_2">
                    <float_array id="uvarrayMesh10_2" count="40">0 1 0 1 0 1 0 1 0 1 0 1 0 1 0 1 0 1 0 1 0 1 0 1 0 1 0 1 0 1 0 1 0 1 0 1 0 1 0 1</float_array>
                    <technique_common>
                        <accessor count="20" source="#uvarrayMesh10_2" stride="2">
                            <param name="S" type="float"/>
                            <param name="T" type="float"/>
                        </accessor>
                    </technique_common>
                </source>
                <vertices id="verticesMesh10_2">
                    <input semantic="POSITION" source="#pointsMesh10_2"/>
                </vertices>
                <polylist count="22" material="Material1">
                    <input offset="0" semantic="VERTEX" source="#verticesMesh10_2"/>
                    <input offset="1" semantic="TEXCOORD" source="#uvsMesh10_2" set="0"/>
                    <vcount>3 3 3 3 3 3 3 3 3 3 3 3 3 3 3 3 3 3 3 3 3 3</vcount>
                    <p>0 0 1 1 2 2 3 3 4 4 5 5 6 6 7 7 8 8 9 9 7 7 10 10 7 7 9 9 8 8 9 9 11 11 8 8 11 11 9 9 12 12 8 8 13 13 6 6 11 11 13 13 8 8 14 14 15 15 4 4 15 15 5 5 4 4 4 4 10 10 14 14 16 16 17 17 15 15 15 15 18 18 5 5 15 15 17 17 18 18 3 3 5 5 18 18 12 12 19 19 11 11 11 11 19 19 13 13 16 16 14 14 7 7 15 15 14 14 16 16 7 7 6 6 16 16 10 10 7 7 14 14</p>
                </polylist>
            </mesh>
        </geometry>
        <geometry id="meshMesh10_VC1">
            <mesh>
                <source id="pointsMesh10_VC1">
                    <float_array id="pointarrayMesh10_VC1" count="60">64 41 -62 84 81 0 64 41 62 111 2 52 102 -44 54 120 -30 64 184 -56 -23 180 -81 -29 139 -51 -58 102 -44 -54 147 -93 0 120 -30 -63 111 2 -51 155 -27 -48 180 -81 29 139 -51 58 184 -56 23 155 -27 49 133 -11 56 133 -11 -56</float_array>
                    <technique_common>
                        <accessor count="20" source="#pointarrayMesh10_VC1" stride="3">
                            <param name="X" type="float"/>
                            <param name="Y" type="float"/>
                            <param name="Z" type="float"/>
                        </accessor>
                    </technique_common>
                </source>
                <source id="uvsMesh10_VC1">
                    <float_array id="uvarrayMesh10_VC1" count="132">0.53125 0.75 0.53125 0.75 0.53125 0.75 0.28125 0.75 0.28125 0.75 0.28125 0.75 0.28125 0.75 0.28125 0.75 0.28125 0.75 0.28125 0.75 0.28125 0.75 0.28125 0.75 0.28125 0.75 0.28125 0.75 0.28125 0.75 0.28125 0.75 0.28125 0.75 0.28125 0.75 0.28125 0.75 0.28125 0.75 0.28125 0.75 0.28125 0.75 0.28125 0.75 0.28125 0.75 0.28125 0.75 0.28125 0.75 0.28125 0.75 0.28125 0.75 0.28125 0.75 0.28125 0.75 0.28125 0.75 0.28125 0.75 0.28125 0.75 0.28125 0.75 0.28125 0.75 0.28125 0.75 0.28125 0.75 0.28125 0.75 0.28125 0.75 0.28125 0.75 0.28125 0.75 0.28125 0.75 0.28125 0.75 0.28125 0.75 0.28125 0.75 0.28125 0.75 0.28125 0.75 0.28125 0.75 0.28125 0.75 0.28125 0.75 0.28125 0.75 0.28125 0.75 0.28125 0.75 0.28125 0.75 0.28125 0.75 0.28125 0.75 0.28125 0.75 0.28125 0.75 0.28125 0.75 0.28125 0.75 0.28125 0.75 0.28125 0.75 0.28125 0.75 0.28125 0.75 0.28125 0.75 0.28125 0.75</float_array>
                    <technique_common>
                        <accessor count="66" source="#uvarrayMesh10_VC1" stride="2">
                            <param name="S" type="float"/>
                            <param name="T" type="float"/>
                        </accessor>
                    </technique_common>
                </source>
                <vertices id="verticesMesh10_VC1">
                    <input semantic="POSITION" source="#pointsMesh10_VC1"/>
                </vertices>
                <polylist count="22" material="Material1">
                    <input offset="0" semantic="VERTEX" source="#verticesMesh10_VC1"/>
                    <input offset="1" semantic="TEXCOORD" source="#uvsMesh10_VC1" set="0"/>
                    <vcount>3 3 3 3 3 3 3 3 3 3 3 3 3 3 3 3 3 3 3 3 3 3</vcount>
                    <p>0 0 1 1 2 2 3 3 4 4 5 5 6 6 7 7 8 8 9 9 7 10 10 11 7 12 9 13 8 14 9 15 11 16 8 17 11 18 9 19 12 20 8 21 13 22 6 23 11 24 13 25 8 26 14 27 15 28 4 29 15 30 5 31 4 32 4 33 10 34 14 35 16 36 17 37 15 38 15 39 18 40 5 41 15 42 17 43 18 44 3 45 5 46 18 47 12 48 19 49 11 50 11 51 19 52 13 53 16 54 14 55 7 56 15 57 14 58 16 59 7 60 6 61 16 62 10 63 7 64 14 65</p>
                </polylist>
            </mesh>
        </geometry>
        <geometry id="meshMesh10_VC2">
            <mesh>
                <source id="pointsMesh10_VC2">
                    <float_array id="pointarrayMesh10_VC2" count="60">64 41 -62 84 81 0 64 41 62 111 2 52 102 -44 54 120 -30 64 184 -56 -23 180 -81 -29 139 -51 -58 102 -44 -54 147 -93 0 120 -30 -63 111 2 -51 155 -27 -48 180 -81 29 139 -51 58 184 -56 23 155 -27 49 133 -11 56 133 -11 -56</float_array>
                    <technique_common>
                        <accessor count="20" source="#pointarrayMesh10_VC2" stride="3">
                            <param name="X" type="float"/>
                            <param name="Y" type="float"/>
                            <param name="Z" type="float"/>
                        </accessor>
                    </technique_common>
                </source>
                <source id="uvsMesh10_VC2">
                    <float_array id="uvarrayMesh10_VC2" count="132">0.65625 0.75 0.65625 0.75 0.65625 0.75 0.03125 0.75 0.03125 0.75 0.03125 0.75 0.03125 0.75 0.03125 0.75 0.03125 0.75 0.03125 0.75 0.03125 0.75 0.03125 0.75 0.03125 0.75 0.03125 0.75 0.03125 0.75 0.03125 0.75 0.03125 0.75 0.03125 0.75 0.03125 0.75 0.03125 0.75 0.03125 0.75 0.03125 0.75 0.03125 0.75 0.03125 0.75 0.03125 0.75 0.03125 0.75 0.03125 0.75 0.03125 0.75 0.03125 0.75 0.03125 0.75 0.03125 0.75 0.03125 0.75 0.03125 0.75 0.03125 0.75 0.03125 0.75 0.03125 0.75 0.03125 0.75 0.03125 0.75 0.03125 0.75 0.03125 0.75 0.03125 0.75 0.03125 0.75 0.03125 0.75 0.03125 0.75 0.03125 0.75 0.03125 0.75 0.03125 0.75 0.03125 0.75 0.03125 0.75 0.03125 0.75 0.03125 0.75 0.03125 0.75 0.03125 0.75 0.03125 0.75 0.03125 0.75 0.03125 0.75 0.03125 0.75 0.03125 0.75 0.03125 0.75 0.03125 0.75 0.03125 0.75 0.03125 0.75 0.03125 0.75 0.03125 0.75 0.03125 0.75 0.03125 0.75</float_array>
                    <technique_common>
                        <accessor count="66" source="#uvarrayMesh10_VC2" stride="2">
                            <param name="S" type="float"/>
                            <param name="T" type="float"/>
                        </accessor>
                    </technique_common>
                </source>
                <vertices id="verticesMesh10_VC2">
                    <input semantic="POSITION" source="#pointsMesh10_VC2"/>
                </vertices>
                <polylist count="22" material="Material1">
                    <input offset="0" semantic="VERTEX" source="#verticesMesh10_VC2"/>
                    <input offset="1" semantic="TEXCOORD" source="#uvsMesh10_VC2" set="0"/>
                    <vcount>3 3 3 3 3 3 3 3 3 3 3 3 3 3 3 3 3 3 3 3 3 3</vcount>
                    <p>0 0 1 1 2 2 3 3 4 4 5 5 6 6 7 7 8 8 9 9 7 10 10 11 7 12 9 13 8 14 9 15 11 16 8 17 11 18 9 19 12 20 8 21 13 22 6 23 11 24 13 25 8 26 14 27 15 28 4 29 15 30 5 31 4 32 4 33 10 34 14 35 16 36 17 37 15 38 15 39 18 40 5 41 15 42 17 43 18 44 3 45 5 46 18 47 12 48 19 49 11 50 11 51 19 52 13 53 16 54 14 55 7 56 15 57 14 58 16 59 7 60 6 61 16 62 10 63 7 64 14 65</p>
                </polylist>
            </mesh>
        </geometry>
        <geometry id="meshMesh11_2">
            <mesh>
                <source id="pointsMesh11_2">
                    <float_array id="pointarrayMesh11_2" count="27">61 -6 -30 61 -25 0 -1 -17 0 -1 -6 -16 60 34 11 60 34 -11 -1 16 0 61 -6 29 -1 -6 16</float_array>
                    <technique_common>
                        <accessor count="9" source="#pointarrayMesh11_2" stride="3">
                            <param name="X" type="float"/>
                            <param name="Y" type="float"/>
                            <param name="Z" type="float"/>
                        </accessor>
                    </technique_common>
                </source>
                <source id="uvsMesh11_2">
                    <float_array id="uvarrayMesh11_2" count="18">0 1 0 1 0 1 0 1 0 1 0 1 0 1 0 1 0 1</float_array>
                    <technique_common>
                        <accessor count="9" source="#uvarrayMesh11_2" stride="2">
                            <param name="S" type="float"/>
                            <param name="T" type="float"/>
                        </accessor>
                    </technique_common>
                </source>
                <vertices id="verticesMesh11_2">
                    <input semantic="POSITION" source="#pointsMesh11_2"/>
                </vertices>
                <polylist count="12" material="Material1">
                    <input offset="0" semantic="VERTEX" source="#verticesMesh11_2"/>
                    <input offset="1" semantic="TEXCOORD" source="#uvsMesh11_2" set="0"/>
                    <vcount>3 3 3 3 3 3 3 3 3 3 3 3</vcount>
                    <p>0 0 1 1 2 2 0 0 2 2 3 3 4 4 5 5 6 6 0 0 5 5 4 4 0 0 4 4 7 7 0 0 7 7 1 1 7 7 4 4 6 6 7 7 6 6 8 8 5 5 0 0 3 3 5 5 3 3 6 6 1 1 7 7 8 8 1 1 8 8 2 2</p>
                </polylist>
            </mesh>
        </geometry>
        <geometry id="meshMesh11_VC1">
            <mesh>
                <source id="pointsMesh11_VC1">
                    <float_array id="pointarrayMesh11_VC1" count="27">61 -6 -30 61 -25 0 -1 -17 0 -1 -6 -16 60 34 11 60 34 -11 -1 16 0 61 -6 29 -1 -6 16</float_array>
                    <technique_common>
                        <accessor count="9" source="#pointarrayMesh11_VC1" stride="3">
                            <param name="X" type="float"/>
                            <param name="Y" type="float"/>
                            <param name="Z" type="float"/>
                        </accessor>
                    </technique_common>
                </source>
                <source id="uvsMesh11_VC1">
                    <float_array id="uvarrayMesh11_VC1" count="72">0.15625 0.75 0.15625 0.75 0.15625 0.75 0.15625 0.75 0.15625 0.75 0.15625 0.75 0.15625 0.75 0.15625 0.75 0.15625 0.75 0.15625 0.75 0.15625 0.75 0.15625 0.75 0.15625 0.75 0.15625 0.75 0.15625 0.75 0.15625 0.75 0.15625 0.75 0.15625 0.75 0.15625 0.75 0.15625 0.75 0.15625 0.75 0.15625 0.75 0.15625 0.75 0.15625 0.75 0.15625 0.75 0.15625 0.75 0.15625 0.75 0.15625 0.75 0.15625 0.75 0.15625 0.75 0.15625 0.75 0.15625 0.75 0.15625 0.75 0.15625 0.75 0.15625 0.75 0.15625 0.75</float_array>
                    <technique_common>
                        <accessor count="36" source="#uvarrayMesh11_VC1" stride="2">
                            <param name="S" type="float"/>
                            <param name="T" type="float"/>
                        </accessor>
                    </technique_common>
                </source>
                <vertices id="verticesMesh11_VC1">
                    <input semantic="POSITION" source="#pointsMesh11_VC1"/>
                </vertices>
                <polylist count="12" material="Material1">
                    <input offset="0" semantic="VERTEX" source="#verticesMesh11_VC1"/>
                    <input offset="1" semantic="TEXCOORD" source="#uvsMesh11_VC1" set="0"/>
                    <vcount>3 3 3 3 3 3 3 3 3 3 3 3</vcount>
                    <p>0 0 1 1 2 2 0 3 2 4 3 5 4 6 5 7 6 8 0 9 5 10 4 11 0 12 4 13 7 14 0 15 7 16 1 17 7 18 4 19 6 20 7 21 6 22 8 23 5 24 0 25 3 26 5 27 3 28 6 29 1 30 7 31 8 32 1 33 8 34 2 35</p>
                </polylist>
            </mesh>
        </geometry>
        <geometry id="meshMesh11_VC2">
            <mesh>
                <source id="pointsMesh11_VC2">
                    <float_array id="pointarrayMesh11_VC2" count="27">61 -6 -30 61 -25 0 -1 -17 0 -1 -6 -16 60 34 11 60 34 -11 -1 16 0 61 -6 29 -1 -6 16</float_array>
                    <technique_common>
                        <accessor count="9" source="#pointarrayMesh11_VC2" stride="3">
                            <param name="X" type="float"/>
                            <param name="Y" type="float"/>
                            <param name="Z" type="float"/>
                        </accessor>
                    </technique_common>
                </source>
                <source id="uvsMesh11_VC2">
                    <float_array id="uvarrayMesh11_VC2" count="72">0.40625 0.75 0.40625 0.75 0.40625 0.75 0.40625 0.75 0.40625 0.75 0.40625 0.75 0.40625 0.75 0.40625 0.75 0.40625 0.75 0.40625 0.75 0.40625 0.75 0.40625 0.75 0.40625 0.75 0.40625 0.75 0.40625 0.75 0.40625 0.75 0.40625 0.75 0.40625 0.75 0.40625 0.75 0.40625 0.75 0.40625 0.75 0.40625 0.75 0.40625 0.75 0.40625 0.75 0.40625 0.75 0.40625 0.75 0.40625 0.75 0.40625 0.75 0.40625 0.75 0.40625 0.75 0.40625 0.75 0.40625 0.75 0.40625 0.75 0.40625 0.75 0.40625 0.75 0.40625 0.75</float_array>
                    <technique_common>
                        <accessor count="36" source="#uvarrayMesh11_VC2" stride="2">
                            <param name="S" type="float"/>
                            <param name="T" type="float"/>
                        </accessor>
                    </technique_common>
                </source>
                <vertices id="verticesMesh11_VC2">
                    <input semantic="POSITION" source="#pointsMesh11_VC2"/>
                </vertices>
                <polylist count="12" material="Material1">
                    <input offset="0" semantic="VERTEX" source="#verticesMesh11_VC2"/>
                    <input offset="1" semantic="TEXCOORD" source="#uvsMesh11_VC2" set="0"/>
                    <vcount>3 3 3 3 3 3 3 3 3 3 3 3</vcount>
                    <p>0 0 1 1 2 2 0 3 2 4 3 5 4 6 5 7 6 8 0 9 5 10 4 11 0 12 4 13 7 14 0 15 7 16 1 17 7 18 4 19 6 20 7 21 6 22 8 23 5 24 0 25 3 26 5 27 3 28 6 29 1 30 7 31 8 32 1 33 8 34 2 35</p>
                </polylist>
            </mesh>
        </geometry>
        <geometry id="meshMesh12_1">
            <mesh>
                <source id="pointsMesh12_1">
                    <float_array id="pointarrayMesh12_1" count="48">2 5 30 0 -45 43 28 -45 43 28 -73 20 2 -73 20 28 -73 -25 28 7 38 2 -73 -25 28 -45 -48 0 -45 -45 28 7 -43 2 5 -33 0 40 -10 28 40 -15 28 40 12 0 40 5</float_array>
                    <technique_common>
                        <accessor count="16" source="#pointarrayMesh12_1" stride="3">
                            <param name="X" type="float"/>
                            <param name="Y" type="float"/>
                            <param name="Z" type="float"/>
                        </accessor>
                    </technique_common>
                </source>
                <source id="uvsMesh12_1">
                    <float_array id="uvarrayMesh12_1" count="32">2.8125 0.744140625 1.02734375 0.859375 1.015625 0.10546875 0.13671875 0.099609375 0.130859375 0.734375 0.13671875 0.099609375 2.84765625 0.115234375 0.130859375 0.734375 1.015625 0.10546875 1.02734375 0.859375 2.84765625 0.115234375 2.8125 0.744140625 3.9375 0.7578125 3.9453125 0.123046875 3.9453125 0.123046875 3.9375 0.7578125</float_array>
                    <technique_common>
                        <accessor count="16" source="#uvarrayMesh12_1" stride="2">
                            <param name="S" type="float"/>
                            <param name="T" type="float"/>
                        </accessor>
                    </technique_common>
                </source>
                <vertices id="verticesMesh12_1">
                    <input semantic="POSITION" source="#pointsMesh12_1"/>
                </vertices>
                <polylist count="16" material="Material1">
                    <input offset="0" semantic="VERTEX" source="#verticesMesh12_1"/>
                    <input offset="1" semantic="TEXCOORD" source="#uvsMesh12_1" set="0"/>
                    <vcount>3 3 3 3 3 3 3 3 3 3 3 3 3 3 3 3</vcount>
                    <p>0 0 1 1 2 2 1 1 3 3 2 2 1 1 4 4 3 3 4 4 5 5 3 3 0 0 2 2 6 6 4 4 7 7 5 5 8 8 5 5 7 7 8 8 7 7 9 9 9 9 10 10 8 8 9 9 11 11 10 10 11 11 12 12 13 13 11 11 13 13 10 10 12 12 14 14 13 13 12 12 15 15 14 14 6 6 14 14 15 15 6 6 15 15 0 0</p>
                </polylist>
            </mesh>
        </geometry>
        <geometry id="meshMesh12_2">
            <mesh>
                <source id="pointsMesh12_2">
                    <float_array id="pointarrayMesh12_2" count="48">2 5 30 0 -45 43 28 -45 43 28 -73 20 2 -73 20 28 -73 -25 28 7 38 2 -73 -25 28 -45 -48 0 -45 -45 28 7 -43 2 5 -33 0 40 -10 28 40 -15 28 40 12 0 40 5</float_array>
                    <technique_common>
                        <accessor count="16" source="#pointarrayMesh12_2" stride="3">
                            <param name="X" type="float"/>
                            <param name="Y" type="float"/>
                            <param name="Z" type="float"/>
                        </accessor>
                    </technique_common>
                </source>
                <source id="uvsMesh12_2">
                    <float_array id="uvarrayMesh12_2" count="32">2.8125 0.744140625 1.02734375 0.859375 1.015625 0.10546875 0.13671875 0.099609375 0.130859375 0.734375 0.13671875 0.099609375 2.84765625 0.115234375 0.130859375 0.734375 1.015625 0.10546875 1.02734375 0.859375 2.84765625 0.115234375 2.8125 0.744140625 3.9375 0.7578125 3.9453125 0.123046875 3.9453125 0.123046875 3.9375 0.7578125</float_array>
                    <technique_common>
                        <accessor count="16" source="#uvarrayMesh12_2" stride="2">
                            <param name="S" type="float"/>
                            <param name="T" type="float"/>
                        </accessor>
                    </technique_common>
                </source>
                <vertices id="verticesMesh12_2">
                    <input semantic="POSITION" source="#pointsMesh12_2"/>
                </vertices>
                <polylist count="16" material="Material1">
                    <input offset="0" semantic="VERTEX" source="#verticesMesh12_2"/>
                    <input offset="1" semantic="TEXCOORD" source="#uvsMesh12_2" set="0"/>
                    <vcount>3 3 3 3 3 3 3 3 3 3 3 3 3 3 3 3</vcount>
                    <p>0 0 1 1 2 2 1 1 3 3 2 2 1 1 4 4 3 3 4 4 5 5 3 3 0 0 2 2 6 6 4 4 7 7 5 5 8 8 5 5 7 7 8 8 7 7 9 9 9 9 10 10 8 8 9 9 11 11 10 10 11 11 12 12 13 13 11 11 13 13 10 10 12 12 14 14 13 13 12 12 15 15 14 14 6 6 14 14 15 15 6 6 15 15 0 0</p>
                </polylist>
            </mesh>
        </geometry>
        <geometry id="meshMesh12_VC2">
            <mesh>
                <source id="pointsMesh12_VC2">
                    <float_array id="pointarrayMesh12_VC2" count="48">2 5 30 0 -45 43 28 -45 43 28 -73 20 2 -73 20 28 -73 -25 28 7 38 2 -73 -25 28 -45 -48 0 -45 -45 28 7 -43 2 5 -33 0 40 -10 28 40 -15 28 40 12 0 40 5</float_array>
                    <technique_common>
                        <accessor count="16" source="#pointarrayMesh12_VC2" stride="3">
                            <param name="X" type="float"/>
                            <param name="Y" type="float"/>
                            <param name="Z" type="float"/>
                        </accessor>
                    </technique_common>
                </source>
                <source id="uvsMesh12_VC2">
                    <float_array id="uvarrayMesh12_VC2" count="96">0.03125 0.75 0.03125 0.75 0.03125 0.75 0.03125 0.75 0.03125 0.75 0.03125 0.75 0.03125 0.75 0.03125 0.75 0.03125 0.75 0.03125 0.75 0.03125 0.75 0.03125 0.75 0.03125 0.75 0.03125 0.75 0.03125 0.75 0.03125 0.75 0.03125 0.75 0.03125 0.75 0.03125 0.75 0.03125 0.75 0.03125 0.75 0.03125 0.75 0.03125 0.75 0.03125 0.75 0.03125 0.75 0.03125 0.75 0.03125 0.75 0.03125 0.75 0.03125 0.75 0.03125 0.75 0.03125 0.75 0.03125 0.75 0.03125 0.75 0.03125 0.75 0.03125 0.75 0.03125 0.75 0.03125 0.75 0.03125 0.75 0.03125 0.75 0.03125 0.75 0.03125 0.75 0.03125 0.75 0.03125 0.75 0.03125 0.75 0.03125 0.75 0.03125 0.75 0.03125 0.75 0.03125 0.75</float_array>
                    <technique_common>
                        <accessor count="48" source="#uvarrayMesh12_VC2" stride="2">
                            <param name="S" type="float"/>
                            <param name="T" type="float"/>
                        </accessor>
                    </technique_common>
                </source>
                <vertices id="verticesMesh12_VC2">
                    <input semantic="POSITION" source="#pointsMesh12_VC2"/>
                </vertices>
                <polylist count="16" material="Material1">
                    <input offset="0" semantic="VERTEX" source="#verticesMesh12_VC2"/>
                    <input offset="1" semantic="TEXCOORD" source="#uvsMesh12_VC2" set="0"/>
                    <vcount>3 3 3 3 3 3 3 3 3 3 3 3 3 3 3 3</vcount>
                    <p>0 0 1 1 2 2 1 3 3 4 2 5 1 6 4 7 3 8 4 9 5 10 3 11 0 12 2 13 6 14 4 15 7 16 5 17 8 18 5 19 7 20 8 21 7 22 9 23 9 24 10 25 8 26 9 27 11 28 10 29 11 30 12 31 13 32 11 33 13 34 10 35 12 36 14 37 13 38 12 39 15 40 14 41 6 42 14 43 15 44 6 45 15 46 0 47</p>
                </polylist>
            </mesh>
        </geometry>
        <geometry id="meshMesh13_1">
            <mesh>
                <source id="pointsMesh13_1">
                    <float_array id="pointarrayMesh13_1" count="24">28 7 38 28 -45 -48 28 7 -43 28 40 -15 28 40 12 28 -45 43 28 -73 -25 28 -73 20</float_array>
                    <technique_common>
                        <accessor count="8" source="#pointarrayMesh13_1" stride="3">
                            <param name="X" type="float"/>
                            <param name="Y" type="float"/>
                            <param name="Z" type="float"/>
                        </accessor>
                    </technique_common>
                </source>
                <source id="uvsMesh13_1">
                    <float_array id="uvarrayMesh13_1" count="16">0.916015625 0.306640625 -0.05078125 0.765625 0.013671875 0.306640625 0.296875 0.033203125 0.634765625 0.033203125 0.984375 0.765625 0.20703125 0.984375 0.724609375 0.984375</float_array>
                    <technique_common>
                        <accessor count="8" source="#uvarrayMesh13_1" stride="2">
                            <param name="S" type="float"/>
                            <param name="T" type="float"/>
                        </accessor>
                    </technique_common>
                </source>
                <vertices id="verticesMesh13_1">
                    <input semantic="POSITION" source="#pointsMesh13_1"/>
                </vertices>
                <polylist count="6" material="Material1">
                    <input offset="0" semantic="VERTEX" source="#verticesMesh13_1"/>
                    <input offset="1" semantic="TEXCOORD" source="#uvsMesh13_1" set="0"/>
                    <vcount>3 3 3 3 3 3</vcount>
                    <p>0 0 1 1 2 2 2 2 3 3 4 4 2 2 4 4 0 0 0 0 5 5 1 1 5 5 6 6 1 1 5 5 7 7 6 6</p>
                </polylist>
            </mesh>
        </geometry>
        <geometry id="meshMesh13_2">
            <mesh>
                <source id="pointsMesh13_2">
                    <float_array id="pointarrayMesh13_2" count="24">28 7 38 28 -45 -48 28 7 -43 28 40 -15 28 40 12 28 -45 43 28 -73 -25 28 -73 20</float_array>
                    <technique_common>
                        <accessor count="8" source="#pointarrayMesh13_2" stride="3">
                            <param name="X" type="float"/>
                            <param name="Y" type="float"/>
                            <param name="Z" type="float"/>
                        </accessor>
                    </technique_common>
                </source>
                <source id="uvsMesh13_2">
                    <float_array id="uvarrayMesh13_2" count="16">0.916015625 0.306640625 -0.05078125 0.765625 0.013671875 0.306640625 0.296875 0.033203125 0.634765625 0.033203125 0.984375 0.765625 0.20703125 0.984375 0.724609375 0.984375</float_array>
                    <technique_common>
                        <accessor count="8" source="#uvarrayMesh13_2" stride="2">
                            <param name="S" type="float"/>
                            <param name="T" type="float"/>
                        </accessor>
                    </technique_common>
                </source>
                <vertices id="verticesMesh13_2">
                    <input semantic="POSITION" source="#pointsMesh13_2"/>
                </vertices>
                <polylist count="6" material="Material1">
                    <input offset="0" semantic="VERTEX" source="#verticesMesh13_2"/>
                    <input offset="1" semantic="TEXCOORD" source="#uvsMesh13_2" set="0"/>
                    <vcount>3 3 3 3 3 3</vcount>
                    <p>0 0 1 1 2 2 2 2 3 3 4 4 2 2 4 4 0 0 0 0 5 5 1 1 5 5 6 6 1 1 5 5 7 7 6 6</p>
                </polylist>
            </mesh>
        </geometry>
        <geometry id="meshMesh13_VC2">
            <mesh>
                <source id="pointsMesh13_VC2">
                    <float_array id="pointarrayMesh13_VC2" count="24">28 7 38 28 -45 -48 28 7 -43 28 40 -15 28 40 12 28 -45 43 28 -73 -25 28 -73 20</float_array>
                    <technique_common>
                        <accessor count="8" source="#pointarrayMesh13_VC2" stride="3">
                            <param name="X" type="float"/>
                            <param name="Y" type="float"/>
                            <param name="Z" type="float"/>
                        </accessor>
                    </technique_common>
                </source>
                <source id="uvsMesh13_VC2">
                    <float_array id="uvarrayMesh13_VC2" count="36">0.03125 0.75 0.03125 0.75 0.03125 0.75 0.03125 0.75 0.03125 0.75 0.03125 0.75 0.03125 0.75 0.03125 0.75 0.03125 0.75 0.03125 0.75 0.03125 0.75 0.03125 0.75 0.03125 0.75 0.03125 0.75 0.03125 0.75 0.03125 0.75 0.03125 0.75 0.03125 0.75</float_array>
                    <technique_common>
                        <accessor count="18" source="#uvarrayMesh13_VC2" stride="2">
                            <param name="S" type="float"/>
                            <param name="T" type="float"/>
                        </accessor>
                    </technique_common>
                </source>
                <vertices id="verticesMesh13_VC2">
                    <input semantic="POSITION" source="#pointsMesh13_VC2"/>
                </vertices>
                <polylist count="6" material="Material1">
                    <input offset="0" semantic="VERTEX" source="#verticesMesh13_VC2"/>
                    <input offset="1" semantic="TEXCOORD" source="#uvsMesh13_VC2" set="0"/>
                    <vcount>3 3 3 3 3 3</vcount>
                    <p>0 0 1 1 2 2 2 3 3 4 4 5 2 6 4 7 0 8 0 9 5 10 1 11 5 12 6 13 1 14 5 15 7 16 6 17</p>
                </polylist>
            </mesh>
        </geometry>
        <geometry id="meshMesh14_2">
            <mesh>
                <source id="pointsMesh14_2">
                    <float_array id="pointarrayMesh14_2" count="36">0 40 5 0 40 -10 -22 -20 -20 -22 -20 15 2 5 30 2 5 -33 -28 -48 -15 0 -45 -45 -28 -48 10 0 -45 43 2 -73 -25 2 -73 20</float_array>
                    <technique_common>
                        <accessor count="12" source="#pointarrayMesh14_2" stride="3">
                            <param name="X" type="float"/>
                            <param name="Y" type="float"/>
                            <param name="Z" type="float"/>
                        </accessor>
                    </technique_common>
                </source>
                <source id="uvsMesh14_2">
                    <float_array id="uvarrayMesh14_2" count="24">0 1 0 1 0 1 0 1 0 1 0 1 0 1 0 1 0 1 0 1 0 1 0 1</float_array>
                    <technique_common>
                        <accessor count="12" source="#uvarrayMesh14_2" stride="2">
                            <param name="S" type="float"/>
                            <param name="T" type="float"/>
                        </accessor>
                    </technique_common>
                </source>
                <vertices id="verticesMesh14_2">
                    <input semantic="POSITION" source="#pointsMesh14_2"/>
                </vertices>
                <polylist count="14" material="Material1">
                    <input offset="0" semantic="VERTEX" source="#verticesMesh14_2"/>
                    <input offset="1" semantic="TEXCOORD" source="#uvsMesh14_2" set="0"/>
                    <vcount>3 3 3 3 3 3 3 3 3 3 3 3 3 3</vcount>
                    <p>0 0 1 1 2 2 0 0 2 2 3 3 3 3 4 4 0 0 1 1 5 5 2 2 3 3 2 2 6 6 7 7 6 6 2 2 7 7 2 2 5 5 3 3 6 6 8 8 4 4 3 3 8 8 4 4 8 8 9 9 6 6 10 10 11 11 7 7 10 10 6 6 6 6 11 11 8 8 8 8 11 11 9 9</p>
                </polylist>
            </mesh>
        </geometry>
        <geometry id="meshMesh14_VC1">
            <mesh>
                <source id="pointsMesh14_VC1">
                    <float_array id="pointarrayMesh14_VC1" count="36">0 40 5 0 40 -10 -22 -20 -20 -22 -20 15 2 5 30 2 5 -33 -28 -48 -15 0 -45 -45 -28 -48 10 0 -45 43 2 -73 -25 2 -73 20</float_array>
                    <technique_common>
                        <accessor count="12" source="#pointarrayMesh14_VC1" stride="3">
                            <param name="X" type="float"/>
                            <param name="Y" type="float"/>
                            <param name="Z" type="float"/>
                        </accessor>
                    </technique_common>
                </source>
                <source id="uvsMesh14_VC1">
                    <float_array id="uvarrayMesh14_VC1" count="84">0.78125 0.75 0.78125 0.75 0.78125 0.75 0.78125 0.75 0.78125 0.75 0.78125 0.75 0.78125 0.75 0.78125 0.75 0.78125 0.75 0.78125 0.75 0.78125 0.75 0.78125 0.75 0.78125 0.75 0.78125 0.75 0.78125 0.75 0.78125 0.75 0.78125 0.75 0.78125 0.75 0.78125 0.75 0.78125 0.75 0.78125 0.75 0.78125 0.75 0.78125 0.75 0.78125 0.75 0.78125 0.75 0.78125 0.75 0.78125 0.75 0.78125 0.75 0.78125 0.75 0.78125 0.75 0.78125 0.75 0.78125 0.75 0.78125 0.75 0.78125 0.75 0.78125 0.75 0.78125 0.75 0.78125 0.75 0.78125 0.75 0.78125 0.75 0.78125 0.75 0.78125 0.75 0.78125 0.75</float_array>
                    <technique_common>
                        <accessor count="42" source="#uvarrayMesh14_VC1" stride="2">
                            <param name="S" type="float"/>
                            <param name="T" type="float"/>
                        </accessor>
                    </technique_common>
                </source>
                <vertices id="verticesMesh14_VC1">
                    <input semantic="POSITION" source="#pointsMesh14_VC1"/>
                </vertices>
                <polylist count="14" material="Material1">
                    <input offset="0" semantic="VERTEX" source="#verticesMesh14_VC1"/>
                    <input offset="1" semantic="TEXCOORD" source="#uvsMesh14_VC1" set="0"/>
                    <vcount>3 3 3 3 3 3 3 3 3 3 3 3 3 3</vcount>
                    <p>0 0 1 1 2 2 0 3 2 4 3 5 3 6 4 7 0 8 1 9 5 10 2 11 3 12 2 13 6 14 7 15 6 16 2 17 7 18 2 19 5 20 3 21 6 22 8 23 4 24 3 25 8 26 4 27 8 28 9 29 6 30 10 31 11 32 7 33 10 34 6 35 6 36 11 37 8 38 8 39 11 40 9 41</p>
                </polylist>
            </mesh>
        </geometry>
        <geometry id="meshMesh14_VC2">
            <mesh>
                <source id="pointsMesh14_VC2">
                    <float_array id="pointarrayMesh14_VC2" count="36">0 40 5 0 40 -10 -22 -20 -20 -22 -20 15 2 5 30 2 5 -33 -28 -48 -15 0 -45 -45 -28 -48 10 0 -45 43 2 -73 -25 2 -73 20</float_array>
                    <technique_common>
                        <accessor count="12" source="#pointarrayMesh14_VC2" stride="3">
                            <param name="X" type="float"/>
                            <param name="Y" type="float"/>
                            <param name="Z" type="float"/>
                        </accessor>
                    </technique_common>
                </source>
                <source id="uvsMesh14_VC2">
                    <float_array id="uvarrayMesh14_VC2" count="84">0.90625 0.75 0.90625 0.75 0.90625 0.75 0.90625 0.75 0.90625 0.75 0.90625 0.75 0.90625 0.75 0.90625 0.75 0.90625 0.75 0.90625 0.75 0.90625 0.75 0.90625 0.75 0.90625 0.75 0.90625 0.75 0.90625 0.75 0.90625 0.75 0.90625 0.75 0.90625 0.75 0.90625 0.75 0.90625 0.75 0.90625 0.75 0.90625 0.75 0.90625 0.75 0.90625 0.75 0.90625 0.75 0.90625 0.75 0.90625 0.75 0.90625 0.75 0.90625 0.75 0.90625 0.75 0.90625 0.75 0.90625 0.75 0.90625 0.75 0.90625 0.75 0.90625 0.75 0.90625 0.75 0.90625 0.75 0.90625 0.75 0.90625 0.75 0.90625 0.75 0.90625 0.75 0.90625 0.75</float_array>
                    <technique_common>
                        <accessor count="42" source="#uvarrayMesh14_VC2" stride="2">
                            <param name="S" type="float"/>
                            <param name="T" type="float"/>
                        </accessor>
                    </technique_common>
                </source>
                <vertices id="verticesMesh14_VC2">
                    <input semantic="POSITION" source="#pointsMesh14_VC2"/>
                </vertices>
                <polylist count="14" material="Material1">
                    <input offset="0" semantic="VERTEX" source="#verticesMesh14_VC2"/>
                    <input offset="1" semantic="TEXCOORD" source="#uvsMesh14_VC2" set="0"/>
                    <vcount>3 3 3 3 3 3 3 3 3 3 3 3 3 3</vcount>
                    <p>0 0 1 1 2 2 0 3 2 4 3 5 3 6 4 7 0 8 1 9 5 10 2 11 3 12 2 13 6 14 7 15 6 16 2 17 7 18 2 19 5 20 3 21 6 22 8 23 4 24 3 25 8 26 4 27 8 28 9 29 6 30 10 31 11 32 7 33 10 34 6 35 6 36 11 37 8 38 8 39 11 40 9 41</p>
                </polylist>
            </mesh>
        </geometry>
        <geometry id="meshMesh15_2">
            <mesh>
                <source id="pointsMesh15_2">
                    <float_array id="pointarrayMesh15_2" count="27">-1 -6 16 -1 -17 0 61 -25 0 61 -6 29 -1 16 0 60 34 10 60 34 -11 61 -6 -30 -1 -6 -17</float_array>
                    <technique_common>
                        <accessor count="9" source="#pointarrayMesh15_2" stride="3">
                            <param name="X" type="float"/>
                            <param name="Y" type="float"/>
                            <param name="Z" type="float"/>
                        </accessor>
                    </technique_common>
                </source>
                <source id="uvsMesh15_2">
                    <float_array id="uvarrayMesh15_2" count="18">0 1 0 1 0 1 0 1 0 1 0 1 0 1 0 1 0 1</float_array>
                    <technique_common>
                        <accessor count="9" source="#uvarrayMesh15_2" stride="2">
                            <param name="S" type="float"/>
                            <param name="T" type="float"/>
                        </accessor>
                    </technique_common>
                </source>
                <vertices id="verticesMesh15_2">
                    <input semantic="POSITION" source="#pointsMesh15_2"/>
                </vertices>
                <polylist count="12" material="Material1">
                    <input offset="0" semantic="VERTEX" source="#verticesMesh15_2"/>
                    <input offset="1" semantic="TEXCOORD" source="#uvsMesh15_2" set="0"/>
                    <vcount>3 3 3 3 3 3 3 3 3 3 3 3</vcount>
                    <p>0 0 1 1 2 2 0 0 2 2 3 3 4 4 5 5 6 6 2 2 7 7 6 6 2 2 6 6 5 5 2 2 5 5 3 3 8 8 4 4 6 6 8 8 6 6 7 7 4 4 0 0 3 3 4 4 3 3 5 5 1 1 8 8 7 7 1 1 7 7 2 2</p>
                </polylist>
            </mesh>
        </geometry>
        <geometry id="meshMesh15_VC1">
            <mesh>
                <source id="pointsMesh15_VC1">
                    <float_array id="pointarrayMesh15_VC1" count="27">-1 -6 16 -1 -17 0 61 -25 0 61 -6 29 -1 16 0 60 34 10 60 34 -11 61 -6 -30 -1 -6 -17</float_array>
                    <technique_common>
                        <accessor count="9" source="#pointarrayMesh15_VC1" stride="3">
                            <param name="X" type="float"/>
                            <param name="Y" type="float"/>
                            <param name="Z" type="float"/>
                        </accessor>
                    </technique_common>
                </source>
                <source id="uvsMesh15_VC1">
                    <float_array id="uvarrayMesh15_VC1" count="72">0.15625 0.75 0.15625 0.75 0.15625 0.75 0.15625 0.75 0.15625 0.75 0.15625 0.75 0.15625 0.75 0.15625 0.75 0.15625 0.75 0.15625 0.75 0.15625 0.75 0.15625 0.75 0.15625 0.75 0.15625 0.75 0.15625 0.75 0.15625 0.75 0.15625 0.75 0.15625 0.75 0.15625 0.75 0.15625 0.75 0.15625 0.75 0.15625 0.75 0.15625 0.75 0.15625 0.75 0.15625 0.75 0.15625 0.75 0.15625 0.75 0.15625 0.75 0.15625 0.75 0.15625 0.75 0.15625 0.75 0.15625 0.75 0.15625 0.75 0.15625 0.75 0.15625 0.75 0.15625 0.75</float_array>
                    <technique_common>
                        <accessor count="36" source="#uvarrayMesh15_VC1" stride="2">
                            <param name="S" type="float"/>
                            <param name="T" type="float"/>
                        </accessor>
                    </technique_common>
                </source>
                <vertices id="verticesMesh15_VC1">
                    <input semantic="POSITION" source="#pointsMesh15_VC1"/>
                </vertices>
                <polylist count="12" material="Material1">
                    <input offset="0" semantic="VERTEX" source="#verticesMesh15_VC1"/>
                    <input offset="1" semantic="TEXCOORD" source="#uvsMesh15_VC1" set="0"/>
                    <vcount>3 3 3 3 3 3 3 3 3 3 3 3</vcount>
                    <p>0 0 1 1 2 2 0 3 2 4 3 5 4 6 5 7 6 8 2 9 7 10 6 11 2 12 6 13 5 14 2 15 5 16 3 17 8 18 4 19 6 20 8 21 6 22 7 23 4 24 0 25 3 26 4 27 3 28 5 29 1 30 8 31 7 32 1 33 7 34 2 35</p>
                </polylist>
            </mesh>
        </geometry>
        <geometry id="meshMesh15_VC2">
            <mesh>
                <source id="pointsMesh15_VC2">
                    <float_array id="pointarrayMesh15_VC2" count="27">-1 -6 16 -1 -17 0 61 -25 0 61 -6 29 -1 16 0 60 34 10 60 34 -11 61 -6 -30 -1 -6 -17</float_array>
                    <technique_common>
                        <accessor count="9" source="#pointarrayMesh15_VC2" stride="3">
                            <param name="X" type="float"/>
                            <param name="Y" type="float"/>
                            <param name="Z" type="float"/>
                        </accessor>
                    </technique_common>
                </source>
                <source id="uvsMesh15_VC2">
                    <float_array id="uvarrayMesh15_VC2" count="72">0.40625 0.75 0.40625 0.75 0.40625 0.75 0.40625 0.75 0.40625 0.75 0.40625 0.75 0.40625 0.75 0.40625 0.75 0.40625 0.75 0.40625 0.75 0.40625 0.75 0.40625 0.75 0.40625 0.75 0.40625 0.75 0.40625 0.75 0.40625 0.75 0.40625 0.75 0.40625 0.75 0.40625 0.75 0.40625 0.75 0.40625 0.75 0.40625 0.75 0.40625 0.75 0.40625 0.75 0.40625 0.75 0.40625 0.75 0.40625 0.75 0.40625 0.75 0.40625 0.75 0.40625 0.75 0.40625 0.75 0.40625 0.75 0.40625 0.75 0.40625 0.75 0.40625 0.75 0.40625 0.75</float_array>
                    <technique_common>
                        <accessor count="36" source="#uvarrayMesh15_VC2" stride="2">
                            <param name="S" type="float"/>
                            <param name="T" type="float"/>
                        </accessor>
                    </technique_common>
                </source>
                <vertices id="verticesMesh15_VC2">
                    <input semantic="POSITION" source="#pointsMesh15_VC2"/>
                </vertices>
                <polylist count="12" material="Material1">
                    <input offset="0" semantic="VERTEX" source="#verticesMesh15_VC2"/>
                    <input offset="1" semantic="TEXCOORD" source="#uvsMesh15_VC2" set="0"/>
                    <vcount>3 3 3 3 3 3 3 3 3 3 3 3</vcount>
                    <p>0 0 1 1 2 2 0 3 2 4 3 5 4 6 5 7 6 8 2 9 7 10 6 11 2 12 6 13 5 14 2 15 5 16 3 17 8 18 4 19 6 20 8 21 6 22 7 23 4 24 0 25 3 26 4 27 3 28 5 29 1 30 8 31 7 32 1 33 7 34 2 35</p>
                </polylist>
            </mesh>
        </geometry>
        <geometry id="meshMesh16_1">
            <mesh>
                <source id="pointsMesh16_1">
                    <float_array id="pointarrayMesh16_1" count="48">28 7 -35 28 -45 -43 0 -45 -40 2 -73 -17 28 -73 -17 2 -73 25 2 5 -28 28 -73 25 0 -45 48 28 -45 51 2 5 35 28 7 43 28 40 17 0 40 12 0 40 -5 28 40 -10</float_array>
                    <technique_common>
                        <accessor count="16" source="#pointarrayMesh16_1" stride="3">
                            <param name="X" type="float"/>
                            <param name="Y" type="float"/>
                            <param name="Z" type="float"/>
                        </accessor>
                    </technique_common>
                </source>
                <source id="uvsMesh16_1">
                    <float_array id="uvarrayMesh16_1" count="32">0.6328125 0.115234375 0.2109375 0.10546875 0.212890625 0.859375 0.005859375 0.734375 0.0078125 0.099609375 0.005859375 0.734375 0.625 0.744140625 0.0078125 0.099609375 0.212890625 0.859375 0.2109375 0.10546875 0.625 0.744140625 0.6328125 0.115234375 0.88671875 0.123046875 0.884765625 0.7578125 0.884765625 0.7578125 0.88671875 0.123046875</float_array>
                    <technique_common>
                        <accessor count="16" source="#uvarrayMesh16_1" stride="2">
                            <param name="S" type="float"/>
                            <param name="T" type="float"/>
                        </accessor>
                    </technique_common>
                </source>
                <vertices id="verticesMesh16_1">
                    <input semantic="POSITION" source="#pointsMesh16_1"/>
                </vertices>
                <polylist count="16" material="Material1">
                    <input offset="0" semantic="VERTEX" source="#verticesMesh16_1"/>
                    <input offset="1" semantic="TEXCOORD" source="#uvsMesh16_1" set="0"/>
                    <vcount>3 3 3 3 3 3 3 3 3 3 3 3 3 3 3 3</vcount>
                    <p>0 0 1 1 2 2 1 1 3 3 2 2 1 1 4 4 3 3 4 4 5 5 3 3 0 0 2 2 6 6 4 4 7 7 5 5 8 8 5 5 7 7 8 8 7 7 9 9 9 9 10 10 8 8 9 9 11 11 10 10 11 11 12 12 13 13 11 11 13 13 10 10 12 12 14 14 13 13 12 12 15 15 14 14 6 6 14 14 15 15 6 6 15 15 0 0</p>
                </polylist>
            </mesh>
        </geometry>
        <geometry id="meshMesh16_2">
            <mesh>
                <source id="pointsMesh16_2">
                    <float_array id="pointarrayMesh16_2" count="48">28 7 -35 28 -45 -43 0 -45 -40 2 -73 -17 28 -73 -17 2 -73 25 2 5 -28 28 -73 25 0 -45 48 28 -45 51 2 5 35 28 7 43 28 40 17 0 40 12 0 40 -5 28 40 -10</float_array>
                    <technique_common>
                        <accessor count="16" source="#pointarrayMesh16_2" stride="3">
                            <param name="X" type="float"/>
                            <param name="Y" type="float"/>
                            <param name="Z" type="float"/>
                        </accessor>
                    </technique_common>
                </source>
                <source id="uvsMesh16_2">
                    <float_array id="uvarrayMesh16_2" count="32">0.6328125 0.115234375 0.2109375 0.10546875 0.212890625 0.859375 0.005859375 0.734375 0.0078125 0.099609375 0.005859375 0.734375 0.625 0.744140625 0.0078125 0.099609375 0.212890625 0.859375 0.2109375 0.10546875 0.625 0.744140625 0.6328125 0.115234375 0.88671875 0.123046875 0.884765625 0.7578125 0.884765625 0.7578125 0.88671875 0.123046875</float_array>
                    <technique_common>
                        <accessor count="16" source="#uvarrayMesh16_2" stride="2">
                            <param name="S" type="float"/>
                            <param name="T" type="float"/>
                        </accessor>
                    </technique_common>
                </source>
                <vertices id="verticesMesh16_2">
                    <input semantic="POSITION" source="#pointsMesh16_2"/>
                </vertices>
                <polylist count="16" material="Material1">
                    <input offset="0" semantic="VERTEX" source="#verticesMesh16_2"/>
                    <input offset="1" semantic="TEXCOORD" source="#uvsMesh16_2" set="0"/>
                    <vcount>3 3 3 3 3 3 3 3 3 3 3 3 3 3 3 3</vcount>
                    <p>0 0 1 1 2 2 1 1 3 3 2 2 1 1 4 4 3 3 4 4 5 5 3 3 0 0 2 2 6 6 4 4 7 7 5 5 8 8 5 5 7 7 8 8 7 7 9 9 9 9 10 10 8 8 9 9 11 11 10 10 11 11 12 12 13 13 11 11 13 13 10 10 12 12 14 14 13 13 12 12 15 15 14 14 6 6 14 14 15 15 6 6 15 15 0 0</p>
                </polylist>
            </mesh>
        </geometry>
        <geometry id="meshMesh16_VC2">
            <mesh>
                <source id="pointsMesh16_VC2">
                    <float_array id="pointarrayMesh16_VC2" count="48">28 7 -35 28 -45 -43 0 -45 -40 2 -73 -17 28 -73 -17 2 -73 25 2 5 -28 28 -73 25 0 -45 48 28 -45 51 2 5 35 28 7 43 28 40 17 0 40 12 0 40 -5 28 40 -10</float_array>
                    <technique_common>
                        <accessor count="16" source="#pointarrayMesh16_VC2" stride="3">
                            <param name="X" type="float"/>
                            <param name="Y" type="float"/>
                            <param name="Z" type="float"/>
                        </accessor>
                    </technique_common>
                </source>
                <source id="uvsMesh16_VC2">
                    <float_array id="uvarrayMesh16_VC2" count="96">0.03125 0.75 0.03125 0.75 0.03125 0.75 0.03125 0.75 0.03125 0.75 0.03125 0.75 0.03125 0.75 0.03125 0.75 0.03125 0.75 0.03125 0.75 0.03125 0.75 0.03125 0.75 0.03125 0.75 0.03125 0.75 0.03125 0.75 0.03125 0.75 0.03125 0.75 0.03125 0.75 0.03125 0.75 0.03125 0.75 0.03125 0.75 0.03125 0.75 0.03125 0.75 0.03125 0.75 0.03125 0.75 0.03125 0.75 0.03125 0.75 0.03125 0.75 0.03125 0.75 0.03125 0.75 0.03125 0.75 0.03125 0.75 0.03125 0.75 0.03125 0.75 0.03125 0.75 0.03125 0.75 0.03125 0.75 0.03125 0.75 0.03125 0.75 0.03125 0.75 0.03125 0.75 0.03125 0.75 0.03125 0.75 0.03125 0.75 0.03125 0.75 0.03125 0.75 0.03125 0.75 0.03125 0.75</float_array>
                    <technique_common>
                        <accessor count="48" source="#uvarrayMesh16_VC2" stride="2">
                            <param name="S" type="float"/>
                            <param name="T" type="float"/>
                        </accessor>
                    </technique_common>
                </source>
                <vertices id="verticesMesh16_VC2">
                    <input semantic="POSITION" source="#pointsMesh16_VC2"/>
                </vertices>
                <polylist count="16" material="Material1">
                    <input offset="0" semantic="VERTEX" source="#verticesMesh16_VC2"/>
                    <input offset="1" semantic="TEXCOORD" source="#uvsMesh16_VC2" set="0"/>
                    <vcount>3 3 3 3 3 3 3 3 3 3 3 3 3 3 3 3</vcount>
                    <p>0 0 1 1 2 2 1 3 3 4 2 5 1 6 4 7 3 8 4 9 5 10 3 11 0 12 2 13 6 14 4 15 7 16 5 17 8 18 5 19 7 20 8 21 7 22 9 23 9 24 10 25 8 26 9 27 11 28 10 29 11 30 12 31 13 32 11 33 13 34 10 35 12 36 14 37 13 38 12 39 15 40 14 41 6 42 14 43 15 44 6 45 15 46 0 47</p>
                </polylist>
            </mesh>
        </geometry>
        <geometry id="meshMesh17_1">
            <mesh>
                <source id="pointsMesh17_1">
                    <float_array id="pointarrayMesh17_1" count="24">28 7 43 28 -45 -43 28 7 -35 28 40 -10 28 40 17 28 -45 51 28 -73 -17 28 -73 25</float_array>
                    <technique_common>
                        <accessor count="8" source="#pointarrayMesh17_1" stride="3">
                            <param name="X" type="float"/>
                            <param name="Y" type="float"/>
                            <param name="Z" type="float"/>
                        </accessor>
                    </technique_common>
                </source>
                <source id="uvsMesh17_1">
                    <float_array id="uvarrayMesh17_1" count="16">0.826171875 0.306640625 -0.044921875 0.765625 0.013671875 0.306640625 0.267578125 0.033203125 0.572265625 0.033203125 0.88671875 0.765625 0.1875 0.984375 0.654296875 0.984375</float_array>
                    <technique_common>
                        <accessor count="8" source="#uvarrayMesh17_1" stride="2">
                            <param name="S" type="float"/>
                            <param name="T" type="float"/>
                        </accessor>
                    </technique_common>
                </source>
                <vertices id="verticesMesh17_1">
                    <input semantic="POSITION" source="#pointsMesh17_1"/>
                </vertices>
                <polylist count="6" material="Material1">
                    <input offset="0" semantic="VERTEX" source="#verticesMesh17_1"/>
                    <input offset="1" semantic="TEXCOORD" source="#uvsMesh17_1" set="0"/>
                    <vcount>3 3 3 3 3 3</vcount>
                    <p>0 0 1 1 2 2 2 2 3 3 4 4 2 2 4 4 0 0 0 0 5 5 1 1 5 5 6 6 1 1 5 5 7 7 6 6</p>
                </polylist>
            </mesh>
        </geometry>
        <geometry id="meshMesh17_2">
            <mesh>
                <source id="pointsMesh17_2">
                    <float_array id="pointarrayMesh17_2" count="24">28 7 43 28 -45 -43 28 7 -35 28 40 -10 28 40 17 28 -45 51 28 -73 -17 28 -73 25</float_array>
                    <technique_common>
                        <accessor count="8" source="#pointarrayMesh17_2" stride="3">
                            <param name="X" type="float"/>
                            <param name="Y" type="float"/>
                            <param name="Z" type="float"/>
                        </accessor>
                    </technique_common>
                </source>
                <source id="uvsMesh17_2">
                    <float_array id="uvarrayMesh17_2" count="16">0.826171875 0.306640625 -0.044921875 0.765625 0.013671875 0.306640625 0.267578125 0.033203125 0.572265625 0.033203125 0.88671875 0.765625 0.1875 0.984375 0.654296875 0.984375</float_array>
                    <technique_common>
                        <accessor count="8" source="#uvarrayMesh17_2" stride="2">
                            <param name="S" type="float"/>
                            <param name="T" type="float"/>
                        </accessor>
                    </technique_common>
                </source>
                <vertices id="verticesMesh17_2">
                    <input semantic="POSITION" source="#pointsMesh17_2"/>
                </vertices>
                <polylist count="6" material="Material1">
                    <input offset="0" semantic="VERTEX" source="#verticesMesh17_2"/>
                    <input offset="1" semantic="TEXCOORD" source="#uvsMesh17_2" set="0"/>
                    <vcount>3 3 3 3 3 3</vcount>
                    <p>0 0 1 1 2 2 2 2 3 3 4 4 2 2 4 4 0 0 0 0 5 5 1 1 5 5 6 6 1 1 5 5 7 7 6 6</p>
                </polylist>
            </mesh>
        </geometry>
        <geometry id="meshMesh17_VC2">
            <mesh>
                <source id="pointsMesh17_VC2">
                    <float_array id="pointarrayMesh17_VC2" count="24">28 7 43 28 -45 -43 28 7 -35 28 40 -10 28 40 17 28 -45 51 28 -73 -17 28 -73 25</float_array>
                    <technique_common>
                        <accessor count="8" source="#pointarrayMesh17_VC2" stride="3">
                            <param name="X" type="float"/>
                            <param name="Y" type="float"/>
                            <param name="Z" type="float"/>
                        </accessor>
                    </technique_common>
                </source>
                <source id="uvsMesh17_VC2">
                    <float_array id="uvarrayMesh17_VC2" count="36">0.03125 0.75 0.03125 0.75 0.03125 0.75 0.03125 0.75 0.03125 0.75 0.03125 0.75 0.03125 0.75 0.03125 0.75 0.03125 0.75 0.03125 0.75 0.03125 0.75 0.03125 0.75 0.03125 0.75 0.03125 0.75 0.03125 0.75 0.03125 0.75 0.03125 0.75 0.03125 0.75</float_array>
                    <technique_common>
                        <accessor count="18" source="#uvarrayMesh17_VC2" stride="2">
                            <param name="S" type="float"/>
                            <param name="T" type="float"/>
                        </accessor>
                    </technique_common>
                </source>
                <vertices id="verticesMesh17_VC2">
                    <input semantic="POSITION" source="#pointsMesh17_VC2"/>
                </vertices>
                <polylist count="6" material="Material1">
                    <input offset="0" semantic="VERTEX" source="#verticesMesh17_VC2"/>
                    <input offset="1" semantic="TEXCOORD" source="#uvsMesh17_VC2" set="0"/>
                    <vcount>3 3 3 3 3 3</vcount>
                    <p>0 0 1 1 2 2 2 3 3 4 4 5 2 6 4 7 0 8 0 9 5 10 1 11 5 12 6 13 1 14 5 15 7 16 6 17</p>
                </polylist>
            </mesh>
        </geometry>
        <geometry id="meshMesh18_2">
            <mesh>
                <source id="pointsMesh18_2">
                    <float_array id="pointarrayMesh18_2" count="36">-22 -20 -12 -22 -20 20 0 40 12 -28 -48 -10 0 40 -5 0 -45 -40 2 5 -28 2 5 35 -28 -48 17 0 -45 48 2 -73 -17 2 -73 25</float_array>
                    <technique_common>
                        <accessor count="12" source="#pointarrayMesh18_2" stride="3">
                            <param name="X" type="float"/>
                            <param name="Y" type="float"/>
                            <param name="Z" type="float"/>
                        </accessor>
                    </technique_common>
                </source>
                <source id="uvsMesh18_2">
                    <float_array id="uvarrayMesh18_2" count="24">0 1 0 1 0 1 0 1 0 1 0 1 0 1 0 1 0 1 0 1 0 1 0 1</float_array>
                    <technique_common>
                        <accessor count="12" source="#uvarrayMesh18_2" stride="2">
                            <param name="S" type="float"/>
                            <param name="T" type="float"/>
                        </accessor>
                    </technique_common>
                </source>
                <vertices id="verticesMesh18_2">
                    <input semantic="POSITION" source="#pointsMesh18_2"/>
                </vertices>
                <polylist count="14" material="Material1">
                    <input offset="0" semantic="VERTEX" source="#verticesMesh18_2"/>
                    <input offset="1" semantic="TEXCOORD" source="#uvsMesh18_2" set="0"/>
                    <vcount>3 3 3 3 3 3 3 3 3 3 3 3 3 3</vcount>
                    <p>0 0 1 1 2 2 3 3 1 1 0 0 0 0 2 2 4 4 5 5 0 0 6 6 5 5 3 3 0 0 4 4 6 6 0 0 1 1 7 7 2 2 3 3 8 8 1 1 7 7 1 1 8 8 7 7 8 8 9 9 3 3 10 10 11 11 3 3 11 11 8 8 5 5 10 10 3 3 8 8 11 11 9 9</p>
                </polylist>
            </mesh>
        </geometry>
        <geometry id="meshMesh18_VC1">
            <mesh>
                <source id="pointsMesh18_VC1">
                    <float_array id="pointarrayMesh18_VC1" count="36">-22 -20 -12 -22 -20 20 0 40 12 -28 -48 -10 0 40 -5 0 -45 -40 2 5 -28 2 5 35 -28 -48 17 0 -45 48 2 -73 -17 2 -73 25</float_array>
                    <technique_common>
                        <accessor count="12" source="#pointarrayMesh18_VC1" stride="3">
                            <param name="X" type="float"/>
                            <param name="Y" type="float"/>
                            <param name="Z" type="float"/>
                        </accessor>
                    </technique_common>
                </source>
                <source id="uvsMesh18_VC1">
                    <float_array id="uvarrayMesh18_VC1" count="84">0.78125 0.75 0.78125 0.75 0.78125 0.75 0.78125 0.75 0.78125 0.75 0.78125 0.75 0.78125 0.75 0.78125 0.75 0.78125 0.75 0.78125 0.75 0.78125 0.75 0.78125 0.75 0.78125 0.75 0.78125 0.75 0.78125 0.75 0.78125 0.75 0.78125 0.75 0.78125 0.75 0.78125 0.75 0.78125 0.75 0.78125 0.75 0.78125 0.75 0.78125 0.75 0.78125 0.75 0.78125 0.75 0.78125 0.75 0.78125 0.75 0.78125 0.75 0.78125 0.75 0.78125 0.75 0.78125 0.75 0.78125 0.75 0.78125 0.75 0.78125 0.75 0.78125 0.75 0.78125 0.75 0.78125 0.75 0.78125 0.75 0.78125 0.75 0.78125 0.75 0.78125 0.75 0.78125 0.75</float_array>
                    <technique_common>
                        <accessor count="42" source="#uvarrayMesh18_VC1" stride="2">
                            <param name="S" type="float"/>
                            <param name="T" type="float"/>
                        </accessor>
                    </technique_common>
                </source>
                <vertices id="verticesMesh18_VC1">
                    <input semantic="POSITION" source="#pointsMesh18_VC1"/>
                </vertices>
                <polylist count="14" material="Material1">
                    <input offset="0" semantic="VERTEX" source="#verticesMesh18_VC1"/>
                    <input offset="1" semantic="TEXCOORD" source="#uvsMesh18_VC1" set="0"/>
                    <vcount>3 3 3 3 3 3 3 3 3 3 3 3 3 3</vcount>
                    <p>0 0 1 1 2 2 3 3 1 4 0 5 0 6 2 7 4 8 5 9 0 10 6 11 5 12 3 13 0 14 4 15 6 16 0 17 1 18 7 19 2 20 3 21 8 22 1 23 7 24 1 25 8 26 7 27 8 28 9 29 3 30 10 31 11 32 3 33 11 34 8 35 5 36 10 37 3 38 8 39 11 40 9 41</p>
                </polylist>
            </mesh>
        </geometry>
        <geometry id="meshMesh18_VC2">
            <mesh>
                <source id="pointsMesh18_VC2">
                    <float_array id="pointarrayMesh18_VC2" count="36">-22 -20 -12 -22 -20 20 0 40 12 -28 -48 -10 0 40 -5 0 -45 -40 2 5 -28 2 5 35 -28 -48 17 0 -45 48 2 -73 -17 2 -73 25</float_array>
                    <technique_common>
                        <accessor count="12" source="#pointarrayMesh18_VC2" stride="3">
                            <param name="X" type="float"/>
                            <param name="Y" type="float"/>
                            <param name="Z" type="float"/>
                        </accessor>
                    </technique_common>
                </source>
                <source id="uvsMesh18_VC2">
                    <float_array id="uvarrayMesh18_VC2" count="84">0.90625 0.75 0.90625 0.75 0.90625 0.75 0.90625 0.75 0.90625 0.75 0.90625 0.75 0.90625 0.75 0.90625 0.75 0.90625 0.75 0.90625 0.75 0.90625 0.75 0.90625 0.75 0.90625 0.75 0.90625 0.75 0.90625 0.75 0.90625 0.75 0.90625 0.75 0.90625 0.75 0.90625 0.75 0.90625 0.75 0.90625 0.75 0.90625 0.75 0.90625 0.75 0.90625 0.75 0.90625 0.75 0.90625 0.75 0.90625 0.75 0.90625 0.75 0.90625 0.75 0.90625 0.75 0.90625 0.75 0.90625 0.75 0.90625 0.75 0.90625 0.75 0.90625 0.75 0.90625 0.75 0.90625 0.75 0.90625 0.75 0.90625 0.75 0.90625 0.75 0.90625 0.75 0.90625 0.75</float_array>
                    <technique_common>
                        <accessor count="42" source="#uvarrayMesh18_VC2" stride="2">
                            <param name="S" type="float"/>
                            <param name="T" type="float"/>
                        </accessor>
                    </technique_common>
                </source>
                <vertices id="verticesMesh18_VC2">
                    <input semantic="POSITION" source="#pointsMesh18_VC2"/>
                </vertices>
                <polylist count="14" material="Material1">
                    <input offset="0" semantic="VERTEX" source="#verticesMesh18_VC2"/>
                    <input offset="1" semantic="TEXCOORD" source="#uvsMesh18_VC2" set="0"/>
                    <vcount>3 3 3 3 3 3 3 3 3 3 3 3 3 3</vcount>
                    <p>0 0 1 1 2 2 3 3 1 4 0 5 0 6 2 7 4 8 5 9 0 10 6 11 5 12 3 13 0 14 4 15 6 16 0 17 1 18 7 19 2 20 3 21 8 22 1 23 7 24 1 25 8 26 7 27 8 28 9 29 3 30 10 31 11 32 3 33 11 34 8 35 5 36 10 37 3 38 8 39 11 40 9 41</p>
                </polylist>
            </mesh>
        </geometry>
        <geometry id="meshMesh19_2">
            <mesh>
                <source id="pointsMesh19_2">
                    <float_array id="pointarrayMesh19_2" count="30">0 -2 -10 -1 8 -2 52 17 -4 53 0 -17 -1 4 10 52 10 16 0 -8 10 53 -11 16 0 -13 -2 53 -18 -4</float_array>
                    <technique_common>
                        <accessor count="10" source="#pointarrayMesh19_2" stride="3">
                            <param name="X" type="float"/>
                            <param name="Y" type="float"/>
                            <param name="Z" type="float"/>
                        </accessor>
                    </technique_common>
                </source>
                <source id="uvsMesh19_2">
                    <float_array id="uvarrayMesh19_2" count="20">0 1 0 1 0 1 0 1 0 1 0 1 0 1 0 1 0 1 0 1</float_array>
                    <technique_common>
                        <accessor count="10" source="#uvarrayMesh19_2" stride="2">
                            <param name="S" type="float"/>
                            <param name="T" type="float"/>
                        </accessor>
                    </technique_common>
                </source>
                <vertices id="verticesMesh19_2">
                    <input semantic="POSITION" source="#pointsMesh19_2"/>
                </vertices>
                <polylist count="10" material="Material1">
                    <input offset="0" semantic="VERTEX" source="#verticesMesh19_2"/>
                    <input offset="1" semantic="TEXCOORD" source="#uvsMesh19_2" set="0"/>
                    <vcount>3 3 3 3 3 3 3 3 3 3</vcount>
                    <p>0 0 1 1 2 2 0 0 2 2 3 3 1 1 4 4 5 5 1 1 5 5 2 2 4 4 6 6 7 7 4 4 7 7 5 5 6 6 8 8 9 9 6 6 9 9 7 7 8 8 0 0 3 3 8 8 3 3 9 9</p>
                </polylist>
            </mesh>
        </geometry>
        <geometry id="meshMesh19_VC1">
            <mesh>
                <source id="pointsMesh19_VC1">
                    <float_array id="pointarrayMesh19_VC1" count="30">0 -2 -10 -1 8 -2 52 17 -4 53 0 -17 -1 4 10 52 10 16 0 -8 10 53 -11 16 0 -13 -2 53 -18 -4</float_array>
                    <technique_common>
                        <accessor count="10" source="#pointarrayMesh19_VC1" stride="3">
                            <param name="X" type="float"/>
                            <param name="Y" type="float"/>
                            <param name="Z" type="float"/>
                        </accessor>
                    </technique_common>
                </source>
                <source id="uvsMesh19_VC1">
                    <float_array id="uvarrayMesh19_VC1" count="60">0.15625 0.75 0.15625 0.75 0.15625 0.75 0.15625 0.75 0.15625 0.75 0.15625 0.75 0.15625 0.75 0.15625 0.75 0.15625 0.75 0.15625 0.75 0.15625 0.75 0.15625 0.75 0.15625 0.75 0.15625 0.75 0.15625 0.75 0.15625 0.75 0.15625 0.75 0.15625 0.75 0.15625 0.75 0.15625 0.75 0.15625 0.75 0.15625 0.75 0.15625 0.75 0.15625 0.75 0.15625 0.75 0.15625 0.75 0.15625 0.75 0.15625 0.75 0.15625 0.75 0.15625 0.75</float_array>
                    <technique_common>
                        <accessor count="30" source="#uvarrayMesh19_VC1" stride="2">
                            <param name="S" type="float"/>
                            <param name="T" type="float"/>
                        </accessor>
                    </technique_common>
                </source>
                <vertices id="verticesMesh19_VC1">
                    <input semantic="POSITION" source="#pointsMesh19_VC1"/>
                </vertices>
                <polylist count="10" material="Material1">
                    <input offset="0" semantic="VERTEX" source="#verticesMesh19_VC1"/>
                    <input offset="1" semantic="TEXCOORD" source="#uvsMesh19_VC1" set="0"/>
                    <vcount>3 3 3 3 3 3 3 3 3 3</vcount>
                    <p>0 0 1 1 2 2 0 3 2 4 3 5 1 6 4 7 5 8 1 9 5 10 2 11 4 12 6 13 7 14 4 15 7 16 5 17 6 18 8 19 9 20 6 21 9 22 7 23 8 24 0 25 3 26 8 27 3 28 9 29</p>
                </polylist>
            </mesh>
        </geometry>
        <geometry id="meshMesh19_VC2">
            <mesh>
                <source id="pointsMesh19_VC2">
                    <float_array id="pointarrayMesh19_VC2" count="30">0 -2 -10 -1 8 -2 52 17 -4 53 0 -17 -1 4 10 52 10 16 0 -8 10 53 -11 16 0 -13 -2 53 -18 -4</float_array>
                    <technique_common>
                        <accessor count="10" source="#pointarrayMesh19_VC2" stride="3">
                            <param name="X" type="float"/>
                            <param name="Y" type="float"/>
                            <param name="Z" type="float"/>
                        </accessor>
                    </technique_common>
                </source>
                <source id="uvsMesh19_VC2">
                    <float_array id="uvarrayMesh19_VC2" count="60">0.40625 0.75 0.40625 0.75 0.40625 0.75 0.40625 0.75 0.40625 0.75 0.40625 0.75 0.40625 0.75 0.40625 0.75 0.40625 0.75 0.40625 0.75 0.40625 0.75 0.40625 0.75 0.40625 0.75 0.40625 0.75 0.40625 0.75 0.40625 0.75 0.40625 0.75 0.40625 0.75 0.40625 0.75 0.40625 0.75 0.40625 0.75 0.40625 0.75 0.40625 0.75 0.40625 0.75 0.40625 0.75 0.40625 0.75 0.40625 0.75 0.40625 0.75 0.40625 0.75 0.40625 0.75</float_array>
                    <technique_common>
                        <accessor count="30" source="#uvarrayMesh19_VC2" stride="2">
                            <param name="S" type="float"/>
                            <param name="T" type="float"/>
                        </accessor>
                    </technique_common>
                </source>
                <vertices id="verticesMesh19_VC2">
                    <input semantic="POSITION" source="#pointsMesh19_VC2"/>
                </vertices>
                <polylist count="10" material="Material1">
                    <input offset="0" semantic="VERTEX" source="#verticesMesh19_VC2"/>
                    <input offset="1" semantic="TEXCOORD" source="#uvsMesh19_VC2" set="0"/>
                    <vcount>3 3 3 3 3 3 3 3 3 3</vcount>
                    <p>0 0 1 1 2 2 0 3 2 4 3 5 1 6 4 7 5 8 1 9 5 10 2 11 4 12 6 13 7 14 4 15 7 16 5 17 6 18 8 19 9 20 6 21 9 22 7 23 8 24 0 25 3 26 8 27 3 28 9 29</p>
                </polylist>
            </mesh>
        </geometry>
        <geometry id="meshMesh20_2">
            <mesh>
                <source id="pointsMesh20_2">
                    <float_array id="pointarrayMesh20_2" count="66">14 -41 15 14 -41 -19 48 -41 -22 48 -41 18 44 5 -22 20 35 -2 44 5 18 -6 24 -2 -6 -18 -23 -6 -18 19 67 -22 20 67 -22 -24 67 15 -11 67 15 6 14 15 -37 44 -8 -42 30 -22 -37 14 15 33 14 -22 33 30 -22 33 44 -8 38 14 -22 -37</float_array>
                    <technique_common>
                        <accessor count="22" source="#pointarrayMesh20_2" stride="3">
                            <param name="X" type="float"/>
                            <param name="Y" type="float"/>
                            <param name="Z" type="float"/>
                        </accessor>
                    </technique_common>
                </source>
                <source id="uvsMesh20_2">
                    <float_array id="uvarrayMesh20_2" count="44">0 1 0 1 0 1 0 1 0 1 0 1 0 1 0 1 0 1 0 1 0 1 0 1 0 1 0 1 0 1 0 1 0 1 0 1 0 1 0 1 0 1 0 1</float_array>
                    <technique_common>
                        <accessor count="22" source="#uvarrayMesh20_2" stride="2">
                            <param name="S" type="float"/>
                            <param name="T" type="float"/>
                        </accessor>
                    </technique_common>
                </source>
                <vertices id="verticesMesh20_2">
                    <input semantic="POSITION" source="#pointsMesh20_2"/>
                </vertices>
                <polylist count="40" material="Material1">
                    <input offset="0" semantic="VERTEX" source="#verticesMesh20_2"/>
                    <input offset="1" semantic="TEXCOORD" source="#uvsMesh20_2" set="0"/>
                    <vcount>3 3 3 3 3 3 3 3 3 3 3 3 3 3 3 3 3 3 3 3 3 3 3 3 3 3 3 3 3 3 3 3 3 3 3 3 3 3 3 3</vcount>
                    <p>0 0 1 1 2 2 0 0 2 2 3 3 4 4 5 5 6 6 7 7 8 8 9 9 10 10 11 11 12 12 10 10 12 12 13 13 14 14 15 15 16 16 17 17 18 18 19 19 13 13 6 6 20 20 17 17 5 5 7 7 7 7 5 5 14 14 12 12 15 15 4 4 15 15 11 11 2 2 21 21 1 1 8 8 9 9 0 0 18 18 3 3 10 10 20 20 10 10 13 13 20 20 8 8 7 7 14 14 17 17 9 9 18 18 17 17 20 20 6 6 16 16 21 21 14 14 14 14 5 5 4 4 10 10 3 3 2 2 10 10 2 2 11 11 16 16 2 2 1 1 8 8 1 1 0 0 8 8 0 0 9 9 0 0 3 3 19 19 19 19 18 18 0 0 1 1 21 21 16 16 17 17 7 7 9 9 14 14 21 21 8 8 15 15 12 12 11 11 19 19 20 20 17 17 6 6 13 13 12 12 6 6 12 12 4 4 2 2 16 16 15 15 20 20 19 19 3 3 6 6 5 5 17 17 4 4 15 15 14 14</p>
                </polylist>
            </mesh>
        </geometry>
        <geometry id="meshMesh20_VC1">
            <mesh>
                <source id="pointsMesh20_VC1">
                    <float_array id="pointarrayMesh20_VC1" count="66">14 -41 15 14 -41 -19 48 -41 -22 48 -41 18 44 5 -22 20 35 -2 44 5 18 -6 24 -2 -6 -18 -23 -6 -18 19 67 -22 20 67 -22 -24 67 15 -11 67 15 6 14 15 -37 44 -8 -42 30 -22 -37 14 15 33 14 -22 33 30 -22 33 44 -8 38 14 -22 -37</float_array>
                    <technique_common>
                        <accessor count="22" source="#pointarrayMesh20_VC1" stride="3">
                            <param name="X" type="float"/>
                            <param name="Y" type="float"/>
                            <param name="Z" type="float"/>
                        </accessor>
                    </technique_common>
                </source>
                <source id="uvsMesh20_VC1">
                    <float_array id="uvarrayMesh20_VC1" count="240">0.15625 0.75 0.15625 0.75 0.15625 0.75 0.15625 0.75 0.15625 0.75 0.15625 0.75 0.15625 0.75 0.15625 0.75 0.15625 0.75 0.15625 0.75 0.15625 0.75 0.15625 0.75 0.15625 0.75 0.15625 0.75 0.15625 0.75 0.15625 0.75 0.15625 0.75 0.15625 0.75 0.15625 0.75 0.15625 0.75 0.15625 0.75 0.15625 0.75 0.15625 0.75 0.15625 0.75 0.15625 0.75 0.15625 0.75 0.15625 0.75 0.15625 0.75 0.15625 0.75 0.15625 0.75 0.15625 0.75 0.15625 0.75 0.15625 0.75 0.15625 0.75 0.15625 0.75 0.15625 0.75 0.15625 0.75 0.15625 0.75 0.15625 0.75 0.15625 0.75 0.15625 0.75 0.15625 0.75 0.15625 0.75 0.15625 0.75 0.15625 0.75 0.15625 0.75 0.15625 0.75 0.15625 0.75 0.15625 0.75 0.15625 0.75 0.15625 0.75 0.15625 0.75 0.15625 0.75 0.15625 0.75 0.15625 0.75 0.15625 0.75 0.15625 0.75 0.15625 0.75 0.15625 0.75 0.15625 0.75 0.15625 0.75 0.15625 0.75 0.15625 0.75 0.15625 0.75 0.15625 0.75 0.15625 0.75 0.15625 0.75 0.15625 0.75 0.15625 0.75 0.15625 0.75 0.15625 0.75 0.15625 0.75 0.15625 0.75 0.15625 0.75 0.15625 0.75 0.15625 0.75 0.15625 0.75 0.15625 0.75 0.15625 0.75 0.15625 0.75 0.15625 0.75 0.15625 0.75 0.15625 0.75 0.15625 0.75 0.15625 0.75 0.15625 0.75 0.15625 0.75 0.15625 0.75 0.15625 0.75 0.15625 0.75 0.15625 0.75 0.15625 0.75 0.15625 0.75 0.15625 0.75 0.15625 0.75 0.15625 0.75 0.15625 0.75 0.15625 0.75 0.15625 0.75 0.15625 0.75 0.15625 0.75 0.15625 0.75 0.15625 0.75 0.15625 0.75 0.15625 0.75 0.15625 0.75 0.15625 0.75 0.15625 0.75 0.15625 0.75 0.15625 0.75 0.15625 0.75 0.15625 0.75 0.15625 0.75 0.15625 0.75 0.15625 0.75 0.15625 0.75 0.15625 0.75 0.15625 0.75 0.15625 0.75 0.15625 0.75</float_array>
                    <technique_common>
                        <accessor count="120" source="#uvarrayMesh20_VC1" stride="2">
                            <param name="S" type="float"/>
                            <param name="T" type="float"/>
                        </accessor>
                    </technique_common>
                </source>
                <vertices id="verticesMesh20_VC1">
                    <input semantic="POSITION" source="#pointsMesh20_VC1"/>
                </vertices>
                <polylist count="40" material="Material1">
                    <input offset="0" semantic="VERTEX" source="#verticesMesh20_VC1"/>
                    <input offset="1" semantic="TEXCOORD" source="#uvsMesh20_VC1" set="0"/>
                    <vcount>3 3 3 3 3 3 3 3 3 3 3 3 3 3 3 3 3 3 3 3 3 3 3 3 3 3 3 3 3 3 3 3 3 3 3 3 3 3 3 3</vcount>
                    <p>0 0 1 1 2 2 0 3 2 4 3 5 4 6 5 7 6 8 7 9 8 10 9 11 10 12 11 13 12 14 10 15 12 16 13 17 14 18 15 19 16 20 17 21 18 22 19 23 13 24 6 25 20 26 17 27 5 28 7 29 7 30 5 31 14 32 12 33 15 34 4 35 15 36 11 37 2 38 21 39 1 40 8 41 9 42 0 43 18 44 3 45 10 46 20 47 10 48 13 49 20 50 8 51 7 52 14 53 17 54 9 55 18 56 17 57 20 58 6 59 16 60 21 61 14 62 14 63 5 64 4 65 10 66 3 67 2 68 10 69 2 70 11 71 16 72 2 73 1 74 8 75 1 76 0 77 8 78 0 79 9 80 0 81 3 82 19 83 19 84 18 85 0 86 1 87 21 88 16 89 17 90 7 91 9 92 14 93 21 94 8 95 15 96 12 97 11 98 19 99 20 100 17 101 6 102 13 103 12 104 6 105 12 106 4 107 2 108 16 109 15 110 20 111 19 112 3 113 6 114 5 115 17 116 4 117 15 118 14 119</p>
                </polylist>
            </mesh>
        </geometry>
        <geometry id="meshMesh20_VC2">
            <mesh>
                <source id="pointsMesh20_VC2">
                    <float_array id="pointarrayMesh20_VC2" count="66">14 -41 15 14 -41 -19 48 -41 -22 48 -41 18 44 5 -22 20 35 -2 44 5 18 -6 24 -2 -6 -18 -23 -6 -18 19 67 -22 20 67 -22 -24 67 15 -11 67 15 6 14 15 -37 44 -8 -42 30 -22 -37 14 15 33 14 -22 33 30 -22 33 44 -8 38 14 -22 -37</float_array>
                    <technique_common>
                        <accessor count="22" source="#pointarrayMesh20_VC2" stride="3">
                            <param name="X" type="float"/>
                            <param name="Y" type="float"/>
                            <param name="Z" type="float"/>
                        </accessor>
                    </technique_common>
                </source>
                <source id="uvsMesh20_VC2">
                    <float_array id="uvarrayMesh20_VC2" count="240">0.40625 0.75 0.40625 0.75 0.40625 0.75 0.40625 0.75 0.40625 0.75 0.40625 0.75 0.40625 0.75 0.40625 0.75 0.40625 0.75 0.40625 0.75 0.40625 0.75 0.40625 0.75 0.40625 0.75 0.40625 0.75 0.40625 0.75 0.40625 0.75 0.40625 0.75 0.40625 0.75 0.40625 0.75 0.40625 0.75 0.40625 0.75 0.40625 0.75 0.40625 0.75 0.40625 0.75 0.40625 0.75 0.40625 0.75 0.40625 0.75 0.40625 0.75 0.40625 0.75 0.40625 0.75 0.40625 0.75 0.40625 0.75 0.40625 0.75 0.40625 0.75 0.40625 0.75 0.40625 0.75 0.40625 0.75 0.40625 0.75 0.40625 0.75 0.40625 0.75 0.40625 0.75 0.40625 0.75 0.40625 0.75 0.40625 0.75 0.40625 0.75 0.40625 0.75 0.40625 0.75 0.40625 0.75 0.40625 0.75 0.40625 0.75 0.40625 0.75 0.40625 0.75 0.40625 0.75 0.40625 0.75 0.40625 0.75 0.40625 0.75 0.40625 0.75 0.40625 0.75 0.40625 0.75 0.40625 0.75 0.40625 0.75 0.40625 0.75 0.40625 0.75 0.40625 0.75 0.40625 0.75 0.40625 0.75 0.40625 0.75 0.40625 0.75 0.40625 0.75 0.40625 0.75 0.40625 0.75 0.40625 0.75 0.40625 0.75 0.40625 0.75 0.40625 0.75 0.40625 0.75 0.40625 0.75 0.40625 0.75 0.40625 0.75 0.40625 0.75 0.40625 0.75 0.40625 0.75 0.40625 0.75 0.40625 0.75 0.40625 0.75 0.40625 0.75 0.40625 0.75 0.40625 0.75 0.40625 0.75 0.40625 0.75 0.40625 0.75 0.40625 0.75 0.40625 0.75 0.40625 0.75 0.40625 0.75 0.40625 0.75 0.40625 0.75 0.40625 0.75 0.40625 0.75 0.40625 0.75 0.40625 0.75 0.40625 0.75 0.40625 0.75 0.40625 0.75 0.40625 0.75 0.40625 0.75 0.40625 0.75 0.40625 0.75 0.40625 0.75 0.40625 0.75 0.40625 0.75 0.40625 0.75 0.40625 0.75 0.40625 0.75 0.40625 0.75 0.40625 0.75 0.40625 0.75 0.40625 0.75 0.40625 0.75 0.40625 0.75</float_array>
                    <technique_common>
                        <accessor count="120" source="#uvarrayMesh20_VC2" stride="2">
                            <param name="S" type="float"/>
                            <param name="T" type="float"/>
                        </accessor>
                    </technique_common>
                </source>
                <vertices id="verticesMesh20_VC2">
                    <input semantic="POSITION" source="#pointsMesh20_VC2"/>
                </vertices>
                <polylist count="40" material="Material1">
                    <input offset="0" semantic="VERTEX" source="#verticesMesh20_VC2"/>
                    <input offset="1" semantic="TEXCOORD" source="#uvsMesh20_VC2" set="0"/>
                    <vcount>3 3 3 3 3 3 3 3 3 3 3 3 3 3 3 3 3 3 3 3 3 3 3 3 3 3 3 3 3 3 3 3 3 3 3 3 3 3 3 3</vcount>
                    <p>0 0 1 1 2 2 0 3 2 4 3 5 4 6 5 7 6 8 7 9 8 10 9 11 10 12 11 13 12 14 10 15 12 16 13 17 14 18 15 19 16 20 17 21 18 22 19 23 13 24 6 25 20 26 17 27 5 28 7 29 7 30 5 31 14 32 12 33 15 34 4 35 15 36 11 37 2 38 21 39 1 40 8 41 9 42 0 43 18 44 3 45 10 46 20 47 10 48 13 49 20 50 8 51 7 52 14 53 17 54 9 55 18 56 17 57 20 58 6 59 16 60 21 61 14 62 14 63 5 64 4 65 10 66 3 67 2 68 10 69 2 70 11 71 16 72 2 73 1 74 8 75 1 76 0 77 8 78 0 79 9 80 0 81 3 82 19 83 19 84 18 85 0 86 1 87 21 88 16 89 17 90 7 91 9 92 14 93 21 94 8 95 15 96 12 97 11 98 19 99 20 100 17 101 6 102 13 103 12 104 6 105 12 106 4 107 2 108 16 109 15 110 20 111 19 112 3 113 6 114 5 115 17 116 4 117 15 118 14 119</p>
                </polylist>
            </mesh>
        </geometry>
        <geometry id="meshMesh21_2">
            <mesh>
                <source id="pointsMesh21_2">
                    <float_array id="pointarrayMesh21_2" count="30">53 0 17 52 17 3 -1 8 1 0 -2 9 52 10 -17 -1 4 -11 53 -11 -17 0 -8 -11 53 -18 3 0 -13 1</float_array>
                    <technique_common>
                        <accessor count="10" source="#pointarrayMesh21_2" stride="3">
                            <param name="X" type="float"/>
                            <param name="Y" type="float"/>
                            <param name="Z" type="float"/>
                        </accessor>
                    </technique_common>
                </source>
                <source id="uvsMesh21_2">
                    <float_array id="uvarrayMesh21_2" count="20">0 1 0 1 0 1 0 1 0 1 0 1 0 1 0 1 0 1 0 1</float_array>
                    <technique_common>
                        <accessor count="10" source="#uvarrayMesh21_2" stride="2">
                            <param name="S" type="float"/>
                            <param name="T" type="float"/>
                        </accessor>
                    </technique_common>
                </source>
                <vertices id="verticesMesh21_2">
                    <input semantic="POSITION" source="#pointsMesh21_2"/>
                </vertices>
                <polylist count="10" material="Material1">
                    <input offset="0" semantic="VERTEX" source="#verticesMesh21_2"/>
                    <input offset="1" semantic="TEXCOORD" source="#uvsMesh21_2" set="0"/>
                    <vcount>3 3 3 3 3 3 3 3 3 3</vcount>
                    <p>0 0 1 1 2 2 0 0 2 2 3 3 1 1 4 4 5 5 1 1 5 5 2 2 4 4 6 6 7 7 4 4 7 7 5 5 6 6 8 8 9 9 6 6 9 9 7 7 8 8 0 0 3 3 8 8 3 3 9 9</p>
                </polylist>
            </mesh>
        </geometry>
        <geometry id="meshMesh21_VC1">
            <mesh>
                <source id="pointsMesh21_VC1">
                    <float_array id="pointarrayMesh21_VC1" count="30">53 0 17 52 17 3 -1 8 1 0 -2 9 52 10 -17 -1 4 -11 53 -11 -17 0 -8 -11 53 -18 3 0 -13 1</float_array>
                    <technique_common>
                        <accessor count="10" source="#pointarrayMesh21_VC1" stride="3">
                            <param name="X" type="float"/>
                            <param name="Y" type="float"/>
                            <param name="Z" type="float"/>
                        </accessor>
                    </technique_common>
                </source>
                <source id="uvsMesh21_VC1">
                    <float_array id="uvarrayMesh21_VC1" count="60">0.15625 0.75 0.15625 0.75 0.15625 0.75 0.15625 0.75 0.15625 0.75 0.15625 0.75 0.15625 0.75 0.15625 0.75 0.15625 0.75 0.15625 0.75 0.15625 0.75 0.15625 0.75 0.15625 0.75 0.15625 0.75 0.15625 0.75 0.15625 0.75 0.15625 0.75 0.15625 0.75 0.15625 0.75 0.15625 0.75 0.15625 0.75 0.15625 0.75 0.15625 0.75 0.15625 0.75 0.15625 0.75 0.15625 0.75 0.15625 0.75 0.15625 0.75 0.15625 0.75 0.15625 0.75</float_array>
                    <technique_common>
                        <accessor count="30" source="#uvarrayMesh21_VC1" stride="2">
                            <param name="S" type="float"/>
                            <param name="T" type="float"/>
                        </accessor>
                    </technique_common>
                </source>
                <vertices id="verticesMesh21_VC1">
                    <input semantic="POSITION" source="#pointsMesh21_VC1"/>
                </vertices>
                <polylist count="10" material="Material1">
                    <input offset="0" semantic="VERTEX" source="#verticesMesh21_VC1"/>
                    <input offset="1" semantic="TEXCOORD" source="#uvsMesh21_VC1" set="0"/>
                    <vcount>3 3 3 3 3 3 3 3 3 3</vcount>
                    <p>0 0 1 1 2 2 0 3 2 4 3 5 1 6 4 7 5 8 1 9 5 10 2 11 4 12 6 13 7 14 4 15 7 16 5 17 6 18 8 19 9 20 6 21 9 22 7 23 8 24 0 25 3 26 8 27 3 28 9 29</p>
                </polylist>
            </mesh>
        </geometry>
        <geometry id="meshMesh21_VC2">
            <mesh>
                <source id="pointsMesh21_VC2">
                    <float_array id="pointarrayMesh21_VC2" count="30">53 0 17 52 17 3 -1 8 1 0 -2 9 52 10 -17 -1 4 -11 53 -11 -17 0 -8 -11 53 -18 3 0 -13 1</float_array>
                    <technique_common>
                        <accessor count="10" source="#pointarrayMesh21_VC2" stride="3">
                            <param name="X" type="float"/>
                            <param name="Y" type="float"/>
                            <param name="Z" type="float"/>
                        </accessor>
                    </technique_common>
                </source>
                <source id="uvsMesh21_VC2">
                    <float_array id="uvarrayMesh21_VC2" count="60">0.40625 0.75 0.40625 0.75 0.40625 0.75 0.40625 0.75 0.40625 0.75 0.40625 0.75 0.40625 0.75 0.40625 0.75 0.40625 0.75 0.40625 0.75 0.40625 0.75 0.40625 0.75 0.40625 0.75 0.40625 0.75 0.40625 0.75 0.40625 0.75 0.40625 0.75 0.40625 0.75 0.40625 0.75 0.40625 0.75 0.40625 0.75 0.40625 0.75 0.40625 0.75 0.40625 0.75 0.40625 0.75 0.40625 0.75 0.40625 0.75 0.40625 0.75 0.40625 0.75 0.40625 0.75</float_array>
                    <technique_common>
                        <accessor count="30" source="#uvarrayMesh21_VC2" stride="2">
                            <param name="S" type="float"/>
                            <param name="T" type="float"/>
                        </accessor>
                    </technique_common>
                </source>
                <vertices id="verticesMesh21_VC2">
                    <input semantic="POSITION" source="#pointsMesh21_VC2"/>
                </vertices>
                <polylist count="10" material="Material1">
                    <input offset="0" semantic="VERTEX" source="#verticesMesh21_VC2"/>
                    <input offset="1" semantic="TEXCOORD" source="#uvsMesh21_VC2" set="0"/>
                    <vcount>3 3 3 3 3 3 3 3 3 3</vcount>
                    <p>0 0 1 1 2 2 0 3 2 4 3 5 1 6 4 7 5 8 1 9 5 10 2 11 4 12 6 13 7 14 4 15 7 16 5 17 6 18 8 19 9 20 6 21 9 22 7 23 8 24 0 25 3 26 8 27 3 28 9 29</p>
                </polylist>
            </mesh>
        </geometry>
        <geometry id="meshMesh22_2">
            <mesh>
                <source id="pointsMesh22_2">
                    <float_array id="pointarrayMesh22_2" count="66">48 -41 -18 48 -41 22 14 -41 19 14 -41 -15 44 5 -18 20 35 2 44 5 22 -6 -18 -19 -6 -18 23 -6 24 2 67 15 -6 67 15 11 67 -22 24 67 -22 -20 30 -22 37 44 -8 42 14 15 37 30 -22 -33 14 -22 -33 14 15 -33 44 -8 -38 14 -22 37</float_array>
                    <technique_common>
                        <accessor count="22" source="#pointarrayMesh22_2" stride="3">
                            <param name="X" type="float"/>
                            <param name="Y" type="float"/>
                            <param name="Z" type="float"/>
                        </accessor>
                    </technique_common>
                </source>
                <source id="uvsMesh22_2">
                    <float_array id="uvarrayMesh22_2" count="44">0 1 0 1 0 1 0 1 0 1 0 1 0 1 0 1 0 1 0 1 0 1 0 1 0 1 0 1 0 1 0 1 0 1 0 1 0 1 0 1 0 1 0 1</float_array>
                    <technique_common>
                        <accessor count="22" source="#uvarrayMesh22_2" stride="2">
                            <param name="S" type="float"/>
                            <param name="T" type="float"/>
                        </accessor>
                    </technique_common>
                </source>
                <vertices id="verticesMesh22_2">
                    <input semantic="POSITION" source="#pointsMesh22_2"/>
                </vertices>
                <polylist count="40" material="Material1">
                    <input offset="0" semantic="VERTEX" source="#verticesMesh22_2"/>
                    <input offset="1" semantic="TEXCOORD" source="#uvsMesh22_2" set="0"/>
                    <vcount>3 3 3 3 3 3 3 3 3 3 3 3 3 3 3 3 3 3 3 3 3 3 3 3 3 3 3 3 3 3 3 3 3 3 3 3 3 3 3 3</vcount>
                    <p>0 0 1 1 2 2 0 0 2 2 3 3 4 4 5 5 6 6 7 7 8 8 9 9 10 10 11 11 12 12 10 10 12 12 13 13 14 14 15 15 16 16 17 17 18 18 19 19 20 20 4 4 10 10 9 9 5 5 19 19 16 16 5 5 9 9 6 6 15 15 11 11 1 1 12 12 15 15 8 8 2 2 21 21 18 18 3 3 7 7 20 20 13 13 0 0 20 20 10 10 13 13 16 16 9 9 8 8 18 18 7 7 19 19 4 4 20 20 19 19 16 16 21 21 14 14 6 6 5 5 16 16 12 12 1 1 0 0 12 12 0 0 13 13 2 2 1 1 14 14 7 7 3 3 2 2 7 7 2 2 8 8 17 17 0 0 3 3 3 3 18 18 17 17 14 14 21 21 2 2 7 7 9 9 19 19 8 8 21 21 16 16 12 12 11 11 15 15 19 19 20 20 17 17 6 6 11 11 10 10 6 6 10 10 4 4 15 15 14 14 1 1 0 0 17 17 20 20 19 19 5 5 4 4 16 16 15 15 6 6</p>
                </polylist>
            </mesh>
        </geometry>
        <geometry id="meshMesh22_VC1">
            <mesh>
                <source id="pointsMesh22_VC1">
                    <float_array id="pointarrayMesh22_VC1" count="66">48 -41 -18 48 -41 22 14 -41 19 14 -41 -15 44 5 -18 20 35 2 44 5 22 -6 -18 -19 -6 -18 23 -6 24 2 67 15 -6 67 15 11 67 -22 24 67 -22 -20 30 -22 37 44 -8 42 14 15 37 30 -22 -33 14 -22 -33 14 15 -33 44 -8 -38 14 -22 37</float_array>
                    <technique_common>
                        <accessor count="22" source="#pointarrayMesh22_VC1" stride="3">
                            <param name="X" type="float"/>
                            <param name="Y" type="float"/>
                            <param name="Z" type="float"/>
                        </accessor>
                    </technique_common>
                </source>
                <source id="uvsMesh22_VC1">
                    <float_array id="uvarrayMesh22_VC1" count="240">0.15625 0.75 0.15625 0.75 0.15625 0.75 0.15625 0.75 0.15625 0.75 0.15625 0.75 0.15625 0.75 0.15625 0.75 0.15625 0.75 0.15625 0.75 0.15625 0.75 0.15625 0.75 0.15625 0.75 0.15625 0.75 0.15625 0.75 0.15625 0.75 0.15625 0.75 0.15625 0.75 0.15625 0.75 0.15625 0.75 0.15625 0.75 0.15625 0.75 0.15625 0.75 0.15625 0.75 0.15625 0.75 0.15625 0.75 0.15625 0.75 0.15625 0.75 0.15625 0.75 0.15625 0.75 0.15625 0.75 0.15625 0.75 0.15625 0.75 0.15625 0.75 0.15625 0.75 0.15625 0.75 0.15625 0.75 0.15625 0.75 0.15625 0.75 0.15625 0.75 0.15625 0.75 0.15625 0.75 0.15625 0.75 0.15625 0.75 0.15625 0.75 0.15625 0.75 0.15625 0.75 0.15625 0.75 0.15625 0.75 0.15625 0.75 0.15625 0.75 0.15625 0.75 0.15625 0.75 0.15625 0.75 0.15625 0.75 0.15625 0.75 0.15625 0.75 0.15625 0.75 0.15625 0.75 0.15625 0.75 0.15625 0.75 0.15625 0.75 0.15625 0.75 0.15625 0.75 0.15625 0.75 0.15625 0.75 0.15625 0.75 0.15625 0.75 0.15625 0.75 0.15625 0.75 0.15625 0.75 0.15625 0.75 0.15625 0.75 0.15625 0.75 0.15625 0.75 0.15625 0.75 0.15625 0.75 0.15625 0.75 0.15625 0.75 0.15625 0.75 0.15625 0.75 0.15625 0.75 0.15625 0.75 0.15625 0.75 0.15625 0.75 0.15625 0.75 0.15625 0.75 0.15625 0.75 0.15625 0.75 0.15625 0.75 0.15625 0.75 0.15625 0.75 0.15625 0.75 0.15625 0.75 0.15625 0.75 0.15625 0.75 0.15625 0.75 0.15625 0.75 0.15625 0.75 0.15625 0.75 0.15625 0.75 0.15625 0.75 0.15625 0.75 0.15625 0.75 0.15625 0.75 0.15625 0.75 0.15625 0.75 0.15625 0.75 0.15625 0.75 0.15625 0.75 0.15625 0.75 0.15625 0.75 0.15625 0.75 0.15625 0.75 0.15625 0.75 0.15625 0.75 0.15625 0.75 0.15625 0.75 0.15625 0.75 0.15625 0.75</float_array>
                    <technique_common>
                        <accessor count="120" source="#uvarrayMesh22_VC1" stride="2">
                            <param name="S" type="float"/>
                            <param name="T" type="float"/>
                        </accessor>
                    </technique_common>
                </source>
                <vertices id="verticesMesh22_VC1">
                    <input semantic="POSITION" source="#pointsMesh22_VC1"/>
                </vertices>
                <polylist count="40" material="Material1">
                    <input offset="0" semantic="VERTEX" source="#verticesMesh22_VC1"/>
                    <input offset="1" semantic="TEXCOORD" source="#uvsMesh22_VC1" set="0"/>
                    <vcount>3 3 3 3 3 3 3 3 3 3 3 3 3 3 3 3 3 3 3 3 3 3 3 3 3 3 3 3 3 3 3 3 3 3 3 3 3 3 3 3</vcount>
                    <p>0 0 1 1 2 2 0 3 2 4 3 5 4 6 5 7 6 8 7 9 8 10 9 11 10 12 11 13 12 14 10 15 12 16 13 17 14 18 15 19 16 20 17 21 18 22 19 23 20 24 4 25 10 26 9 27 5 28 19 29 16 30 5 31 9 32 6 33 15 34 11 35 1 36 12 37 15 38 8 39 2 40 21 41 18 42 3 43 7 44 20 45 13 46 0 47 20 48 10 49 13 50 16 51 9 52 8 53 18 54 7 55 19 56 4 57 20 58 19 59 16 60 21 61 14 62 6 63 5 64 16 65 12 66 1 67 0 68 12 69 0 70 13 71 2 72 1 73 14 74 7 75 3 76 2 77 7 78 2 79 8 80 17 81 0 82 3 83 3 84 18 85 17 86 14 87 21 88 2 89 7 90 9 91 19 92 8 93 21 94 16 95 12 96 11 97 15 98 19 99 20 100 17 101 6 102 11 103 10 104 6 105 10 106 4 107 15 108 14 109 1 110 0 111 17 112 20 113 19 114 5 115 4 116 16 117 15 118 6 119</p>
                </polylist>
            </mesh>
        </geometry>
        <geometry id="meshMesh22_VC2">
            <mesh>
                <source id="pointsMesh22_VC2">
                    <float_array id="pointarrayMesh22_VC2" count="66">48 -41 -18 48 -41 22 14 -41 19 14 -41 -15 44 5 -18 20 35 2 44 5 22 -6 -18 -19 -6 -18 23 -6 24 2 67 15 -6 67 15 11 67 -22 24 67 -22 -20 30 -22 37 44 -8 42 14 15 37 30 -22 -33 14 -22 -33 14 15 -33 44 -8 -38 14 -22 37</float_array>
                    <technique_common>
                        <accessor count="22" source="#pointarrayMesh22_VC2" stride="3">
                            <param name="X" type="float"/>
                            <param name="Y" type="float"/>
                            <param name="Z" type="float"/>
                        </accessor>
                    </technique_common>
                </source>
                <source id="uvsMesh22_VC2">
                    <float_array id="uvarrayMesh22_VC2" count="240">0.40625 0.75 0.40625 0.75 0.40625 0.75 0.40625 0.75 0.40625 0.75 0.40625 0.75 0.40625 0.75 0.40625 0.75 0.40625 0.75 0.40625 0.75 0.40625 0.75 0.40625 0.75 0.40625 0.75 0.40625 0.75 0.40625 0.75 0.40625 0.75 0.40625 0.75 0.40625 0.75 0.40625 0.75 0.40625 0.75 0.40625 0.75 0.40625 0.75 0.40625 0.75 0.40625 0.75 0.40625 0.75 0.40625 0.75 0.40625 0.75 0.40625 0.75 0.40625 0.75 0.40625 0.75 0.40625 0.75 0.40625 0.75 0.40625 0.75 0.40625 0.75 0.40625 0.75 0.40625 0.75 0.40625 0.75 0.40625 0.75 0.40625 0.75 0.40625 0.75 0.40625 0.75 0.40625 0.75 0.40625 0.75 0.40625 0.75 0.40625 0.75 0.40625 0.75 0.40625 0.75 0.40625 0.75 0.40625 0.75 0.40625 0.75 0.40625 0.75 0.40625 0.75 0.40625 0.75 0.40625 0.75 0.40625 0.75 0.40625 0.75 0.40625 0.75 0.40625 0.75 0.40625 0.75 0.40625 0.75 0.40625 0.75 0.40625 0.75 0.40625 0.75 0.40625 0.75 0.40625 0.75 0.40625 0.75 0.40625 0.75 0.40625 0.75 0.40625 0.75 0.40625 0.75 0.40625 0.75 0.40625 0.75 0.40625 0.75 0.40625 0.75 0.40625 0.75 0.40625 0.75 0.40625 0.75 0.40625 0.75 0.40625 0.75 0.40625 0.75 0.40625 0.75 0.40625 0.75 0.40625 0.75 0.40625 0.75 0.40625 0.75 0.40625 0.75 0.40625 0.75 0.40625 0.75 0.40625 0.75 0.40625 0.75 0.40625 0.75 0.40625 0.75 0.40625 0.75 0.40625 0.75 0.40625 0.75 0.40625 0.75 0.40625 0.75 0.40625 0.75 0.40625 0.75 0.40625 0.75 0.40625 0.75 0.40625 0.75 0.40625 0.75 0.40625 0.75 0.40625 0.75 0.40625 0.75 0.40625 0.75 0.40625 0.75 0.40625 0.75 0.40625 0.75 0.40625 0.75 0.40625 0.75 0.40625 0.75 0.40625 0.75 0.40625 0.75 0.40625 0.75 0.40625 0.75 0.40625 0.75 0.40625 0.75 0.40625 0.75</float_array>
                    <technique_common>
                        <accessor count="120" source="#uvarrayMesh22_VC2" stride="2">
                            <param name="S" type="float"/>
                            <param name="T" type="float"/>
                        </accessor>
                    </technique_common>
                </source>
                <vertices id="verticesMesh22_VC2">
                    <input semantic="POSITION" source="#pointsMesh22_VC2"/>
                </vertices>
                <polylist count="40" material="Material1">
                    <input offset="0" semantic="VERTEX" source="#verticesMesh22_VC2"/>
                    <input offset="1" semantic="TEXCOORD" source="#uvsMesh22_VC2" set="0"/>
                    <vcount>3 3 3 3 3 3 3 3 3 3 3 3 3 3 3 3 3 3 3 3 3 3 3 3 3 3 3 3 3 3 3 3 3 3 3 3 3 3 3 3</vcount>
                    <p>0 0 1 1 2 2 0 3 2 4 3 5 4 6 5 7 6 8 7 9 8 10 9 11 10 12 11 13 12 14 10 15 12 16 13 17 14 18 15 19 16 20 17 21 18 22 19 23 20 24 4 25 10 26 9 27 5 28 19 29 16 30 5 31 9 32 6 33 15 34 11 35 1 36 12 37 15 38 8 39 2 40 21 41 18 42 3 43 7 44 20 45 13 46 0 47 20 48 10 49 13 50 16 51 9 52 8 53 18 54 7 55 19 56 4 57 20 58 19 59 16 60 21 61 14 62 6 63 5 64 16 65 12 66 1 67 0 68 12 69 0 70 13 71 2 72 1 73 14 74 7 75 3 76 2 77 7 78 2 79 8 80 17 81 0 82 3 83 3 84 18 85 17 86 14 87 21 88 2 89 7 90 9 91 19 92 8 93 21 94 16 95 12 96 11 97 15 98 19 99 20 100 17 101 6 102 11 103 10 104 6 105 10 106 4 107 15 108 14 109 1 110 0 111 17 112 20 113 19 114 5 115 4 116 16 117 15 118 6 119</p>
                </polylist>
            </mesh>
        </geometry>
    </library_geometries>
    <library_visual_scenes>
        <visual_scene id="VisualSceneNode">
            <node id="node_Node0" name="Node0_shadow">
                <node id="node_Node1" name="Node1_scale">
                    <scale sid="scale">0.25 0.25 0.25</scale>
                    <node id="node_Node2" name="Node2_part">
                        <translate sid="translate">0 136 -13</translate>
                        <rotate sid="rotateY">0 1 0 90</rotate>
                        <node id="node_Node3" name="Node3_part">
                            <rotate sid="rotateZ">0 0 1 150</rotate>
                            <node id="node_Mesh0_1" name="Mesh0">
                                <instance_geometry url="#meshMesh0_1">
                                    <bind_material>
                                        <technique_common>
                                            <instance_material symbol="Material1" target="#mat0">
                                                <bind_vertex_input semantic="UVSET0" input_semantic="TEXCOORD" input_set="0"/>
                                            </instance_material>
                                        </technique_common>
                                    </bind_material>
                                </instance_geometry>
                            </node>
                            <node id="node_Mesh0_VC2" name="Mesh0_VC_shade">
                                <instance_geometry url="#meshMesh0_VC2">
                                    <bind_material>
                                        <technique_common>
                                            <instance_material symbol="Material1" target="#mat9">
                                                <bind_vertex_input semantic="UVSET0" input_semantic="TEXCOORD" input_set="0"/>
                                            </instance_material>
                                        </technique_common>
                                    </bind_material>
                                </instance_geometry>
                            </node>
                            <node id="node_Mesh1_1" name="Mesh1">
                                <instance_geometry url="#meshMesh1_1">
                                    <bind_material>
                                        <technique_common>
                                            <instance_material symbol="Material1" target="#mat1">
                                                <bind_vertex_input semantic="UVSET0" input_semantic="TEXCOORD" input_set="0"/>
                                            </instance_material>
                                        </technique_common>
                                    </bind_material>
                                </instance_geometry>
                            </node>
                            <node id="node_Mesh1_VC2" name="Mesh1_VC_shade">
                                <instance_geometry url="#meshMesh1_VC2">
                                    <bind_material>
                                        <technique_common>
                                            <instance_material symbol="Material1" target="#mat9">
                                                <bind_vertex_input semantic="UVSET0" input_semantic="TEXCOORD" input_set="0"/>
                                            </instance_material>
                                        </technique_common>
                                    </bind_material>
                                </instance_geometry>
                            </node>
                            <node id="node_Mesh2_VC1" name="Mesh2_VC">
                                <instance_geometry url="#meshMesh2_VC1">
                                    <bind_material>
                                        <technique_common>
                                            <instance_material symbol="Material1" target="#mat9">
                                                <bind_vertex_input semantic="UVSET0" input_semantic="TEXCOORD" input_set="0"/>
                                            </instance_material>
                                        </technique_common>
                                    </bind_material>
                                </instance_geometry>
                            </node>
                            <node id="node_Mesh2_VC2" name="Mesh2_VC_shade">
                                <instance_geometry url="#meshMesh2_VC2">
                                    <bind_material>
                                        <technique_common>
                                            <instance_material symbol="Material1" target="#mat9">
                                                <bind_vertex_input semantic="UVSET0" input_semantic="TEXCOORD" input_set="0"/>
                                            </instance_material>
                                        </technique_common>
                                    </bind_material>
                                </instance_geometry>
                            </node>
                            <node id="node_Node4" name="Node4_switch">
                                <node id="node_Node5" name="Node5_part">
                                    <translate sid="translate">114 0 0</translate>
                                    <rotate sid="rotateZ">0 0 1 -25</rotate>
                                    <node id="node_Mesh3_1" name="Mesh3">
                                        <instance_geometry url="#meshMesh3_1">
                                            <bind_material>
                                                <technique_common>
                                                    <instance_material symbol="Material1" target="#mat3">
                                                        <bind_vertex_input semantic="UVSET0" input_semantic="TEXCOORD" input_set="0"/>
                                                    </instance_material>
                                                </technique_common>
                                            </bind_material>
                                        </instance_geometry>
                                    </node>
                                    <node id="node_Mesh3_VC2" name="Mesh3_VC_shade">
                                        <instance_geometry url="#meshMesh3_VC2">
                                            <bind_material>
                                                <technique_common>
                                                    <instance_material symbol="Material1" target="#mat9">
                                                        <bind_vertex_input semantic="UVSET0" input_semantic="TEXCOORD" input_set="0"/>
                                                    </instance_material>
                                                </technique_common>
                                            </bind_material>
                                        </instance_geometry>
                                    </node>
                                    <node id="node_Mesh4_1" name="Mesh4">
                                        <instance_geometry url="#meshMesh4_1">
                                            <bind_material>
                                                <technique_common>
                                                    <instance_material symbol="Material1" target="#mat4">
                                                        <bind_vertex_input semantic="UVSET0" input_semantic="TEXCOORD" input_set="0"/>
                                                    </instance_material>
                                                </technique_common>
                                            </bind_material>
                                        </instance_geometry>
                                    </node>
                                    <node id="node_Mesh4_VC2" name="Mesh4_VC_shade">
                                        <instance_geometry url="#meshMesh4_VC2">
                                            <bind_material>
                                                <technique_common>
                                                    <instance_material symbol="Material1" target="#mat9">
                                                        <bind_vertex_input semantic="UVSET0" input_semantic="TEXCOORD" input_set="0"/>
                                                    </instance_material>
                                                </technique_common>
                                            </bind_material>
                                        </instance_geometry>
                                    </node>
                                    <node id="node_Mesh5_1" name="Mesh5">
                                        <instance_geometry url="#meshMesh5_1">
                                            <bind_material>
                                                <technique_common>
                                                    <instance_material symbol="Material1" target="#mat5">
                                                        <bind_vertex_input semantic="UVSET0" input_semantic="TEXCOORD" input_set="0"/>
                                                    </instance_material>
                                                </technique_common>
                                            </bind_material>
                                        </instance_geometry>
                                    </node>
                                    <node id="node_Mesh5_VC2" name="Mesh5_VC_shade">
                                        <instance_geometry url="#meshMesh5_VC2">
                                            <bind_material>
                                                <technique_common>
                                                    <instance_material symbol="Material1" target="#mat9">
                                                        <bind_vertex_input semantic="UVSET0" input_semantic="TEXCOORD" input_set="0"/>
                                                    </instance_material>
                                                </technique_common>
                                            </bind_material>
                                        </instance_geometry>
                                    </node>
                                    <node id="node_Mesh6_VC1" name="Mesh6_VC">
                                        <instance_geometry url="#meshMesh6_VC1">
                                            <bind_material>
                                                <technique_common>
                                                    <instance_material symbol="Material1" target="#mat9">
                                                        <bind_vertex_input semantic="UVSET0" input_semantic="TEXCOORD" input_set="0"/>
                                                    </instance_material>
                                                </technique_common>
                                            </bind_material>
                                        </instance_geometry>
                                    </node>
                                    <node id="node_Mesh6_VC2" name="Mesh6_VC_shade">
                                        <instance_geometry url="#meshMesh6_VC2">
                                            <bind_material>
                                                <technique_common>
                                                    <instance_material symbol="Material1" target="#mat9">
                                                        <bind_vertex_input semantic="UVSET0" input_semantic="TEXCOORD" input_set="0"/>
                                                    </instance_material>
                                                </technique_common>
                                            </bind_material>
                                        </instance_geometry>
                                    </node>
                                </node>
                                <node id="node_Node6" name="Node6_part">
                                    <translate sid="translate">114 0 0</translate>
                                    <rotate sid="rotateZ">0 0 1 -25</rotate>
                                    <node id="node_Mesh7_1" name="Mesh7">
                                        <instance_geometry url="#meshMesh7_1">
                                            <bind_material>
                                                <technique_common>
                                                    <instance_material symbol="Material1" target="#mat6">
                                                        <bind_vertex_input semantic="UVSET0" input_semantic="TEXCOORD" input_set="0"/>
                                                    </instance_material>
                                                </technique_common>
                                            </bind_material>
                                        </instance_geometry>
                                    </node>
                                    <node id="node_Mesh7_VC2" name="Mesh7_VC_shade">
                                        <instance_geometry url="#meshMesh7_VC2">
                                            <bind_material>
                                                <technique_common>
                                                    <instance_material symbol="Material1" target="#mat9">
                                                        <bind_vertex_input semantic="UVSET0" input_semantic="TEXCOORD" input_set="0"/>
                                                    </instance_material>
                                                </technique_common>
                                            </bind_material>
                                        </instance_geometry>
                                    </node>
                                    <node id="node_Mesh8_1" name="Mesh8">
                                        <instance_geometry url="#meshMesh8_1">
                                            <bind_material>
                                                <technique_common>
                                                    <instance_material symbol="Material1" target="#mat4">
                                                        <bind_vertex_input semantic="UVSET0" input_semantic="TEXCOORD" input_set="0"/>
                                                    </instance_material>
                                                </technique_common>
                                            </bind_material>
                                        </instance_geometry>
                                    </node>
                                    <node id="node_Mesh8_VC2" name="Mesh8_VC_shade">
                                        <instance_geometry url="#meshMesh8_VC2">
                                            <bind_material>
                                                <technique_common>
                                                    <instance_material symbol="Material1" target="#mat9">
                                                        <bind_vertex_input semantic="UVSET0" input_semantic="TEXCOORD" input_set="0"/>
                                                    </instance_material>
                                                </technique_common>
                                            </bind_material>
                                        </instance_geometry>
                                    </node>
                                    <node id="node_Mesh9_1" name="Mesh9">
                                        <instance_geometry url="#meshMesh9_1">
                                            <bind_material>
                                                <technique_common>
                                                    <instance_material symbol="Material1" target="#mat5">
                                                        <bind_vertex_input semantic="UVSET0" input_semantic="TEXCOORD" input_set="0"/>
                                                    </instance_material>
                                                </technique_common>
                                            </bind_material>
                                        </instance_geometry>
                                    </node>
                                    <node id="node_Mesh9_VC2" name="Mesh9_VC_shade">
                                        <instance_geometry url="#meshMesh9_VC2">
                                            <bind_material>
                                                <technique_common>
                                                    <instance_material symbol="Material1" target="#mat9">
                                                        <bind_vertex_input semantic="UVSET0" input_semantic="TEXCOORD" input_set="0"/>
                                                    </instance_material>
                                                </technique_common>
                                            </bind_material>
                                        </instance_geometry>
                                    </node>
                                    <node id="node_Mesh10_VC1" name="Mesh10_VC">
                                        <instance_geometry url="#meshMesh10_VC1">
                                            <bind_material>
                                                <technique_common>
                                                    <instance_material symbol="Material1" target="#mat9">
                                                        <bind_vertex_input semantic="UVSET0" input_semantic="TEXCOORD" input_set="0"/>
                                                    </instance_material>
                                                </technique_common>
                                            </bind_material>
                                        </instance_geometry>
                                    </node>
                                    <node id="node_Mesh10_VC2" name="Mesh10_VC_shade">
                                        <instance_geometry url="#meshMesh10_VC2">
                                            <bind_material>
                                                <technique_common>
                                                    <instance_material symbol="Material1" target="#mat9">
                                                        <bind_vertex_input semantic="UVSET0" input_semantic="TEXCOORD" input_set="0"/>
                                                    </instance_material>
                                                </technique_common>
                                            </bind_material>
                                        </instance_geometry>
                                    </node>
                                </node>
                            </node>
                            <node id="node_Node7" name="Node7_part">
                                <translate sid="translate">-29 39 60</translate>
                                <rotate sid="rotateZ">0 0 1 -150</rotate>
                                <node id="node_Node8" name="Node8_part">
                                    <rotate sid="rotateZ">0 0 1 -90</rotate>
                                    <node id="node_Mesh11_VC1" name="Mesh11_VC">
                                        <instance_geometry url="#meshMesh11_VC1">
                                            <bind_material>
                                                <technique_common>
                                                    <instance_material symbol="Material1" target="#mat9">
                                                        <bind_vertex_input semantic="UVSET0" input_semantic="TEXCOORD" input_set="0"/>
                                                    </instance_material>
                                                </technique_common>
                                            </bind_material>
                                        </instance_geometry>
                                    </node>
                                    <node id="node_Mesh11_VC2" name="Mesh11_VC_shade">
                                        <instance_geometry url="#meshMesh11_VC2">
                                            <bind_material>
                                                <technique_common>
                                                    <instance_material symbol="Material1" target="#mat9">
                                                        <bind_vertex_input semantic="UVSET0" input_semantic="TEXCOORD" input_set="0"/>
                                                    </instance_material>
                                                </technique_common>
                                            </bind_material>
                                        </instance_geometry>
                                    </node>
                                    <node id="node_Node9" name="Node9_part">
                                        <translate sid="translate">60 0 0</translate>
                                        <node id="node_Mesh12_1" name="Mesh12">
                                            <instance_geometry url="#meshMesh12_1">
                                                <bind_material>
                                                    <technique_common>
                                                        <instance_material symbol="Material1" target="#mat7">
                                                            <bind_vertex_input semantic="UVSET0" input_semantic="TEXCOORD" input_set="0"/>
                                                        </instance_material>
                                                    </technique_common>
                                                </bind_material>
                                            </instance_geometry>
                                        </node>
                                        <node id="node_Mesh12_VC2" name="Mesh12_VC_shade">
                                            <instance_geometry url="#meshMesh12_VC2">
                                                <bind_material>
                                                    <technique_common>
                                                        <instance_material symbol="Material1" target="#mat9">
                                                            <bind_vertex_input semantic="UVSET0" input_semantic="TEXCOORD" input_set="0"/>
                                                        </instance_material>
                                                    </technique_common>
                                                </bind_material>
                                            </instance_geometry>
                                        </node>
                                        <node id="node_Mesh13_1" name="Mesh13">
                                            <instance_geometry url="#meshMesh13_1">
                                                <bind_material>
                                                    <technique_common>
                                                        <instance_material symbol="Material1" target="#mat8">
                                                            <bind_vertex_input semantic="UVSET0" input_semantic="TEXCOORD" input_set="0"/>
                                                        </instance_material>
                                                    </technique_common>
                                                </bind_material>
                                            </instance_geometry>
                                        </node>
                                        <node id="node_Mesh13_VC2" name="Mesh13_VC_shade">
                                            <instance_geometry url="#meshMesh13_VC2">
                                                <bind_material>
                                                    <technique_common>
                                                        <instance_material symbol="Material1" target="#mat9">
                                                            <bind_vertex_input semantic="UVSET0" input_semantic="TEXCOORD" input_set="0"/>
                                                        </instance_material>
                                                    </technique_common>
                                                </bind_material>
                                            </instance_geometry>
                                        </node>
                                        <node id="node_Mesh14_VC1" name="Mesh14_VC">
                                            <instance_geometry url="#meshMesh14_VC1">
                                                <bind_material>
                                                    <technique_common>
                                                        <instance_material symbol="Material1" target="#mat9">
                                                            <bind_vertex_input semantic="UVSET0" input_semantic="TEXCOORD" input_set="0"/>
                                                        </instance_material>
                                                    </technique_common>
                                                </bind_material>
                                            </instance_geometry>
                                        </node>
                                        <node id="node_Mesh14_VC2" name="Mesh14_VC_shade">
                                            <instance_geometry url="#meshMesh14_VC2">
                                                <bind_material>
                                                    <technique_common>
                                                        <instance_material symbol="Material1" target="#mat9">
                                                            <bind_vertex_input semantic="UVSET0" input_semantic="TEXCOORD" input_set="0"/>
                                                        </instance_material>
                                                    </technique_common>
                                                </bind_material>
                                            </instance_geometry>
                                        </node>
                                    </node>
                                </node>
                            </node>
                            <node id="node_Node10" name="Node10_part">
                                <translate sid="translate">-29 39 -60</translate>
                                <rotate sid="rotateZ">0 0 1 -150</rotate>
                                <node id="node_Node11" name="Node11_part">
                                    <rotate sid="rotateZ">0 0 1 -90</rotate>
                                    <node id="node_Mesh15_VC1" name="Mesh15_VC">
                                        <instance_geometry url="#meshMesh15_VC1">
                                            <bind_material>
                                                <technique_common>
                                                    <instance_material symbol="Material1" target="#mat9">
                                                        <bind_vertex_input semantic="UVSET0" input_semantic="TEXCOORD" input_set="0"/>
                                                    </instance_material>
                                                </technique_common>
                                            </bind_material>
                                        </instance_geometry>
                                    </node>
                                    <node id="node_Mesh15_VC2" name="Mesh15_VC_shade">
                                        <instance_geometry url="#meshMesh15_VC2">
                                            <bind_material>
                                                <technique_common>
                                                    <instance_material symbol="Material1" target="#mat9">
                                                        <bind_vertex_input semantic="UVSET0" input_semantic="TEXCOORD" input_set="0"/>
                                                    </instance_material>
                                                </technique_common>
                                            </bind_material>
                                        </instance_geometry>
                                    </node>
                                    <node id="node_Node12" name="Node12_part">
                                        <translate sid="translate">60 0 0</translate>
                                        <node id="node_Mesh16_1" name="Mesh16">
                                            <instance_geometry url="#meshMesh16_1">
                                                <bind_material>
                                                    <technique_common>
                                                        <instance_material symbol="Material1" target="#mat7">
                                                            <bind_vertex_input semantic="UVSET0" input_semantic="TEXCOORD" input_set="0"/>
                                                        </instance_material>
                                                    </technique_common>
                                                </bind_material>
                                            </instance_geometry>
                                        </node>
                                        <node id="node_Mesh16_VC2" name="Mesh16_VC_shade">
                                            <instance_geometry url="#meshMesh16_VC2">
                                                <bind_material>
                                                    <technique_common>
                                                        <instance_material symbol="Material1" target="#mat9">
                                                            <bind_vertex_input semantic="UVSET0" input_semantic="TEXCOORD" input_set="0"/>
                                                        </instance_material>
                                                    </technique_common>
                                                </bind_material>
                                            </instance_geometry>
                                        </node>
                                        <node id="node_Mesh17_1" name="Mesh17">
                                            <instance_geometry url="#meshMesh17_1">
                                                <bind_material>
                                                    <technique_common>
                                                        <instance_material symbol="Material1" target="#mat8">
                                                            <bind_vertex_input semantic="UVSET0" input_semantic="TEXCOORD" input_set="0"/>
                                                        </instance_material>
                                                    </technique_common>
                                                </bind_material>
                                            </instance_geometry>
                                        </node>
                                        <node id="node_Mesh17_VC2" name="Mesh17_VC_shade">
                                            <instance_geometry url="#meshMesh17_VC2">
                                                <bind_material>
                                                    <technique_common>
                                                        <instance_material symbol="Material1" target="#mat9">
                                                            <bind_vertex_input semantic="UVSET0" input_semantic="TEXCOORD" input_set="0"/>
                                                        </instance_material>
                                                    </technique_common>
                                                </bind_material>
                                            </instance_geometry>
                                        </node>
                                        <node id="node_Mesh18_VC1" name="Mesh18_VC">
                                            <instance_geometry url="#meshMesh18_VC1">
                                                <bind_material>
                                                    <technique_common>
                                                        <instance_material symbol="Material1" target="#mat9">
                                                            <bind_vertex_input semantic="UVSET0" input_semantic="TEXCOORD" input_set="0"/>
                                                        </instance_material>
                                                    </technique_common>
                                                </bind_material>
                                            </instance_geometry>
                                        </node>
                                        <node id="node_Mesh18_VC2" name="Mesh18_VC_shade">
                                            <instance_geometry url="#meshMesh18_VC2">
                                                <bind_material>
                                                    <technique_common>
                                                        <instance_material symbol="Material1" target="#mat9">
                                                            <bind_vertex_input semantic="UVSET0" input_semantic="TEXCOORD" input_set="0"/>
                                                        </instance_material>
                                                    </technique_common>
                                                </bind_material>
                                            </instance_geometry>
                                        </node>
                                    </node>
                                </node>
                            </node>
                            <node id="node_Node13" name="Node13_part">
                                <translate sid="translate">55 25 -73</translate>
                                <rotate sid="rotateZ">0 0 1 -150</rotate>
                                <node id="node_Node14" name="Node14_part">
                                    <rotate sid="rotateZ">0 0 1 180</rotate>
                                    <rotate sid="rotateY">0 1 0 90</rotate>
                                    <node id="node_Mesh19_VC1" name="Mesh19_VC">
                                        <instance_geometry url="#meshMesh19_VC1">
                                            <bind_material>
                                                <technique_common>
                                                    <instance_material symbol="Material1" target="#mat9">
                                                        <bind_vertex_input semantic="UVSET0" input_semantic="TEXCOORD" input_set="0"/>
                                                    </instance_material>
                                                </technique_common>
                                            </bind_material>
                                        </instance_geometry>
                                    </node>
                                    <node id="node_Mesh19_VC2" name="Mesh19_VC_shade">
                                        <instance_geometry url="#meshMesh19_VC2">
                                            <bind_material>
                                                <technique_common>
                                                    <instance_material symbol="Material1" target="#mat9">
                                                        <bind_vertex_input semantic="UVSET0" input_semantic="TEXCOORD" input_set="0"/>
                                                    </instance_material>
                                                </technique_common>
                                            </bind_material>
                                        </instance_geometry>
                                    </node>
                                    <node id="node_Node15" name="Node15_part">
                                        <translate sid="translate">54 0 0</translate>
                                        <node id="node_Mesh20_VC1" name="Mesh20_VC">
                                            <instance_geometry url="#meshMesh20_VC1">
                                                <bind_material>
                                                    <technique_common>
                                                        <instance_material symbol="Material1" target="#mat9">
                                                            <bind_vertex_input semantic="UVSET0" input_semantic="TEXCOORD" input_set="0"/>
                                                        </instance_material>
                                                    </technique_common>
                                                </bind_material>
                                            </instance_geometry>
                                        </node>
                                        <node id="node_Mesh20_VC2" name="Mesh20_VC_shade">
                                            <instance_geometry url="#meshMesh20_VC2">
                                                <bind_material>
                                                    <technique_common>
                                                        <instance_material symbol="Material1" target="#mat9">
                                                            <bind_vertex_input semantic="UVSET0" input_semantic="TEXCOORD" input_set="0"/>
                                                        </instance_material>
                                                    </technique_common>
                                                </bind_material>
                                            </instance_geometry>
                                        </node>
                                    </node>
                                </node>
                            </node>
                            <node id="node_Node16" name="Node16_part">
                                <translate sid="translate">55 25 74</translate>
                                <rotate sid="rotateZ">0 0 1 -150</rotate>
                                <node id="node_Node17" name="Node17_part">
                                    <rotate sid="rotateZ">0 0 1 180</rotate>
                                    <rotate sid="rotateY">0 1 0 -90</rotate>
                                    <node id="node_Mesh21_VC1" name="Mesh21_VC">
                                        <instance_geometry url="#meshMesh21_VC1">
                                            <bind_material>
                                                <technique_common>
                                                    <instance_material symbol="Material1" target="#mat9">
                                                        <bind_vertex_input semantic="UVSET0" input_semantic="TEXCOORD" input_set="0"/>
                                                    </instance_material>
                                                </technique_common>
                                            </bind_material>
                                        </instance_geometry>
                                    </node>
                                    <node id="node_Mesh21_VC2" name="Mesh21_VC_shade">
                                        <instance_geometry url="#meshMesh21_VC2">
                                            <bind_material>
                                                <technique_common>
                                                    <instance_material symbol="Material1" target="#mat9">
                                                        <bind_vertex_input semantic="UVSET0" input_semantic="TEXCOORD" input_set="0"/>
                                                    </instance_material>
                                                </technique_common>
                                            </bind_material>
                                        </instance_geometry>
                                    </node>
                                    <node id="node_Node18" name="Node18_part">
                                        <translate sid="translate">54 0 0</translate>
                                        <node id="node_Mesh22_VC1" name="Mesh22_VC">
                                            <instance_geometry url="#meshMesh22_VC1">
                                                <bind_material>
                                                    <technique_common>
                                                        <instance_material symbol="Material1" target="#mat9">
                                                            <bind_vertex_input semantic="UVSET0" input_semantic="TEXCOORD" input_set="0"/>
                                                        </instance_material>
                                                    </technique_common>
                                                </bind_material>
                                            </instance_geometry>
                                        </node>
                                        <node id="node_Mesh22_VC2" name="Mesh22_VC_shade">
                                            <instance_geometry url="#meshMesh22_VC2">
                                                <bind_material>
                                                    <technique_common>
                                                        <instance_material symbol="Material1" target="#mat9">
                                                            <bind_vertex_input semantic="UVSET0" input_semantic="TEXCOORD" input_set="0"/>
                                                        </instance_material>
                                                    </technique_common>
                                                </bind_material>
                                            </instance_geometry>
                                        </node>
                                    </node>
                                </node>
                            </node>
                        </node>
                    </node>
                </node>
            </node>
        </visual_scene>
    </library_visual_scenes>
    <scene>
        <instance_visual_scene url="#VisualSceneNode"/>
    </scene>
</COLLADA>
